Outcome,Model,Split,Explained_output,Subgroup,Level,Aggregation,Rank,Feature_construct,Mean_abs_SHAP,Importance_share_pct,N,Weight_sum
MEDNG,LR,locked_test,base_estimator_log_odds,HISPALLP_A,code_1,Unweighted,1,NOTCOV_A,0.4272719455308397,16.464343115778014,935,9073456.936
MEDNG,LR,locked_test,base_estimator_log_odds,HISPALLP_A,code_1,Unweighted,2,FDSCAT3_A,0.3343726652364355,12.884595739489047,935,9073456.936
MEDNG,LR,locked_test,base_estimator_log_odds,HISPALLP_A,code_1,Unweighted,3,PHSTAT_A,0.3298875692948597,12.71176866937204,935,9073456.936
MEDNG,LR,locked_test,base_estimator_log_odds,HISPALLP_A,code_1,Unweighted,4,AGEP_A,0.30232861439704983,11.649821836457306,935,9073456.936
MEDNG,LR,locked_test,base_estimator_log_odds,HISPALLP_A,code_1,Unweighted,5,EMPWRKLSW1_A,0.2987203070991762,11.51078062385078,935,9073456.936
MEDNG,LR,locked_test,base_estimator_log_odds,HISPALLP_A,code_1,Unweighted,6,EDUCP_A,0.2343608319450762,9.030775810120248,935,9073456.936
MEDNG,LR,locked_test,base_estimator_log_odds,HISPALLP_A,code_1,Unweighted,7,RATCAT_A,0.21770393571033014,8.388924975490678,935,9073456.936
MEDNG,LR,locked_test,base_estimator_log_odds,HISPALLP_A,code_1,Unweighted,8,CHRONIC_BURDEN_CAT,0.18301222474969908,7.052127091839314,935,9073456.936
MEDNG,LR,locked_test,base_estimator_log_odds,HISPALLP_A,code_1,Unweighted,9,SEX_A,0.11502304705343531,4.432256628871855,935,9073456.936
MEDNG,LR,locked_test,base_estimator_log_odds,HISPALLP_A,code_1,Unweighted,10,DISAB3_A,0.07722660342947682,2.975822096040827,935,9073456.936
MEDNG,LR,locked_test,base_estimator_log_odds,HISPALLP_A,code_1,Unweighted,11,K6SPD_A,0.063345815081115,2.4409448019067868,935,9073456.936
MEDNG,LR,locked_test,base_estimator_log_odds,HISPALLP_A,code_1,Unweighted,12,HISPALLP_A,0.011881530443870275,0.45783861078312443,935,9073456.936
MEDNG,LR,locked_test,base_estimator_log_odds,HISPALLP_A,code_1,WTFA_A,1,NOTCOV_A,0.48085843469573214,18.10098010636279,935,9073456.936
MEDNG,LR,locked_test,base_estimator_log_odds,HISPALLP_A,code_1,WTFA_A,2,FDSCAT3_A,0.3314338066178386,12.476180736980707,935,9073456.936
MEDNG,LR,locked_test,base_estimator_log_odds,HISPALLP_A,code_1,WTFA_A,3,PHSTAT_A,0.3281282217165654,12.351748425471603,935,9073456.936
MEDNG,LR,locked_test,base_estimator_log_odds,HISPALLP_A,code_1,WTFA_A,4,AGEP_A,0.3152978697945616,11.868774793024503,935,9073456.936
MEDNG,LR,locked_test,base_estimator_log_odds,HISPALLP_A,code_1,WTFA_A,5,EMPWRKLSW1_A,0.29718253911194337,11.186858418793195,935,9073456.936
MEDNG,LR,locked_test,base_estimator_log_odds,HISPALLP_A,code_1,WTFA_A,6,EDUCP_A,0.24359735784042336,9.169748537367553,935,9073456.936
MEDNG,LR,locked_test,base_estimator_log_odds,HISPALLP_A,code_1,WTFA_A,7,RATCAT_A,0.21543839962814856,8.109759347952986,935,9073456.936
MEDNG,LR,locked_test,base_estimator_log_odds,HISPALLP_A,code_1,WTFA_A,8,CHRONIC_BURDEN_CAT,0.18455553153975812,6.9472338715118775,935,9073456.936
MEDNG,LR,locked_test,base_estimator_log_odds,HISPALLP_A,code_1,WTFA_A,9,SEX_A,0.11582396732817467,4.3599678765620515,935,9073456.936
MEDNG,LR,locked_test,base_estimator_log_odds,HISPALLP_A,code_1,WTFA_A,10,DISAB3_A,0.07383195745106409,2.7792603739626087,935,9073456.936
MEDNG,LR,locked_test,base_estimator_log_odds,HISPALLP_A,code_1,WTFA_A,11,K6SPD_A,0.05850296864318427,2.2022304178640693,935,9073456.936
MEDNG,LR,locked_test,base_estimator_log_odds,HISPALLP_A,code_1,WTFA_A,12,HISPALLP_A,0.011881530443870277,0.4472570941460675,935,9073456.936
MEDNG,LR,locked_test,base_estimator_log_odds,HISPALLP_A,code_2,Unweighted,1,AGEP_A,0.3092094400137569,13.64206319134093,4242,30279142.281999998
MEDNG,LR,locked_test,base_estimator_log_odds,HISPALLP_A,code_2,Unweighted,2,EMPWRKLSW1_A,0.30385761909369025,13.405945305751663,4242,30279142.281999998
MEDNG,LR,locked_test,base_estimator_log_odds,HISPALLP_A,code_2,Unweighted,3,PHSTAT_A,0.302470168258344,13.344732129433922,4242,30279142.281999998
MEDNG,LR,locked_test,base_estimator_log_odds,HISPALLP_A,code_2,Unweighted,4,RATCAT_A,0.23202600761257494,10.23679438035421,4242,30279142.281999998
MEDNG,LR,locked_test,base_estimator_log_odds,HISPALLP_A,code_2,Unweighted,5,FDSCAT3_A,0.22812588938342657,10.064724409484707,4242,30279142.281999998
MEDNG,LR,locked_test,base_estimator_log_odds,HISPALLP_A,code_2,Unweighted,6,EDUCP_A,0.2070411601830112,9.134483702371817,4242,30279142.281999998
MEDNG,LR,locked_test,base_estimator_log_odds,HISPALLP_A,code_2,Unweighted,7,NOTCOV_A,0.20217955398987103,8.919993682612779,4242,30279142.281999998
MEDNG,LR,locked_test,base_estimator_log_odds,HISPALLP_A,code_2,Unweighted,8,CHRONIC_BURDEN_CAT,0.17219030974437669,7.596893181414012,4242,30279142.281999998
MEDNG,LR,locked_test,base_estimator_log_odds,HISPALLP_A,code_2,Unweighted,9,SEX_A,0.11578890958997297,5.108510339828551,4242,30279142.281999998
MEDNG,LR,locked_test,base_estimator_log_odds,HISPALLP_A,code_2,Unweighted,10,DISAB3_A,0.0869522372728307,3.8362603530204367,4242,30279142.281999998
MEDNG,LR,locked_test,base_estimator_log_odds,HISPALLP_A,code_2,Unweighted,11,K6SPD_A,0.06373051762543862,2.811737405638133,4242,30279142.281999998
MEDNG,LR,locked_test,base_estimator_log_odds,HISPALLP_A,code_2,Unweighted,12,HISPALLP_A,0.043016720630076576,1.8978619187488424,4242,30279142.281999998
MEDNG,LR,locked_test,base_estimator_log_odds,HISPALLP_A,code_2,WTFA_A,1,AGEP_A,0.31140717863406325,13.629318553744861,4242,30279142.281999998
MEDNG,LR,locked_test,base_estimator_log_odds,HISPALLP_A,code_2,WTFA_A,2,PHSTAT_A,0.30482376060784505,13.341182930650465,4242,30279142.281999998
MEDNG,LR,locked_test,base_estimator_log_odds,HISPALLP_A,code_2,WTFA_A,3,EMPWRKLSW1_A,0.29924266779305586,13.096915948160106,4242,30279142.281999998
MEDNG,LR,locked_test,base_estimator_log_odds,HISPALLP_A,code_2,WTFA_A,4,RATCAT_A,0.23502870593799793,10.286471611072262,4242,30279142.281999998
MEDNG,LR,locked_test,base_estimator_log_odds,HISPALLP_A,code_2,WTFA_A,5,FDSCAT3_A,0.2314232289425782,10.128671155975754,4242,30279142.281999998
MEDNG,LR,locked_test,base_estimator_log_odds,HISPALLP_A,code_2,WTFA_A,6,EDUCP_A,0.2106452323529731,9.219283210358963,4242,30279142.281999998
MEDNG,LR,locked_test,base_estimator_log_odds,HISPALLP_A,code_2,WTFA_A,7,NOTCOV_A,0.21054353505499307,9.214832237596212,4242,30279142.281999998
MEDNG,LR,locked_test,base_estimator_log_odds,HISPALLP_A,code_2,WTFA_A,8,CHRONIC_BURDEN_CAT,0.1757536919840485,7.692189581352608,4242,30279142.281999998
MEDNG,LR,locked_test,base_estimator_log_odds,HISPALLP_A,code_2,WTFA_A,9,SEX_A,0.11653761021900286,5.100486829282114,4242,30279142.281999998
MEDNG,LR,locked_test,base_estimator_log_odds,HISPALLP_A,code_2,WTFA_A,10,DISAB3_A,0.08188544642183578,3.583869964379584,4242,30279142.281999998
MEDNG,LR,locked_test,base_estimator_log_odds,HISPALLP_A,code_2,WTFA_A,11,K6SPD_A,0.06452529951037851,2.824070612823532,4242,30279142.281999998
MEDNG,LR,locked_test,base_estimator_log_odds,HISPALLP_A,code_2,WTFA_A,12,HISPALLP_A,0.04301672063007659,1.8827073646035435,4242,30279142.281999998
MEDNG,LR,locked_test,base_estimator_log_odds,HISPALLP_A,code_3,Unweighted,1,FDSCAT3_A,0.3577345460575767,14.373854450170251,670,6129295.214
MEDNG,LR,locked_test,base_estimator_log_odds,HISPALLP_A,code_3,Unweighted,2,PHSTAT_A,0.33533098492097174,13.47367432920642,670,6129295.214
MEDNG,LR,locked_test,base_estimator_log_odds,HISPALLP_A,code_3,Unweighted,3,EMPWRKLSW1_A,0.30778392511396135,12.366827275826303,670,6129295.214
MEDNG,LR,locked_test,base_estimator_log_odds,HISPALLP_A,code_3,Unweighted,4,AGEP_A,0.29289174164523274,11.768455997503398,670,6129295.214
MEDNG,LR,locked_test,base_estimator_log_odds,HISPALLP_A,code_3,Unweighted,5,NOTCOV_A,0.23373697860386303,9.391604325330514,670,6129295.214
MEDNG,LR,locked_test,base_estimator_log_odds,HISPALLP_A,code_3,Unweighted,6,EDUCP_A,0.22622155690126672,9.089632992465772,670,6129295.214
MEDNG,LR,locked_test,base_estimator_log_odds,HISPALLP_A,code_3,Unweighted,7,RATCAT_A,0.2143411170173494,8.612274248175137,670,6129295.214
MEDNG,LR,locked_test,base_estimator_log_odds,HISPALLP_A,code_3,Unweighted,8,CHRONIC_BURDEN_CAT,0.16494439115939968,6.627502702843717,670,6129295.214
MEDNG,LR,locked_test,base_estimator_log_odds,HISPALLP_A,code_3,Unweighted,9,SEX_A,0.11511723181350282,4.625436243240205,670,6129295.214
MEDNG,LR,locked_test,base_estimator_log_odds,HISPALLP_A,code_3,Unweighted,10,DISAB3_A,0.08926155207772658,3.5865492212067,670,6129295.214
MEDNG,LR,locked_test,base_estimator_log_odds,HISPALLP_A,code_3,Unweighted,11,HISPALLP_A,0.08391555917638469,3.371746025087183,670,6129295.214
MEDNG,LR,locked_test,base_estimator_log_odds,HISPALLP_A,code_3,Unweighted,12,K6SPD_A,0.06750689444736623,2.7124421889444106,670,6129295.214
MEDNG,LR,locked_test,base_estimator_log_odds,HISPALLP_A,code_3,WTFA_A,1,FDSCAT3_A,0.3517567520305036,13.883563324263802,670,6129295.214
MEDNG,LR,locked_test,base_estimator_log_odds,HISPALLP_A,code_3,WTFA_A,2,PHSTAT_A,0.34162449665373334,13.483651145381724,670,6129295.214
MEDNG,LR,locked_test,base_estimator_log_odds,HISPALLP_A,code_3,WTFA_A,3,AGEP_A,0.3196928120180225,12.618024741083818,670,6129295.214
MEDNG,LR,locked_test,base_estimator_log_odds,HISPALLP_A,code_3,WTFA_A,4,EMPWRKLSW1_A,0.29918225425867223,11.808489100832011,670,6129295.214
MEDNG,LR,locked_test,base_estimator_log_odds,HISPALLP_A,code_3,WTFA_A,5,NOTCOV_A,0.2599457641653049,10.2598555872218,670,6129295.214
MEDNG,LR,locked_test,base_estimator_log_odds,HISPALLP_A,code_3,WTFA_A,6,EDUCP_A,0.22773364333974175,8.988468423481553,670,6129295.214
MEDNG,LR,locked_test,base_estimator_log_odds,HISPALLP_A,code_3,WTFA_A,7,RATCAT_A,0.21565888255413965,8.51188707849089,670,6129295.214
MEDNG,LR,locked_test,base_estimator_log_odds,HISPALLP_A,code_3,WTFA_A,8,CHRONIC_BURDEN_CAT,0.16897746984463227,6.669408303947463,670,6129295.214
MEDNG,LR,locked_test,base_estimator_log_odds,HISPALLP_A,code_3,WTFA_A,9,SEX_A,0.11577746452552402,4.569645787846677,670,6129295.214
MEDNG,LR,locked_test,base_estimator_log_odds,HISPALLP_A,code_3,WTFA_A,10,DISAB3_A,0.0851278324535372,3.3599288306582755,670,6129295.214
MEDNG,LR,locked_test,base_estimator_log_odds,HISPALLP_A,code_3,WTFA_A,11,HISPALLP_A,0.08391555917638469,3.312081354490426,670,6129295.214
MEDNG,LR,locked_test,base_estimator_log_odds,HISPALLP_A,code_3,WTFA_A,12,K6SPD_A,0.06422717654794523,2.5349963223015606,670,6129295.214
MEDNG,LR,locked_test,base_estimator_log_odds,HISPALLP_A,code_4,Unweighted,1,HISPALLP_A,0.47921000360646554,17.721528881677614,384,3311289.384
MEDNG,LR,locked_test,base_estimator_log_odds,HISPALLP_A,code_4,Unweighted,2,PHSTAT_A,0.3315475371594314,12.26086519730715,384,3311289.384
MEDNG,LR,locked_test,base_estimator_log_odds,HISPALLP_A,code_4,Unweighted,3,EMPWRKLSW1_A,0.30222490257706075,11.176493185605366,384,3311289.384
MEDNG,LR,locked_test,base_estimator_log_odds,HISPALLP_A,code_4,Unweighted,4,AGEP_A,0.28476750424806396,10.530906101951063,384,3311289.384
MEDNG,LR,locked_test,base_estimator_log_odds,HISPALLP_A,code_4,Unweighted,5,RATCAT_A,0.2380386551638376,8.802839821152538,384,3311289.384
MEDNG,LR,locked_test,base_estimator_log_odds,HISPALLP_A,code_4,Unweighted,6,NOTCOV_A,0.22235394088499497,8.222807862300456,384,3311289.384
MEDNG,LR,locked_test,base_estimator_log_odds,HISPALLP_A,code_4,Unweighted,7,FDSCAT3_A,0.21408336170891099,7.916955925500036,384,3311289.384
MEDNG,LR,locked_test,base_estimator_log_odds,HISPALLP_A,code_4,Unweighted,8,CHRONIC_BURDEN_CAT,0.19997042579617105,7.395049455475104,384,3311289.384
MEDNG,LR,locked_test,base_estimator_log_odds,HISPALLP_A,code_4,Unweighted,9,EDUCP_A,0.1986817960070608,7.347395003661403,384,3311289.384
MEDNG,LR,locked_test,base_estimator_log_odds,HISPALLP_A,code_4,Unweighted,10,SEX_A,0.11510329340839698,4.256602164315917,384,3311289.384
MEDNG,LR,locked_test,base_estimator_log_odds,HISPALLP_A,code_4,Unweighted,11,DISAB3_A,0.06372119658083777,2.3564554518559673,384,3311289.384
MEDNG,LR,locked_test,base_estimator_log_odds,HISPALLP_A,code_4,Unweighted,12,K6SPD_A,0.05440946486949901,2.0121009491973822,384,3311289.384
MEDNG,LR,locked_test,base_estimator_log_odds,HISPALLP_A,code_4,WTFA_A,1,HISPALLP_A,0.47921000360646565,17.46369882639974,384,3311289.384
MEDNG,LR,locked_test,base_estimator_log_odds,HISPALLP_A,code_4,WTFA_A,2,PHSTAT_A,0.33868953870037705,12.342755900339974,384,3311289.384
MEDNG,LR,locked_test,base_estimator_log_odds,HISPALLP_A,code_4,WTFA_A,3,EMPWRKLSW1_A,0.3054094929793461,11.129941704002405,384,3311289.384
MEDNG,LR,locked_test,base_estimator_log_odds,HISPALLP_A,code_4,WTFA_A,4,AGEP_A,0.280633779727792,10.227048210172713,384,3311289.384
MEDNG,LR,locked_test,base_estimator_log_odds,HISPALLP_A,code_4,WTFA_A,5,NOTCOV_A,0.24451208088760673,8.910676546610894,384,3311289.384
MEDNG,LR,locked_test,base_estimator_log_odds,HISPALLP_A,code_4,WTFA_A,6,RATCAT_A,0.23563581262847103,8.587201505578202,384,3311289.384
MEDNG,LR,locked_test,base_estimator_log_odds,HISPALLP_A,code_4,WTFA_A,7,FDSCAT3_A,0.21652501311907255,7.89075267426808,384,3311289.384
MEDNG,LR,locked_test,base_estimator_log_odds,HISPALLP_A,code_4,WTFA_A,8,EDUCP_A,0.20680539953635252,7.536543865937358,384,3311289.384
MEDNG,LR,locked_test,base_estimator_log_odds,HISPALLP_A,code_4,WTFA_A,9,CHRONIC_BURDEN_CAT,0.20009771923032987,7.2920979908375765,384,3311289.384
MEDNG,LR,locked_test,base_estimator_log_odds,HISPALLP_A,code_4,WTFA_A,10,SEX_A,0.11561729017684252,4.213404393851014,384,3311289.384
MEDNG,LR,locked_test,base_estimator_log_odds,HISPALLP_A,code_4,WTFA_A,11,DISAB3_A,0.06282962127366079,2.289680046414552,384,3311289.384
MEDNG,LR,locked_test,base_estimator_log_odds,HISPALLP_A,code_4,WTFA_A,12,K6SPD_A,0.05806922245451562,2.1161983355874736,384,3311289.384
MEDNG,LR,locked_test,base_estimator_log_odds,RATCAT_A,code_1,Unweighted,1,FDSCAT3_A,0.48343640079110517,16.548440769423998,188,1438230.0329999998
MEDNG,LR,locked_test,base_estimator_log_odds,RATCAT_A,code_1,Unweighted,2,NOTCOV_A,0.39937914932441554,13.671089281491348,188,1438230.0329999998
MEDNG,LR,locked_test,base_estimator_log_odds,RATCAT_A,code_1,Unweighted,3,PHSTAT_A,0.36973527215511837,12.656354055286966,188,1438230.0329999998
MEDNG,LR,locked_test,base_estimator_log_odds,RATCAT_A,code_1,Unweighted,4,EMPWRKLSW1_A,0.32333246636349283,11.067946393139053,188,1438230.0329999998
MEDNG,LR,locked_test,base_estimator_log_odds,RATCAT_A,code_1,Unweighted,5,AGEP_A,0.30210144288111856,10.34119033174736,188,1438230.0329999998
MEDNG,LR,locked_test,base_estimator_log_odds,RATCAT_A,code_1,Unweighted,6,EDUCP_A,0.24386405831168126,8.347674933369372,188,1438230.0329999998
MEDNG,LR,locked_test,base_estimator_log_odds,RATCAT_A,code_1,Unweighted,7,RATCAT_A,0.18881314640806618,6.463235215034214,188,1438230.0329999998
MEDNG,LR,locked_test,base_estimator_log_odds,RATCAT_A,code_1,Unweighted,8,CHRONIC_BURDEN_CAT,0.17003984483660606,5.82060907311884,188,1438230.0329999998
MEDNG,LR,locked_test,base_estimator_log_odds,RATCAT_A,code_1,Unweighted,9,K6SPD_A,0.1224434862299113,4.191345079025235,188,1438230.0329999998
MEDNG,LR,locked_test,base_estimator_log_odds,RATCAT_A,code_1,Unweighted,10,DISAB3_A,0.11899084060189809,4.073158071221337,188,1438230.0329999998
MEDNG,LR,locked_test,base_estimator_log_odds,RATCAT_A,code_1,Unweighted,11,SEX_A,0.11365603169595669,3.890543007374884,188,1438230.0329999998
MEDNG,LR,locked_test,base_estimator_log_odds,RATCAT_A,code_1,Unweighted,12,HISPALLP_A,0.08554895547427832,2.9284137897673874,188,1438230.0329999998
MEDNG,LR,locked_test,base_estimator_log_odds,RATCAT_A,code_1,WTFA_A,1,FDSCAT3_A,0.5258308684592242,17.375737395215737,188,1438230.0329999998
MEDNG,LR,locked_test,base_estimator_log_odds,RATCAT_A,code_1,WTFA_A,2,NOTCOV_A,0.43590540332842487,14.404209170115793,188,1438230.0329999998
MEDNG,LR,locked_test,base_estimator_log_odds,RATCAT_A,code_1,WTFA_A,3,PHSTAT_A,0.3704613508428413,12.241653226224122,188,1438230.0329999998
MEDNG,LR,locked_test,base_estimator_log_odds,RATCAT_A,code_1,WTFA_A,4,AGEP_A,0.3504183176219657,11.579344292421908,188,1438230.0329999998
MEDNG,LR,locked_test,base_estimator_log_odds,RATCAT_A,code_1,WTFA_A,5,EMPWRKLSW1_A,0.3159505585501416,10.44037972005196,188,1438230.0329999998
MEDNG,LR,locked_test,base_estimator_log_odds,RATCAT_A,code_1,WTFA_A,6,EDUCP_A,0.2394318723488766,7.911869742773589,188,1438230.0329999998
MEDNG,LR,locked_test,base_estimator_log_odds,RATCAT_A,code_1,WTFA_A,7,RATCAT_A,0.1888131464080662,6.239207025567363,188,1438230.0329999998
MEDNG,LR,locked_test,base_estimator_log_odds,RATCAT_A,code_1,WTFA_A,8,CHRONIC_BURDEN_CAT,0.18822368071828072,6.219728517089505,188,1438230.0329999998
MEDNG,LR,locked_test,base_estimator_log_odds,RATCAT_A,code_1,WTFA_A,9,SEX_A,0.11481940748033331,3.794132280781552,188,1438230.0329999998
MEDNG,LR,locked_test,base_estimator_log_odds,RATCAT_A,code_1,WTFA_A,10,K6SPD_A,0.1116189041821737,3.6883737409600057,188,1438230.0329999998
MEDNG,LR,locked_test,base_estimator_log_odds,RATCAT_A,code_1,WTFA_A,11,DISAB3_A,0.09873196017622003,3.2625330984537464,188,1438230.0329999998
MEDNG,LR,locked_test,base_estimator_log_odds,RATCAT_A,code_1,WTFA_A,12,HISPALLP_A,0.08603080693496502,2.8428317903447233,188,1438230.0329999998
MEDNG,LR,locked_test,base_estimator_log_odds,RATCAT_A,code_10,Unweighted,1,AGEP_A,0.3110155512740043,13.139623369670003,470,3697012.5979999998
MEDNG,LR,locked_test,base_estimator_log_odds,RATCAT_A,code_10,Unweighted,2,RATCAT_A,0.2971883977716224,12.555460974729666,470,3697012.5979999998
MEDNG,LR,locked_test,base_estimator_log_odds,RATCAT_A,code_10,Unweighted,3,EMPWRKLSW1_A,0.2971727643549554,12.554800502267295,470,3697012.5979999998
MEDNG,LR,locked_test,base_estimator_log_odds,RATCAT_A,code_10,Unweighted,4,PHSTAT_A,0.2946548973106834,12.448426963963124,470,3697012.5979999998
MEDNG,LR,locked_test,base_estimator_log_odds,RATCAT_A,code_10,Unweighted,5,NOTCOV_A,0.24520041984886537,10.359099902565998,470,3697012.5979999998
MEDNG,LR,locked_test,base_estimator_log_odds,RATCAT_A,code_10,Unweighted,6,FDSCAT3_A,0.21695850150427043,9.165950014192655,470,3697012.5979999998
MEDNG,LR,locked_test,base_estimator_log_odds,RATCAT_A,code_10,Unweighted,7,EDUCP_A,0.20926388916594932,8.8408720311561,470,3697012.5979999998
MEDNG,LR,locked_test,base_estimator_log_odds,RATCAT_A,code_10,Unweighted,8,CHRONIC_BURDEN_CAT,0.17798695245468954,7.519500264183276,470,3697012.5979999998
MEDNG,LR,locked_test,base_estimator_log_odds,RATCAT_A,code_10,Unweighted,9,SEX_A,0.11483329732116904,4.851417464228942,470,3697012.5979999998
MEDNG,LR,locked_test,base_estimator_log_odds,RATCAT_A,code_10,Unweighted,10,DISAB3_A,0.08112787707756293,3.4274483871095107,470,3697012.5979999998
MEDNG,LR,locked_test,base_estimator_log_odds,RATCAT_A,code_10,Unweighted,11,HISPALLP_A,0.074895795979963,3.164158663826316,470,3697012.5979999998
MEDNG,LR,locked_test,base_estimator_log_odds,RATCAT_A,code_10,Unweighted,12,K6SPD_A,0.046706725441657354,1.9732414621070984,470,3697012.5979999998
MEDNG,LR,locked_test,base_estimator_log_odds,RATCAT_A,code_10,WTFA_A,1,AGEP_A,0.3212166259246497,13.293203468024116,470,3697012.5979999998
MEDNG,LR,locked_test,base_estimator_log_odds,RATCAT_A,code_10,WTFA_A,2,PHSTAT_A,0.29995190283164,12.413185847663211,470,3697012.5979999998
MEDNG,LR,locked_test,base_estimator_log_odds,RATCAT_A,code_10,WTFA_A,3,RATCAT_A,0.29718839777162254,12.298821172603258,470,3697012.5979999998
MEDNG,LR,locked_test,base_estimator_log_odds,RATCAT_A,code_10,WTFA_A,4,EMPWRKLSW1_A,0.2931538501705269,12.131855773448068,470,3697012.5979999998
MEDNG,LR,locked_test,base_estimator_log_odds,RATCAT_A,code_10,WTFA_A,5,NOTCOV_A,0.259831432292707,10.752843464787889,470,3697012.5979999998
MEDNG,LR,locked_test,base_estimator_log_odds,RATCAT_A,code_10,WTFA_A,6,FDSCAT3_A,0.22451889404229275,9.291472171867156,470,3697012.5979999998
MEDNG,LR,locked_test,base_estimator_log_odds,RATCAT_A,code_10,WTFA_A,7,EDUCP_A,0.2152063876416395,8.906084142761216,470,3697012.5979999998
MEDNG,LR,locked_test,base_estimator_log_odds,RATCAT_A,code_10,WTFA_A,8,CHRONIC_BURDEN_CAT,0.17732423966320476,7.338372323880275,470,3697012.5979999998
MEDNG,LR,locked_test,base_estimator_log_odds,RATCAT_A,code_10,WTFA_A,9,SEX_A,0.11581093473127577,4.792710572727458,470,3697012.5979999998
MEDNG,LR,locked_test,base_estimator_log_odds,RATCAT_A,code_10,WTFA_A,10,HISPALLP_A,0.08167186958306194,3.379902197952384,470,3697012.5979999998
MEDNG,LR,locked_test,base_estimator_log_odds,RATCAT_A,code_10,WTFA_A,11,DISAB3_A,0.07954723767364913,3.291976598879855,470,3697012.5979999998
MEDNG,LR,locked_test,base_estimator_log_odds,RATCAT_A,code_10,WTFA_A,12,K6SPD_A,0.05097564983998323,2.109572265405107,470,3697012.5979999998
MEDNG,LR,locked_test,base_estimator_log_odds,RATCAT_A,code_11,Unweighted,1,AGEP_A,0.3039225419472398,13.362397986968913,388,3303098.671
MEDNG,LR,locked_test,base_estimator_log_odds,RATCAT_A,code_11,Unweighted,2,EMPWRKLSW1_A,0.30351694562998416,13.34456535310604,388,3303098.671
MEDNG,LR,locked_test,base_estimator_log_odds,RATCAT_A,code_11,Unweighted,3,PHSTAT_A,0.2983671198416711,13.118145748603848,388,3303098.671
MEDNG,LR,locked_test,base_estimator_log_odds,RATCAT_A,code_11,Unweighted,4,NOTCOV_A,0.22642732791913686,9.955207834852418,388,3303098.671
MEDNG,LR,locked_test,base_estimator_log_odds,RATCAT_A,code_11,Unweighted,5,FDSCAT3_A,0.21559427403379516,9.478916815098625,388,3303098.671
MEDNG,LR,locked_test,base_estimator_log_odds,RATCAT_A,code_11,Unweighted,6,RATCAT_A,0.210137140920748,9.23898599569576,388,3303098.671
MEDNG,LR,locked_test,base_estimator_log_odds,RATCAT_A,code_11,Unweighted,7,EDUCP_A,0.208031430573285,9.146405367987784,388,3303098.671
MEDNG,LR,locked_test,base_estimator_log_odds,RATCAT_A,code_11,Unweighted,8,CHRONIC_BURDEN_CAT,0.17067079015214714,7.50379030180442,388,3303098.671
MEDNG,LR,locked_test,base_estimator_log_odds,RATCAT_A,code_11,Unweighted,9,SEX_A,0.1157420949029169,5.088770072891751,388,3303098.671
MEDNG,LR,locked_test,base_estimator_log_odds,RATCAT_A,code_11,Unweighted,10,DISAB3_A,0.07912041509394573,3.4786444881835026,388,3303098.671
MEDNG,LR,locked_test,base_estimator_log_odds,RATCAT_A,code_11,Unweighted,11,HISPALLP_A,0.07578945716980744,3.332194063101475,388,3303098.671
MEDNG,LR,locked_test,base_estimator_log_odds,RATCAT_A,code_11,Unweighted,12,K6SPD_A,0.067141544651104,2.9519759717054566,388,3303098.671
MEDNG,LR,locked_test,base_estimator_log_odds,RATCAT_A,code_11,WTFA_A,1,PHSTAT_A,0.31369161148916386,13.428614362382888,388,3303098.671
MEDNG,LR,locked_test,base_estimator_log_odds,RATCAT_A,code_11,WTFA_A,2,AGEP_A,0.30777721821171133,13.175429056810497,388,3303098.671
MEDNG,LR,locked_test,base_estimator_log_odds,RATCAT_A,code_11,WTFA_A,3,EMPWRKLSW1_A,0.29856913606769553,12.781246427756026,388,3303098.671
MEDNG,LR,locked_test,base_estimator_log_odds,RATCAT_A,code_11,WTFA_A,4,FDSCAT3_A,0.23502764428305545,10.061141209972964,388,3303098.671
MEDNG,LR,locked_test,base_estimator_log_odds,RATCAT_A,code_11,WTFA_A,5,NOTCOV_A,0.23324538039251452,9.984845467270576,388,3303098.671
MEDNG,LR,locked_test,base_estimator_log_odds,RATCAT_A,code_11,WTFA_A,6,EDUCP_A,0.21411767444108293,9.166020298055926,388,3303098.671
MEDNG,LR,locked_test,base_estimator_log_odds,RATCAT_A,code_11,WTFA_A,7,RATCAT_A,0.2101371409207481,8.995620301233055,388,3303098.671
MEDNG,LR,locked_test,base_estimator_log_odds,RATCAT_A,code_11,WTFA_A,8,CHRONIC_BURDEN_CAT,0.17105044212169612,7.322383958127289,388,3303098.671
MEDNG,LR,locked_test,base_estimator_log_odds,RATCAT_A,code_11,WTFA_A,9,SEX_A,0.11642928409323781,4.984143341143885,388,3303098.671
MEDNG,LR,locked_test,base_estimator_log_odds,RATCAT_A,code_11,WTFA_A,10,HISPALLP_A,0.08544823805263248,3.6578964649602366,388,3303098.671
MEDNG,LR,locked_test,base_estimator_log_odds,RATCAT_A,code_11,WTFA_A,11,DISAB3_A,0.07624889405504766,3.2640879013712305,388,3303098.671
MEDNG,LR,locked_test,base_estimator_log_odds,RATCAT_A,code_11,WTFA_A,12,K6SPD_A,0.07425122938806233,3.1785712109154174,388,3303098.671
MEDNG,LR,locked_test,base_estimator_log_odds,RATCAT_A,code_12,Unweighted,1,AGEP_A,0.3127353317953497,15.137701420081337,394,3100767.9
MEDNG,LR,locked_test,base_estimator_log_odds,RATCAT_A,code_12,Unweighted,2,EMPWRKLSW1_A,0.2974002131212583,14.395417373065447,394,3100767.9
MEDNG,LR,locked_test,base_estimator_log_odds,RATCAT_A,code_12,Unweighted,3,PHSTAT_A,0.27844137756095055,13.477730233794071,394,3100767.9
MEDNG,LR,locked_test,base_estimator_log_odds,RATCAT_A,code_12,Unweighted,4,EDUCP_A,0.20997105016084935,10.163479277985187,394,3100767.9
MEDNG,LR,locked_test,base_estimator_log_odds,RATCAT_A,code_12,Unweighted,5,FDSCAT3_A,0.19499526678279497,9.438588566061556,394,3100767.9
MEDNG,LR,locked_test,base_estimator_log_odds,RATCAT_A,code_12,Unweighted,6,NOTCOV_A,0.18902805124591332,9.149750312359874,394,3100767.9
MEDNG,LR,locked_test,base_estimator_log_odds,RATCAT_A,code_12,Unweighted,7,CHRONIC_BURDEN_CAT,0.1779061726862501,8.611404753832582,394,3100767.9
MEDNG,LR,locked_test,base_estimator_log_odds,RATCAT_A,code_12,Unweighted,8,SEX_A,0.11716796149521096,5.671420644836984,394,3100767.9
MEDNG,LR,locked_test,base_estimator_log_odds,RATCAT_A,code_12,Unweighted,9,HISPALLP_A,0.08289840857973875,4.012630584705345,394,3100767.9
MEDNG,LR,locked_test,base_estimator_log_odds,RATCAT_A,code_12,Unweighted,10,RATCAT_A,0.07874360911240576,3.8115208685893642,394,3100767.9
MEDNG,LR,locked_test,base_estimator_log_odds,RATCAT_A,code_12,Unweighted,11,DISAB3_A,0.07783992212321982,3.767778628974235,394,3100767.9
MEDNG,LR,locked_test,base_estimator_log_odds,RATCAT_A,code_12,Unweighted,12,K6SPD_A,0.0488093526535367,2.3625773357140067,394,3100767.9
MEDNG,LR,locked_test,base_estimator_log_odds,RATCAT_A,code_12,WTFA_A,1,AGEP_A,0.3061121937153374,14.587325503392726,394,3100767.9
MEDNG,LR,locked_test,base_estimator_log_odds,RATCAT_A,code_12,WTFA_A,2,EMPWRKLSW1_A,0.2948564751576048,14.050950821994347,394,3100767.9
MEDNG,LR,locked_test,base_estimator_log_odds,RATCAT_A,code_12,WTFA_A,3,PHSTAT_A,0.28342390819539026,13.50614869048487,394,3100767.9
MEDNG,LR,locked_test,base_estimator_log_odds,RATCAT_A,code_12,WTFA_A,4,EDUCP_A,0.21852867123621553,10.413661803067379,394,3100767.9
MEDNG,LR,locked_test,base_estimator_log_odds,RATCAT_A,code_12,WTFA_A,5,NOTCOV_A,0.20435061160723397,9.738027264291725,394,3100767.9
MEDNG,LR,locked_test,base_estimator_log_odds,RATCAT_A,code_12,WTFA_A,6,FDSCAT3_A,0.20097454218901517,9.577145651155451,394,3100767.9
MEDNG,LR,locked_test,base_estimator_log_odds,RATCAT_A,code_12,WTFA_A,7,CHRONIC_BURDEN_CAT,0.17937937379507218,8.548059724065702,394,3100767.9
MEDNG,LR,locked_test,base_estimator_log_odds,RATCAT_A,code_12,WTFA_A,8,SEX_A,0.11804454579133723,5.625238878787297,394,3100767.9
MEDNG,LR,locked_test,base_estimator_log_odds,RATCAT_A,code_12,WTFA_A,9,HISPALLP_A,0.0862032930110384,4.107890898935308,394,3100767.9
MEDNG,LR,locked_test,base_estimator_log_odds,RATCAT_A,code_12,WTFA_A,10,RATCAT_A,0.07874360911240577,3.7524106553649923,394,3100767.9
MEDNG,LR,locked_test,base_estimator_log_odds,RATCAT_A,code_12,WTFA_A,11,DISAB3_A,0.0753114073639018,3.588854138745796,394,3100767.9
MEDNG,LR,locked_test,base_estimator_log_odds,RATCAT_A,code_12,WTFA_A,12,K6SPD_A,0.052551954894098,2.504285969714413,394,3100767.9
MEDNG,LR,locked_test,base_estimator_log_odds,RATCAT_A,code_13,Unweighted,1,PHSTAT_A,0.297696754318562,14.841572485626847,322,2593253.9520000005
MEDNG,LR,locked_test,base_estimator_log_odds,RATCAT_A,code_13,Unweighted,2,EMPWRKLSW1_A,0.2961982429832031,14.766864702348618,322,2593253.9520000005
MEDNG,LR,locked_test,base_estimator_log_odds,RATCAT_A,code_13,Unweighted,3,AGEP_A,0.28536043752166684,14.226549522525097,322,2593253.9520000005
MEDNG,LR,locked_test,base_estimator_log_odds,RATCAT_A,code_13,Unweighted,4,EDUCP_A,0.19560046844849965,9.751596174926672,322,2593253.9520000005
MEDNG,LR,locked_test,base_estimator_log_odds,RATCAT_A,code_13,Unweighted,5,CHRONIC_BURDEN_CAT,0.1893247047900688,9.43872006899643,322,2593253.9520000005
MEDNG,LR,locked_test,base_estimator_log_odds,RATCAT_A,code_13,Unweighted,6,NOTCOV_A,0.17670264601368443,8.809451534724504,322,2593253.9520000005
MEDNG,LR,locked_test,base_estimator_log_odds,RATCAT_A,code_13,Unweighted,7,FDSCAT3_A,0.1578912736090328,7.871616831968559,322,2593253.9520000005
MEDNG,LR,locked_test,base_estimator_log_odds,RATCAT_A,code_13,Unweighted,8,SEX_A,0.11558849357203133,5.7626258296990445,322,2593253.9520000005
MEDNG,LR,locked_test,base_estimator_log_odds,RATCAT_A,code_13,Unweighted,9,RATCAT_A,0.0985688511321877,4.914117227283824,322,2593253.9520000005
MEDNG,LR,locked_test,base_estimator_log_odds,RATCAT_A,code_13,Unweighted,10,HISPALLP_A,0.07900223408910934,3.938630054747855,322,2593253.9520000005
MEDNG,LR,locked_test,base_estimator_log_odds,RATCAT_A,code_13,Unweighted,11,DISAB3_A,0.06674868596095647,3.3277334960454055,322,2593253.9520000005
MEDNG,LR,locked_test,base_estimator_log_odds,RATCAT_A,code_13,Unweighted,12,K6SPD_A,0.047147483341161533,2.3505220711071177,322,2593253.9520000005
MEDNG,LR,locked_test,base_estimator_log_odds,RATCAT_A,code_13,WTFA_A,1,PHSTAT_A,0.3089460999676611,15.112950705331633,322,2593253.9520000005
MEDNG,LR,locked_test,base_estimator_log_odds,RATCAT_A,code_13,WTFA_A,2,AGEP_A,0.2950253922220092,14.431980885789041,322,2593253.9520000005
MEDNG,LR,locked_test,base_estimator_log_odds,RATCAT_A,code_13,WTFA_A,3,EMPWRKLSW1_A,0.29258546605468916,14.312625166797229,322,2593253.9520000005
MEDNG,LR,locked_test,base_estimator_log_odds,RATCAT_A,code_13,WTFA_A,4,EDUCP_A,0.19913498814378677,9.741237257369066,322,2593253.9520000005
MEDNG,LR,locked_test,base_estimator_log_odds,RATCAT_A,code_13,WTFA_A,5,NOTCOV_A,0.191743602959103,9.379667261981727,322,2593253.9520000005
MEDNG,LR,locked_test,base_estimator_log_odds,RATCAT_A,code_13,WTFA_A,6,CHRONIC_BURDEN_CAT,0.1904959219910174,9.318633505709572,322,2593253.9520000005
MEDNG,LR,locked_test,base_estimator_log_odds,RATCAT_A,code_13,WTFA_A,7,FDSCAT3_A,0.15169201408945202,7.42043331042641,322,2593253.9520000005
MEDNG,LR,locked_test,base_estimator_log_odds,RATCAT_A,code_13,WTFA_A,8,SEX_A,0.1160693532398061,5.677852590133132,322,2593253.9520000005
MEDNG,LR,locked_test,base_estimator_log_odds,RATCAT_A,code_13,WTFA_A,9,RATCAT_A,0.09856885113218769,4.821767254540049,322,2593253.9520000005
MEDNG,LR,locked_test,base_estimator_log_odds,RATCAT_A,code_13,WTFA_A,10,HISPALLP_A,0.07476425812253074,3.657299922688036,322,2593253.9520000005
MEDNG,LR,locked_test,base_estimator_log_odds,RATCAT_A,code_13,WTFA_A,11,DISAB3_A,0.07168171717622192,3.5065089291341187,322,2593253.9520000005
MEDNG,LR,locked_test,base_estimator_log_odds,RATCAT_A,code_13,WTFA_A,12,K6SPD_A,0.053539722399922905,2.619043210099987,322,2593253.9520000005
MEDNG,LR,locked_test,base_estimator_log_odds,RATCAT_A,code_14,Unweighted,1,PHSTAT_A,0.3053736704835567,13.787386631425719,1930,15348993.286000002
MEDNG,LR,locked_test,base_estimator_log_odds,RATCAT_A,code_14,Unweighted,2,RATCAT_A,0.3030577683050852,13.68282542716542,1930,15348993.286000002
MEDNG,LR,locked_test,base_estimator_log_odds,RATCAT_A,code_14,Unweighted,3,EMPWRKLSW1_A,0.29339485567726514,13.24655234515911,1930,15348993.286000002
MEDNG,LR,locked_test,base_estimator_log_odds,RATCAT_A,code_14,Unweighted,4,AGEP_A,0.27358087788338137,12.351966469048127,1930,15348993.286000002
MEDNG,LR,locked_test,base_estimator_log_odds,RATCAT_A,code_14,Unweighted,5,EDUCP_A,0.19236057172292614,8.684932040101634,1930,15348993.286000002
MEDNG,LR,locked_test,base_estimator_log_odds,RATCAT_A,code_14,Unweighted,6,NOTCOV_A,0.18153737457393274,8.196273003305755,1930,15348993.286000002
MEDNG,LR,locked_test,base_estimator_log_odds,RATCAT_A,code_14,Unweighted,7,CHRONIC_BURDEN_CAT,0.17950301769723156,8.104423353134658,1930,15348993.286000002
MEDNG,LR,locked_test,base_estimator_log_odds,RATCAT_A,code_14,Unweighted,8,FDSCAT3_A,0.17053528054619338,7.699536909864752,1930,15348993.286000002
MEDNG,LR,locked_test,base_estimator_log_odds,RATCAT_A,code_14,Unweighted,9,SEX_A,0.11691833686716645,5.27877309179378,1930,15348993.286000002
MEDNG,LR,locked_test,base_estimator_log_odds,RATCAT_A,code_14,Unweighted,10,HISPALLP_A,0.08862292832318706,4.001257132830326,1930,15348993.286000002
MEDNG,LR,locked_test,base_estimator_log_odds,RATCAT_A,code_14,Unweighted,11,DISAB3_A,0.06578020468673092,2.9699257086380557,1930,15348993.286000002
MEDNG,LR,locked_test,base_estimator_log_odds,RATCAT_A,code_14,Unweighted,12,K6SPD_A,0.04421222263067938,1.9961478875326608,1930,15348993.286000002
MEDNG,LR,locked_test,base_estimator_log_odds,RATCAT_A,code_14,WTFA_A,1,PHSTAT_A,0.31299999492577896,14.0274033207671,1930,15348993.286000002
MEDNG,LR,locked_test,base_estimator_log_odds,RATCAT_A,code_14,WTFA_A,2,RATCAT_A,0.3030577683050852,13.581832633943256,1930,15348993.286000002
MEDNG,LR,locked_test,base_estimator_log_odds,RATCAT_A,code_14,WTFA_A,3,EMPWRKLSW1_A,0.2907000490955903,13.028009265615465,1930,15348993.286000002
MEDNG,LR,locked_test,base_estimator_log_odds,RATCAT_A,code_14,WTFA_A,4,AGEP_A,0.279171434467755,12.511343036426906,1930,15348993.286000002
MEDNG,LR,locked_test,base_estimator_log_odds,RATCAT_A,code_14,WTFA_A,5,EDUCP_A,0.19723777659815708,8.839405390692667,1930,15348993.286000002
MEDNG,LR,locked_test,base_estimator_log_odds,RATCAT_A,code_14,WTFA_A,6,NOTCOV_A,0.18567675952758722,8.321287014091377,1930,15348993.286000002
MEDNG,LR,locked_test,base_estimator_log_odds,RATCAT_A,code_14,WTFA_A,7,CHRONIC_BURDEN_CAT,0.1806061008542545,8.094040447107723,1930,15348993.286000002
MEDNG,LR,locked_test,base_estimator_log_odds,RATCAT_A,code_14,WTFA_A,8,FDSCAT3_A,0.1709596702388297,7.661726149848882,1930,15348993.286000002
MEDNG,LR,locked_test,base_estimator_log_odds,RATCAT_A,code_14,WTFA_A,9,SEX_A,0.11740985423594193,5.261838357507233,1930,15348993.286000002
MEDNG,LR,locked_test,base_estimator_log_odds,RATCAT_A,code_14,WTFA_A,10,HISPALLP_A,0.08629184234106778,3.867253979020788,1930,15348993.286000002
MEDNG,LR,locked_test,base_estimator_log_odds,RATCAT_A,code_14,WTFA_A,11,DISAB3_A,0.0639928331096853,2.8679018984679314,1930,15348993.286000002
MEDNG,LR,locked_test,base_estimator_log_odds,RATCAT_A,code_14,WTFA_A,12,K6SPD_A,0.04324257233027551,1.9379585065106963,1930,15348993.286000002
MEDNG,LR,locked_test,base_estimator_log_odds,RATCAT_A,code_2,Unweighted,1,FDSCAT3_A,0.4745109943192673,15.52903008612792,187,1384944.663
MEDNG,LR,locked_test,base_estimator_log_odds,RATCAT_A,code_2,Unweighted,2,RATCAT_A,0.38643945534484575,12.646766882874998,187,1384944.663
MEDNG,LR,locked_test,base_estimator_log_odds,RATCAT_A,code_2,Unweighted,3,PHSTAT_A,0.3710387409636986,12.142757155311587,187,1384944.663
MEDNG,LR,locked_test,base_estimator_log_odds,RATCAT_A,code_2,Unweighted,4,NOTCOV_A,0.33149579971521614,10.848659586039021,187,1384944.663
MEDNG,LR,locked_test,base_estimator_log_odds,RATCAT_A,code_2,Unweighted,5,EMPWRKLSW1_A,0.3281419540670998,10.738900337892316,187,1384944.663
MEDNG,LR,locked_test,base_estimator_log_odds,RATCAT_A,code_2,Unweighted,6,AGEP_A,0.3126368269073718,10.231473557406279,187,1384944.663
MEDNG,LR,locked_test,base_estimator_log_odds,RATCAT_A,code_2,Unweighted,7,EDUCP_A,0.254107443667374,8.31601835375952,187,1384944.663
MEDNG,LR,locked_test,base_estimator_log_odds,RATCAT_A,code_2,Unweighted,8,CHRONIC_BURDEN_CAT,0.1639117420793258,5.364238984327651,187,1384944.663
MEDNG,LR,locked_test,base_estimator_log_odds,RATCAT_A,code_2,Unweighted,9,DISAB3_A,0.13466463232057577,4.407086773286725,187,1384944.663
MEDNG,LR,locked_test,base_estimator_log_odds,RATCAT_A,code_2,Unweighted,10,SEX_A,0.1124099217433566,3.6787705187655955,187,1384944.663
MEDNG,LR,locked_test,base_estimator_log_odds,RATCAT_A,code_2,Unweighted,11,K6SPD_A,0.11019049630417624,3.606136744561073,187,1384944.663
MEDNG,LR,locked_test,base_estimator_log_odds,RATCAT_A,code_2,Unweighted,12,HISPALLP_A,0.07609031439146083,2.490161019647314,187,1384944.663
MEDNG,LR,locked_test,base_estimator_log_odds,RATCAT_A,code_2,WTFA_A,1,FDSCAT3_A,0.4605696177321096,14.693313982960415,187,1384944.663
MEDNG,LR,locked_test,base_estimator_log_odds,RATCAT_A,code_2,WTFA_A,2,RATCAT_A,0.38643945534484564,12.328377804739786,187,1384944.663
MEDNG,LR,locked_test,base_estimator_log_odds,RATCAT_A,code_2,WTFA_A,3,NOTCOV_A,0.3803544930181139,12.134252403065636,187,1384944.663
MEDNG,LR,locked_test,base_estimator_log_odds,RATCAT_A,code_2,WTFA_A,4,PHSTAT_A,0.37612987923884983,11.999476737616567,187,1384944.663
MEDNG,LR,locked_test,base_estimator_log_odds,RATCAT_A,code_2,WTFA_A,5,AGEP_A,0.3493341680654679,11.144627041698877,187,1384944.663
MEDNG,LR,locked_test,base_estimator_log_odds,RATCAT_A,code_2,WTFA_A,6,EMPWRKLSW1_A,0.323307521411999,10.314312412857209,187,1384944.663
MEDNG,LR,locked_test,base_estimator_log_odds,RATCAT_A,code_2,WTFA_A,7,EDUCP_A,0.26039773746430256,8.30733415689818,187,1384944.663
MEDNG,LR,locked_test,base_estimator_log_odds,RATCAT_A,code_2,WTFA_A,8,CHRONIC_BURDEN_CAT,0.16941501024995922,5.404759331035576,187,1384944.663
MEDNG,LR,locked_test,base_estimator_log_odds,RATCAT_A,code_2,WTFA_A,9,K6SPD_A,0.11859135038590124,3.7833584322464926,187,1384944.663
MEDNG,LR,locked_test,base_estimator_log_odds,RATCAT_A,code_2,WTFA_A,10,DISAB3_A,0.11770385368811763,3.7550450847365404,187,1384944.663
MEDNG,LR,locked_test,base_estimator_log_odds,RATCAT_A,code_2,WTFA_A,11,SEX_A,0.11292105335107,3.6024618826224026,187,1384944.663
MEDNG,LR,locked_test,base_estimator_log_odds,RATCAT_A,code_2,WTFA_A,12,HISPALLP_A,0.07938820315051559,2.532680729522314,187,1384944.663
MEDNG,LR,locked_test,base_estimator_log_odds,RATCAT_A,code_3,Unweighted,1,FDSCAT3_A,0.4346238265338252,16.61741924189441,322,2378042.798
MEDNG,LR,locked_test,base_estimator_log_odds,RATCAT_A,code_3,Unweighted,2,PHSTAT_A,0.36680078376426845,14.02427117417119,322,2378042.798
MEDNG,LR,locked_test,base_estimator_log_odds,RATCAT_A,code_3,Unweighted,3,EMPWRKLSW1_A,0.31922474919921107,12.20524777055462,322,2378042.798
MEDNG,LR,locked_test,base_estimator_log_odds,RATCAT_A,code_3,Unweighted,4,AGEP_A,0.31499518642303764,12.043534551971756,322,2378042.798
MEDNG,LR,locked_test,base_estimator_log_odds,RATCAT_A,code_3,Unweighted,5,NOTCOV_A,0.2735314101591419,10.458207399007577,322,2378042.798
MEDNG,LR,locked_test,base_estimator_log_odds,RATCAT_A,code_3,Unweighted,6,EDUCP_A,0.237713039896983,9.088726853142072,322,2378042.798
MEDNG,LR,locked_test,base_estimator_log_odds,RATCAT_A,code_3,Unweighted,7,CHRONIC_BURDEN_CAT,0.16003977145463355,6.118964988293471,322,2378042.798
MEDNG,LR,locked_test,base_estimator_log_odds,RATCAT_A,code_3,Unweighted,8,DISAB3_A,0.12300139186251696,4.702838572419843,322,2378042.798
MEDNG,LR,locked_test,base_estimator_log_odds,RATCAT_A,code_3,Unweighted,9,SEX_A,0.11423400910876774,4.367626221005264,322,2378042.798
MEDNG,LR,locked_test,base_estimator_log_odds,RATCAT_A,code_3,Unweighted,10,K6SPD_A,0.09686416996777984,3.703507317373093,322,2378042.798
MEDNG,LR,locked_test,base_estimator_log_odds,RATCAT_A,code_3,Unweighted,11,RATCAT_A,0.0910928603470257,3.4828469078697815,322,2378042.798
MEDNG,LR,locked_test,base_estimator_log_odds,RATCAT_A,code_3,Unweighted,12,HISPALLP_A,0.08335007397050098,3.1868090022969118,322,2378042.798
MEDNG,LR,locked_test,base_estimator_log_odds,RATCAT_A,code_3,WTFA_A,1,FDSCAT3_A,0.4319892611998034,16.20763973196069,322,2378042.798
MEDNG,LR,locked_test,base_estimator_log_odds,RATCAT_A,code_3,WTFA_A,2,PHSTAT_A,0.3579009638536127,13.427949263715352,322,2378042.798
MEDNG,LR,locked_test,base_estimator_log_odds,RATCAT_A,code_3,WTFA_A,3,NOTCOV_A,0.3370645703384581,12.646196591278454,322,2378042.798
MEDNG,LR,locked_test,base_estimator_log_odds,RATCAT_A,code_3,WTFA_A,4,AGEP_A,0.32969689295213656,12.369771523657194,322,2378042.798
MEDNG,LR,locked_test,base_estimator_log_odds,RATCAT_A,code_3,WTFA_A,5,EMPWRKLSW1_A,0.3105121607567609,11.649986900045961,322,2378042.798
MEDNG,LR,locked_test,base_estimator_log_odds,RATCAT_A,code_3,WTFA_A,6,EDUCP_A,0.24218529471476347,9.086457367513367,322,2378042.798
MEDNG,LR,locked_test,base_estimator_log_odds,RATCAT_A,code_3,WTFA_A,7,CHRONIC_BURDEN_CAT,0.1695118713268026,6.359851013714375,322,2378042.798
MEDNG,LR,locked_test,base_estimator_log_odds,RATCAT_A,code_3,WTFA_A,8,SEX_A,0.11509256041103466,4.318113718359766,322,2378042.798
MEDNG,LR,locked_test,base_estimator_log_odds,RATCAT_A,code_3,WTFA_A,9,DISAB3_A,0.10630864802926303,3.9885534720576796,322,2378042.798
MEDNG,LR,locked_test,base_estimator_log_odds,RATCAT_A,code_3,WTFA_A,10,RATCAT_A,0.09109286034702573,3.4176781583825915,322,2378042.798
MEDNG,LR,locked_test,base_estimator_log_odds,RATCAT_A,code_3,WTFA_A,11,K6SPD_A,0.08780754016819205,3.294417488164105,322,2378042.798
MEDNG,LR,locked_test,base_estimator_log_odds,RATCAT_A,code_3,WTFA_A,12,HISPALLP_A,0.08618080865343926,3.233384771150462,322,2378042.798
MEDNG,LR,locked_test,base_estimator_log_odds,RATCAT_A,code_4,Unweighted,1,FDSCAT3_A,0.37535468422267226,14.577742207367296,252,1789827.5900000003
MEDNG,LR,locked_test,base_estimator_log_odds,RATCAT_A,code_4,Unweighted,2,PHSTAT_A,0.3391258537252638,13.17071420514761,252,1789827.5900000003
MEDNG,LR,locked_test,base_estimator_log_odds,RATCAT_A,code_4,Unweighted,3,AGEP_A,0.32722786586906594,12.708629123904437,252,1789827.5900000003
MEDNG,LR,locked_test,base_estimator_log_odds,RATCAT_A,code_4,Unweighted,4,EMPWRKLSW1_A,0.31842497246901924,12.36674898743946,252,1789827.5900000003
MEDNG,LR,locked_test,base_estimator_log_odds,RATCAT_A,code_4,Unweighted,5,NOTCOV_A,0.3042263150494832,11.815312236406589,252,1789827.5900000003
MEDNG,LR,locked_test,base_estimator_log_odds,RATCAT_A,code_4,Unweighted,6,EDUCP_A,0.2336149702696108,9.072962068995691,252,1789827.5900000003
MEDNG,LR,locked_test,base_estimator_log_odds,RATCAT_A,code_4,Unweighted,7,CHRONIC_BURDEN_CAT,0.15913324572498153,6.180297010558242,252,1789827.5900000003
MEDNG,LR,locked_test,base_estimator_log_odds,RATCAT_A,code_4,Unweighted,8,DISAB3_A,0.12113726710554518,4.704637842009824,252,1789827.5900000003
MEDNG,LR,locked_test,base_estimator_log_odds,RATCAT_A,code_4,Unweighted,9,SEX_A,0.11408769134267445,4.430851733931125,252,1789827.5900000003
MEDNG,LR,locked_test,base_estimator_log_odds,RATCAT_A,code_4,Unweighted,10,K6SPD_A,0.1042818246712898,4.050018877798553,252,1789827.5900000003
MEDNG,LR,locked_test,base_estimator_log_odds,RATCAT_A,code_4,Unweighted,11,RATCAT_A,0.09120237685301563,3.542049145372348,252,1789827.5900000003
MEDNG,LR,locked_test,base_estimator_log_odds,RATCAT_A,code_4,Unweighted,12,HISPALLP_A,0.08703079928247706,3.3800365610688283,252,1789827.5900000003
MEDNG,LR,locked_test,base_estimator_log_odds,RATCAT_A,code_4,WTFA_A,1,FDSCAT3_A,0.3954750024565393,14.801254612022143,252,1789827.5900000003
MEDNG,LR,locked_test,base_estimator_log_odds,RATCAT_A,code_4,WTFA_A,2,NOTCOV_A,0.36643581658226876,13.71441882927719,252,1789827.5900000003
MEDNG,LR,locked_test,base_estimator_log_odds,RATCAT_A,code_4,WTFA_A,3,AGEP_A,0.33862347689716643,12.673499634692982,252,1789827.5900000003
MEDNG,LR,locked_test,base_estimator_log_odds,RATCAT_A,code_4,WTFA_A,4,PHSTAT_A,0.333059649735225,12.465264924712217,252,1789827.5900000003
MEDNG,LR,locked_test,base_estimator_log_odds,RATCAT_A,code_4,WTFA_A,5,EMPWRKLSW1_A,0.3149444887242363,11.78727741906479,252,1789827.5900000003
MEDNG,LR,locked_test,base_estimator_log_odds,RATCAT_A,code_4,WTFA_A,6,EDUCP_A,0.24490681971414005,9.166010929370819,252,1789827.5900000003
MEDNG,LR,locked_test,base_estimator_log_odds,RATCAT_A,code_4,WTFA_A,7,CHRONIC_BURDEN_CAT,0.165075126036681,6.178188141863832,252,1789827.5900000003
MEDNG,LR,locked_test,base_estimator_log_odds,RATCAT_A,code_4,WTFA_A,8,SEX_A,0.11476917979400951,4.295411444951601,252,1789827.5900000003
MEDNG,LR,locked_test,base_estimator_log_odds,RATCAT_A,code_4,WTFA_A,9,K6SPD_A,0.10809280493515416,4.045537942056608,252,1789827.5900000003
MEDNG,LR,locked_test,base_estimator_log_odds,RATCAT_A,code_4,WTFA_A,10,DISAB3_A,0.10655543925746667,3.9879996888525078,252,1789827.5900000003
MEDNG,LR,locked_test,base_estimator_log_odds,RATCAT_A,code_4,WTFA_A,11,HISPALLP_A,0.09276171397453847,3.4717485005530806,252,1789827.5900000003
MEDNG,LR,locked_test,base_estimator_log_odds,RATCAT_A,code_4,WTFA_A,12,RATCAT_A,0.09120237685301562,3.4133879325822294,252,1789827.5900000003
MEDNG,LR,locked_test,base_estimator_log_odds,RATCAT_A,code_5,Unweighted,1,FDSCAT3_A,0.39228175350740285,15.181155412967975,331,2620717.5870000003
MEDNG,LR,locked_test,base_estimator_log_odds,RATCAT_A,code_5,Unweighted,2,NOTCOV_A,0.3443536544055666,13.326356114740161,331,2620717.5870000003
MEDNG,LR,locked_test,base_estimator_log_odds,RATCAT_A,code_5,Unweighted,3,AGEP_A,0.331821428903576,12.841363730274109,331,2620717.5870000003
MEDNG,LR,locked_test,base_estimator_log_odds,RATCAT_A,code_5,Unweighted,4,PHSTAT_A,0.3277789575051297,12.68492161691149,331,2620717.5870000003
MEDNG,LR,locked_test,base_estimator_log_odds,RATCAT_A,code_5,Unweighted,5,EMPWRKLSW1_A,0.3163115055424206,12.241135565482653,331,2620717.5870000003
MEDNG,LR,locked_test,base_estimator_log_odds,RATCAT_A,code_5,Unweighted,6,EDUCP_A,0.2379009823870741,9.206677991582326,331,2620717.5870000003
MEDNG,LR,locked_test,base_estimator_log_odds,RATCAT_A,code_5,Unweighted,7,CHRONIC_BURDEN_CAT,0.17478502096149431,6.764114168836141,331,2620717.5870000003
MEDNG,LR,locked_test,base_estimator_log_odds,RATCAT_A,code_5,Unweighted,8,SEX_A,0.11447839829943715,4.430270693124674,331,2620717.5870000003
MEDNG,LR,locked_test,base_estimator_log_odds,RATCAT_A,code_5,Unweighted,9,DISAB3_A,0.10944135017913877,4.23533883699539,331,2620717.5870000003
MEDNG,LR,locked_test,base_estimator_log_odds,RATCAT_A,code_5,Unweighted,10,RATCAT_A,0.08720757145211078,3.374900013994709,331,2620717.5870000003
MEDNG,LR,locked_test,base_estimator_log_odds,RATCAT_A,code_5,Unweighted,11,K6SPD_A,0.07951770091361508,3.0773049341656806,331,2620717.5870000003
MEDNG,LR,locked_test,base_estimator_log_odds,RATCAT_A,code_5,Unweighted,12,HISPALLP_A,0.0681262713528786,2.636460920924686,331,2620717.5870000003
MEDNG,LR,locked_test,base_estimator_log_odds,RATCAT_A,code_5,WTFA_A,1,NOTCOV_A,0.4037247256294592,15.20200942107938,331,2620717.5870000003
MEDNG,LR,locked_test,base_estimator_log_odds,RATCAT_A,code_5,WTFA_A,2,FDSCAT3_A,0.3956635103125218,14.89846925270756,331,2620717.5870000003
MEDNG,LR,locked_test,base_estimator_log_odds,RATCAT_A,code_5,WTFA_A,3,PHSTAT_A,0.33452306123845743,12.59626276440342,331,2620717.5870000003
MEDNG,LR,locked_test,base_estimator_log_odds,RATCAT_A,code_5,WTFA_A,4,AGEP_A,0.3298888147298623,12.421763025816869,331,2620717.5870000003
MEDNG,LR,locked_test,base_estimator_log_odds,RATCAT_A,code_5,WTFA_A,5,EMPWRKLSW1_A,0.3137154890412481,11.812766266688085,331,2620717.5870000003
MEDNG,LR,locked_test,base_estimator_log_odds,RATCAT_A,code_5,WTFA_A,6,EDUCP_A,0.24805410746311835,9.340326809839073,331,2620717.5870000003
MEDNG,LR,locked_test,base_estimator_log_odds,RATCAT_A,code_5,WTFA_A,7,CHRONIC_BURDEN_CAT,0.18014447843021208,6.783230960109634,331,2620717.5870000003
MEDNG,LR,locked_test,base_estimator_log_odds,RATCAT_A,code_5,WTFA_A,8,SEX_A,0.11546513939447421,4.347769718944751,331,2620717.5870000003
MEDNG,LR,locked_test,base_estimator_log_odds,RATCAT_A,code_5,WTFA_A,9,DISAB3_A,0.09755725608252865,3.6734592456505144,331,2620717.5870000003
MEDNG,LR,locked_test,base_estimator_log_odds,RATCAT_A,code_5,WTFA_A,10,RATCAT_A,0.08720757145211076,3.2837481547295755,331,2620717.5870000003
MEDNG,LR,locked_test,base_estimator_log_odds,RATCAT_A,code_5,WTFA_A,11,K6SPD_A,0.0823427416885522,3.1005659436765893,331,2620717.5870000003
MEDNG,LR,locked_test,base_estimator_log_odds,RATCAT_A,code_5,WTFA_A,12,HISPALLP_A,0.06744574123512223,2.5396284363545423,331,2620717.5870000003
MEDNG,LR,locked_test,base_estimator_log_odds,RATCAT_A,code_6,Unweighted,1,AGEP_A,0.3535403770424308,13.366227827360662,299,2176686.528
MEDNG,LR,locked_test,base_estimator_log_odds,RATCAT_A,code_6,Unweighted,2,FDSCAT3_A,0.35055337487032673,13.25329885475742,299,2176686.528
MEDNG,LR,locked_test,base_estimator_log_odds,RATCAT_A,code_6,Unweighted,3,PHSTAT_A,0.34180317191378373,12.922481743480871,299,2176686.528
MEDNG,LR,locked_test,base_estimator_log_odds,RATCAT_A,code_6,Unweighted,4,EMPWRKLSW1_A,0.31471014957331245,11.898181457997357,299,2176686.528
MEDNG,LR,locked_test,base_estimator_log_odds,RATCAT_A,code_6,Unweighted,5,NOTCOV_A,0.29411226381173045,11.119441456206243,299,2176686.528
MEDNG,LR,locked_test,base_estimator_log_odds,RATCAT_A,code_6,Unweighted,6,EDUCP_A,0.22976095117609838,8.686524704594756,299,2176686.528
MEDNG,LR,locked_test,base_estimator_log_odds,RATCAT_A,code_6,Unweighted,7,RATCAT_A,0.20139077179271325,7.613939207250262,299,2176686.528
MEDNG,LR,locked_test,base_estimator_log_odds,RATCAT_A,code_6,Unweighted,8,CHRONIC_BURDEN_CAT,0.16505240588592077,6.240102131984908,299,2176686.528
MEDNG,LR,locked_test,base_estimator_log_odds,RATCAT_A,code_6,Unweighted,9,SEX_A,0.11466813874442916,4.335234577219152,299,2176686.528
MEDNG,LR,locked_test,base_estimator_log_odds,RATCAT_A,code_6,Unweighted,10,DISAB3_A,0.10645201279836018,4.024609204886455,299,2176686.528
MEDNG,LR,locked_test,base_estimator_log_odds,RATCAT_A,code_6,Unweighted,11,K6SPD_A,0.10271486393735786,3.883319591748651,299,2176686.528
MEDNG,LR,locked_test,base_estimator_log_odds,RATCAT_A,code_6,Unweighted,12,HISPALLP_A,0.07026883363017804,2.6566392425132785,299,2176686.528
MEDNG,LR,locked_test,base_estimator_log_odds,RATCAT_A,code_6,WTFA_A,1,FDSCAT3_A,0.40211284275017783,14.557893812249704,299,2176686.528
MEDNG,LR,locked_test,base_estimator_log_odds,RATCAT_A,code_6,WTFA_A,2,NOTCOV_A,0.39083965868014675,14.149765050444856,299,2176686.528
MEDNG,LR,locked_test,base_estimator_log_odds,RATCAT_A,code_6,WTFA_A,3,AGEP_A,0.35256416727109346,12.764058153510819,299,2176686.528
MEDNG,LR,locked_test,base_estimator_log_odds,RATCAT_A,code_6,WTFA_A,4,PHSTAT_A,0.31766547003930135,11.500603037251523,299,2176686.528
MEDNG,LR,locked_test,base_estimator_log_odds,RATCAT_A,code_6,WTFA_A,5,EMPWRKLSW1_A,0.30972883879677265,11.213269178264335,299,2176686.528
MEDNG,LR,locked_test,base_estimator_log_odds,RATCAT_A,code_6,WTFA_A,6,EDUCP_A,0.24202471442506143,8.762142657376106,299,2176686.528
MEDNG,LR,locked_test,base_estimator_log_odds,RATCAT_A,code_6,WTFA_A,7,RATCAT_A,0.20139077179271325,7.291051562724642,299,2176686.528
MEDNG,LR,locked_test,base_estimator_log_odds,RATCAT_A,code_6,WTFA_A,8,CHRONIC_BURDEN_CAT,0.17097119868354954,6.189756433455917,299,2176686.528
MEDNG,LR,locked_test,base_estimator_log_odds,RATCAT_A,code_6,WTFA_A,9,SEX_A,0.11543719647300264,4.179230975922455,299,2176686.528
MEDNG,LR,locked_test,base_estimator_log_odds,RATCAT_A,code_6,WTFA_A,10,DISAB3_A,0.10065631493156797,3.644111275541902,299,2176686.528
MEDNG,LR,locked_test,base_estimator_log_odds,RATCAT_A,code_6,WTFA_A,11,HISPALLP_A,0.08359193741643775,3.026321020104214,299,2176686.528
MEDNG,LR,locked_test,base_estimator_log_odds,RATCAT_A,code_6,WTFA_A,12,K6SPD_A,0.0751804814696475,2.721796843153552,299,2176686.528
MEDNG,LR,locked_test,base_estimator_log_odds,RATCAT_A,code_7,Unweighted,1,NOTCOV_A,0.35066277023137365,13.656215641013334,274,2014189.3329999999
MEDNG,LR,locked_test,base_estimator_log_odds,RATCAT_A,code_7,Unweighted,2,AGEP_A,0.3380050800722855,13.1632743851863,274,2014189.3329999999
MEDNG,LR,locked_test,base_estimator_log_odds,RATCAT_A,code_7,Unweighted,3,FDSCAT3_A,0.3075485636811206,11.977175401147095,274,2014189.3329999999
MEDNG,LR,locked_test,base_estimator_log_odds,RATCAT_A,code_7,Unweighted,4,EMPWRKLSW1_A,0.30524618303028794,11.887511458109397,274,2014189.3329999999
MEDNG,LR,locked_test,base_estimator_log_odds,RATCAT_A,code_7,Unweighted,5,PHSTAT_A,0.29922106163202034,11.652869049325208,274,2014189.3329999999
MEDNG,LR,locked_test,base_estimator_log_odds,RATCAT_A,code_7,Unweighted,6,RATCAT_A,0.2370349820977999,9.231093531416121,274,2014189.3329999999
MEDNG,LR,locked_test,base_estimator_log_odds,RATCAT_A,code_7,Unweighted,7,EDUCP_A,0.21539368032138986,8.388294383916376,274,2014189.3329999999
MEDNG,LR,locked_test,base_estimator_log_odds,RATCAT_A,code_7,Unweighted,8,CHRONIC_BURDEN_CAT,0.17698824502118277,6.8926325949544145,274,2014189.3329999999
MEDNG,LR,locked_test,base_estimator_log_odds,RATCAT_A,code_7,Unweighted,9,SEX_A,0.11481128533378399,4.47121224048263,274,2014189.3329999999
MEDNG,LR,locked_test,base_estimator_log_odds,RATCAT_A,code_7,Unweighted,10,HISPALLP_A,0.09054131781518993,3.526042298958406,274,2014189.3329999999
MEDNG,LR,locked_test,base_estimator_log_odds,RATCAT_A,code_7,Unweighted,11,DISAB3_A,0.07583239221551759,2.95321770254,274,2014189.3329999999
MEDNG,LR,locked_test,base_estimator_log_odds,RATCAT_A,code_7,Unweighted,12,K6SPD_A,0.05650319825566339,2.2004613129507278,274,2014189.3329999999
MEDNG,LR,locked_test,base_estimator_log_odds,RATCAT_A,code_7,WTFA_A,1,NOTCOV_A,0.4216829461629118,15.829951418802196,274,2014189.3329999999
MEDNG,LR,locked_test,base_estimator_log_odds,RATCAT_A,code_7,WTFA_A,2,AGEP_A,0.337061987260129,12.653285915412376,274,2014189.3329999999
MEDNG,LR,locked_test,base_estimator_log_odds,RATCAT_A,code_7,WTFA_A,3,FDSCAT3_A,0.31685281408248805,11.894634818593717,274,2014189.3329999999
MEDNG,LR,locked_test,base_estimator_log_odds,RATCAT_A,code_7,WTFA_A,4,EMPWRKLSW1_A,0.305807553552113,11.47999642926625,274,2014189.3329999999
MEDNG,LR,locked_test,base_estimator_log_odds,RATCAT_A,code_7,WTFA_A,5,PHSTAT_A,0.29204734797034754,10.963439172554416,274,2014189.3329999999
MEDNG,LR,locked_test,base_estimator_log_odds,RATCAT_A,code_7,WTFA_A,6,RATCAT_A,0.2370349820977999,8.898278399229326,274,2014189.3329999999
MEDNG,LR,locked_test,base_estimator_log_odds,RATCAT_A,code_7,WTFA_A,7,EDUCP_A,0.22245151260783794,8.350815866906537,274,2014189.3329999999
MEDNG,LR,locked_test,base_estimator_log_odds,RATCAT_A,code_7,WTFA_A,8,CHRONIC_BURDEN_CAT,0.18599305237078825,6.982167550420296,274,2014189.3329999999
MEDNG,LR,locked_test,base_estimator_log_odds,RATCAT_A,code_7,WTFA_A,9,SEX_A,0.11556535743704871,4.338316288508925,274,2014189.3329999999
MEDNG,LR,locked_test,base_estimator_log_odds,RATCAT_A,code_7,WTFA_A,10,HISPALLP_A,0.0957887362747428,3.595903167285829,274,2014189.3329999999
MEDNG,LR,locked_test,base_estimator_log_odds,RATCAT_A,code_7,WTFA_A,11,DISAB3_A,0.07991400531207772,2.9999667600580677,274,2014189.3329999999
MEDNG,LR,locked_test,base_estimator_log_odds,RATCAT_A,code_7,WTFA_A,12,K6SPD_A,0.05362939712240161,2.013244212962045,274,2014189.3329999999
MEDNG,LR,locked_test,base_estimator_log_odds,RATCAT_A,code_8,Unweighted,1,RATCAT_A,0.33268659166997844,13.182771312642894,530,4181768.7849999997
MEDNG,LR,locked_test,base_estimator_log_odds,RATCAT_A,code_8,Unweighted,2,AGEP_A,0.3233724928777777,12.813698324926131,530,4181768.7849999997
MEDNG,LR,locked_test,base_estimator_log_odds,RATCAT_A,code_8,Unweighted,3,PHSTAT_A,0.30827699281333865,12.215536180186339,530,4181768.7849999997
MEDNG,LR,locked_test,base_estimator_log_odds,RATCAT_A,code_8,Unweighted,4,EMPWRKLSW1_A,0.3031797340634073,12.01355630451894,530,4181768.7849999997
MEDNG,LR,locked_test,base_estimator_log_odds,RATCAT_A,code_8,Unweighted,5,FDSCAT3_A,0.26633221652743627,10.553466209883668,530,4181768.7849999997
MEDNG,LR,locked_test,base_estimator_log_odds,RATCAT_A,code_8,Unweighted,6,NOTCOV_A,0.2484631809150202,9.845402176183057,530,4181768.7849999997
MEDNG,LR,locked_test,base_estimator_log_odds,RATCAT_A,code_8,Unweighted,7,EDUCP_A,0.21956150386795434,8.700167566183259,530,4181768.7849999997
MEDNG,LR,locked_test,base_estimator_log_odds,RATCAT_A,code_8,Unweighted,8,CHRONIC_BURDEN_CAT,0.17684520091702702,7.007525700765805,530,4181768.7849999997
MEDNG,LR,locked_test,base_estimator_log_odds,RATCAT_A,code_8,Unweighted,9,SEX_A,0.11420561320807039,4.525419777168618,530,4181768.7849999997
MEDNG,LR,locked_test,base_estimator_log_odds,RATCAT_A,code_8,Unweighted,10,DISAB3_A,0.08936893989316956,3.5412617357109353,530,4181768.7849999997
MEDNG,LR,locked_test,base_estimator_log_odds,RATCAT_A,code_8,Unweighted,11,HISPALLP_A,0.07305572189862096,2.894847279643057,530,4181768.7849999997
MEDNG,LR,locked_test,base_estimator_log_odds,RATCAT_A,code_8,Unweighted,12,K6SPD_A,0.06829865145469789,2.706347432187289,530,4181768.7849999997
MEDNG,LR,locked_test,base_estimator_log_odds,RATCAT_A,code_8,WTFA_A,1,RATCAT_A,0.3326865916699785,12.757291169382068,530,4181768.7849999997
MEDNG,LR,locked_test,base_estimator_log_odds,RATCAT_A,code_8,WTFA_A,2,PHSTAT_A,0.3205949478063807,12.293621681801968,530,4181768.7849999997
MEDNG,LR,locked_test,base_estimator_log_odds,RATCAT_A,code_8,WTFA_A,3,AGEP_A,0.3173098678236973,12.167651104979402,530,4181768.7849999997
MEDNG,LR,locked_test,base_estimator_log_odds,RATCAT_A,code_8,WTFA_A,4,EMPWRKLSW1_A,0.29847613548580276,11.44544764605831,530,4181768.7849999997
MEDNG,LR,locked_test,base_estimator_log_odds,RATCAT_A,code_8,WTFA_A,5,NOTCOV_A,0.2981087363629049,11.431359258658457,530,4181768.7849999997
MEDNG,LR,locked_test,base_estimator_log_odds,RATCAT_A,code_8,WTFA_A,6,FDSCAT3_A,0.2912518602461392,11.168423608938204,530,4181768.7849999997
MEDNG,LR,locked_test,base_estimator_log_odds,RATCAT_A,code_8,WTFA_A,7,EDUCP_A,0.22802584362222542,8.743941457425496,530,4181768.7849999997
MEDNG,LR,locked_test,base_estimator_log_odds,RATCAT_A,code_8,WTFA_A,8,CHRONIC_BURDEN_CAT,0.18223554277256218,6.988054038757787,530,4181768.7849999997
MEDNG,LR,locked_test,base_estimator_log_odds,RATCAT_A,code_8,WTFA_A,9,SEX_A,0.11471782275184683,4.399001053263481,530,4181768.7849999997
MEDNG,LR,locked_test,base_estimator_log_odds,RATCAT_A,code_8,WTFA_A,10,DISAB3_A,0.0850975251267256,3.2631730073220453,530,4181768.7849999997
MEDNG,LR,locked_test,base_estimator_log_odds,RATCAT_A,code_8,WTFA_A,11,HISPALLP_A,0.07692979002712583,2.949970799992513,530,4181768.7849999997
MEDNG,LR,locked_test,base_estimator_log_odds,RATCAT_A,code_8,WTFA_A,12,K6SPD_A,0.06238064170767032,2.392065173420281,530,4181768.7849999997
MEDNG,LR,locked_test,base_estimator_log_odds,RATCAT_A,code_9,Unweighted,1,AGEP_A,0.31951412952475133,13.543494149586385,530,4222353.769
MEDNG,LR,locked_test,base_estimator_log_odds,RATCAT_A,code_9,Unweighted,2,EMPWRKLSW1_A,0.3055132806822398,12.950029270052443,530,4222353.769
MEDNG,LR,locked_test,base_estimator_log_odds,RATCAT_A,code_9,Unweighted,3,PHSTAT_A,0.29431755756528155,12.475467438435018,530,4222353.769
MEDNG,LR,locked_test,base_estimator_log_odds,RATCAT_A,code_9,Unweighted,4,FDSCAT3_A,0.27237758847507226,11.54548088836498,530,4222353.769
MEDNG,LR,locked_test,base_estimator_log_odds,RATCAT_A,code_9,Unweighted,5,NOTCOV_A,0.25334960898832365,10.738927108597732,530,4222353.769
MEDNG,LR,locked_test,base_estimator_log_odds,RATCAT_A,code_9,Unweighted,6,EDUCP_A,0.22189979525432918,9.405839370207309,530,4222353.769
MEDNG,LR,locked_test,base_estimator_log_odds,RATCAT_A,code_9,Unweighted,7,RATCAT_A,0.19693523109647518,8.347646954360867,530,4222353.769
MEDNG,LR,locked_test,base_estimator_log_odds,RATCAT_A,code_9,Unweighted,8,CHRONIC_BURDEN_CAT,0.17179691977711004,7.282089782317465,530,4222353.769
MEDNG,LR,locked_test,base_estimator_log_odds,RATCAT_A,code_9,Unweighted,9,SEX_A,0.11580572221236607,4.908747302051029,530,4222353.769
MEDNG,LR,locked_test,base_estimator_log_odds,RATCAT_A,code_9,Unweighted,10,DISAB3_A,0.08337312019760434,3.5340013517040583,530,4222353.769
MEDNG,LR,locked_test,base_estimator_log_odds,RATCAT_A,code_9,Unweighted,11,HISPALLP_A,0.06297175677326808,2.6692328777963037,530,4222353.769
MEDNG,LR,locked_test,base_estimator_log_odds,RATCAT_A,code_9,Unweighted,12,K6SPD_A,0.06131586977575546,2.5990435065264146,530,4222353.769
MEDNG,LR,locked_test,base_estimator_log_odds,RATCAT_A,code_9,WTFA_A,1,AGEP_A,0.3376638353346431,13.822295463720646,530,4222353.769
MEDNG,LR,locked_test,base_estimator_log_odds,RATCAT_A,code_9,WTFA_A,2,EMPWRKLSW1_A,0.30121667003353797,12.330327906378693,530,4222353.769
MEDNG,LR,locked_test,base_estimator_log_odds,RATCAT_A,code_9,WTFA_A,3,PHSTAT_A,0.30074565237839884,12.311046761889207,530,4222353.769
MEDNG,LR,locked_test,base_estimator_log_odds,RATCAT_A,code_9,WTFA_A,4,FDSCAT3_A,0.2857866444319129,11.698698603622402,530,4222353.769
MEDNG,LR,locked_test,base_estimator_log_odds,RATCAT_A,code_9,WTFA_A,5,NOTCOV_A,0.282645485935314,11.57011503530708,530,4222353.769
MEDNG,LR,locked_test,base_estimator_log_odds,RATCAT_A,code_9,WTFA_A,6,EDUCP_A,0.22809913028699302,9.33725570794361,530,4222353.769
MEDNG,LR,locked_test,base_estimator_log_odds,RATCAT_A,code_9,WTFA_A,7,RATCAT_A,0.19693523109647518,8.061559061348222,530,4222353.769
MEDNG,LR,locked_test,base_estimator_log_odds,RATCAT_A,code_9,WTFA_A,8,CHRONIC_BURDEN_CAT,0.17322312340411483,7.090902081554858,530,4222353.769
MEDNG,LR,locked_test,base_estimator_log_odds,RATCAT_A,code_9,WTFA_A,9,SEX_A,0.11681587971254087,4.781867156845421,530,4222353.769
MEDNG,LR,locked_test,base_estimator_log_odds,RATCAT_A,code_9,WTFA_A,10,DISAB3_A,0.0816487836387165,3.342299333268136,530,4222353.769
MEDNG,LR,locked_test,base_estimator_log_odds,RATCAT_A,code_9,WTFA_A,11,K6SPD_A,0.0704158705458638,2.882479158762832,530,4222353.769
MEDNG,LR,locked_test,base_estimator_log_odds,RATCAT_A,code_9,WTFA_A,12,HISPALLP_A,0.06769630985050214,2.7711537293588915,530,4222353.769
MEDNG,LR,locked_test,base_estimator_log_odds,NOTCOV_A,code_1,Unweighted,1,NOTCOV_A,1.439434571416093,38.64933190841318,471,4739806.264
MEDNG,LR,locked_test,base_estimator_log_odds,NOTCOV_A,code_1,Unweighted,2,FDSCAT3_A,0.38060396484826964,10.219352275669777,471,4739806.264
MEDNG,LR,locked_test,base_estimator_log_odds,NOTCOV_A,code_1,Unweighted,3,PHSTAT_A,0.3330989993179021,8.943826998911529,471,4739806.264
MEDNG,LR,locked_test,base_estimator_log_odds,NOTCOV_A,code_1,Unweighted,4,AGEP_A,0.29898654519619944,8.02789543262772,471,4739806.264
MEDNG,LR,locked_test,base_estimator_log_odds,NOTCOV_A,code_1,Unweighted,5,EMPWRKLSW1_A,0.29755735274724743,7.989521105362395,471,4739806.264
MEDNG,LR,locked_test,base_estimator_log_odds,NOTCOV_A,code_1,Unweighted,6,EDUCP_A,0.23484107925998243,6.305566781767483,471,4739806.264
MEDNG,LR,locked_test,base_estimator_log_odds,NOTCOV_A,code_1,Unweighted,7,RATCAT_A,0.21315791065259362,5.723365966965178,471,4739806.264
MEDNG,LR,locked_test,base_estimator_log_odds,NOTCOV_A,code_1,Unweighted,8,CHRONIC_BURDEN_CAT,0.19005142696768862,5.102948634417955,471,4739806.264
MEDNG,LR,locked_test,base_estimator_log_odds,NOTCOV_A,code_1,Unweighted,9,SEX_A,0.11739175685781289,3.1520105631795476,471,4739806.264
MEDNG,LR,locked_test,base_estimator_log_odds,NOTCOV_A,code_1,Unweighted,10,HISPALLP_A,0.07531164053273842,2.0221444234546673,471,4739806.264
MEDNG,LR,locked_test,base_estimator_log_odds,NOTCOV_A,code_1,Unweighted,11,K6SPD_A,0.07364752354669712,1.9774622885350754,471,4739806.264
MEDNG,LR,locked_test,base_estimator_log_odds,NOTCOV_A,code_1,Unweighted,12,DISAB3_A,0.07026251572953089,1.8865736206955055,471,4739806.264
MEDNG,LR,locked_test,base_estimator_log_odds,NOTCOV_A,code_1,WTFA_A,1,NOTCOV_A,1.4394345714160932,38.378406984694,471,4739806.264
MEDNG,LR,locked_test,base_estimator_log_odds,NOTCOV_A,code_1,WTFA_A,2,FDSCAT3_A,0.3940420228857255,10.506003832117914,471,4739806.264
MEDNG,LR,locked_test,base_estimator_log_odds,NOTCOV_A,code_1,WTFA_A,3,PHSTAT_A,0.32767463284598913,8.736507144990858,471,4739806.264
MEDNG,LR,locked_test,base_estimator_log_odds,NOTCOV_A,code_1,WTFA_A,4,AGEP_A,0.31594724945272074,8.423829999624248,471,4739806.264
MEDNG,LR,locked_test,base_estimator_log_odds,NOTCOV_A,code_1,WTFA_A,5,EMPWRKLSW1_A,0.2956825555035139,7.883529879530696,471,4739806.264
MEDNG,LR,locked_test,base_estimator_log_odds,NOTCOV_A,code_1,WTFA_A,6,EDUCP_A,0.24850538288441398,6.625685468178427,471,4739806.264
MEDNG,LR,locked_test,base_estimator_log_odds,NOTCOV_A,code_1,WTFA_A,7,RATCAT_A,0.2110975828522341,5.628313442699925,471,4739806.264
MEDNG,LR,locked_test,base_estimator_log_odds,NOTCOV_A,code_1,WTFA_A,8,CHRONIC_BURDEN_CAT,0.18893746243086912,5.037477195433546,471,4739806.264
MEDNG,LR,locked_test,base_estimator_log_odds,NOTCOV_A,code_1,WTFA_A,9,SEX_A,0.1178995295296754,3.143453837670724,471,4739806.264
MEDNG,LR,locked_test,base_estimator_log_odds,NOTCOV_A,code_1,WTFA_A,10,HISPALLP_A,0.0711761599599989,1.897708787044893,471,4739806.264
MEDNG,LR,locked_test,base_estimator_log_odds,NOTCOV_A,code_1,WTFA_A,11,DISAB3_A,0.0707493039553354,1.8863278922156683,471,4739806.264
MEDNG,LR,locked_test,base_estimator_log_odds,NOTCOV_A,code_1,WTFA_A,12,K6SPD_A,0.06949012687460907,1.8527555357990984,471,4739806.264
MEDNG,LR,locked_test,base_estimator_log_odds,NOTCOV_A,code_2,Unweighted,1,PHSTAT_A,0.3102092249165132,13.658578437118969,5927,45336881.842
MEDNG,LR,locked_test,base_estimator_log_odds,NOTCOV_A,code_2,Unweighted,2,AGEP_A,0.3050479065656796,13.431324487618355,5927,45336881.842
MEDNG,LR,locked_test,base_estimator_log_odds,NOTCOV_A,code_2,Unweighted,3,EMPWRKLSW1_A,0.3036364198508261,13.36917642605453,5927,45336881.842
MEDNG,LR,locked_test,base_estimator_log_odds,NOTCOV_A,code_2,Unweighted,4,FDSCAT3_A,0.24877907786692566,10.953795940381946,5927,45336881.842
MEDNG,LR,locked_test,base_estimator_log_odds,NOTCOV_A,code_2,Unweighted,5,RATCAT_A,0.22937493689347366,10.099427468386514,5927,45336881.842
MEDNG,LR,locked_test,base_estimator_log_odds,NOTCOV_A,code_2,Unweighted,6,EDUCP_A,0.21096857877091088,9.288991588452944,5927,45336881.842
MEDNG,LR,locked_test,base_estimator_log_odds,NOTCOV_A,code_2,Unweighted,7,CHRONIC_BURDEN_CAT,0.17349234525137291,7.638905021258957,5927,45336881.842
MEDNG,LR,locked_test,base_estimator_log_odds,NOTCOV_A,code_2,Unweighted,8,NOTCOV_A,0.14453113199069315,6.363736614962901,5927,45336881.842
MEDNG,LR,locked_test,base_estimator_log_odds,NOTCOV_A,code_2,Unweighted,9,SEX_A,0.11538497818092851,5.080425236785338,5927,45336881.842
MEDNG,LR,locked_test,base_estimator_log_odds,NOTCOV_A,code_2,Unweighted,10,DISAB3_A,0.0862791757466933,3.7988905382918268,5927,45336881.842
MEDNG,LR,locked_test,base_estimator_log_odds,NOTCOV_A,code_2,Unweighted,11,HISPALLP_A,0.08032653542766781,3.536794513496793,5927,45336881.842
MEDNG,LR,locked_test,base_estimator_log_odds,NOTCOV_A,code_2,Unweighted,12,K6SPD_A,0.06313741177281527,2.7799537271909482,5927,45336881.842
MEDNG,LR,locked_test,base_estimator_log_odds,NOTCOV_A,code_2,WTFA_A,1,PHSTAT_A,0.3146890460055459,13.75552606703776,5927,45336881.842
MEDNG,LR,locked_test,base_estimator_log_odds,NOTCOV_A,code_2,WTFA_A,2,AGEP_A,0.310917559404061,13.59066878040283,5927,45336881.842
MEDNG,LR,locked_test,base_estimator_log_odds,NOTCOV_A,code_2,WTFA_A,3,EMPWRKLSW1_A,0.29947814649784965,13.090635034645357,5927,45336881.842
MEDNG,LR,locked_test,base_estimator_log_odds,NOTCOV_A,code_2,WTFA_A,4,FDSCAT3_A,0.25181489401556745,11.007203404971536,5927,45336881.842
MEDNG,LR,locked_test,base_estimator_log_odds,NOTCOV_A,code_2,WTFA_A,5,RATCAT_A,0.23084627725642123,10.090633991191947,5927,45336881.842
MEDNG,LR,locked_test,base_estimator_log_odds,NOTCOV_A,code_2,WTFA_A,6,EDUCP_A,0.215431951424545,9.416850891724131,5927,45336881.842
MEDNG,LR,locked_test,base_estimator_log_odds,NOTCOV_A,code_2,WTFA_A,7,CHRONIC_BURDEN_CAT,0.17694573670372118,7.7345612266285935,5927,45336881.842
MEDNG,LR,locked_test,base_estimator_log_odds,NOTCOV_A,code_2,WTFA_A,8,NOTCOV_A,0.14453113199069315,6.31767066198236,5927,45336881.842
MEDNG,LR,locked_test,base_estimator_log_odds,NOTCOV_A,code_2,WTFA_A,9,SEX_A,0.11610028028726305,5.0749158642582435,5927,45336881.842
MEDNG,LR,locked_test,base_estimator_log_odds,NOTCOV_A,code_2,WTFA_A,10,HISPALLP_A,0.08328209462433758,3.6403841762652003,5927,45336881.842
MEDNG,LR,locked_test,base_estimator_log_odds,NOTCOV_A,code_2,WTFA_A,11,DISAB3_A,0.08124051361598031,3.551143635055092,5927,45336881.842
MEDNG,LR,locked_test,base_estimator_log_odds,NOTCOV_A,code_2,WTFA_A,12,K6SPD_A,0.0624505471757056,2.7298062658369444,5927,45336881.842
MEDNG,LR,locked_test,base_estimator_log_odds,SEX_A,code_1,Unweighted,1,PHSTAT_A,0.30835361463856203,12.961780309887368,2958,24662417.391999997
MEDNG,LR,locked_test,base_estimator_log_odds,SEX_A,code_1,Unweighted,2,AGEP_A,0.3044306318502642,12.796875996633288,2958,24662417.391999997
MEDNG,LR,locked_test,base_estimator_log_odds,SEX_A,code_1,Unweighted,3,EMPWRKLSW1_A,0.30069110135606514,12.639683181544195,2958,24662417.391999997
MEDNG,LR,locked_test,base_estimator_log_odds,SEX_A,code_1,Unweighted,4,NOTCOV_A,0.2574090709497415,10.82030392714426,2958,24662417.391999997
MEDNG,LR,locked_test,base_estimator_log_odds,SEX_A,code_1,Unweighted,5,FDSCAT3_A,0.24632284863934722,10.35428967846312,2958,24662417.391999997
MEDNG,LR,locked_test,base_estimator_log_odds,SEX_A,code_1,Unweighted,6,RATCAT_A,0.22931951755528515,9.639547150452783,2958,24662417.391999997
MEDNG,LR,locked_test,base_estimator_log_odds,SEX_A,code_1,Unweighted,7,EDUCP_A,0.21407377539535943,8.998685648732504,2958,24662417.391999997
MEDNG,LR,locked_test,base_estimator_log_odds,SEX_A,code_1,Unweighted,8,CHRONIC_BURDEN_CAT,0.17411906098995425,7.3191715912300666,2958,24662417.391999997
MEDNG,LR,locked_test,base_estimator_log_odds,SEX_A,code_1,Unweighted,9,SEX_A,0.12860659424673143,5.406034960812455,2958,24662417.391999997
MEDNG,LR,locked_test,base_estimator_log_odds,SEX_A,code_1,Unweighted,10,DISAB3_A,0.08011940492535241,3.3678545536707802,2958,24662417.391999997
MEDNG,LR,locked_test,base_estimator_log_odds,SEX_A,code_1,Unweighted,11,HISPALLP_A,0.0784993028605641,3.2997528482051393,2958,24662417.391999997
MEDNG,LR,locked_test,base_estimator_log_odds,SEX_A,code_1,Unweighted,12,K6SPD_A,0.056999999794001464,2.3960201532240344,2958,24662417.391999997
MEDNG,LR,locked_test,base_estimator_log_odds,SEX_A,code_1,WTFA_A,1,AGEP_A,0.3155289106194013,12.957804410443035,2958,24662417.391999997
MEDNG,LR,locked_test,base_estimator_log_odds,SEX_A,code_1,WTFA_A,2,PHSTAT_A,0.3134956468946578,12.87430450671518,2958,24662417.391999997
MEDNG,LR,locked_test,base_estimator_log_odds,SEX_A,code_1,WTFA_A,3,EMPWRKLSW1_A,0.2965528977296964,12.17851777381709,2958,24662417.391999997
MEDNG,LR,locked_test,base_estimator_log_odds,SEX_A,code_1,WTFA_A,4,NOTCOV_A,0.28529361050084323,11.716133387466954,2958,24662417.391999997
MEDNG,LR,locked_test,base_estimator_log_odds,SEX_A,code_1,WTFA_A,5,FDSCAT3_A,0.2538660298038341,10.4254990586955,2958,24662417.391999997
MEDNG,LR,locked_test,base_estimator_log_odds,SEX_A,code_1,WTFA_A,6,RATCAT_A,0.22904253971432376,9.40607447179152,2958,24662417.391999997
MEDNG,LR,locked_test,base_estimator_log_odds,SEX_A,code_1,WTFA_A,7,EDUCP_A,0.21929296361044764,9.00568929000023,2958,24662417.391999997
MEDNG,LR,locked_test,base_estimator_log_odds,SEX_A,code_1,WTFA_A,8,CHRONIC_BURDEN_CAT,0.17635819535831598,7.2424900689631055,2958,24662417.391999997
MEDNG,LR,locked_test,base_estimator_log_odds,SEX_A,code_1,WTFA_A,9,SEX_A,0.12860659424673146,5.281478298996439,2958,24662417.391999997
MEDNG,LR,locked_test,base_estimator_log_odds,SEX_A,code_1,WTFA_A,10,HISPALLP_A,0.08148734174280511,3.346435146489153,2958,24662417.391999997
MEDNG,LR,locked_test,base_estimator_log_odds,SEX_A,code_1,WTFA_A,11,DISAB3_A,0.07662837472425858,3.1468922769006817,2958,24662417.391999997
MEDNG,LR,locked_test,base_estimator_log_odds,SEX_A,code_1,WTFA_A,12,K6SPD_A,0.05889607950686037,2.4186813097210798,2958,24662417.391999997
MEDNG,LR,locked_test,base_estimator_log_odds,SEX_A,code_2,Unweighted,1,PHSTAT_A,0.3156408302159349,13.24803191155966,3458,25582858.346
MEDNG,LR,locked_test,base_estimator_log_odds,SEX_A,code_2,Unweighted,2,EMPWRKLSW1_A,0.30557739097600073,12.825650674951321,3458,25582858.346
MEDNG,LR,locked_test,base_estimator_log_odds,SEX_A,code_2,Unweighted,3,AGEP_A,0.3048884847815787,12.796736002405533,3458,25582858.346
MEDNG,LR,locked_test,base_estimator_log_odds,SEX_A,code_2,Unweighted,4,FDSCAT3_A,0.2692487575007798,11.300870451639183,3458,25582858.346
MEDNG,LR,locked_test,base_estimator_log_odds,SEX_A,code_2,Unweighted,5,NOTCOV_A,0.22818334845541347,9.577278959619345,3458,25582858.346
MEDNG,LR,locked_test,base_estimator_log_odds,SEX_A,code_2,Unweighted,6,RATCAT_A,0.22702652658700603,9.528724997135571,3458,25582858.346
MEDNG,LR,locked_test,base_estimator_log_odds,SEX_A,code_2,Unweighted,7,EDUCP_A,0.2116308123432086,8.882538274513063,3458,25582858.346
MEDNG,LR,locked_test,base_estimator_log_odds,SEX_A,code_2,Unweighted,8,CHRONIC_BURDEN_CAT,0.17552796555241051,7.367234737719566,3458,25582858.346
MEDNG,LR,locked_test,base_estimator_log_odds,SEX_A,code_2,Unweighted,9,SEX_A,0.10437637218168268,4.380870207855484,3458,25582858.346
MEDNG,LR,locked_test,base_estimator_log_odds,SEX_A,code_2,Unweighted,10,DISAB3_A,0.08935125413235558,3.7502380958557113,3458,25582858.346
MEDNG,LR,locked_test,base_estimator_log_odds,SEX_A,code_2,Unweighted,11,HISPALLP_A,0.08128487496532072,3.4116771798217793,3458,25582858.346
MEDNG,LR,locked_test,base_estimator_log_odds,SEX_A,code_2,Unweighted,12,K6SPD_A,0.06981221917003363,2.930148506923776,3458,25582858.346
MEDNG,LR,locked_test,base_estimator_log_odds,SEX_A,code_2,WTFA_A,1,PHSTAT_A,0.3191623692915527,13.167347996082938,3458,25582858.346
MEDNG,LR,locked_test,base_estimator_log_odds,SEX_A,code_2,WTFA_A,2,AGEP_A,0.30728105603183103,12.677173083894846,3458,25582858.346
MEDNG,LR,locked_test,base_estimator_log_odds,SEX_A,code_2,WTFA_A,3,EMPWRKLSW1_A,0.3020112186593157,12.459760916161233,3458,25582858.346
MEDNG,LR,locked_test,base_estimator_log_odds,SEX_A,code_2,WTFA_A,4,FDSCAT3_A,0.276909308535621,11.424157669140742,3458,25582858.346
MEDNG,LR,locked_test,base_estimator_log_odds,SEX_A,code_2,WTFA_A,5,NOTCOV_A,0.25346926364991923,10.457116257777185,3458,25582858.346
MEDNG,LR,locked_test,base_estimator_log_odds,SEX_A,code_2,WTFA_A,6,RATCAT_A,0.2285834199781377,9.430427038337498,3458,25582858.346
MEDNG,LR,locked_test,base_estimator_log_odds,SEX_A,code_2,WTFA_A,7,EDUCP_A,0.21795587836166672,8.991977671272247,3458,25582858.346
MEDNG,LR,locked_test,base_estimator_log_odds,SEX_A,code_2,WTFA_A,8,CHRONIC_BURDEN_CAT,0.1801735257881843,7.433230675033206,3458,25582858.346
MEDNG,LR,locked_test,base_estimator_log_odds,SEX_A,code_2,WTFA_A,9,SEX_A,0.10437637218168269,4.306146799622915,3458,25582858.346
MEDNG,LR,locked_test,base_estimator_log_odds,SEX_A,code_2,WTFA_A,10,DISAB3_A,0.08374328109594076,3.45490894484731,3458,25582858.346
MEDNG,LR,locked_test,base_estimator_log_odds,SEX_A,code_2,WTFA_A,11,HISPALLP_A,0.0830229538316889,3.4251911564359623,3458,25582858.346
MEDNG,LR,locked_test,base_estimator_log_odds,SEX_A,code_2,WTFA_A,12,K6SPD_A,0.06720391916517669,2.7725617913939007,3458,25582858.346
MEDNG,LR,locked_test,base_estimator_log_odds,AGE_GROUP,18-34,Unweighted,1,AGEP_A,0.48617958126768357,18.07518738958762,1295,14117624.929
MEDNG,LR,locked_test,base_estimator_log_odds,AGE_GROUP,18-34,Unweighted,2,NOTCOV_A,0.33621218019264937,12.499698452572348,1295,14117624.929
MEDNG,LR,locked_test,base_estimator_log_odds,AGE_GROUP,18-34,Unweighted,3,PHSTAT_A,0.31348192633416094,11.654632938233387,1295,14117624.929
MEDNG,LR,locked_test,base_estimator_log_odds,AGE_GROUP,18-34,Unweighted,4,FDSCAT3_A,0.29469468558813655,10.95616078904883,1295,14117624.929
MEDNG,LR,locked_test,base_estimator_log_odds,AGE_GROUP,18-34,Unweighted,5,EMPWRKLSW1_A,0.28714590191577105,10.675512064382747,1295,14117624.929
MEDNG,LR,locked_test,base_estimator_log_odds,AGE_GROUP,18-34,Unweighted,6,RATCAT_A,0.22497694144236596,8.364194078870803,1295,14117624.929
MEDNG,LR,locked_test,base_estimator_log_odds,AGE_GROUP,18-34,Unweighted,7,EDUCP_A,0.20917348469293048,7.776653069014994,1295,14117624.929
MEDNG,LR,locked_test,base_estimator_log_odds,AGE_GROUP,18-34,Unweighted,8,CHRONIC_BURDEN_CAT,0.19143282992460786,7.117090899589251,1295,14117624.929
MEDNG,LR,locked_test,base_estimator_log_odds,AGE_GROUP,18-34,Unweighted,9,SEX_A,0.11625452719918047,4.322111509771817,1295,14117624.929
MEDNG,LR,locked_test,base_estimator_log_odds,AGE_GROUP,18-34,Unweighted,10,HISPALLP_A,0.08817849210527672,3.278300508586357,1295,14117624.929
MEDNG,LR,locked_test,base_estimator_log_odds,AGE_GROUP,18-34,Unweighted,11,K6SPD_A,0.07587522593670795,2.8208896051481624,1295,14117624.929
MEDNG,LR,locked_test,base_estimator_log_odds,AGE_GROUP,18-34,Unweighted,12,DISAB3_A,0.06615655221462426,2.45956869519369,1295,14117624.929
MEDNG,LR,locked_test,base_estimator_log_odds,AGE_GROUP,18-34,WTFA_A,1,AGEP_A,0.5079564255638804,18.686918801051338,1295,14117624.929
MEDNG,LR,locked_test,base_estimator_log_odds,AGE_GROUP,18-34,WTFA_A,2,NOTCOV_A,0.3357687011976869,12.352402961042113,1295,14117624.929
MEDNG,LR,locked_test,base_estimator_log_odds,AGE_GROUP,18-34,WTFA_A,3,PHSTAT_A,0.3225341552391575,11.865524809198122,1295,14117624.929
MEDNG,LR,locked_test,base_estimator_log_odds,AGE_GROUP,18-34,WTFA_A,4,FDSCAT3_A,0.29056408593741306,10.689396190601583,1295,14117624.929
MEDNG,LR,locked_test,base_estimator_log_odds,AGE_GROUP,18-34,WTFA_A,5,EMPWRKLSW1_A,0.2878829708598461,10.590762179435862,1295,14117624.929
MEDNG,LR,locked_test,base_estimator_log_odds,AGE_GROUP,18-34,WTFA_A,6,RATCAT_A,0.22550655383560297,8.296031802241412,1295,14117624.929
MEDNG,LR,locked_test,base_estimator_log_odds,AGE_GROUP,18-34,WTFA_A,7,EDUCP_A,0.21816665010981745,8.026008276544248,1295,14117624.929
MEDNG,LR,locked_test,base_estimator_log_odds,AGE_GROUP,18-34,WTFA_A,8,CHRONIC_BURDEN_CAT,0.19122656090389217,7.034924722624534,1295,14117624.929
MEDNG,LR,locked_test,base_estimator_log_odds,AGE_GROUP,18-34,WTFA_A,9,SEX_A,0.11679207920131489,4.296597091410274,1295,14117624.929
MEDNG,LR,locked_test,base_estimator_log_odds,AGE_GROUP,18-34,WTFA_A,10,HISPALLP_A,0.08018382493472362,2.949836935421263,1295,14117624.929
MEDNG,LR,locked_test,base_estimator_log_odds,AGE_GROUP,18-34,WTFA_A,11,K6SPD_A,0.07426640747467282,2.7321444444459977,1295,14117624.929
MEDNG,LR,locked_test,base_estimator_log_odds,AGE_GROUP,18-34,WTFA_A,12,DISAB3_A,0.06739759935678545,2.4794517859832665,1295,14117624.929
MEDNG,LR,locked_test,base_estimator_log_odds,AGE_GROUP,35-49,Unweighted,1,PHSTAT_A,0.31399121492979604,13.369033233174783,1422,12564871.543
MEDNG,LR,locked_test,base_estimator_log_odds,AGE_GROUP,35-49,Unweighted,2,EMPWRKLSW1_A,0.2876148494368082,12.245987459664969,1422,12564871.543
MEDNG,LR,locked_test,base_estimator_log_odds,AGE_GROUP,35-49,Unweighted,3,FDSCAT3_A,0.2830152605063183,12.05014740317036,1422,12564871.543
MEDNG,LR,locked_test,base_estimator_log_odds,AGE_GROUP,35-49,Unweighted,4,NOTCOV_A,0.27818618273332185,11.844536232656528,1422,12564871.543
MEDNG,LR,locked_test,base_estimator_log_odds,AGE_GROUP,35-49,Unweighted,5,RATCAT_A,0.23458418586324167,9.988062173918241,1422,12564871.543
MEDNG,LR,locked_test,base_estimator_log_odds,AGE_GROUP,35-49,Unweighted,6,AGEP_A,0.21565086653962232,9.181924412043688,1422,12564871.543
MEDNG,LR,locked_test,base_estimator_log_odds,AGE_GROUP,35-49,Unweighted,7,EDUCP_A,0.20452663887453812,8.708280047881575,1422,12564871.543
MEDNG,LR,locked_test,base_estimator_log_odds,AGE_GROUP,35-49,Unweighted,8,CHRONIC_BURDEN_CAT,0.18241812919760136,7.766949887822736,1422,12564871.543
MEDNG,LR,locked_test,base_estimator_log_odds,AGE_GROUP,35-49,Unweighted,9,SEX_A,0.11562246681103021,4.922942196468527,1422,12564871.543
MEDNG,LR,locked_test,base_estimator_log_odds,AGE_GROUP,35-49,Unweighted,10,HISPALLP_A,0.096508709277487,4.109121785174798,1422,12564871.543
MEDNG,LR,locked_test,base_estimator_log_odds,AGE_GROUP,35-49,Unweighted,11,K6SPD_A,0.06864025592355877,2.922546297293234,1422,12564871.543
MEDNG,LR,locked_test,base_estimator_log_odds,AGE_GROUP,35-49,Unweighted,12,DISAB3_A,0.067886870846077,2.8904688707305715,1422,12564871.543
MEDNG,LR,locked_test,base_estimator_log_odds,AGE_GROUP,35-49,WTFA_A,1,PHSTAT_A,0.3155822591426637,13.272162387405805,1422,12564871.543
MEDNG,LR,locked_test,base_estimator_log_odds,AGE_GROUP,35-49,WTFA_A,2,NOTCOV_A,0.29538857703301363,12.422894659596787,1422,12564871.543
MEDNG,LR,locked_test,base_estimator_log_odds,AGE_GROUP,35-49,WTFA_A,3,FDSCAT3_A,0.2909154234985437,12.234771219912414,1422,12564871.543
MEDNG,LR,locked_test,base_estimator_log_odds,AGE_GROUP,35-49,WTFA_A,4,EMPWRKLSW1_A,0.288537600754797,12.134769243663152,1422,12564871.543
MEDNG,LR,locked_test,base_estimator_log_odds,AGE_GROUP,35-49,WTFA_A,5,RATCAT_A,0.23262547550502483,9.78332272142857,1422,12564871.543
MEDNG,LR,locked_test,base_estimator_log_odds,AGE_GROUP,35-49,WTFA_A,6,AGEP_A,0.2140424733862216,9.001793929422659,1422,12564871.543
MEDNG,LR,locked_test,base_estimator_log_odds,AGE_GROUP,35-49,WTFA_A,7,EDUCP_A,0.21208815159126418,8.919602755906165,1422,12564871.543
MEDNG,LR,locked_test,base_estimator_log_odds,AGE_GROUP,35-49,WTFA_A,8,CHRONIC_BURDEN_CAT,0.1825995122134934,7.679425277398115,1422,12564871.543
MEDNG,LR,locked_test,base_estimator_log_odds,AGE_GROUP,35-49,WTFA_A,9,SEX_A,0.11644785102930086,4.897343699623648,1422,12564871.543
MEDNG,LR,locked_test,base_estimator_log_odds,AGE_GROUP,35-49,WTFA_A,10,HISPALLP_A,0.09364348763930797,3.9382808712009183,1422,12564871.543
MEDNG,LR,locked_test,base_estimator_log_odds,AGE_GROUP,35-49,WTFA_A,11,K6SPD_A,0.06877329114230836,2.892337137191297,1422,12564871.543
MEDNG,LR,locked_test,base_estimator_log_odds,AGE_GROUP,35-49,WTFA_A,12,DISAB3_A,0.0671316500349963,2.823296097250466,1422,12564871.543
MEDNG,LR,locked_test,base_estimator_log_odds,AGE_GROUP,50-64,Unweighted,1,PHSTAT_A,0.3128267721490649,14.285385566173739,1524,11722892.652
MEDNG,LR,locked_test,base_estimator_log_odds,AGE_GROUP,50-64,Unweighted,2,EMPWRKLSW1_A,0.2970006045777878,13.562675984006527,1524,11722892.652
MEDNG,LR,locked_test,base_estimator_log_odds,AGE_GROUP,50-64,Unweighted,3,FDSCAT3_A,0.2682893014752406,12.251560467551542,1524,11722892.652
MEDNG,LR,locked_test,base_estimator_log_odds,AGE_GROUP,50-64,Unweighted,4,NOTCOV_A,0.25211450098692323,11.512930394926412,1524,11722892.652
MEDNG,LR,locked_test,base_estimator_log_odds,AGE_GROUP,50-64,Unweighted,5,RATCAT_A,0.2339037534911379,10.681327819359241,1524,11722892.652
MEDNG,LR,locked_test,base_estimator_log_odds,AGE_GROUP,50-64,Unweighted,6,EDUCP_A,0.21342453701769354,9.746134512832123,1524,11722892.652
MEDNG,LR,locked_test,base_estimator_log_odds,AGE_GROUP,50-64,Unweighted,7,CHRONIC_BURDEN_CAT,0.1709685246407872,7.807360212155109,1524,11722892.652
MEDNG,LR,locked_test,base_estimator_log_odds,AGE_GROUP,50-64,Unweighted,8,SEX_A,0.11566473023036025,5.281885742697316,1524,11722892.652
MEDNG,LR,locked_test,base_estimator_log_odds,AGE_GROUP,50-64,Unweighted,9,AGEP_A,0.09933364970123297,4.5361190665649795,1524,11722892.652
MEDNG,LR,locked_test,base_estimator_log_odds,AGE_GROUP,50-64,Unweighted,10,DISAB3_A,0.08553067106443371,3.905799383777798,1524,11722892.652
MEDNG,LR,locked_test,base_estimator_log_odds,AGE_GROUP,50-64,Unweighted,11,HISPALLP_A,0.07630457207476317,3.484485119548755,1524,11722892.652
MEDNG,LR,locked_test,base_estimator_log_odds,AGE_GROUP,50-64,Unweighted,12,K6SPD_A,0.06447617660717593,2.9443357304064843,1524,11722892.652
MEDNG,LR,locked_test,base_estimator_log_odds,AGE_GROUP,50-64,WTFA_A,1,PHSTAT_A,0.31126583187305984,14.195099086277073,1524,11722892.652
MEDNG,LR,locked_test,base_estimator_log_odds,AGE_GROUP,50-64,WTFA_A,2,EMPWRKLSW1_A,0.2956004961667067,13.48069046894395,1524,11722892.652
MEDNG,LR,locked_test,base_estimator_log_odds,AGE_GROUP,50-64,WTFA_A,3,NOTCOV_A,0.27252996144312985,12.428572013140792,1524,11722892.652
MEDNG,LR,locked_test,base_estimator_log_odds,AGE_GROUP,50-64,WTFA_A,4,FDSCAT3_A,0.2591363099655608,11.817762247394676,1524,11722892.652
MEDNG,LR,locked_test,base_estimator_log_odds,AGE_GROUP,50-64,WTFA_A,5,RATCAT_A,0.2346979869372041,10.70326659330231,1524,11722892.652
MEDNG,LR,locked_test,base_estimator_log_odds,AGE_GROUP,50-64,WTFA_A,6,EDUCP_A,0.22016952678364216,10.040704531125996,1524,11722892.652
MEDNG,LR,locked_test,base_estimator_log_odds,AGE_GROUP,50-64,WTFA_A,7,CHRONIC_BURDEN_CAT,0.17300671948189356,7.889871852811531,1524,11722892.652
MEDNG,LR,locked_test,base_estimator_log_odds,AGE_GROUP,50-64,WTFA_A,8,SEX_A,0.1160505866680046,5.292420201921588,1524,11722892.652
MEDNG,LR,locked_test,base_estimator_log_odds,AGE_GROUP,50-64,WTFA_A,9,AGEP_A,0.0933366302481729,4.256563294400875,1524,11722892.652
MEDNG,LR,locked_test,base_estimator_log_odds,AGE_GROUP,50-64,WTFA_A,10,HISPALLP_A,0.08044121521918278,3.668475315088602,1524,11722892.652
MEDNG,LR,locked_test,base_estimator_log_odds,AGE_GROUP,50-64,WTFA_A,11,DISAB3_A,0.08025585455266283,3.660022048592515,1524,11722892.652
MEDNG,LR,locked_test,base_estimator_log_odds,AGE_GROUP,50-64,WTFA_A,12,K6SPD_A,0.056278582240193324,2.566552347000091,1524,11722892.652
MEDNG,LR,locked_test,base_estimator_log_odds,AGE_GROUP,65+,Unweighted,1,AGEP_A,0.4010605179141894,17.04102283118848,2162,11756469.43
MEDNG,LR,locked_test,base_estimator_log_odds,AGE_GROUP,65+,Unweighted,2,EMPWRKLSW1_A,0.3278350772904067,13.92968090208664,2162,11756469.43
MEDNG,LR,locked_test,base_estimator_log_odds,AGE_GROUP,65+,Unweighted,3,PHSTAT_A,0.31029608682836257,13.184450884297556,2162,11756469.43
MEDNG,LR,locked_test,base_estimator_log_odds,AGE_GROUP,65+,Unweighted,4,RATCAT_A,0.22145520550523892,9.409610381812149,2162,11756469.43
MEDNG,LR,locked_test,base_estimator_log_odds,AGE_GROUP,65+,Unweighted,5,EDUCP_A,0.2198285782761955,9.340495147303095,2162,11756469.43
MEDNG,LR,locked_test,base_estimator_log_odds,AGE_GROUP,65+,Unweighted,6,FDSCAT3_A,0.2149959040316697,9.135155283471668,2162,11756469.43
MEDNG,LR,locked_test,base_estimator_log_odds,AGE_GROUP,65+,Unweighted,7,CHRONIC_BURDEN_CAT,0.1624731592404774,6.903468909060473,2162,11756469.43
MEDNG,LR,locked_test,base_estimator_log_odds,AGE_GROUP,65+,Unweighted,8,NOTCOV_A,0.15328592807515654,6.513104340496442,2162,11756469.43
MEDNG,LR,locked_test,base_estimator_log_odds,AGE_GROUP,65+,Unweighted,9,SEX_A,0.11496728793166933,4.884949006380571,2162,11756469.43
MEDNG,LR,locked_test,base_estimator_log_odds,AGE_GROUP,65+,Unweighted,10,DISAB3_A,0.10752612338567856,4.568774640530902,2162,11756469.43
MEDNG,LR,locked_test,base_estimator_log_odds,AGE_GROUP,65+,Unweighted,11,HISPALLP_A,0.06642911234345789,2.8225665941583826,2162,11756469.43
MEDNG,LR,locked_test,base_estimator_log_odds,AGE_GROUP,65+,Unweighted,12,K6SPD_A,0.05334728666243007,2.266721079213627,2162,11756469.43
MEDNG,LR,locked_test,base_estimator_log_odds,AGE_GROUP,65+,WTFA_A,1,AGEP_A,0.39866573053249216,16.7802455220354,2162,11756469.43
MEDNG,LR,locked_test,base_estimator_log_odds,AGE_GROUP,65+,WTFA_A,2,EMPWRKLSW1_A,0.3282714318524657,13.817277991255716,2162,11756469.43
MEDNG,LR,locked_test,base_estimator_log_odds,AGE_GROUP,65+,WTFA_A,3,PHSTAT_A,0.31573967856648244,13.289803766973893,2162,11756469.43
MEDNG,LR,locked_test,base_estimator_log_odds,AGE_GROUP,65+,WTFA_A,4,EDUCP_A,0.22426749483256453,9.439646645513523,2162,11756469.43
MEDNG,LR,locked_test,base_estimator_log_odds,AGE_GROUP,65+,WTFA_A,5,RATCAT_A,0.22253140806021865,9.366572989925894,2162,11756469.43
MEDNG,LR,locked_test,base_estimator_log_odds,AGE_GROUP,65+,WTFA_A,6,FDSCAT3_A,0.2159756721513918,9.090635406876546,2162,11756469.43
MEDNG,LR,locked_test,base_estimator_log_odds,AGE_GROUP,65+,WTFA_A,7,CHRONIC_BURDEN_CAT,0.16320667273140566,6.869534623930412,2162,11756469.43
MEDNG,LR,locked_test,base_estimator_log_odds,AGE_GROUP,65+,WTFA_A,8,NOTCOV_A,0.15767532880007284,6.636714739686511,2162,11756469.43
MEDNG,LR,locked_test,base_estimator_log_odds,AGE_GROUP,65+,WTFA_A,9,SEX_A,0.11566389388595005,4.868410773227236,2162,11756469.43
MEDNG,LR,locked_test,base_estimator_log_odds,AGE_GROUP,65+,WTFA_A,10,DISAB3_A,0.10912066849801724,4.592999770709227,2162,11756469.43
MEDNG,LR,locked_test,base_estimator_log_odds,AGE_GROUP,65+,WTFA_A,11,HISPALLP_A,0.07396387199953089,3.1132144974055462,2162,11756469.43
MEDNG,LR,locked_test,base_estimator_log_odds,AGE_GROUP,65+,WTFA_A,12,K6SPD_A,0.050722065910362116,2.1349432724601076,2162,11756469.43
MEDNG,RF,locked_test,base_estimator_positive_class_probability,HISPALLP_A,code_1,Unweighted,1,NOTCOV_A,0.02992566326615961,28.634500640096313,935,9073456.936
MEDNG,RF,locked_test,base_estimator_positive_class_probability,HISPALLP_A,code_1,Unweighted,2,FDSCAT3_A,0.024097649086987475,23.05794000517438,935,9073456.936
MEDNG,RF,locked_test,base_estimator_positive_class_probability,HISPALLP_A,code_1,Unweighted,3,AGEP_A,0.008446549268984107,8.082117288368758,935,9073456.936
MEDNG,RF,locked_test,base_estimator_positive_class_probability,HISPALLP_A,code_1,Unweighted,4,EMPWRKLSW1_A,0.007619446951632519,7.290700850076777,935,9073456.936
MEDNG,RF,locked_test,base_estimator_positive_class_probability,HISPALLP_A,code_1,Unweighted,5,PHSTAT_A,0.0074155551189244336,7.095606065969113,935,9073456.936
MEDNG,RF,locked_test,base_estimator_positive_class_probability,HISPALLP_A,code_1,Unweighted,6,K6SPD_A,0.006935308129734063,6.636079652232896,935,9073456.936
MEDNG,RF,locked_test,base_estimator_positive_class_probability,HISPALLP_A,code_1,Unweighted,7,RATCAT_A,0.004922999527409286,4.710593441656592,935,9073456.936
MEDNG,RF,locked_test,base_estimator_positive_class_probability,HISPALLP_A,code_1,Unweighted,8,DISAB3_A,0.0047443353650989456,4.539637863344551,935,9073456.936
MEDNG,RF,locked_test,base_estimator_positive_class_probability,HISPALLP_A,code_1,Unweighted,9,CHRONIC_BURDEN_CAT,0.003772383417682179,3.6096214285235266,935,9073456.936
MEDNG,RF,locked_test,base_estimator_positive_class_probability,HISPALLP_A,code_1,Unweighted,10,HISPALLP_A,0.0023973405078834445,2.293905658730845,935,9073456.936
MEDNG,RF,locked_test,base_estimator_positive_class_probability,HISPALLP_A,code_1,Unweighted,11,SEX_A,0.0021895038217998185,2.0950362245677296,935,9073456.936
MEDNG,RF,locked_test,base_estimator_positive_class_probability,HISPALLP_A,code_1,Unweighted,12,EDUCP_A,0.0020423807560617617,1.9542608812585236,935,9073456.936
MEDNG,RF,locked_test,base_estimator_positive_class_probability,HISPALLP_A,code_1,WTFA_A,1,NOTCOV_A,0.03386088908665503,31.46747659329332,935,9073456.936
MEDNG,RF,locked_test,base_estimator_positive_class_probability,HISPALLP_A,code_1,WTFA_A,2,FDSCAT3_A,0.02406753723912606,22.366354964639516,935,9073456.936
MEDNG,RF,locked_test,base_estimator_positive_class_probability,HISPALLP_A,code_1,WTFA_A,3,AGEP_A,0.008094251949887173,7.522120376740961,935,9073456.936
MEDNG,RF,locked_test,base_estimator_positive_class_probability,HISPALLP_A,code_1,WTFA_A,4,PHSTAT_A,0.00758571226136707,7.0495261485057155,935,9073456.936
MEDNG,RF,locked_test,base_estimator_positive_class_probability,HISPALLP_A,code_1,WTFA_A,5,EMPWRKLSW1_A,0.0073502458182306,6.8307033417878875,935,9073456.936
MEDNG,RF,locked_test,base_estimator_positive_class_probability,HISPALLP_A,code_1,WTFA_A,6,K6SPD_A,0.006494494436036041,6.035439622634734,935,9073456.936
MEDNG,RF,locked_test,base_estimator_positive_class_probability,HISPALLP_A,code_1,WTFA_A,7,RATCAT_A,0.004804438721950588,4.46484327803653,935,9073456.936
MEDNG,RF,locked_test,base_estimator_positive_class_probability,HISPALLP_A,code_1,WTFA_A,8,DISAB3_A,0.00464145938874786,4.313383925046043,935,9073456.936
MEDNG,RF,locked_test,base_estimator_positive_class_probability,HISPALLP_A,code_1,WTFA_A,9,CHRONIC_BURDEN_CAT,0.0040392510812130526,3.7537419211653265,935,9073456.936
MEDNG,RF,locked_test,base_estimator_positive_class_probability,HISPALLP_A,code_1,WTFA_A,10,HISPALLP_A,0.0023452562906613244,2.179484928549744,935,9073456.936
MEDNG,RF,locked_test,base_estimator_positive_class_probability,HISPALLP_A,code_1,WTFA_A,11,SEX_A,0.0022189634289462887,2.062118911970925,935,9073456.936
MEDNG,RF,locked_test,base_estimator_positive_class_probability,HISPALLP_A,code_1,WTFA_A,12,EDUCP_A,0.0021034882964575544,1.95480598762929,935,9073456.936
MEDNG,RF,locked_test,base_estimator_positive_class_probability,HISPALLP_A,code_2,Unweighted,1,FDSCAT3_A,0.01615711958552514,21.38146552100867,4242,30279142.281999998
MEDNG,RF,locked_test,base_estimator_positive_class_probability,HISPALLP_A,code_2,Unweighted,2,NOTCOV_A,0.012913441481605427,17.08895588319281,4242,30279142.281999998
MEDNG,RF,locked_test,base_estimator_positive_class_probability,HISPALLP_A,code_2,Unweighted,3,AGEP_A,0.009560098061399565,12.651321047372996,4242,30279142.281999998
MEDNG,RF,locked_test,base_estimator_positive_class_probability,HISPALLP_A,code_2,Unweighted,4,EMPWRKLSW1_A,0.008003614548811539,10.591554244122111,4242,30279142.281999998
MEDNG,RF,locked_test,base_estimator_positive_class_probability,HISPALLP_A,code_2,Unweighted,5,K6SPD_A,0.006902510255737847,9.134411877082773,4242,30279142.281999998
MEDNG,RF,locked_test,base_estimator_positive_class_probability,HISPALLP_A,code_2,Unweighted,6,PHSTAT_A,0.005814884759225286,7.695106626517752,4242,30279142.281999998
MEDNG,RF,locked_test,base_estimator_positive_class_probability,HISPALLP_A,code_2,Unweighted,7,RATCAT_A,0.005207035593281593,6.89071164046823,4242,30279142.281999998
MEDNG,RF,locked_test,base_estimator_positive_class_probability,HISPALLP_A,code_2,Unweighted,8,DISAB3_A,0.004769999331843244,6.312361291205103,4242,30279142.281999998
MEDNG,RF,locked_test,base_estimator_positive_class_probability,HISPALLP_A,code_2,Unweighted,9,CHRONIC_BURDEN_CAT,0.0022259630953174944,2.945720177512806,4242,30279142.281999998
MEDNG,RF,locked_test,base_estimator_positive_class_probability,HISPALLP_A,code_2,Unweighted,10,EDUCP_A,0.0017705156375630623,2.3430054384740693,4242,30279142.281999998
MEDNG,RF,locked_test,base_estimator_positive_class_probability,HISPALLP_A,code_2,Unweighted,11,SEX_A,0.0016533557048793498,2.187962267080777,4242,30279142.281999998
MEDNG,RF,locked_test,base_estimator_positive_class_probability,HISPALLP_A,code_2,Unweighted,12,HISPALLP_A,0.0005874682583146496,0.7774239859618789,4242,30279142.281999998
MEDNG,RF,locked_test,base_estimator_positive_class_probability,HISPALLP_A,code_2,WTFA_A,1,FDSCAT3_A,0.01661306626220846,21.713701659735964,4242,30279142.281999998
MEDNG,RF,locked_test,base_estimator_positive_class_probability,HISPALLP_A,code_2,WTFA_A,2,NOTCOV_A,0.01350632316314708,17.653109128427136,4242,30279142.281999998
MEDNG,RF,locked_test,base_estimator_positive_class_probability,HISPALLP_A,code_2,WTFA_A,3,AGEP_A,0.008946278226678905,11.69301399952846,4242,30279142.281999998
MEDNG,RF,locked_test,base_estimator_positive_class_probability,HISPALLP_A,code_2,WTFA_A,4,EMPWRKLSW1_A,0.007752116862379911,10.132214614952678,4242,30279142.281999998
MEDNG,RF,locked_test,base_estimator_positive_class_probability,HISPALLP_A,code_2,WTFA_A,5,K6SPD_A,0.007024983282468204,9.181832465638376,4242,30279142.281999998
MEDNG,RF,locked_test,base_estimator_positive_class_probability,HISPALLP_A,code_2,WTFA_A,6,PHSTAT_A,0.006027821450862282,7.878516498782747,4242,30279142.281999998
MEDNG,RF,locked_test,base_estimator_positive_class_probability,HISPALLP_A,code_2,WTFA_A,7,RATCAT_A,0.005430833171433943,7.098237579210026,4242,30279142.281999998
MEDNG,RF,locked_test,base_estimator_positive_class_probability,HISPALLP_A,code_2,WTFA_A,8,DISAB3_A,0.00471966646595978,6.168724542346325,4242,30279142.281999998
MEDNG,RF,locked_test,base_estimator_positive_class_probability,HISPALLP_A,code_2,WTFA_A,9,CHRONIC_BURDEN_CAT,0.0023241520163771985,3.037726010296402,4242,30279142.281999998
MEDNG,RF,locked_test,base_estimator_positive_class_probability,HISPALLP_A,code_2,WTFA_A,10,EDUCP_A,0.0018416213635485288,2.4070461302652406,4242,30279142.281999998
MEDNG,RF,locked_test,base_estimator_positive_class_probability,HISPALLP_A,code_2,WTFA_A,11,SEX_A,0.0017406694097632253,2.27509934982965,4242,30279142.281999998
MEDNG,RF,locked_test,base_estimator_positive_class_probability,HISPALLP_A,code_2,WTFA_A,12,HISPALLP_A,0.0005820682199445172,0.7607780209869982,4242,30279142.281999998
MEDNG,RF,locked_test,base_estimator_positive_class_probability,HISPALLP_A,code_3,Unweighted,1,FDSCAT3_A,0.02349241900111551,26.517245552615815,670,6129295.214
MEDNG,RF,locked_test,base_estimator_positive_class_probability,HISPALLP_A,code_3,Unweighted,2,NOTCOV_A,0.016054741253089887,18.121910564922253,670,6129295.214
MEDNG,RF,locked_test,base_estimator_positive_class_probability,HISPALLP_A,code_3,Unweighted,3,AGEP_A,0.009515990050080523,10.741245710893038,670,6129295.214
MEDNG,RF,locked_test,base_estimator_positive_class_probability,HISPALLP_A,code_3,Unweighted,4,EMPWRKLSW1_A,0.008548167752546987,9.648808975715832,670,6129295.214
MEDNG,RF,locked_test,base_estimator_positive_class_probability,HISPALLP_A,code_3,Unweighted,5,K6SPD_A,0.007185723850298324,8.11094012083646,670,6129295.214
MEDNG,RF,locked_test,base_estimator_positive_class_probability,HISPALLP_A,code_3,Unweighted,6,PHSTAT_A,0.006651654685550807,7.508105513509823,670,6129295.214
MEDNG,RF,locked_test,base_estimator_positive_class_probability,HISPALLP_A,code_3,Unweighted,7,DISAB3_A,0.004879694113863948,5.507991622013899,670,6129295.214
MEDNG,RF,locked_test,base_estimator_positive_class_probability,HISPALLP_A,code_3,Unweighted,8,RATCAT_A,0.004628729923801763,5.224713895166088,670,6129295.214
MEDNG,RF,locked_test,base_estimator_positive_class_probability,HISPALLP_A,code_3,Unweighted,9,CHRONIC_BURDEN_CAT,0.0025511202647594726,2.8795962855791473,670,6129295.214
MEDNG,RF,locked_test,base_estimator_positive_class_probability,HISPALLP_A,code_3,Unweighted,10,EDUCP_A,0.002149436894215083,2.4261931443095244,670,6129295.214
MEDNG,RF,locked_test,base_estimator_positive_class_probability,HISPALLP_A,code_3,Unweighted,11,SEX_A,0.0017738624915718613,2.0022606979448305,670,6129295.214
MEDNG,RF,locked_test,base_estimator_positive_class_probability,HISPALLP_A,code_3,Unweighted,12,HISPALLP_A,0.0011614433097340239,1.3109879164932958,670,6129295.214
MEDNG,RF,locked_test,base_estimator_positive_class_probability,HISPALLP_A,code_3,WTFA_A,1,FDSCAT3_A,0.024092086550446746,26.484367930515987,670,6129295.214
MEDNG,RF,locked_test,base_estimator_positive_class_probability,HISPALLP_A,code_3,WTFA_A,2,NOTCOV_A,0.017803362283127986,19.571189739806467,670,6129295.214
MEDNG,RF,locked_test,base_estimator_positive_class_probability,HISPALLP_A,code_3,WTFA_A,3,AGEP_A,0.008964234269521748,9.854359360374778,670,6129295.214
MEDNG,RF,locked_test,base_estimator_positive_class_probability,HISPALLP_A,code_3,WTFA_A,4,EMPWRKLSW1_A,0.008303504129758828,9.128020440430216,670,6129295.214
MEDNG,RF,locked_test,base_estimator_positive_class_probability,HISPALLP_A,code_3,WTFA_A,5,PHSTAT_A,0.007101723978206963,7.806906653185388,670,6129295.214
MEDNG,RF,locked_test,base_estimator_positive_class_probability,HISPALLP_A,code_3,WTFA_A,6,K6SPD_A,0.006984961944807924,7.678550454299078,670,6129295.214
MEDNG,RF,locked_test,base_estimator_positive_class_probability,HISPALLP_A,code_3,WTFA_A,7,DISAB3_A,0.004963569014635358,5.4564384764620515,670,6129295.214
MEDNG,RF,locked_test,base_estimator_positive_class_probability,HISPALLP_A,code_3,WTFA_A,8,RATCAT_A,0.004802020623439534,5.2788487512195195,670,6129295.214
MEDNG,RF,locked_test,base_estimator_positive_class_probability,HISPALLP_A,code_3,WTFA_A,9,CHRONIC_BURDEN_CAT,0.0026456363087605946,2.90834109635259,670,6129295.214
MEDNG,RF,locked_test,base_estimator_positive_class_probability,HISPALLP_A,code_3,WTFA_A,10,EDUCP_A,0.002202532467138041,2.4212381985448794,670,6129295.214
MEDNG,RF,locked_test,base_estimator_positive_class_probability,HISPALLP_A,code_3,WTFA_A,11,SEX_A,0.0018881325764163873,2.0756192183975624,670,6129295.214
MEDNG,RF,locked_test,base_estimator_positive_class_probability,HISPALLP_A,code_3,WTFA_A,12,HISPALLP_A,0.0012154305916109215,1.3361196804114692,670,6129295.214
MEDNG,RF,locked_test,base_estimator_positive_class_probability,HISPALLP_A,code_4,Unweighted,1,NOTCOV_A,0.013644021483383562,19.089697767987296,384,3311289.384
MEDNG,RF,locked_test,base_estimator_positive_class_probability,HISPALLP_A,code_4,Unweighted,2,FDSCAT3_A,0.013306202985269702,18.61704730805635,384,3311289.384
MEDNG,RF,locked_test,base_estimator_positive_class_probability,HISPALLP_A,code_4,Unweighted,3,AGEP_A,0.007895784695065562,11.047193355233743,384,3311289.384
MEDNG,RF,locked_test,base_estimator_positive_class_probability,HISPALLP_A,code_4,Unweighted,4,EMPWRKLSW1_A,0.006835359484422393,9.563525449742269,384,3311289.384
MEDNG,RF,locked_test,base_estimator_positive_class_probability,HISPALLP_A,code_4,Unweighted,5,PHSTAT_A,0.006608622342325977,9.246291742607678,384,3311289.384
MEDNG,RF,locked_test,base_estimator_positive_class_probability,HISPALLP_A,code_4,Unweighted,6,RATCAT_A,0.005569390559703913,7.792276101742377,384,3311289.384
MEDNG,RF,locked_test,base_estimator_positive_class_probability,HISPALLP_A,code_4,Unweighted,7,K6SPD_A,0.005542975550434481,7.755318189875547,384,3311289.384
MEDNG,RF,locked_test,base_estimator_positive_class_probability,HISPALLP_A,code_4,Unweighted,8,DISAB3_A,0.0035798773945553003,5.008697589031006,384,3311289.384
MEDNG,RF,locked_test,base_estimator_positive_class_probability,HISPALLP_A,code_4,Unweighted,9,HISPALLP_A,0.002948712381534494,4.125618552914815,384,3311289.384
MEDNG,RF,locked_test,base_estimator_positive_class_probability,HISPALLP_A,code_4,Unweighted,10,CHRONIC_BURDEN_CAT,0.0022679972764414534,3.1732127216754367,384,3311289.384
MEDNG,RF,locked_test,base_estimator_positive_class_probability,HISPALLP_A,code_4,Unweighted,11,SEX_A,0.0018617514548931742,2.6048238516997517,384,3311289.384
MEDNG,RF,locked_test,base_estimator_positive_class_probability,HISPALLP_A,code_4,Unweighted,12,EDUCP_A,0.0014125233460388828,1.9762973694337431,384,3311289.384
MEDNG,RF,locked_test,base_estimator_positive_class_probability,HISPALLP_A,code_4,WTFA_A,1,NOTCOV_A,0.015183315212032734,20.642342943575922,384,3311289.384
MEDNG,RF,locked_test,base_estimator_positive_class_probability,HISPALLP_A,code_4,WTFA_A,2,FDSCAT3_A,0.013256812464499028,18.023183040683545,384,3311289.384
MEDNG,RF,locked_test,base_estimator_positive_class_probability,HISPALLP_A,code_4,WTFA_A,3,AGEP_A,0.00784482744164324,10.665366299926484,384,3311289.384
MEDNG,RF,locked_test,base_estimator_positive_class_probability,HISPALLP_A,code_4,WTFA_A,4,PHSTAT_A,0.0069593944103880645,9.461583593086907,384,3311289.384
MEDNG,RF,locked_test,base_estimator_positive_class_probability,HISPALLP_A,code_4,WTFA_A,5,EMPWRKLSW1_A,0.006855257691240914,9.32000543050284,384,3311289.384
MEDNG,RF,locked_test,base_estimator_positive_class_probability,HISPALLP_A,code_4,WTFA_A,6,K6SPD_A,0.005834988267066244,7.932907089030769,384,3311289.384
MEDNG,RF,locked_test,base_estimator_positive_class_probability,HISPALLP_A,code_4,WTFA_A,7,RATCAT_A,0.00533682950004923,7.255639709310905,384,3311289.384
MEDNG,RF,locked_test,base_estimator_positive_class_probability,HISPALLP_A,code_4,WTFA_A,8,DISAB3_A,0.0035954130142905687,4.888112209246938,384,3311289.384
MEDNG,RF,locked_test,base_estimator_positive_class_probability,HISPALLP_A,code_4,WTFA_A,9,HISPALLP_A,0.0030227270114868646,4.1095219801847644,384,3311289.384
MEDNG,RF,locked_test,base_estimator_positive_class_probability,HISPALLP_A,code_4,WTFA_A,10,CHRONIC_BURDEN_CAT,0.002382120294412377,3.2385907401265848,384,3311289.384
MEDNG,RF,locked_test,base_estimator_positive_class_probability,HISPALLP_A,code_4,WTFA_A,11,SEX_A,0.00189161659080221,2.571730734678563,384,3311289.384
MEDNG,RF,locked_test,base_estimator_positive_class_probability,HISPALLP_A,code_4,WTFA_A,12,EDUCP_A,0.0013909223175035416,1.891016229645776,384,3311289.384
MEDNG,RF,locked_test,base_estimator_positive_class_probability,RATCAT_A,code_1,Unweighted,1,FDSCAT3_A,0.034015376759788184,26.332026713570524,188,1438230.0329999998
MEDNG,RF,locked_test,base_estimator_positive_class_probability,RATCAT_A,code_1,Unweighted,2,NOTCOV_A,0.028981787158232547,22.435417930156913,188,1438230.0329999998
MEDNG,RF,locked_test,base_estimator_positive_class_probability,RATCAT_A,code_1,Unweighted,3,K6SPD_A,0.013539796010768927,10.481444105988587,188,1438230.0329999998
MEDNG,RF,locked_test,base_estimator_positive_class_probability,RATCAT_A,code_1,Unweighted,4,AGEP_A,0.009734271219039973,7.535506414849348,188,1438230.0329999998
MEDNG,RF,locked_test,base_estimator_positive_class_probability,RATCAT_A,code_1,Unweighted,5,EMPWRKLSW1_A,0.009248509481324909,7.15946792072146,188,1438230.0329999998
MEDNG,RF,locked_test,base_estimator_positive_class_probability,RATCAT_A,code_1,Unweighted,6,PHSTAT_A,0.008637127723116304,6.686184296582089,188,1438230.0329999998
MEDNG,RF,locked_test,base_estimator_positive_class_probability,RATCAT_A,code_1,Unweighted,7,DISAB3_A,0.007416134772942373,5.740987681295166,188,1438230.0329999998
MEDNG,RF,locked_test,base_estimator_positive_class_probability,RATCAT_A,code_1,Unweighted,8,RATCAT_A,0.007203036749896005,5.576023968704467,188,1438230.0329999998
MEDNG,RF,locked_test,base_estimator_positive_class_probability,RATCAT_A,code_1,Unweighted,9,CHRONIC_BURDEN_CAT,0.003918651202273013,3.033511251928899,188,1438230.0329999998
MEDNG,RF,locked_test,base_estimator_positive_class_probability,RATCAT_A,code_1,Unweighted,10,EDUCP_A,0.0025703655265000877,1.9897746300271328,188,1438230.0329999998
MEDNG,RF,locked_test,base_estimator_positive_class_probability,RATCAT_A,code_1,Unweighted,11,SEX_A,0.0019928127925778216,1.542678773187607,188,1438230.0329999998
MEDNG,RF,locked_test,base_estimator_positive_class_probability,RATCAT_A,code_1,Unweighted,12,HISPALLP_A,0.0019208570638846074,1.486976312987782,188,1438230.0329999998
MEDNG,RF,locked_test,base_estimator_positive_class_probability,RATCAT_A,code_1,WTFA_A,1,FDSCAT3_A,0.03816999291693199,28.69844473562851,188,1438230.0329999998
MEDNG,RF,locked_test,base_estimator_positive_class_probability,RATCAT_A,code_1,WTFA_A,2,NOTCOV_A,0.031424511610173456,23.62679531409163,188,1438230.0329999998
MEDNG,RF,locked_test,base_estimator_positive_class_probability,RATCAT_A,code_1,WTFA_A,3,K6SPD_A,0.012542220014945522,9.429978379727169,188,1438230.0329999998
MEDNG,RF,locked_test,base_estimator_positive_class_probability,RATCAT_A,code_1,WTFA_A,4,AGEP_A,0.009147446230843261,6.877587865926415,188,1438230.0329999998
MEDNG,RF,locked_test,base_estimator_positive_class_probability,RATCAT_A,code_1,WTFA_A,5,EMPWRKLSW1_A,0.008854050736530608,6.656995884221355,188,1438230.0329999998
MEDNG,RF,locked_test,base_estimator_positive_class_probability,RATCAT_A,code_1,WTFA_A,6,PHSTAT_A,0.00868303750047102,6.528418079273952,188,1438230.0329999998
MEDNG,RF,locked_test,base_estimator_positive_class_probability,RATCAT_A,code_1,WTFA_A,7,RATCAT_A,0.006953922821489095,5.228368006843511,188,1438230.0329999998
MEDNG,RF,locked_test,base_estimator_positive_class_probability,RATCAT_A,code_1,WTFA_A,8,DISAB3_A,0.006326406052068331,4.756564007112787,188,1438230.0329999998
MEDNG,RF,locked_test,base_estimator_positive_class_probability,RATCAT_A,code_1,WTFA_A,9,CHRONIC_BURDEN_CAT,0.0040402117177094545,3.03766869837405,188,1438230.0329999998
MEDNG,RF,locked_test,base_estimator_positive_class_probability,RATCAT_A,code_1,WTFA_A,10,EDUCP_A,0.002622556374652971,1.9717920657685575,188,1438230.0329999998
MEDNG,RF,locked_test,base_estimator_positive_class_probability,RATCAT_A,code_1,WTFA_A,11,SEX_A,0.0021261383528701026,1.5985558119681005,188,1438230.0329999998
MEDNG,RF,locked_test,base_estimator_positive_class_probability,RATCAT_A,code_1,WTFA_A,12,HISPALLP_A,0.002113204194198784,1.5888311510639581,188,1438230.0329999998
MEDNG,RF,locked_test,base_estimator_positive_class_probability,RATCAT_A,code_10,Unweighted,1,NOTCOV_A,0.015980907679778746,20.861087089764045,470,3697012.5979999998
MEDNG,RF,locked_test,base_estimator_positive_class_probability,RATCAT_A,code_10,Unweighted,2,FDSCAT3_A,0.015933432947385535,20.799114732069295,470,3697012.5979999998
MEDNG,RF,locked_test,base_estimator_positive_class_probability,RATCAT_A,code_10,Unweighted,3,AGEP_A,0.00915638355274284,11.952519753477233,470,3697012.5979999998
MEDNG,RF,locked_test,base_estimator_positive_class_probability,RATCAT_A,code_10,Unweighted,4,EMPWRKLSW1_A,0.008190384672391356,10.691528377053373,470,3697012.5979999998
MEDNG,RF,locked_test,base_estimator_positive_class_probability,RATCAT_A,code_10,Unweighted,5,PHSTAT_A,0.006099805425225368,7.962537219788466,470,3697012.5979999998
MEDNG,RF,locked_test,base_estimator_positive_class_probability,RATCAT_A,code_10,Unweighted,6,K6SPD_A,0.005223534457437272,6.8186744718427015,470,3697012.5979999998
MEDNG,RF,locked_test,base_estimator_positive_class_probability,RATCAT_A,code_10,Unweighted,7,DISAB3_A,0.0046466959660150745,6.065683574991893,470,3697012.5979999998
MEDNG,RF,locked_test,base_estimator_positive_class_probability,RATCAT_A,code_10,Unweighted,8,RATCAT_A,0.004174879400492766,5.449785738587489,470,3697012.5979999998
MEDNG,RF,locked_test,base_estimator_positive_class_probability,RATCAT_A,code_10,Unweighted,9,CHRONIC_BURDEN_CAT,0.002446550765030236,3.1936676940700037,470,3697012.5979999998
MEDNG,RF,locked_test,base_estimator_positive_class_probability,RATCAT_A,code_10,Unweighted,10,SEX_A,0.0019503998925700639,2.54600444693476,470,3697012.5979999998
MEDNG,RF,locked_test,base_estimator_positive_class_probability,RATCAT_A,code_10,Unweighted,11,EDUCP_A,0.0018045959422733186,2.3556755265680698,470,3697012.5979999998
MEDNG,RF,locked_test,base_estimator_positive_class_probability,RATCAT_A,code_10,Unweighted,12,HISPALLP_A,0.000998732752613721,1.3037213748526613,470,3697012.5979999998
MEDNG,RF,locked_test,base_estimator_positive_class_probability,RATCAT_A,code_10,WTFA_A,1,NOTCOV_A,0.016934736259669226,21.460826289208356,470,3697012.5979999998
MEDNG,RF,locked_test,base_estimator_positive_class_probability,RATCAT_A,code_10,WTFA_A,2,FDSCAT3_A,0.01651803791951919,20.932758384527798,470,3697012.5979999998
MEDNG,RF,locked_test,base_estimator_positive_class_probability,RATCAT_A,code_10,WTFA_A,3,AGEP_A,0.008573832591589366,10.865332005143756,470,3697012.5979999998
MEDNG,RF,locked_test,base_estimator_positive_class_probability,RATCAT_A,code_10,WTFA_A,4,EMPWRKLSW1_A,0.008032773043057358,10.17966528998998,470,3697012.5979999998
MEDNG,RF,locked_test,base_estimator_positive_class_probability,RATCAT_A,code_10,WTFA_A,5,PHSTAT_A,0.006429976087479,8.148494180318917,470,3697012.5979999998
MEDNG,RF,locked_test,base_estimator_positive_class_probability,RATCAT_A,code_10,WTFA_A,6,K6SPD_A,0.0057136786914122675,7.240754387228057,470,3697012.5979999998
MEDNG,RF,locked_test,base_estimator_positive_class_probability,RATCAT_A,code_10,WTFA_A,7,DISAB3_A,0.004752945800640232,6.023249646496396,470,3697012.5979999998
MEDNG,RF,locked_test,base_estimator_positive_class_probability,RATCAT_A,code_10,WTFA_A,8,RATCAT_A,0.004306751094110061,5.457801980753101,470,3697012.5979999998
MEDNG,RF,locked_test,base_estimator_positive_class_probability,RATCAT_A,code_10,WTFA_A,9,CHRONIC_BURDEN_CAT,0.002545520669501335,3.2258534213998167,470,3697012.5979999998
MEDNG,RF,locked_test,base_estimator_positive_class_probability,RATCAT_A,code_10,WTFA_A,10,SEX_A,0.002055482034727184,2.604843808103703,470,3697012.5979999998
MEDNG,RF,locked_test,base_estimator_positive_class_probability,RATCAT_A,code_10,WTFA_A,11,EDUCP_A,0.0019235758805861015,2.4376835395826615,470,3697012.5979999998
MEDNG,RF,locked_test,base_estimator_positive_class_probability,RATCAT_A,code_10,WTFA_A,12,HISPALLP_A,0.0011226817027453517,1.4227370672474382,470,3697012.5979999998
MEDNG,RF,locked_test,base_estimator_positive_class_probability,RATCAT_A,code_11,Unweighted,1,FDSCAT3_A,0.01543863197423696,20.590377139516484,388,3303098.671
MEDNG,RF,locked_test,base_estimator_positive_class_probability,RATCAT_A,code_11,Unweighted,2,NOTCOV_A,0.014922766194445427,19.902371170010664,388,3303098.671
MEDNG,RF,locked_test,base_estimator_positive_class_probability,RATCAT_A,code_11,Unweighted,3,AGEP_A,0.00915955760298308,12.216027028254135,388,3303098.671
MEDNG,RF,locked_test,base_estimator_positive_class_probability,RATCAT_A,code_11,Unweighted,4,EMPWRKLSW1_A,0.00800522183516469,10.676498859911442,388,3303098.671
MEDNG,RF,locked_test,base_estimator_positive_class_probability,RATCAT_A,code_11,Unweighted,5,K6SPD_A,0.007111603780871992,9.484687772810444,388,3303098.671
MEDNG,RF,locked_test,base_estimator_positive_class_probability,RATCAT_A,code_11,Unweighted,6,PHSTAT_A,0.005819754393967414,7.761758815879137,388,3303098.671
MEDNG,RF,locked_test,base_estimator_positive_class_probability,RATCAT_A,code_11,Unweighted,7,DISAB3_A,0.004445521501585078,5.928955651784063,388,3303098.671
MEDNG,RF,locked_test,base_estimator_positive_class_probability,RATCAT_A,code_11,Unweighted,8,RATCAT_A,0.0032991820418919746,4.400092094159351,388,3303098.671
MEDNG,RF,locked_test,base_estimator_positive_class_probability,RATCAT_A,code_11,Unweighted,9,CHRONIC_BURDEN_CAT,0.0023951847463950706,3.194438297991045,388,3303098.671
MEDNG,RF,locked_test,base_estimator_positive_class_probability,RATCAT_A,code_11,Unweighted,10,SEX_A,0.0017288968012574377,2.3058155173722086,388,3303098.671
MEDNG,RF,locked_test,base_estimator_positive_class_probability,RATCAT_A,code_11,Unweighted,11,EDUCP_A,0.0016380960974256484,2.1847153616362607,388,3303098.671
MEDNG,RF,locked_test,base_estimator_positive_class_probability,RATCAT_A,code_11,Unweighted,12,HISPALLP_A,0.0010154237079120438,1.3542622906747903,388,3303098.671
MEDNG,RF,locked_test,base_estimator_positive_class_probability,RATCAT_A,code_11,WTFA_A,1,FDSCAT3_A,0.017248089770508294,21.85422174754743,388,3303098.671
MEDNG,RF,locked_test,base_estimator_positive_class_probability,RATCAT_A,code_11,WTFA_A,2,NOTCOV_A,0.015504765332336405,19.645339526000164,388,3303098.671
MEDNG,RF,locked_test,base_estimator_positive_class_probability,RATCAT_A,code_11,WTFA_A,3,AGEP_A,0.008769981237973921,11.112019779965722,388,3303098.671
MEDNG,RF,locked_test,base_estimator_positive_class_probability,RATCAT_A,code_11,WTFA_A,4,K6SPD_A,0.007979563389864587,10.11051948888209,388,3303098.671
MEDNG,RF,locked_test,base_estimator_positive_class_probability,RATCAT_A,code_11,WTFA_A,5,EMPWRKLSW1_A,0.007930081077627703,10.047822840233191,388,3303098.671
MEDNG,RF,locked_test,base_estimator_positive_class_probability,RATCAT_A,code_11,WTFA_A,6,PHSTAT_A,0.0063161584540988545,8.002899410028691,388,3303098.671
MEDNG,RF,locked_test,base_estimator_positive_class_probability,RATCAT_A,code_11,WTFA_A,7,DISAB3_A,0.004433750346466987,5.617790986375373,388,3303098.671
MEDNG,RF,locked_test,base_estimator_positive_class_probability,RATCAT_A,code_11,WTFA_A,8,RATCAT_A,0.0034971786032889714,4.4311061516931725,388,3303098.671
MEDNG,RF,locked_test,base_estimator_positive_class_probability,RATCAT_A,code_11,WTFA_A,9,CHRONIC_BURDEN_CAT,0.0025525219135828373,3.2341772716358905,388,3303098.671
MEDNG,RF,locked_test,base_estimator_positive_class_probability,RATCAT_A,code_11,WTFA_A,10,SEX_A,0.0018109353080379266,2.294548690255202,388,3303098.671
MEDNG,RF,locked_test,base_estimator_positive_class_probability,RATCAT_A,code_11,WTFA_A,11,EDUCP_A,0.0017194705035310613,2.1786580527188115,388,3303098.671
MEDNG,RF,locked_test,base_estimator_positive_class_probability,RATCAT_A,code_11,WTFA_A,12,HISPALLP_A,0.0011608808351540976,1.470896054664264,388,3303098.671
MEDNG,RF,locked_test,base_estimator_positive_class_probability,RATCAT_A,code_12,Unweighted,1,FDSCAT3_A,0.013803022014010582,20.765965956660203,394,3100767.9
MEDNG,RF,locked_test,base_estimator_positive_class_probability,RATCAT_A,code_12,Unweighted,2,NOTCOV_A,0.011453091961299618,17.23061207360501,394,3100767.9
MEDNG,RF,locked_test,base_estimator_positive_class_probability,RATCAT_A,code_12,Unweighted,3,AGEP_A,0.009247861043866452,13.912950904079286,394,3100767.9
MEDNG,RF,locked_test,base_estimator_positive_class_probability,RATCAT_A,code_12,Unweighted,4,EMPWRKLSW1_A,0.007905898004001523,11.894033686339203,394,3100767.9
MEDNG,RF,locked_test,base_estimator_positive_class_probability,RATCAT_A,code_12,Unweighted,5,PHSTAT_A,0.005389603415576577,8.108392563176343,394,3100767.9
MEDNG,RF,locked_test,base_estimator_positive_class_probability,RATCAT_A,code_12,Unweighted,6,K6SPD_A,0.005232339019903334,7.871796035008058,394,3100767.9
MEDNG,RF,locked_test,base_estimator_positive_class_probability,RATCAT_A,code_12,Unweighted,7,DISAB3_A,0.0046813703510122226,7.042890842379533,394,3100767.9
MEDNG,RF,locked_test,base_estimator_positive_class_probability,RATCAT_A,code_12,Unweighted,8,CHRONIC_BURDEN_CAT,0.0021313415369237482,3.2064982402295295,394,3100767.9
MEDNG,RF,locked_test,base_estimator_positive_class_probability,RATCAT_A,code_12,Unweighted,9,RATCAT_A,0.0020369415566620645,3.0644781250378177,394,3100767.9
MEDNG,RF,locked_test,base_estimator_positive_class_probability,RATCAT_A,code_12,Unweighted,10,EDUCP_A,0.0017391047295700303,2.6163973057972916,394,3100767.9
MEDNG,RF,locked_test,base_estimator_positive_class_probability,RATCAT_A,code_12,Unweighted,11,SEX_A,0.0017235735098444936,2.593031351605627,394,3100767.9
MEDNG,RF,locked_test,base_estimator_positive_class_probability,RATCAT_A,code_12,Unweighted,12,HISPALLP_A,0.0011252963824622832,1.692952916082101,394,3100767.9
MEDNG,RF,locked_test,base_estimator_positive_class_probability,RATCAT_A,code_12,WTFA_A,1,FDSCAT3_A,0.014301533534812842,20.82487325702502,394,3100767.9
MEDNG,RF,locked_test,base_estimator_positive_class_probability,RATCAT_A,code_12,WTFA_A,2,NOTCOV_A,0.012603360077968424,18.35211416995612,394,3100767.9
MEDNG,RF,locked_test,base_estimator_positive_class_probability,RATCAT_A,code_12,WTFA_A,3,AGEP_A,0.008588507656112299,12.505972381923883,394,3100767.9
MEDNG,RF,locked_test,base_estimator_positive_class_probability,RATCAT_A,code_12,WTFA_A,4,EMPWRKLSW1_A,0.007767943136181611,11.311124844408265,394,3100767.9
MEDNG,RF,locked_test,base_estimator_positive_class_probability,RATCAT_A,code_12,WTFA_A,5,PHSTAT_A,0.005654275954339496,8.23335342484341,394,3100767.9
MEDNG,RF,locked_test,base_estimator_positive_class_probability,RATCAT_A,code_12,WTFA_A,6,K6SPD_A,0.0055817487744118195,8.127744517518419,394,3100767.9
MEDNG,RF,locked_test,base_estimator_positive_class_probability,RATCAT_A,code_12,WTFA_A,7,DISAB3_A,0.004945451474257176,7.201213764906994,394,3100767.9
MEDNG,RF,locked_test,base_estimator_positive_class_probability,RATCAT_A,code_12,WTFA_A,8,CHRONIC_BURDEN_CAT,0.002282998666371823,3.3243398519061356,394,3100767.9
MEDNG,RF,locked_test,base_estimator_positive_class_probability,RATCAT_A,code_12,WTFA_A,9,RATCAT_A,0.0020797570650023397,3.028393925633854,394,3100767.9
MEDNG,RF,locked_test,base_estimator_positive_class_probability,RATCAT_A,code_12,WTFA_A,10,EDUCP_A,0.001860801836094681,2.709566935516632,394,3100767.9
MEDNG,RF,locked_test,base_estimator_positive_class_probability,RATCAT_A,code_12,WTFA_A,11,SEX_A,0.0018074289725521233,2.6318491777717945,394,3100767.9
MEDNG,RF,locked_test,base_estimator_positive_class_probability,RATCAT_A,code_12,WTFA_A,12,HISPALLP_A,0.0012014417155992163,1.7494537485894728,394,3100767.9
MEDNG,RF,locked_test,base_estimator_positive_class_probability,RATCAT_A,code_13,Unweighted,1,FDSCAT3_A,0.010942353501775323,18.13308027791098,322,2593253.9520000005
MEDNG,RF,locked_test,base_estimator_positive_class_probability,RATCAT_A,code_13,Unweighted,2,NOTCOV_A,0.010685139783620809,17.706839524574043,322,2593253.9520000005
MEDNG,RF,locked_test,base_estimator_positive_class_probability,RATCAT_A,code_13,Unweighted,3,AGEP_A,0.008182282861498934,13.55923951461295,322,2593253.9520000005
MEDNG,RF,locked_test,base_estimator_positive_class_probability,RATCAT_A,code_13,Unweighted,4,EMPWRKLSW1_A,0.007213351502467278,11.953578528221325,322,2593253.9520000005
MEDNG,RF,locked_test,base_estimator_positive_class_probability,RATCAT_A,code_13,Unweighted,5,PHSTAT_A,0.005727301989896301,9.490977123137117,322,2593253.9520000005
MEDNG,RF,locked_test,base_estimator_positive_class_probability,RATCAT_A,code_13,Unweighted,6,K6SPD_A,0.0050672851420138,8.397232666290115,322,2593253.9520000005
MEDNG,RF,locked_test,base_estimator_positive_class_probability,RATCAT_A,code_13,Unweighted,7,DISAB3_A,0.004211497216792225,6.9790668990818086,322,2593253.9520000005
MEDNG,RF,locked_test,base_estimator_positive_class_probability,RATCAT_A,code_13,Unweighted,8,RATCAT_A,0.0022211287261433153,3.680735181165222,322,2593253.9520000005
MEDNG,RF,locked_test,base_estimator_positive_class_probability,RATCAT_A,code_13,Unweighted,9,CHRONIC_BURDEN_CAT,0.002128678593588908,3.527531788947944,322,2593253.9520000005
MEDNG,RF,locked_test,base_estimator_positive_class_probability,RATCAT_A,code_13,Unweighted,10,SEX_A,0.0015474835520493072,2.564406594386141,322,2593253.9520000005
MEDNG,RF,locked_test,base_estimator_positive_class_probability,RATCAT_A,code_13,Unweighted,11,EDUCP_A,0.0015043622104489599,2.4929482240452945,322,2593253.9520000005
MEDNG,RF,locked_test,base_estimator_positive_class_probability,RATCAT_A,code_13,Unweighted,12,HISPALLP_A,0.000913838268891882,1.514363677627049,322,2593253.9520000005
MEDNG,RF,locked_test,base_estimator_positive_class_probability,RATCAT_A,code_13,WTFA_A,1,NOTCOV_A,0.01166016087650451,18.412943042835124,322,2593253.9520000005
MEDNG,RF,locked_test,base_estimator_positive_class_probability,RATCAT_A,code_13,WTFA_A,2,FDSCAT3_A,0.010953955889485296,17.297751551030505,322,2593253.9520000005
MEDNG,RF,locked_test,base_estimator_positive_class_probability,RATCAT_A,code_13,WTFA_A,3,AGEP_A,0.007901559276326459,12.477611796742204,322,2593253.9520000005
MEDNG,RF,locked_test,base_estimator_positive_class_probability,RATCAT_A,code_13,WTFA_A,4,EMPWRKLSW1_A,0.0072563706871920045,11.458773303050581,322,2593253.9520000005
MEDNG,RF,locked_test,base_estimator_positive_class_probability,RATCAT_A,code_13,WTFA_A,5,PHSTAT_A,0.006211567501054127,9.808890273040745,322,2593253.9520000005
MEDNG,RF,locked_test,base_estimator_positive_class_probability,RATCAT_A,code_13,WTFA_A,6,K6SPD_A,0.005860282386303983,9.25416440963317,322,2593253.9520000005
MEDNG,RF,locked_test,base_estimator_positive_class_probability,RATCAT_A,code_13,WTFA_A,7,DISAB3_A,0.00487797782469069,7.702975010510157,322,2593253.9520000005
MEDNG,RF,locked_test,base_estimator_positive_class_probability,RATCAT_A,code_13,WTFA_A,8,CHRONIC_BURDEN_CAT,0.002216583962846229,3.500280544138133,322,2593253.9520000005
MEDNG,RF,locked_test,base_estimator_positive_class_probability,RATCAT_A,code_13,WTFA_A,9,RATCAT_A,0.0021897220559612654,3.4578620246397085,322,2593253.9520000005
MEDNG,RF,locked_test,base_estimator_positive_class_probability,RATCAT_A,code_13,WTFA_A,10,SEX_A,0.0016386244359954823,2.587605670980038,322,2593253.9520000005
MEDNG,RF,locked_test,base_estimator_positive_class_probability,RATCAT_A,code_13,WTFA_A,11,EDUCP_A,0.0015668289451265496,2.474231053073536,322,2593253.9520000005
MEDNG,RF,locked_test,base_estimator_positive_class_probability,RATCAT_A,code_13,WTFA_A,12,HISPALLP_A,0.0009922606088399203,1.5669113203260947,322,2593253.9520000005
MEDNG,RF,locked_test,base_estimator_positive_class_probability,RATCAT_A,code_14,Unweighted,1,NOTCOV_A,0.01079854206697461,16.933608072550026,1930,15348993.286000002
MEDNG,RF,locked_test,base_estimator_positive_class_probability,RATCAT_A,code_14,Unweighted,2,FDSCAT3_A,0.010777398464196349,16.900451977915385,1930,15348993.286000002
MEDNG,RF,locked_test,base_estimator_positive_class_probability,RATCAT_A,code_14,Unweighted,3,RATCAT_A,0.007988857488194426,12.527633898493654,1930,15348993.286000002
MEDNG,RF,locked_test,base_estimator_positive_class_probability,RATCAT_A,code_14,Unweighted,4,AGEP_A,0.007763526446337889,12.174283647532695,1930,15348993.286000002
MEDNG,RF,locked_test,base_estimator_positive_class_probability,RATCAT_A,code_14,Unweighted,5,EMPWRKLSW1_A,0.006244983983739636,9.792998957092248,1930,15348993.286000002
MEDNG,RF,locked_test,base_estimator_positive_class_probability,RATCAT_A,code_14,Unweighted,6,PHSTAT_A,0.005628135127292311,8.825694601532502,1930,15348993.286000002
MEDNG,RF,locked_test,base_estimator_positive_class_probability,RATCAT_A,code_14,Unweighted,7,K6SPD_A,0.004514631315489004,7.079566557633478,1930,15348993.286000002
MEDNG,RF,locked_test,base_estimator_positive_class_probability,RATCAT_A,code_14,Unweighted,8,DISAB3_A,0.003762622188331813,5.900312196509522,1930,15348993.286000002
MEDNG,RF,locked_test,base_estimator_positive_class_probability,RATCAT_A,code_14,Unweighted,9,CHRONIC_BURDEN_CAT,0.002140860642624062,3.3571657021196555,1930,15348993.286000002
MEDNG,RF,locked_test,base_estimator_positive_class_probability,RATCAT_A,code_14,Unweighted,10,SEX_A,0.0017879452771088578,2.8037455787965153,1930,15348993.286000002
MEDNG,RF,locked_test,base_estimator_positive_class_probability,RATCAT_A,code_14,Unweighted,11,EDUCP_A,0.0014250885474892275,2.2347360210472487,1930,15348993.286000002
MEDNG,RF,locked_test,base_estimator_positive_class_probability,RATCAT_A,code_14,Unweighted,12,HISPALLP_A,0.0009372915197260587,1.4698027887770775,1930,15348993.286000002
MEDNG,RF,locked_test,base_estimator_positive_class_probability,RATCAT_A,code_14,WTFA_A,1,NOTCOV_A,0.011084264351248178,17.294405330131937,1930,15348993.286000002
MEDNG,RF,locked_test,base_estimator_positive_class_probability,RATCAT_A,code_14,WTFA_A,2,FDSCAT3_A,0.010863118940467154,16.94935957429746,1930,15348993.286000002
MEDNG,RF,locked_test,base_estimator_positive_class_probability,RATCAT_A,code_14,WTFA_A,3,RATCAT_A,0.008068121588523935,12.588419094227783,1930,15348993.286000002
MEDNG,RF,locked_test,base_estimator_positive_class_probability,RATCAT_A,code_14,WTFA_A,4,AGEP_A,0.007376726244135675,11.5096581633889,1930,15348993.286000002
MEDNG,RF,locked_test,base_estimator_positive_class_probability,RATCAT_A,code_14,WTFA_A,5,EMPWRKLSW1_A,0.006095844871827335,9.511141984909129,1930,15348993.286000002
MEDNG,RF,locked_test,base_estimator_positive_class_probability,RATCAT_A,code_14,WTFA_A,6,PHSTAT_A,0.005893064406576123,9.19475043667866,1930,15348993.286000002
MEDNG,RF,locked_test,base_estimator_positive_class_probability,RATCAT_A,code_14,WTFA_A,7,K6SPD_A,0.004424770098640455,6.903820150222121,1930,15348993.286000002
MEDNG,RF,locked_test,base_estimator_positive_class_probability,RATCAT_A,code_14,WTFA_A,8,DISAB3_A,0.0037925194064481194,5.917340633446663,1930,15348993.286000002
MEDNG,RF,locked_test,base_estimator_positive_class_probability,RATCAT_A,code_14,WTFA_A,9,CHRONIC_BURDEN_CAT,0.002192998907052871,3.421662528540998,1930,15348993.286000002
MEDNG,RF,locked_test,base_estimator_positive_class_probability,RATCAT_A,code_14,WTFA_A,10,SEX_A,0.0018321157872260776,2.8585887192823507,1930,15348993.286000002
MEDNG,RF,locked_test,base_estimator_positive_class_probability,RATCAT_A,code_14,WTFA_A,11,EDUCP_A,0.0015140018411749913,2.3622462151850274,1930,15348993.286000002
MEDNG,RF,locked_test,base_estimator_positive_class_probability,RATCAT_A,code_14,WTFA_A,12,HISPALLP_A,0.0009540724337741645,1.4886071696889664,1930,15348993.286000002
MEDNG,RF,locked_test,base_estimator_positive_class_probability,RATCAT_A,code_2,Unweighted,1,FDSCAT3_A,0.03271684642321186,28.512877793458024,187,1384944.663
MEDNG,RF,locked_test,base_estimator_positive_class_probability,RATCAT_A,code_2,Unweighted,2,NOTCOV_A,0.02402926032515331,20.94160770434745,187,1384944.663
MEDNG,RF,locked_test,base_estimator_positive_class_probability,RATCAT_A,code_2,Unweighted,3,K6SPD_A,0.011444195355034851,9.97366736945225,187,1384944.663
MEDNG,RF,locked_test,base_estimator_positive_class_probability,RATCAT_A,code_2,Unweighted,4,EMPWRKLSW1_A,0.010200744346197556,8.889994261154873,187,1384944.663
MEDNG,RF,locked_test,base_estimator_positive_class_probability,RATCAT_A,code_2,Unweighted,5,AGEP_A,0.009967303938800442,8.68654990340508,187,1384944.663
MEDNG,RF,locked_test,base_estimator_positive_class_probability,RATCAT_A,code_2,Unweighted,6,PHSTAT_A,0.008117917814690916,7.074801635630707,187,1384944.663
MEDNG,RF,locked_test,base_estimator_positive_class_probability,RATCAT_A,code_2,Unweighted,7,DISAB3_A,0.007479726598255268,6.518615139912164,187,1384944.663
MEDNG,RF,locked_test,base_estimator_positive_class_probability,RATCAT_A,code_2,Unweighted,8,CHRONIC_BURDEN_CAT,0.0030711859828278306,2.676552302034326,187,1384944.663
MEDNG,RF,locked_test,base_estimator_positive_class_probability,RATCAT_A,code_2,Unweighted,9,EDUCP_A,0.0024530630943079847,2.13785544373317,187,1384944.663
MEDNG,RF,locked_test,base_estimator_positive_class_probability,RATCAT_A,code_2,Unweighted,10,RATCAT_A,0.0020223494370480034,1.7624865675717376,187,1384944.663
MEDNG,RF,locked_test,base_estimator_positive_class_probability,RATCAT_A,code_2,Unweighted,11,SEX_A,0.001795429673659348,1.564724980200935,187,1384944.663
MEDNG,RF,locked_test,base_estimator_positive_class_probability,RATCAT_A,code_2,Unweighted,12,HISPALLP_A,0.0014460819735126233,1.2602668990992631,187,1384944.663
MEDNG,RF,locked_test,base_estimator_positive_class_probability,RATCAT_A,code_2,WTFA_A,1,FDSCAT3_A,0.032957697671633056,27.970880519565313,187,1384944.663
MEDNG,RF,locked_test,base_estimator_positive_class_probability,RATCAT_A,code_2,WTFA_A,2,NOTCOV_A,0.02736115844058569,23.22115158781954,187,1384944.663
MEDNG,RF,locked_test,base_estimator_positive_class_probability,RATCAT_A,code_2,WTFA_A,3,K6SPD_A,0.01240654041097215,10.529311329751808,187,1384944.663
MEDNG,RF,locked_test,base_estimator_positive_class_probability,RATCAT_A,code_2,WTFA_A,4,EMPWRKLSW1_A,0.009537442668781227,8.09433571509139,187,1384944.663
MEDNG,RF,locked_test,base_estimator_positive_class_probability,RATCAT_A,code_2,WTFA_A,5,AGEP_A,0.009494080200369523,8.05753440587794,187,1384944.663
MEDNG,RF,locked_test,base_estimator_positive_class_probability,RATCAT_A,code_2,WTFA_A,6,PHSTAT_A,0.008447741808160275,7.16951709219558,187,1384944.663
MEDNG,RF,locked_test,base_estimator_positive_class_probability,RATCAT_A,code_2,WTFA_A,7,DISAB3_A,0.006713623357825071,5.697787468835141,187,1384944.663
MEDNG,RF,locked_test,base_estimator_positive_class_probability,RATCAT_A,code_2,WTFA_A,8,CHRONIC_BURDEN_CAT,0.003155889184797337,2.6783727492267135,187,1384944.663
MEDNG,RF,locked_test,base_estimator_positive_class_probability,RATCAT_A,code_2,WTFA_A,9,EDUCP_A,0.0023395731891929623,1.985573227647493,187,1384944.663
MEDNG,RF,locked_test,base_estimator_positive_class_probability,RATCAT_A,code_2,WTFA_A,10,RATCAT_A,0.0020194925040439935,1.7139238336235814,187,1384944.663
MEDNG,RF,locked_test,base_estimator_positive_class_probability,RATCAT_A,code_2,WTFA_A,11,SEX_A,0.0018967404133410977,1.6097453167627764,187,1384944.663
MEDNG,RF,locked_test,base_estimator_positive_class_probability,RATCAT_A,code_2,WTFA_A,12,HISPALLP_A,0.0014986228236368508,1.2718667536027226,187,1384944.663
MEDNG,RF,locked_test,base_estimator_positive_class_probability,RATCAT_A,code_3,Unweighted,1,FDSCAT3_A,0.030069678811112704,29.011513147081157,322,2378042.798
MEDNG,RF,locked_test,base_estimator_positive_class_probability,RATCAT_A,code_3,Unweighted,2,NOTCOV_A,0.018522275159409213,17.870467878175866,322,2378042.798
MEDNG,RF,locked_test,base_estimator_positive_class_probability,RATCAT_A,code_3,Unweighted,3,AGEP_A,0.011363069309428406,10.963197735914818,322,2378042.798
MEDNG,RF,locked_test,base_estimator_positive_class_probability,RATCAT_A,code_3,Unweighted,4,K6SPD_A,0.010550970328534168,10.179676887257221,322,2378042.798
MEDNG,RF,locked_test,base_estimator_positive_class_probability,RATCAT_A,code_3,Unweighted,5,EMPWRKLSW1_A,0.009229097086983737,8.904320965868315,322,2378042.798
MEDNG,RF,locked_test,base_estimator_positive_class_probability,RATCAT_A,code_3,Unweighted,6,PHSTAT_A,0.0069449919324710155,6.700594509868648,322,2378042.798
MEDNG,RF,locked_test,base_estimator_positive_class_probability,RATCAT_A,code_3,Unweighted,7,DISAB3_A,0.006214342215694865,5.995656688706134,322,2378042.798
MEDNG,RF,locked_test,base_estimator_positive_class_probability,RATCAT_A,code_3,Unweighted,8,RATCAT_A,0.0029785982916916776,2.873780064034176,322,2378042.798
MEDNG,RF,locked_test,base_estimator_positive_class_probability,RATCAT_A,code_3,Unweighted,9,CHRONIC_BURDEN_CAT,0.00255176219930384,2.461964527734463,322,2378042.798
MEDNG,RF,locked_test,base_estimator_positive_class_probability,RATCAT_A,code_3,Unweighted,10,EDUCP_A,0.002347854680966869,2.2652326076437337,322,2378042.798
MEDNG,RF,locked_test,base_estimator_positive_class_probability,RATCAT_A,code_3,Unweighted,11,SEX_A,0.001488057325819991,1.435691912202357,322,2378042.798
MEDNG,RF,locked_test,base_estimator_positive_class_probability,RATCAT_A,code_3,Unweighted,12,HISPALLP_A,0.0013867017399996164,1.3379030755131134,322,2378042.798
MEDNG,RF,locked_test,base_estimator_positive_class_probability,RATCAT_A,code_3,WTFA_A,1,FDSCAT3_A,0.030087469908257652,28.467478767694637,322,2378042.798
MEDNG,RF,locked_test,base_estimator_positive_class_probability,RATCAT_A,code_3,WTFA_A,2,NOTCOV_A,0.02295200660553775,21.71620819934108,322,2378042.798
MEDNG,RF,locked_test,base_estimator_positive_class_probability,RATCAT_A,code_3,WTFA_A,3,AGEP_A,0.010415297465054402,9.854509546656326,322,2378042.798
MEDNG,RF,locked_test,base_estimator_positive_class_probability,RATCAT_A,code_3,WTFA_A,4,K6SPD_A,0.009510809705047094,8.998721865533264,322,2378042.798
MEDNG,RF,locked_test,base_estimator_positive_class_probability,RATCAT_A,code_3,WTFA_A,5,EMPWRKLSW1_A,0.008448024109271219,7.993159534283276,322,2378042.798
MEDNG,RF,locked_test,base_estimator_positive_class_probability,RATCAT_A,code_3,WTFA_A,6,PHSTAT_A,0.007078873121903917,6.69772735665276,322,2378042.798
MEDNG,RF,locked_test,base_estimator_positive_class_probability,RATCAT_A,code_3,WTFA_A,7,DISAB3_A,0.005742239295880083,5.433061528035752,322,2378042.798
MEDNG,RF,locked_test,base_estimator_positive_class_probability,RATCAT_A,code_3,WTFA_A,8,CHRONIC_BURDEN_CAT,0.0030578296695110015,2.8931878106553652,322,2378042.798
MEDNG,RF,locked_test,base_estimator_positive_class_probability,RATCAT_A,code_3,WTFA_A,9,RATCAT_A,0.003004406086018988,2.842640698073604,322,2378042.798
MEDNG,RF,locked_test,base_estimator_positive_class_probability,RATCAT_A,code_3,WTFA_A,10,EDUCP_A,0.002359003735669763,2.2319885641052295,322,2378042.798
MEDNG,RF,locked_test,base_estimator_positive_class_probability,RATCAT_A,code_3,WTFA_A,11,SEX_A,0.0015683508719394027,1.4839065991047897,322,2378042.798
MEDNG,RF,locked_test,base_estimator_positive_class_probability,RATCAT_A,code_3,WTFA_A,12,HISPALLP_A,0.001466362469990902,1.387409529863909,322,2378042.798
MEDNG,RF,locked_test,base_estimator_positive_class_probability,RATCAT_A,code_4,Unweighted,1,FDSCAT3_A,0.025884856688061272,24.78600680788929,252,1789827.5900000003
MEDNG,RF,locked_test,base_estimator_positive_class_probability,RATCAT_A,code_4,Unweighted,2,NOTCOV_A,0.02108495740375371,20.189870241566236,252,1789827.5900000003
MEDNG,RF,locked_test,base_estimator_positive_class_probability,RATCAT_A,code_4,Unweighted,3,AGEP_A,0.011352210845850379,10.87029295548001,252,1789827.5900000003
MEDNG,RF,locked_test,base_estimator_positive_class_probability,RATCAT_A,code_4,Unweighted,4,K6SPD_A,0.011018788075381567,10.551024467408492,252,1789827.5900000003
MEDNG,RF,locked_test,base_estimator_positive_class_probability,RATCAT_A,code_4,Unweighted,5,EMPWRKLSW1_A,0.009249030615025678,8.856395789749032,252,1789827.5900000003
MEDNG,RF,locked_test,base_estimator_positive_class_probability,RATCAT_A,code_4,Unweighted,6,PHSTAT_A,0.007193898114513233,6.888506658173886,252,1789827.5900000003
MEDNG,RF,locked_test,base_estimator_positive_class_probability,RATCAT_A,code_4,Unweighted,7,DISAB3_A,0.006953278492966636,6.658101690140339,252,1789827.5900000003
MEDNG,RF,locked_test,base_estimator_positive_class_probability,RATCAT_A,code_4,Unweighted,8,RATCAT_A,0.0030116186956026334,2.8837710941008257,252,1789827.5900000003
MEDNG,RF,locked_test,base_estimator_positive_class_probability,RATCAT_A,code_4,Unweighted,9,CHRONIC_BURDEN_CAT,0.002754835986330161,2.6378891849646906,252,1789827.5900000003
MEDNG,RF,locked_test,base_estimator_positive_class_probability,RATCAT_A,code_4,Unweighted,10,EDUCP_A,0.0023807959722678715,2.2797277144688195,252,1789827.5900000003
MEDNG,RF,locked_test,base_estimator_positive_class_probability,RATCAT_A,code_4,Unweighted,11,SEX_A,0.0019500382728825474,1.8672563070285089,252,1789827.5900000003
MEDNG,RF,locked_test,base_estimator_positive_class_probability,RATCAT_A,code_4,Unweighted,12,HISPALLP_A,0.001599038607696657,1.5311570890298658,252,1789827.5900000003
MEDNG,RF,locked_test,base_estimator_positive_class_probability,RATCAT_A,code_4,WTFA_A,1,FDSCAT3_A,0.0283442900687891,25.408899553477223,252,1789827.5900000003
MEDNG,RF,locked_test,base_estimator_positive_class_probability,RATCAT_A,code_4,WTFA_A,2,NOTCOV_A,0.025777406019076864,23.10784707249168,252,1789827.5900000003
MEDNG,RF,locked_test,base_estimator_positive_class_probability,RATCAT_A,code_4,WTFA_A,3,K6SPD_A,0.011276839002756738,10.108987341238466,252,1789827.5900000003
MEDNG,RF,locked_test,base_estimator_positive_class_probability,RATCAT_A,code_4,WTFA_A,4,AGEP_A,0.010589013240796115,9.49239417014346,252,1789827.5900000003
MEDNG,RF,locked_test,base_estimator_positive_class_probability,RATCAT_A,code_4,WTFA_A,5,EMPWRKLSW1_A,0.008993799352896225,8.062383774907204,252,1789827.5900000003
MEDNG,RF,locked_test,base_estimator_positive_class_probability,RATCAT_A,code_4,WTFA_A,6,PHSTAT_A,0.007513750568432814,6.7356117581303,252,1789827.5900000003
MEDNG,RF,locked_test,base_estimator_positive_class_probability,RATCAT_A,code_4,WTFA_A,7,DISAB3_A,0.006519049417291363,5.843923817675877,252,1789827.5900000003
MEDNG,RF,locked_test,base_estimator_positive_class_probability,RATCAT_A,code_4,WTFA_A,8,CHRONIC_BURDEN_CAT,0.0029678900542820055,2.6605295137750886,252,1789827.5900000003
MEDNG,RF,locked_test,base_estimator_positive_class_probability,RATCAT_A,code_4,WTFA_A,9,RATCAT_A,0.002919431598031673,2.617089510712988,252,1789827.5900000003
MEDNG,RF,locked_test,base_estimator_positive_class_probability,RATCAT_A,code_4,WTFA_A,10,EDUCP_A,0.0025693211812560786,2.3032372183857674,252,1789827.5900000003
MEDNG,RF,locked_test,base_estimator_positive_class_probability,RATCAT_A,code_4,WTFA_A,11,SEX_A,0.002185907940286194,1.959531007941487,252,1789827.5900000003
MEDNG,RF,locked_test,base_estimator_positive_class_probability,RATCAT_A,code_4,WTFA_A,12,HISPALLP_A,0.0018959093702837241,1.6995652611204526,252,1789827.5900000003
MEDNG,RF,locked_test,base_estimator_positive_class_probability,RATCAT_A,code_5,Unweighted,1,FDSCAT3_A,0.028638049897971925,26.93783028170567,331,2620717.5870000003
MEDNG,RF,locked_test,base_estimator_positive_class_probability,RATCAT_A,code_5,Unweighted,2,NOTCOV_A,0.024209797325148608,22.77247975413051,331,2620717.5870000003
MEDNG,RF,locked_test,base_estimator_positive_class_probability,RATCAT_A,code_5,Unweighted,3,AGEP_A,0.010647759020128352,10.015609526018409,331,2620717.5870000003
MEDNG,RF,locked_test,base_estimator_positive_class_probability,RATCAT_A,code_5,Unweighted,4,EMPWRKLSW1_A,0.00925691570021844,8.707339534393368,331,2620717.5870000003
MEDNG,RF,locked_test,base_estimator_positive_class_probability,RATCAT_A,code_5,Unweighted,5,K6SPD_A,0.008711077001299652,8.19390687102956,331,2620717.5870000003
MEDNG,RF,locked_test,base_estimator_positive_class_probability,RATCAT_A,code_5,Unweighted,6,PHSTAT_A,0.006866449565861745,6.458793587623932,331,2620717.5870000003
MEDNG,RF,locked_test,base_estimator_positive_class_probability,RATCAT_A,code_5,Unweighted,7,DISAB3_A,0.005613128762734329,5.279881503754412,331,2620717.5870000003
MEDNG,RF,locked_test,base_estimator_positive_class_probability,RATCAT_A,code_5,Unweighted,8,RATCAT_A,0.003707997056759301,3.487856043128126,331,2620717.5870000003
MEDNG,RF,locked_test,base_estimator_positive_class_probability,RATCAT_A,code_5,Unweighted,9,CHRONIC_BURDEN_CAT,0.0031164557415679214,2.9314340936583467,331,2620717.5870000003
MEDNG,RF,locked_test,base_estimator_positive_class_probability,RATCAT_A,code_5,Unweighted,10,EDUCP_A,0.002173028053615818,2.044017002352996,331,2620717.5870000003
MEDNG,RF,locked_test,base_estimator_positive_class_probability,RATCAT_A,code_5,Unweighted,11,SEX_A,0.0019361235329568094,1.8211773260057202,331,2620717.5870000003
MEDNG,RF,locked_test,base_estimator_positive_class_probability,RATCAT_A,code_5,Unweighted,12,HISPALLP_A,0.001434861107639178,1.3496744761989405,331,2620717.5870000003
MEDNG,RF,locked_test,base_estimator_positive_class_probability,RATCAT_A,code_5,WTFA_A,1,FDSCAT3_A,0.029163273514251246,26.335938768561356,331,2620717.5870000003
MEDNG,RF,locked_test,base_estimator_positive_class_probability,RATCAT_A,code_5,WTFA_A,2,NOTCOV_A,0.028664426760319574,25.885454444158604,331,2620717.5870000003
MEDNG,RF,locked_test,base_estimator_positive_class_probability,RATCAT_A,code_5,WTFA_A,3,AGEP_A,0.009817313670454419,8.865540131168846,331,2620717.5870000003
MEDNG,RF,locked_test,base_estimator_positive_class_probability,RATCAT_A,code_5,WTFA_A,4,K6SPD_A,0.00911120850737728,8.227890783269775,331,2620717.5870000003
MEDNG,RF,locked_test,base_estimator_positive_class_probability,RATCAT_A,code_5,WTFA_A,5,EMPWRKLSW1_A,0.00869463682677707,7.851705089724684,331,2620717.5870000003
MEDNG,RF,locked_test,base_estimator_positive_class_probability,RATCAT_A,code_5,WTFA_A,6,PHSTAT_A,0.007319860468536535,6.610211195927209,331,2620717.5870000003
MEDNG,RF,locked_test,base_estimator_positive_class_probability,RATCAT_A,code_5,WTFA_A,7,DISAB3_A,0.00513835848927358,4.6402024957279835,331,2620717.5870000003
MEDNG,RF,locked_test,base_estimator_positive_class_probability,RATCAT_A,code_5,WTFA_A,8,RATCAT_A,0.0035905805525074936,3.242479261740462,331,2620717.5870000003
MEDNG,RF,locked_test,base_estimator_positive_class_probability,RATCAT_A,code_5,WTFA_A,9,CHRONIC_BURDEN_CAT,0.0034489291244525467,3.11456072290046,331,2620717.5870000003
MEDNG,RF,locked_test,base_estimator_positive_class_probability,RATCAT_A,code_5,WTFA_A,10,EDUCP_A,0.002137272342281618,1.9300670588492932,331,2620717.5870000003
MEDNG,RF,locked_test,base_estimator_positive_class_probability,RATCAT_A,code_5,WTFA_A,11,SEX_A,0.0020890288837400193,1.8865007297979852,331,2620717.5870000003
MEDNG,RF,locked_test,base_estimator_positive_class_probability,RATCAT_A,code_5,WTFA_A,12,HISPALLP_A,0.0015607628925471426,1.4094493181733472,331,2620717.5870000003
MEDNG,RF,locked_test,base_estimator_positive_class_probability,RATCAT_A,code_6,Unweighted,1,FDSCAT3_A,0.024383423586750285,24.067854078080853,299,2176686.528
MEDNG,RF,locked_test,base_estimator_positive_class_probability,RATCAT_A,code_6,Unweighted,2,NOTCOV_A,0.020068690353152577,19.808961987615564,299,2176686.528
MEDNG,RF,locked_test,base_estimator_positive_class_probability,RATCAT_A,code_6,Unweighted,3,K6SPD_A,0.011277179136002834,11.131230234837892,299,2176686.528
MEDNG,RF,locked_test,base_estimator_positive_class_probability,RATCAT_A,code_6,Unweighted,4,AGEP_A,0.011148478957261367,11.004195689801495,299,2176686.528
MEDNG,RF,locked_test,base_estimator_positive_class_probability,RATCAT_A,code_6,Unweighted,5,EMPWRKLSW1_A,0.009005544837694458,8.8889953568711,299,2176686.528
MEDNG,RF,locked_test,base_estimator_positive_class_probability,RATCAT_A,code_6,Unweighted,6,PHSTAT_A,0.007118902772202273,7.02677015423348,299,2176686.528
MEDNG,RF,locked_test,base_estimator_positive_class_probability,RATCAT_A,code_6,Unweighted,7,DISAB3_A,0.005872790838865664,5.796785362729564,299,2176686.528
MEDNG,RF,locked_test,base_estimator_positive_class_probability,RATCAT_A,code_6,Unweighted,8,RATCAT_A,0.004421583498938586,4.364359502999841,299,2176686.528
MEDNG,RF,locked_test,base_estimator_positive_class_probability,RATCAT_A,code_6,Unweighted,9,CHRONIC_BURDEN_CAT,0.00273571802924816,2.7003124517140416,299,2176686.528
MEDNG,RF,locked_test,base_estimator_positive_class_probability,RATCAT_A,code_6,Unweighted,10,EDUCP_A,0.0020713724261522434,2.044564788723205,299,2176686.528
MEDNG,RF,locked_test,base_estimator_positive_class_probability,RATCAT_A,code_6,Unweighted,11,SEX_A,0.001729483981420684,1.7071010535956865,299,2176686.528
MEDNG,RF,locked_test,base_estimator_positive_class_probability,RATCAT_A,code_6,Unweighted,12,HISPALLP_A,0.001477997536889376,1.4588693387972815,299,2176686.528
MEDNG,RF,locked_test,base_estimator_positive_class_probability,RATCAT_A,code_6,WTFA_A,1,FDSCAT3_A,0.027708797284464154,25.39888934309271,299,2176686.528
MEDNG,RF,locked_test,base_estimator_positive_class_probability,RATCAT_A,code_6,WTFA_A,2,NOTCOV_A,0.027328130687191605,25.049956522895634,299,2176686.528
MEDNG,RF,locked_test,base_estimator_positive_class_probability,RATCAT_A,code_6,WTFA_A,3,AGEP_A,0.010389646313721091,9.52352692637544,299,2176686.528
MEDNG,RF,locked_test,base_estimator_positive_class_probability,RATCAT_A,code_6,WTFA_A,4,EMPWRKLSW1_A,0.008800234956291359,8.066614784950707,299,2176686.528
MEDNG,RF,locked_test,base_estimator_positive_class_probability,RATCAT_A,code_6,WTFA_A,5,K6SPD_A,0.008486055955186679,7.778626908715626,299,2176686.528
MEDNG,RF,locked_test,base_estimator_positive_class_probability,RATCAT_A,code_6,WTFA_A,6,PHSTAT_A,0.007156420137978819,6.559834456586712,299,2176686.528
MEDNG,RF,locked_test,base_estimator_positive_class_probability,RATCAT_A,code_6,WTFA_A,7,DISAB3_A,0.005860820718517425,5.372241002058631,299,2176686.528
MEDNG,RF,locked_test,base_estimator_positive_class_probability,RATCAT_A,code_6,WTFA_A,8,RATCAT_A,0.004390495420322315,4.024487465020562,299,2176686.528
MEDNG,RF,locked_test,base_estimator_positive_class_probability,RATCAT_A,code_6,WTFA_A,9,CHRONIC_BURDEN_CAT,0.00324446081775499,2.9739905504437947,299,2176686.528
MEDNG,RF,locked_test,base_estimator_positive_class_probability,RATCAT_A,code_6,WTFA_A,10,EDUCP_A,0.0020329298885304087,1.8634573255187814,299,2176686.528
MEDNG,RF,locked_test,base_estimator_positive_class_probability,RATCAT_A,code_6,WTFA_A,11,SEX_A,0.0018726198830559245,1.716511355694247,299,2176686.528
MEDNG,RF,locked_test,base_estimator_positive_class_probability,RATCAT_A,code_6,WTFA_A,12,HISPALLP_A,0.001823911363457944,1.6718633586471643,299,2176686.528
MEDNG,RF,locked_test,base_estimator_positive_class_probability,RATCAT_A,code_7,Unweighted,1,NOTCOV_A,0.024531537387957096,25.387021876707163,274,2014189.3329999999
MEDNG,RF,locked_test,base_estimator_positive_class_probability,RATCAT_A,code_7,Unweighted,2,FDSCAT3_A,0.02350703143828059,24.326788490355177,274,2014189.3329999999
MEDNG,RF,locked_test,base_estimator_positive_class_probability,RATCAT_A,code_7,Unweighted,3,AGEP_A,0.009502384298276668,9.83375946831834,274,2014189.3329999999
MEDNG,RF,locked_test,base_estimator_positive_class_probability,RATCAT_A,code_7,Unweighted,4,EMPWRKLSW1_A,0.008563493668784375,8.862127051898426,274,2014189.3329999999
MEDNG,RF,locked_test,base_estimator_positive_class_probability,RATCAT_A,code_7,Unweighted,5,PHSTAT_A,0.006534836232311132,6.7627245600931705,274,2014189.3329999999
MEDNG,RF,locked_test,base_estimator_positive_class_probability,RATCAT_A,code_7,Unweighted,6,K6SPD_A,0.006445749839604345,6.670531471466185,274,2014189.3329999999
MEDNG,RF,locked_test,base_estimator_positive_class_probability,RATCAT_A,code_7,Unweighted,7,RATCAT_A,0.005189154048561724,5.370114610799395,274,2014189.3329999999
MEDNG,RF,locked_test,base_estimator_positive_class_probability,RATCAT_A,code_7,Unweighted,8,DISAB3_A,0.0042295859777636315,4.377083671878305,274,2014189.3329999999
MEDNG,RF,locked_test,base_estimator_positive_class_probability,RATCAT_A,code_7,Unweighted,9,CHRONIC_BURDEN_CAT,0.0029926145982349093,3.096975581776601,274,2014189.3329999999
MEDNG,RF,locked_test,base_estimator_positive_class_probability,RATCAT_A,code_7,Unweighted,10,EDUCP_A,0.002062447479171632,2.1343708894084146,274,2014189.3329999999
MEDNG,RF,locked_test,base_estimator_positive_class_probability,RATCAT_A,code_7,Unweighted,11,SEX_A,0.0016777773179919738,1.7362861855129894,274,2014189.3329999999
MEDNG,RF,locked_test,base_estimator_positive_class_probability,RATCAT_A,code_7,Unweighted,12,HISPALLP_A,0.0013936167611765357,1.442216141785837,274,2014189.3329999999
MEDNG,RF,locked_test,base_estimator_positive_class_probability,RATCAT_A,code_7,WTFA_A,1,NOTCOV_A,0.030002330675219523,29.044921809916058,274,2014189.3329999999
MEDNG,RF,locked_test,base_estimator_positive_class_probability,RATCAT_A,code_7,WTFA_A,2,FDSCAT3_A,0.023617179181228225,22.863527841059373,274,2014189.3329999999
MEDNG,RF,locked_test,base_estimator_positive_class_probability,RATCAT_A,code_7,WTFA_A,3,AGEP_A,0.009282617025473186,8.986398044034342,274,2014189.3329999999
MEDNG,RF,locked_test,base_estimator_positive_class_probability,RATCAT_A,code_7,WTFA_A,4,EMPWRKLSW1_A,0.00823495258267616,7.972165778099014,274,2014189.3329999999
MEDNG,RF,locked_test,base_estimator_positive_class_probability,RATCAT_A,code_7,WTFA_A,5,PHSTAT_A,0.006768548677327308,6.552556507283546,274,2014189.3329999999
MEDNG,RF,locked_test,base_estimator_positive_class_probability,RATCAT_A,code_7,WTFA_A,6,K6SPD_A,0.006173989072524039,5.97696998303032,274,2014189.3329999999
MEDNG,RF,locked_test,base_estimator_positive_class_probability,RATCAT_A,code_7,WTFA_A,7,RATCAT_A,0.005430271761612078,5.25698554655584,274,2014189.3329999999
MEDNG,RF,locked_test,base_estimator_positive_class_probability,RATCAT_A,code_7,WTFA_A,8,DISAB3_A,0.004746171068653067,4.594715293214647,274,2014189.3329999999
MEDNG,RF,locked_test,base_estimator_positive_class_probability,RATCAT_A,code_7,WTFA_A,9,CHRONIC_BURDEN_CAT,0.0033983417733071406,3.2898967802725605,274,2014189.3329999999
MEDNG,RF,locked_test,base_estimator_positive_class_probability,RATCAT_A,code_7,WTFA_A,10,EDUCP_A,0.00216069246344412,2.0917422828035073,274,2014189.3329999999
MEDNG,RF,locked_test,base_estimator_positive_class_probability,RATCAT_A,code_7,WTFA_A,11,SEX_A,0.0017840163268086544,1.727086314749842,274,2014189.3329999999
MEDNG,RF,locked_test,base_estimator_positive_class_probability,RATCAT_A,code_7,WTFA_A,12,HISPALLP_A,0.0016971932054162448,1.6430338189809632,274,2014189.3329999999
MEDNG,RF,locked_test,base_estimator_positive_class_probability,RATCAT_A,code_8,Unweighted,1,FDSCAT3_A,0.02011581366207909,22.310809271429783,530,4181768.7849999997
MEDNG,RF,locked_test,base_estimator_positive_class_probability,RATCAT_A,code_8,Unweighted,2,NOTCOV_A,0.01686435568241459,18.704558982130507,530,4181768.7849999997
MEDNG,RF,locked_test,base_estimator_positive_class_probability,RATCAT_A,code_8,Unweighted,3,AGEP_A,0.010422940494808582,11.56027001112623,530,4181768.7849999997
MEDNG,RF,locked_test,base_estimator_positive_class_probability,RATCAT_A,code_8,Unweighted,4,EMPWRKLSW1_A,0.00933179697501222,10.350063187435806,530,4181768.7849999997
MEDNG,RF,locked_test,base_estimator_positive_class_probability,RATCAT_A,code_8,Unweighted,5,K6SPD_A,0.0075991619021637475,8.428366591081636,530,4181768.7849999997
MEDNG,RF,locked_test,base_estimator_positive_class_probability,RATCAT_A,code_8,Unweighted,6,RATCAT_A,0.006678092407064393,7.406791914754578,530,4181768.7849999997
MEDNG,RF,locked_test,base_estimator_positive_class_probability,RATCAT_A,code_8,Unweighted,7,PHSTAT_A,0.006592695578945151,7.312076762956113,530,4181768.7849999997
MEDNG,RF,locked_test,base_estimator_positive_class_probability,RATCAT_A,code_8,Unweighted,8,DISAB3_A,0.004852934979782225,5.382477117725523,530,4181768.7849999997
MEDNG,RF,locked_test,base_estimator_positive_class_probability,RATCAT_A,code_8,Unweighted,9,CHRONIC_BURDEN_CAT,0.002733722533609944,3.032020631775797,530,4181768.7849999997
MEDNG,RF,locked_test,base_estimator_positive_class_probability,RATCAT_A,code_8,Unweighted,10,EDUCP_A,0.002088675889212201,2.316587843617509,530,4181768.7849999997
MEDNG,RF,locked_test,base_estimator_positive_class_probability,RATCAT_A,code_8,Unweighted,11,SEX_A,0.0016582983259886682,1.8392483788021181,530,4181768.7849999997
MEDNG,RF,locked_test,base_estimator_positive_class_probability,RATCAT_A,code_8,Unweighted,12,HISPALLP_A,0.0012232507391719352,1.3567293071643907,530,4181768.7849999997
MEDNG,RF,locked_test,base_estimator_positive_class_probability,RATCAT_A,code_8,WTFA_A,1,FDSCAT3_A,0.0226182475257463,23.36789891925297,530,4181768.7849999997
MEDNG,RF,locked_test,base_estimator_positive_class_probability,RATCAT_A,code_8,WTFA_A,2,NOTCOV_A,0.020625083327255368,21.308673974137633,530,4181768.7849999997
MEDNG,RF,locked_test,base_estimator_positive_class_probability,RATCAT_A,code_8,WTFA_A,3,AGEP_A,0.009608458239508042,9.92691766482376,530,4181768.7849999997
MEDNG,RF,locked_test,base_estimator_positive_class_probability,RATCAT_A,code_8,WTFA_A,4,EMPWRKLSW1_A,0.009144349976416569,9.447427157561139,530,4181768.7849999997
MEDNG,RF,locked_test,base_estimator_positive_class_probability,RATCAT_A,code_8,WTFA_A,5,PHSTAT_A,0.0072176395959395595,7.456858552879791,530,4181768.7849999997
MEDNG,RF,locked_test,base_estimator_positive_class_probability,RATCAT_A,code_8,WTFA_A,6,K6SPD_A,0.00711897257051753,7.354921341603769,530,4181768.7849999997
MEDNG,RF,locked_test,base_estimator_positive_class_probability,RATCAT_A,code_8,WTFA_A,7,RATCAT_A,0.0070142664835789095,7.246744912239511,530,4181768.7849999997
MEDNG,RF,locked_test,base_estimator_positive_class_probability,RATCAT_A,code_8,WTFA_A,8,DISAB3_A,0.004969910285577858,5.134631277641704,530,4181768.7849999997
MEDNG,RF,locked_test,base_estimator_positive_class_probability,RATCAT_A,code_8,WTFA_A,9,CHRONIC_BURDEN_CAT,0.003122216564918073,3.2256982336926394,530,4181768.7849999997
MEDNG,RF,locked_test,base_estimator_positive_class_probability,RATCAT_A,code_8,WTFA_A,10,EDUCP_A,0.002178983968591329,2.251203461574762,530,4181768.7849999997
MEDNG,RF,locked_test,base_estimator_positive_class_probability,RATCAT_A,code_8,WTFA_A,11,SEX_A,0.0018385300565382425,1.8994656625050144,530,4181768.7849999997
MEDNG,RF,locked_test,base_estimator_positive_class_probability,RATCAT_A,code_8,WTFA_A,12,HISPALLP_A,0.0013353020515230842,1.3795588420873022,530,4181768.7849999997
MEDNG,RF,locked_test,base_estimator_positive_class_probability,RATCAT_A,code_9,Unweighted,1,FDSCAT3_A,0.019338777690726464,23.13038274800981,530,4222353.769
MEDNG,RF,locked_test,base_estimator_positive_class_probability,RATCAT_A,code_9,Unweighted,2,NOTCOV_A,0.017335573512191848,20.734425769087757,530,4222353.769
MEDNG,RF,locked_test,base_estimator_positive_class_probability,RATCAT_A,code_9,Unweighted,3,AGEP_A,0.009960477975467997,11.913352105814607,530,4222353.769
MEDNG,RF,locked_test,base_estimator_positive_class_probability,RATCAT_A,code_9,Unweighted,4,EMPWRKLSW1_A,0.008494436171628593,10.159874787356724,530,4222353.769
MEDNG,RF,locked_test,base_estimator_positive_class_probability,RATCAT_A,code_9,Unweighted,5,K6SPD_A,0.006962101007643334,8.327106480691219,530,4222353.769
MEDNG,RF,locked_test,base_estimator_positive_class_probability,RATCAT_A,code_9,Unweighted,6,PHSTAT_A,0.0058717481191178315,7.022976506950073,530,4222353.769
MEDNG,RF,locked_test,base_estimator_positive_class_probability,RATCAT_A,code_9,Unweighted,7,DISAB3_A,0.004503689717742326,5.3866934413135095,530,4222353.769
MEDNG,RF,locked_test,base_estimator_positive_class_probability,RATCAT_A,code_9,Unweighted,8,RATCAT_A,0.003453822539756298,4.1309868992689935,530,4222353.769
MEDNG,RF,locked_test,base_estimator_positive_class_probability,RATCAT_A,code_9,Unweighted,9,CHRONIC_BURDEN_CAT,0.0026303149904310422,3.1460205732481485,530,4222353.769
MEDNG,RF,locked_test,base_estimator_positive_class_probability,RATCAT_A,code_9,Unweighted,10,EDUCP_A,0.002124547672169678,2.54109135590523,530,4222353.769
MEDNG,RF,locked_test,base_estimator_positive_class_probability,RATCAT_A,code_9,Unweighted,11,SEX_A,0.0017558496619016748,2.100105569093168,530,4222353.769
MEDNG,RF,locked_test,base_estimator_positive_class_probability,RATCAT_A,code_9,Unweighted,12,HISPALLP_A,0.0011763465615156152,1.4069837632607547,530,4222353.769
MEDNG,RF,locked_test,base_estimator_positive_class_probability,RATCAT_A,code_9,WTFA_A,1,FDSCAT3_A,0.02033576456160394,23.00219461130054,530,4222353.769
MEDNG,RF,locked_test,base_estimator_positive_class_probability,RATCAT_A,code_9,WTFA_A,2,NOTCOV_A,0.01945405998685043,22.00488073324517,530,4222353.769
MEDNG,RF,locked_test,base_estimator_positive_class_probability,RATCAT_A,code_9,WTFA_A,3,AGEP_A,0.009468219558097677,10.709694648466517,530,4222353.769
MEDNG,RF,locked_test,base_estimator_positive_class_probability,RATCAT_A,code_9,WTFA_A,4,EMPWRKLSW1_A,0.008271268131516756,9.355798680056633,530,4222353.769
MEDNG,RF,locked_test,base_estimator_positive_class_probability,RATCAT_A,code_9,WTFA_A,5,K6SPD_A,0.008100697361533774,9.162862632126776,530,4222353.769
MEDNG,RF,locked_test,base_estimator_positive_class_probability,RATCAT_A,code_9,WTFA_A,6,PHSTAT_A,0.006285844686547649,7.110046063838496,530,4222353.769
MEDNG,RF,locked_test,base_estimator_positive_class_probability,RATCAT_A,code_9,WTFA_A,7,DISAB3_A,0.004560647173695545,5.1586402628251395,530,4222353.769
MEDNG,RF,locked_test,base_estimator_positive_class_probability,RATCAT_A,code_9,WTFA_A,8,RATCAT_A,0.0036572397890433147,4.136777897527494,530,4222353.769
MEDNG,RF,locked_test,base_estimator_positive_class_probability,RATCAT_A,code_9,WTFA_A,9,CHRONIC_BURDEN_CAT,0.0028124728484655768,3.1812449245970935,530,4222353.769
MEDNG,RF,locked_test,base_estimator_positive_class_probability,RATCAT_A,code_9,WTFA_A,10,EDUCP_A,0.002297554992575106,2.598810922956979,530,4222353.769
MEDNG,RF,locked_test,base_estimator_positive_class_probability,RATCAT_A,code_9,WTFA_A,11,SEX_A,0.0018597337149508053,2.1035824203661675,530,4222353.769
MEDNG,RF,locked_test,base_estimator_positive_class_probability,RATCAT_A,code_9,WTFA_A,12,HISPALLP_A,0.0013044291565913403,1.4754662026929997,530,4222353.769
MEDNG,RF,locked_test,base_estimator_positive_class_probability,NOTCOV_A,code_1,Unweighted,1,NOTCOV_A,0.10499407707658107,54.05546783329805,471,4739806.264
MEDNG,RF,locked_test,base_estimator_positive_class_probability,NOTCOV_A,code_1,Unweighted,2,FDSCAT3_A,0.031173378632852848,16.049396431327438,471,4739806.264
MEDNG,RF,locked_test,base_estimator_positive_class_probability,NOTCOV_A,code_1,Unweighted,3,PHSTAT_A,0.010596213472731052,5.455386555873943,471,4739806.264
MEDNG,RF,locked_test,base_estimator_positive_class_probability,NOTCOV_A,code_1,Unweighted,4,K6SPD_A,0.008597625973026367,4.426427729715402,471,4739806.264
MEDNG,RF,locked_test,base_estimator_positive_class_probability,NOTCOV_A,code_1,Unweighted,5,CHRONIC_BURDEN_CAT,0.008548636096558605,4.401205633714417,471,4739806.264
MEDNG,RF,locked_test,base_estimator_positive_class_probability,NOTCOV_A,code_1,Unweighted,6,AGEP_A,0.007557701659507934,3.8910299544917684,471,4739806.264
MEDNG,RF,locked_test,base_estimator_positive_class_probability,NOTCOV_A,code_1,Unweighted,7,EMPWRKLSW1_A,0.006314507174072041,3.2509799498710534,471,4739806.264
MEDNG,RF,locked_test,base_estimator_positive_class_probability,NOTCOV_A,code_1,Unweighted,8,RATCAT_A,0.004684522265091309,2.411793595083598,471,4739806.264
MEDNG,RF,locked_test,base_estimator_positive_class_probability,NOTCOV_A,code_1,Unweighted,9,DISAB3_A,0.004378521973426617,2.254251480484163,471,4739806.264
MEDNG,RF,locked_test,base_estimator_positive_class_probability,NOTCOV_A,code_1,Unweighted,10,SEX_A,0.0031311043149971707,1.6120272047210773,471,4739806.264
MEDNG,RF,locked_test,base_estimator_positive_class_probability,NOTCOV_A,code_1,Unweighted,11,EDUCP_A,0.00237032064023185,1.220343039247824,471,4739806.264
MEDNG,RF,locked_test,base_estimator_positive_class_probability,NOTCOV_A,code_1,Unweighted,12,HISPALLP_A,0.001887353139623995,0.9716905921712693,471,4739806.264
MEDNG,RF,locked_test,base_estimator_positive_class_probability,NOTCOV_A,code_1,WTFA_A,1,NOTCOV_A,0.10466399204692203,53.83957400029834,471,4739806.264
MEDNG,RF,locked_test,base_estimator_positive_class_probability,NOTCOV_A,code_1,WTFA_A,2,FDSCAT3_A,0.0323976976875879,16.66550461125354,471,4739806.264
MEDNG,RF,locked_test,base_estimator_positive_class_probability,NOTCOV_A,code_1,WTFA_A,3,PHSTAT_A,0.0104043033210185,5.352015030368781,471,4739806.264
MEDNG,RF,locked_test,base_estimator_positive_class_probability,NOTCOV_A,code_1,WTFA_A,4,K6SPD_A,0.008254255430347322,4.246021839682143,471,4739806.264
MEDNG,RF,locked_test,base_estimator_positive_class_probability,NOTCOV_A,code_1,WTFA_A,5,CHRONIC_BURDEN_CAT,0.008241278890726143,4.2393466560632245,471,4739806.264
MEDNG,RF,locked_test,base_estimator_positive_class_probability,NOTCOV_A,code_1,WTFA_A,6,AGEP_A,0.0075685310576063935,3.893282493628515,471,4739806.264
MEDNG,RF,locked_test,base_estimator_positive_class_probability,NOTCOV_A,code_1,WTFA_A,7,EMPWRKLSW1_A,0.0062470546311859535,3.2135097613022268,471,4739806.264
MEDNG,RF,locked_test,base_estimator_positive_class_probability,NOTCOV_A,code_1,WTFA_A,8,RATCAT_A,0.004559437070377381,2.3453925724544873,471,4739806.264
MEDNG,RF,locked_test,base_estimator_positive_class_probability,NOTCOV_A,code_1,WTFA_A,9,DISAB3_A,0.004470865361004913,2.2998309326982462,471,4739806.264
MEDNG,RF,locked_test,base_estimator_positive_class_probability,NOTCOV_A,code_1,WTFA_A,10,SEX_A,0.0031890134357988593,1.6404412014751502,471,4739806.264
MEDNG,RF,locked_test,base_estimator_positive_class_probability,NOTCOV_A,code_1,WTFA_A,11,EDUCP_A,0.002439429164421471,1.2548520694440504,471,4739806.264
MEDNG,RF,locked_test,base_estimator_positive_class_probability,NOTCOV_A,code_1,WTFA_A,12,HISPALLP_A,0.0019638822247635725,1.0102288313312844,471,4739806.264
MEDNG,RF,locked_test,base_estimator_positive_class_probability,NOTCOV_A,code_2,Unweighted,1,FDSCAT3_A,0.017037524863929007,23.513345005082535,5927,45336881.842
MEDNG,RF,locked_test,base_estimator_positive_class_probability,NOTCOV_A,code_2,Unweighted,2,AGEP_A,0.009424614915988989,13.006831909537835,5927,45336881.842
MEDNG,RF,locked_test,base_estimator_positive_class_probability,NOTCOV_A,code_2,Unweighted,3,NOTCOV_A,0.008749559712099873,12.075193890911889,5927,45336881.842
MEDNG,RF,locked_test,base_estimator_positive_class_probability,NOTCOV_A,code_2,Unweighted,4,EMPWRKLSW1_A,0.00807032846100962,11.137792544608825,5927,45336881.842
MEDNG,RF,locked_test,base_estimator_positive_class_probability,NOTCOV_A,code_2,Unweighted,5,K6SPD_A,0.006758153902297637,9.326871454115892,5927,45336881.842
MEDNG,RF,locked_test,base_estimator_positive_class_probability,NOTCOV_A,code_2,Unweighted,6,PHSTAT_A,0.005862608069487715,8.0909361699183,5927,45336881.842
MEDNG,RF,locked_test,base_estimator_positive_class_probability,NOTCOV_A,code_2,Unweighted,7,RATCAT_A,0.005175172977950155,7.142212772299404,5927,45336881.842
MEDNG,RF,locked_test,base_estimator_positive_class_probability,NOTCOV_A,code_2,Unweighted,8,DISAB3_A,0.004806501978679086,6.633413021839047,5927,45336881.842
MEDNG,RF,locked_test,base_estimator_positive_class_probability,NOTCOV_A,code_2,Unweighted,9,CHRONIC_BURDEN_CAT,0.0020129829053724493,2.7781008052152383,5927,45336881.842
MEDNG,RF,locked_test,base_estimator_positive_class_probability,NOTCOV_A,code_2,Unweighted,10,EDUCP_A,0.001802325370146011,2.4873741096852804,5927,45336881.842
MEDNG,RF,locked_test,base_estimator_positive_class_probability,NOTCOV_A,code_2,Unweighted,11,SEX_A,0.0016547248292257386,2.2836718425242264,5927,45336881.842
MEDNG,RF,locked_test,base_estimator_positive_class_probability,NOTCOV_A,code_2,Unweighted,12,HISPALLP_A,0.0011044603638326127,1.524256474261508,5927,45336881.842
MEDNG,RF,locked_test,base_estimator_positive_class_probability,NOTCOV_A,code_2,WTFA_A,1,FDSCAT3_A,0.017381422587915696,23.948093258697323,5927,45336881.842
MEDNG,RF,locked_test,base_estimator_positive_class_probability,NOTCOV_A,code_2,WTFA_A,2,AGEP_A,0.008843254554689884,12.184220463827343,5927,45336881.842
MEDNG,RF,locked_test,base_estimator_positive_class_probability,NOTCOV_A,code_2,WTFA_A,3,NOTCOV_A,0.0087477871440291,12.052685634494077,5927,45336881.842
MEDNG,RF,locked_test,base_estimator_positive_class_probability,NOTCOV_A,code_2,WTFA_A,4,EMPWRKLSW1_A,0.007837466679658189,10.798447710884084,5927,45336881.842
MEDNG,RF,locked_test,base_estimator_positive_class_probability,NOTCOV_A,code_2,WTFA_A,5,K6SPD_A,0.006715331054140722,9.2523712333763,5927,45336881.842
MEDNG,RF,locked_test,base_estimator_positive_class_probability,NOTCOV_A,code_2,WTFA_A,6,PHSTAT_A,0.006113864369657701,8.423671500708092,5927,45336881.842
MEDNG,RF,locked_test,base_estimator_positive_class_probability,NOTCOV_A,code_2,WTFA_A,7,RATCAT_A,0.005314930432857448,7.3229017375166325,5927,45336881.842
MEDNG,RF,locked_test,base_estimator_positive_class_probability,NOTCOV_A,code_2,WTFA_A,8,DISAB3_A,0.004762624624415159,6.56193577279221,5927,45336881.842
MEDNG,RF,locked_test,base_estimator_positive_class_probability,NOTCOV_A,code_2,WTFA_A,9,CHRONIC_BURDEN_CAT,0.00209140057751336,2.881528011775322,5927,45336881.842
MEDNG,RF,locked_test,base_estimator_positive_class_probability,NOTCOV_A,code_2,WTFA_A,10,EDUCP_A,0.0018603379837373766,2.5631703792883886,5927,45336881.842
MEDNG,RF,locked_test,base_estimator_positive_class_probability,NOTCOV_A,code_2,WTFA_A,11,SEX_A,0.0017220530215271484,2.3726416032612536,5927,45336881.842
MEDNG,RF,locked_test,base_estimator_positive_class_probability,NOTCOV_A,code_2,WTFA_A,12,HISPALLP_A,0.0011890947882823915,1.6383326933789513,5927,45336881.842
MEDNG,RF,locked_test,base_estimator_positive_class_probability,SEX_A,code_1,Unweighted,1,FDSCAT3_A,0.01695383205420573,21.351871873066013,2958,24662417.391999997
MEDNG,RF,locked_test,base_estimator_positive_class_probability,SEX_A,code_1,Unweighted,2,NOTCOV_A,0.01675625557866153,21.103041545063256,2958,24662417.391999997
MEDNG,RF,locked_test,base_estimator_positive_class_probability,SEX_A,code_1,Unweighted,3,AGEP_A,0.008864583807771474,11.164169673642524,2958,24662417.391999997
MEDNG,RF,locked_test,base_estimator_positive_class_probability,SEX_A,code_1,Unweighted,4,EMPWRKLSW1_A,0.007438770117628014,9.368481764887147,2958,24662417.391999997
MEDNG,RF,locked_test,base_estimator_positive_class_probability,SEX_A,code_1,Unweighted,5,PHSTAT_A,0.006207752006261457,7.818121887351256,2958,24662417.391999997
MEDNG,RF,locked_test,base_estimator_positive_class_probability,SEX_A,code_1,Unweighted,6,K6SPD_A,0.006013867231529306,7.573940934338206,2958,24662417.391999997
MEDNG,RF,locked_test,base_estimator_positive_class_probability,SEX_A,code_1,Unweighted,7,RATCAT_A,0.005316461743954605,6.695619586889553,2958,24662417.391999997
MEDNG,RF,locked_test,base_estimator_positive_class_probability,SEX_A,code_1,Unweighted,8,DISAB3_A,0.004517935703479084,5.689945728081304,2958,24662417.391999997
MEDNG,RF,locked_test,base_estimator_positive_class_probability,SEX_A,code_1,Unweighted,9,CHRONIC_BURDEN_CAT,0.002562432263497245,3.227159806625025,2958,24662417.391999997
MEDNG,RF,locked_test,base_estimator_positive_class_probability,SEX_A,code_1,Unweighted,10,SEX_A,0.001890939337849481,2.381473069475557,2958,24662417.391999997
MEDNG,RF,locked_test,base_estimator_positive_class_probability,SEX_A,code_1,Unweighted,11,EDUCP_A,0.0018240470763795944,2.29722810399294,2958,24662417.391999997
MEDNG,RF,locked_test,base_estimator_positive_class_probability,SEX_A,code_1,Unweighted,12,HISPALLP_A,0.0010552108910078803,1.32894602658724,2958,24662417.391999997
MEDNG,RF,locked_test,base_estimator_positive_class_probability,SEX_A,code_1,WTFA_A,1,NOTCOV_A,0.01869615455353081,22.666454646786157,2958,24662417.391999997
MEDNG,RF,locked_test,base_estimator_positive_class_probability,SEX_A,code_1,WTFA_A,2,FDSCAT3_A,0.017735446572830483,21.50173150486941,2958,24662417.391999997
MEDNG,RF,locked_test,base_estimator_positive_class_probability,SEX_A,code_1,WTFA_A,3,AGEP_A,0.008372150998812415,10.150054139063004,2958,24662417.391999997
MEDNG,RF,locked_test,base_estimator_positive_class_probability,SEX_A,code_1,WTFA_A,4,EMPWRKLSW1_A,0.007210004598231295,8.741115279134558,2958,24662417.391999997
MEDNG,RF,locked_test,base_estimator_positive_class_probability,SEX_A,code_1,WTFA_A,5,PHSTAT_A,0.0065220321369114966,7.907045548479806,2958,24662417.391999997
MEDNG,RF,locked_test,base_estimator_positive_class_probability,SEX_A,code_1,WTFA_A,6,K6SPD_A,0.006256089523817478,7.584627579528807,2958,24662417.391999997
MEDNG,RF,locked_test,base_estimator_positive_class_probability,SEX_A,code_1,WTFA_A,7,RATCAT_A,0.005408751634393717,6.557349708770081,2958,24662417.391999997
MEDNG,RF,locked_test,base_estimator_positive_class_probability,SEX_A,code_1,WTFA_A,8,DISAB3_A,0.004518160415728208,5.477633267139816,2958,24662417.391999997
MEDNG,RF,locked_test,base_estimator_positive_class_probability,SEX_A,code_1,WTFA_A,9,CHRONIC_BURDEN_CAT,0.002710103936013292,3.285619391829484,2958,24662417.391999997
MEDNG,RF,locked_test,base_estimator_positive_class_probability,SEX_A,code_1,WTFA_A,10,SEX_A,0.0019835021752206724,2.4047170752528073,2958,24662417.391999997
MEDNG,RF,locked_test,base_estimator_positive_class_probability,SEX_A,code_1,WTFA_A,11,EDUCP_A,0.0018955122400159668,2.2980416693568677,2958,24662417.391999997
MEDNG,RF,locked_test,base_estimator_positive_class_probability,SEX_A,code_1,WTFA_A,12,HISPALLP_A,0.0011758975480166969,1.4256101897892126,2958,24662417.391999997
MEDNG,RF,locked_test,base_estimator_positive_class_probability,SEX_A,code_2,Unweighted,1,FDSCAT3_A,0.01903279103050221,22.835096647052914,3458,25582858.346
MEDNG,RF,locked_test,base_estimator_positive_class_probability,SEX_A,code_2,Unweighted,2,NOTCOV_A,0.01521059784552555,18.24931883639064,3458,25582858.346
MEDNG,RF,locked_test,base_estimator_positive_class_probability,SEX_A,code_2,Unweighted,3,AGEP_A,0.009648398578103809,11.575922504860017,3458,25582858.346
MEDNG,RF,locked_test,base_estimator_positive_class_probability,SEX_A,code_2,Unweighted,4,EMPWRKLSW1_A,0.008363775586046979,10.034661943987356,3458,25582858.346
MEDNG,RF,locked_test,base_estimator_positive_class_probability,SEX_A,code_2,Unweighted,5,K6SPD_A,0.007641674592383441,9.168302094146418,3458,25582858.346
MEDNG,RF,locked_test,base_estimator_positive_class_probability,SEX_A,code_2,Unweighted,6,PHSTAT_A,0.006240197517387722,7.486842743026131,3458,25582858.346
MEDNG,RF,locked_test,base_estimator_positive_class_probability,SEX_A,code_2,Unweighted,7,DISAB3_A,0.004997863814942131,5.996319880784229,3458,25582858.346
MEDNG,RF,locked_test,base_estimator_positive_class_probability,SEX_A,code_2,Unweighted,8,RATCAT_A,0.00498444042789909,5.9802148155855726,3458,25582858.346
MEDNG,RF,locked_test,base_estimator_positive_class_probability,SEX_A,code_2,Unweighted,9,CHRONIC_BURDEN_CAT,0.0024560864975090185,2.9467550215970735,3458,25582858.346
MEDNG,RF,locked_test,base_estimator_positive_class_probability,SEX_A,code_2,Unweighted,10,EDUCP_A,0.0018620313685628342,2.234021599503401,3458,25582858.346
MEDNG,RF,locked_test,base_estimator_positive_class_probability,SEX_A,code_2,Unweighted,11,SEX_A,0.0016567478297651176,1.9877272204508292,3458,25582858.346
MEDNG,RF,locked_test,base_estimator_positive_class_probability,SEX_A,code_2,Unweighted,12,HISPALLP_A,0.001254247446045173,1.5048166926154225,3458,25582858.346
MEDNG,RF,locked_test,base_estimator_positive_class_probability,SEX_A,code_2,WTFA_A,1,FDSCAT3_A,0.01982488338298509,23.080237296242778,3458,25582858.346
MEDNG,RF,locked_test,base_estimator_positive_class_probability,SEX_A,code_2,WTFA_A,2,NOTCOV_A,0.01717372824668892,19.993748035610615,3458,25582858.346
MEDNG,RF,locked_test,base_estimator_positive_class_probability,SEX_A,code_2,WTFA_A,3,AGEP_A,0.009057005365764561,10.544215014883722,3458,25582858.346
MEDNG,RF,locked_test,base_estimator_positive_class_probability,SEX_A,code_2,WTFA_A,4,EMPWRKLSW1_A,0.008141177364507016,9.47800306381069,3458,25582858.346
MEDNG,RF,locked_test,base_estimator_positive_class_probability,SEX_A,code_2,WTFA_A,5,K6SPD_A,0.007441184585489154,8.66306765494696,3458,25582858.346
MEDNG,RF,locked_test,base_estimator_positive_class_probability,SEX_A,code_2,WTFA_A,6,PHSTAT_A,0.006545515694918966,7.6203250504197335,3458,25582858.346
MEDNG,RF,locked_test,base_estimator_positive_class_probability,SEX_A,code_2,WTFA_A,7,RATCAT_A,0.005075912173138682,5.90940461982622,3458,25582858.346
MEDNG,RF,locked_test,base_estimator_positive_class_probability,SEX_A,code_2,WTFA_A,8,DISAB3_A,0.00494529813189677,5.7573430410594115,3458,25582858.346
MEDNG,RF,locked_test,base_estimator_positive_class_probability,SEX_A,code_2,WTFA_A,9,CHRONIC_BURDEN_CAT,0.002662782803748218,3.1000262544601,3458,25582858.346
MEDNG,RF,locked_test,base_estimator_positive_class_probability,SEX_A,code_2,WTFA_A,10,EDUCP_A,0.0019352059191837998,2.2529772795632144,3458,25582858.346
MEDNG,RF,locked_test,base_estimator_positive_class_probability,SEX_A,code_2,WTFA_A,11,SEX_A,0.0017450530843351392,2.031600312744481,3458,25582858.346
MEDNG,RF,locked_test,base_estimator_positive_class_probability,SEX_A,code_2,WTFA_A,12,HISPALLP_A,0.001347745258651444,1.569052376432071,3458,25582858.346
MEDNG,RF,locked_test,base_estimator_positive_class_probability,AGE_GROUP,18-34,Unweighted,1,FDSCAT3_A,0.022327327714252016,23.87231261991625,1295,14117624.929
MEDNG,RF,locked_test,base_estimator_positive_class_probability,AGE_GROUP,18-34,Unweighted,2,NOTCOV_A,0.022207026802874803,23.74368724201111,1295,14117624.929
MEDNG,RF,locked_test,base_estimator_positive_class_probability,AGE_GROUP,18-34,Unweighted,3,K6SPD_A,0.008513057023823394,9.102135339472897,1295,14117624.929
MEDNG,RF,locked_test,base_estimator_positive_class_probability,AGE_GROUP,18-34,Unweighted,4,AGEP_A,0.0077495539889758085,8.285800157430401,1295,14117624.929
MEDNG,RF,locked_test,base_estimator_positive_class_probability,AGE_GROUP,18-34,Unweighted,5,EMPWRKLSW1_A,0.007231867931886482,7.732291759471984,1295,14117624.929
MEDNG,RF,locked_test,base_estimator_positive_class_probability,AGE_GROUP,18-34,Unweighted,6,PHSTAT_A,0.007021366286327708,7.507224023910501,1295,14117624.929
MEDNG,RF,locked_test,base_estimator_positive_class_probability,AGE_GROUP,18-34,Unweighted,7,RATCAT_A,0.005374511087273346,5.746411325915075,1295,14117624.929
MEDNG,RF,locked_test,base_estimator_positive_class_probability,AGE_GROUP,18-34,Unweighted,8,DISAB3_A,0.004561409746638699,4.87704578232102,1295,14117624.929
MEDNG,RF,locked_test,base_estimator_positive_class_probability,AGE_GROUP,18-34,Unweighted,9,CHRONIC_BURDEN_CAT,0.002991048744514702,3.198020452975425,1295,14117624.929
MEDNG,RF,locked_test,base_estimator_positive_class_probability,AGE_GROUP,18-34,Unweighted,10,SEX_A,0.0021641629349073155,2.3139165960091557,1295,14117624.929
MEDNG,RF,locked_test,base_estimator_positive_class_probability,AGE_GROUP,18-34,Unweighted,11,EDUCP_A,0.001955226361343051,2.090522230785751,1295,14117624.929
MEDNG,RF,locked_test,base_estimator_positive_class_probability,AGE_GROUP,18-34,Unweighted,12,HISPALLP_A,0.0014315719346918673,1.5306324697804292,1295,14117624.929
MEDNG,RF,locked_test,base_estimator_positive_class_probability,AGE_GROUP,18-34,WTFA_A,1,FDSCAT3_A,0.02213808704934575,23.81356063470203,1295,14117624.929
MEDNG,RF,locked_test,base_estimator_positive_class_probability,AGE_GROUP,18-34,WTFA_A,2,NOTCOV_A,0.02213112811059082,23.806075023609065,1295,14117624.929
MEDNG,RF,locked_test,base_estimator_positive_class_probability,AGE_GROUP,18-34,WTFA_A,3,K6SPD_A,0.008365904538060664,8.99906006048179,1295,14117624.929
MEDNG,RF,locked_test,base_estimator_positive_class_probability,AGE_GROUP,18-34,WTFA_A,4,AGEP_A,0.007557125609614438,8.129070435375825,1295,14117624.929
MEDNG,RF,locked_test,base_estimator_positive_class_probability,AGE_GROUP,18-34,WTFA_A,5,EMPWRKLSW1_A,0.0071832284585061695,7.7268756811853425,1295,14117624.929
MEDNG,RF,locked_test,base_estimator_positive_class_probability,AGE_GROUP,18-34,WTFA_A,6,PHSTAT_A,0.007051850114125184,7.585554248894028,1295,14117624.929
MEDNG,RF,locked_test,base_estimator_positive_class_probability,AGE_GROUP,18-34,WTFA_A,7,RATCAT_A,0.0052712164727954074,5.670157173641762,1295,14117624.929
MEDNG,RF,locked_test,base_estimator_positive_class_probability,AGE_GROUP,18-34,WTFA_A,8,DISAB3_A,0.004693080417959688,5.048266132819213,1295,14117624.929
MEDNG,RF,locked_test,base_estimator_positive_class_probability,AGE_GROUP,18-34,WTFA_A,9,CHRONIC_BURDEN_CAT,0.0029047552127947364,3.124595374237564,1295,14117624.929
MEDNG,RF,locked_test,base_estimator_positive_class_probability,AGE_GROUP,18-34,WTFA_A,10,SEX_A,0.0021685849769134463,2.3327096746942475,1295,14117624.929
MEDNG,RF,locked_test,base_estimator_positive_class_probability,AGE_GROUP,18-34,WTFA_A,11,EDUCP_A,0.002080090008764048,2.237517154889154,1295,14117624.929
MEDNG,RF,locked_test,base_estimator_positive_class_probability,AGE_GROUP,18-34,WTFA_A,12,HISPALLP_A,0.0014191528677554332,1.526558405469999,1295,14117624.929
MEDNG,RF,locked_test,base_estimator_positive_class_probability,AGE_GROUP,35-49,Unweighted,1,FDSCAT3_A,0.020427130558742675,23.120134558610708,1422,12564871.543
MEDNG,RF,locked_test,base_estimator_positive_class_probability,AGE_GROUP,35-49,Unweighted,2,NOTCOV_A,0.018676429709617137,21.13863064217675,1422,12564871.543
MEDNG,RF,locked_test,base_estimator_positive_class_probability,AGE_GROUP,35-49,Unweighted,3,AGEP_A,0.008508495708742481,9.630210425873749,1422,12564871.543
MEDNG,RF,locked_test,base_estimator_positive_class_probability,AGE_GROUP,35-49,Unweighted,4,K6SPD_A,0.0075018659045142985,8.4908719144007,1422,12564871.543
MEDNG,RF,locked_test,base_estimator_positive_class_probability,AGE_GROUP,35-49,Unweighted,5,EMPWRKLSW1_A,0.007318171348297968,8.282960047132189,1422,12564871.543
MEDNG,RF,locked_test,base_estimator_positive_class_probability,AGE_GROUP,35-49,Unweighted,6,PHSTAT_A,0.007106060320404253,8.042885432042942,1422,12564871.543
MEDNG,RF,locked_test,base_estimator_positive_class_probability,AGE_GROUP,35-49,Unweighted,7,RATCAT_A,0.005992980584377891,6.7830631972269915,1422,12564871.543
MEDNG,RF,locked_test,base_estimator_positive_class_probability,AGE_GROUP,35-49,Unweighted,8,DISAB3_A,0.004619164795460655,5.228130858239412,1422,12564871.543
MEDNG,RF,locked_test,base_estimator_positive_class_probability,AGE_GROUP,35-49,Unweighted,9,CHRONIC_BURDEN_CAT,0.002899027356865101,3.2812196694522053,1422,12564871.543
MEDNG,RF,locked_test,base_estimator_positive_class_probability,AGE_GROUP,35-49,Unweighted,10,SEX_A,0.002049856908268195,2.320099115672148,1422,12564871.543
MEDNG,RF,locked_test,base_estimator_positive_class_probability,AGE_GROUP,35-49,Unweighted,11,EDUCP_A,0.0019289923434459878,2.1833004109288936,1422,12564871.543
MEDNG,RF,locked_test,base_estimator_positive_class_probability,AGE_GROUP,35-49,Unweighted,12,HISPALLP_A,0.001323951076092804,1.4984937282433057,1422,12564871.543
MEDNG,RF,locked_test,base_estimator_positive_class_probability,AGE_GROUP,35-49,WTFA_A,1,FDSCAT3_A,0.020885599564664833,23.109073838725966,1422,12564871.543
MEDNG,RF,locked_test,base_estimator_positive_class_probability,AGE_GROUP,35-49,WTFA_A,2,NOTCOV_A,0.01998595523279559,22.113653657974684,1422,12564871.543
MEDNG,RF,locked_test,base_estimator_positive_class_probability,AGE_GROUP,35-49,WTFA_A,3,AGEP_A,0.008556398326519369,9.46730976570174,1422,12564871.543
MEDNG,RF,locked_test,base_estimator_positive_class_probability,AGE_GROUP,35-49,WTFA_A,4,K6SPD_A,0.0075072850863184834,8.306508264268933,1422,12564871.543
MEDNG,RF,locked_test,base_estimator_positive_class_probability,AGE_GROUP,35-49,WTFA_A,5,EMPWRKLSW1_A,0.0073624736860340165,8.146280288457087,1422,12564871.543
MEDNG,RF,locked_test,base_estimator_positive_class_probability,AGE_GROUP,35-49,WTFA_A,6,PHSTAT_A,0.007249239572602072,8.020991307393377,1422,12564871.543
MEDNG,RF,locked_test,base_estimator_positive_class_probability,AGE_GROUP,35-49,WTFA_A,7,RATCAT_A,0.005897987501198125,6.5258853710699105,1422,12564871.543
MEDNG,RF,locked_test,base_estimator_positive_class_probability,AGE_GROUP,35-49,WTFA_A,8,DISAB3_A,0.004544648265620795,5.028470071740276,1422,12564871.543
MEDNG,RF,locked_test,base_estimator_positive_class_probability,AGE_GROUP,35-49,WTFA_A,9,CHRONIC_BURDEN_CAT,0.0029912366994101322,3.3096828052149334,1422,12564871.543
MEDNG,RF,locked_test,base_estimator_positive_class_probability,AGE_GROUP,35-49,WTFA_A,10,SEX_A,0.0020692908556630258,2.289586900738068,1422,12564871.543
MEDNG,RF,locked_test,base_estimator_positive_class_probability,AGE_GROUP,35-49,WTFA_A,11,EDUCP_A,0.001959401382416437,2.167998629188016,1422,12564871.543
MEDNG,RF,locked_test,base_estimator_positive_class_probability,AGE_GROUP,35-49,WTFA_A,12,HISPALLP_A,0.0013688335192702991,1.514559099527009,1422,12564871.543
MEDNG,RF,locked_test,base_estimator_positive_class_probability,AGE_GROUP,50-64,Unweighted,1,FDSCAT3_A,0.018973305811043277,23.10438400899868,1524,11722892.652
MEDNG,RF,locked_test,base_estimator_positive_class_probability,AGE_GROUP,50-64,Unweighted,2,NOTCOV_A,0.017496775902175722,21.306367661452548,1524,11722892.652
MEDNG,RF,locked_test,base_estimator_positive_class_probability,AGE_GROUP,50-64,Unweighted,3,EMPWRKLSW1_A,0.007738730486595834,9.423692564971303,1524,11722892.652
MEDNG,RF,locked_test,base_estimator_positive_class_probability,AGE_GROUP,50-64,Unweighted,4,K6SPD_A,0.006845585087561299,8.33608166149061,1524,11722892.652
MEDNG,RF,locked_test,base_estimator_positive_class_probability,AGE_GROUP,50-64,Unweighted,5,PHSTAT_A,0.00665041920865843,8.098422106717551,1524,11722892.652
MEDNG,RF,locked_test,base_estimator_positive_class_probability,AGE_GROUP,50-64,Unweighted,6,RATCAT_A,0.005684505918246681,6.922199480922993,1524,11722892.652
MEDNG,RF,locked_test,base_estimator_positive_class_probability,AGE_GROUP,50-64,Unweighted,7,AGEP_A,0.005494230067601104,6.6904946654977575,1524,11722892.652
MEDNG,RF,locked_test,base_estimator_positive_class_probability,AGE_GROUP,50-64,Unweighted,8,DISAB3_A,0.005288728403297005,6.4402489036966335,1524,11722892.652
MEDNG,RF,locked_test,base_estimator_positive_class_probability,AGE_GROUP,50-64,Unweighted,9,CHRONIC_BURDEN_CAT,0.0029423083344534795,3.5829402798390095,1524,11722892.652
MEDNG,RF,locked_test,base_estimator_positive_class_probability,AGE_GROUP,50-64,Unweighted,10,EDUCP_A,0.0019673016479800185,2.395644343117609,1524,11722892.652
MEDNG,RF,locked_test,base_estimator_positive_class_probability,AGE_GROUP,50-64,Unweighted,11,SEX_A,0.0018490154525615042,2.2516035676654926,1524,11722892.652
MEDNG,RF,locked_test,base_estimator_positive_class_probability,AGE_GROUP,50-64,Unweighted,12,HISPALLP_A,0.0011890316260334795,1.4479207556298295,1524,11722892.652
MEDNG,RF,locked_test,base_estimator_positive_class_probability,AGE_GROUP,50-64,WTFA_A,1,NOTCOV_A,0.019043667989452732,23.324437844451342,1524,11722892.652
MEDNG,RF,locked_test,base_estimator_positive_class_probability,AGE_GROUP,50-64,WTFA_A,2,FDSCAT3_A,0.018075420664868946,22.138541064859364,1524,11722892.652
MEDNG,RF,locked_test,base_estimator_positive_class_probability,AGE_GROUP,50-64,WTFA_A,3,EMPWRKLSW1_A,0.007447147063759447,9.121169246562635,1524,11722892.652
MEDNG,RF,locked_test,base_estimator_positive_class_probability,AGE_GROUP,50-64,WTFA_A,4,PHSTAT_A,0.006685179775879402,8.187921583585812,1524,11722892.652
MEDNG,RF,locked_test,base_estimator_positive_class_probability,AGE_GROUP,50-64,WTFA_A,5,K6SPD_A,0.00596582704458534,7.306867677447701,1524,11722892.652
MEDNG,RF,locked_test,base_estimator_positive_class_probability,AGE_GROUP,50-64,WTFA_A,6,RATCAT_A,0.00569940747211417,6.980560436526952,1524,11722892.652
MEDNG,RF,locked_test,base_estimator_positive_class_probability,AGE_GROUP,50-64,WTFA_A,7,AGEP_A,0.005624892463293227,6.889295419058394,1524,11722892.652
MEDNG,RF,locked_test,base_estimator_positive_class_probability,AGE_GROUP,50-64,WTFA_A,8,DISAB3_A,0.004975434856799707,6.09384815629084,1524,11722892.652
MEDNG,RF,locked_test,base_estimator_positive_class_probability,AGE_GROUP,50-64,WTFA_A,9,CHRONIC_BURDEN_CAT,0.003091114780580749,3.785957338137382,1524,11722892.652
MEDNG,RF,locked_test,base_estimator_positive_class_probability,AGE_GROUP,50-64,WTFA_A,10,EDUCP_A,0.0019372279605066537,2.3726917094120785,1524,11722892.652
MEDNG,RF,locked_test,base_estimator_positive_class_probability,AGE_GROUP,50-64,WTFA_A,11,SEX_A,0.0018493438185122224,2.265052350828567,1524,11722892.652
MEDNG,RF,locked_test,base_estimator_positive_class_probability,AGE_GROUP,50-64,WTFA_A,12,HISPALLP_A,0.0012521827194277148,1.5336571728389554,1524,11722892.652
MEDNG,RF,locked_test,base_estimator_positive_class_probability,AGE_GROUP,65+,Unweighted,1,FDSCAT3_A,0.013416078945675376,19.295112371157675,2162,11756469.43
MEDNG,RF,locked_test,base_estimator_positive_class_probability,AGE_GROUP,65+,Unweighted,2,AGEP_A,0.01340426762695948,19.278125237823296,2162,11756469.43
MEDNG,RF,locked_test,base_estimator_positive_class_probability,AGE_GROUP,65+,Unweighted,3,NOTCOV_A,0.009222925842784748,13.264485938698932,2162,11756469.43
MEDNG,RF,locked_test,base_estimator_positive_class_probability,AGE_GROUP,65+,Unweighted,4,EMPWRKLSW1_A,0.008918497836731007,12.826655138096207,2162,11756469.43
MEDNG,RF,locked_test,base_estimator_positive_class_probability,AGE_GROUP,65+,Unweighted,5,K6SPD_A,0.005560409676349751,7.997025805324816,2162,11756469.43
MEDNG,RF,locked_test,base_estimator_positive_class_probability,AGE_GROUP,65+,Unweighted,6,PHSTAT_A,0.004878455856734322,7.016234350928861,2162,11756469.43
MEDNG,RF,locked_test,base_estimator_positive_class_probability,AGE_GROUP,65+,Unweighted,7,DISAB3_A,0.0046469951676780565,6.683345731017613,2162,11756469.43
MEDNG,RF,locked_test,base_estimator_positive_class_probability,AGE_GROUP,65+,Unweighted,8,RATCAT_A,0.004040800182223581,5.811511239692802,2162,11756469.43
MEDNG,RF,locked_test,base_estimator_positive_class_probability,AGE_GROUP,65+,Unweighted,9,CHRONIC_BURDEN_CAT,0.0016457922169761054,2.3669915699450335,2162,11756469.43
MEDNG,RF,locked_test,base_estimator_positive_class_probability,AGE_GROUP,65+,Unweighted,10,EDUCP_A,0.0016399315210158796,2.3585626699971693,2162,11756469.43
MEDNG,RF,locked_test,base_estimator_positive_class_probability,AGE_GROUP,65+,Unweighted,11,SEX_A,0.001278503958323483,1.838754649753564,2162,11756469.43
MEDNG,RF,locked_test,base_estimator_positive_class_probability,AGE_GROUP,65+,Unweighted,12,HISPALLP_A,0.0008783119533036416,1.2631952975640177,2162,11756469.43
MEDNG,RF,locked_test,base_estimator_positive_class_probability,AGE_GROUP,65+,WTFA_A,1,AGEP_A,0.013372215497560699,19.15685308427781,2162,11756469.43
MEDNG,RF,locked_test,base_estimator_positive_class_probability,AGE_GROUP,65+,WTFA_A,2,FDSCAT3_A,0.013367636401754939,19.15029313423619,2162,11756469.43
MEDNG,RF,locked_test,base_estimator_positive_class_probability,AGE_GROUP,65+,WTFA_A,3,NOTCOV_A,0.009562821421375592,13.699567216359494,2162,11756469.43
MEDNG,RF,locked_test,base_estimator_positive_class_probability,AGE_GROUP,65+,WTFA_A,4,EMPWRKLSW1_A,0.008867390353575645,12.703302177217985,2162,11756469.43
MEDNG,RF,locked_test,base_estimator_positive_class_probability,AGE_GROUP,65+,WTFA_A,5,K6SPD_A,0.005265582678565653,7.543401749306303,2162,11756469.43
MEDNG,RF,locked_test,base_estimator_positive_class_probability,AGE_GROUP,65+,WTFA_A,6,PHSTAT_A,0.005021281887525342,7.193419776372513,2162,11756469.43
MEDNG,RF,locked_test,base_estimator_positive_class_probability,AGE_GROUP,65+,WTFA_A,7,DISAB3_A,0.0046993177395153645,6.7321783401305595,2162,11756469.43
MEDNG,RF,locked_test,base_estimator_positive_class_probability,AGE_GROUP,65+,WTFA_A,8,RATCAT_A,0.004030280438663576,5.773724650638535,2162,11756469.43
MEDNG,RF,locked_test,base_estimator_positive_class_probability,AGE_GROUP,65+,WTFA_A,9,CHRONIC_BURDEN_CAT,0.001697090016242817,2.431227953056005,2162,11756469.43
MEDNG,RF,locked_test,base_estimator_positive_class_probability,AGE_GROUP,65+,WTFA_A,10,EDUCP_A,0.0016564700411959975,2.3730363321984966,2162,11756469.43
MEDNG,RF,locked_test,base_estimator_positive_class_probability,AGE_GROUP,65+,WTFA_A,11,SEX_A,0.001286740722670601,1.8433671657665618,2162,11756469.43
MEDNG,RF,locked_test,base_estimator_positive_class_probability,AGE_GROUP,65+,WTFA_A,12,HISPALLP_A,0.0009769941217531546,1.3996284204395542,2162,11756469.43
MEDNG,XGBoost,locked_test,base_estimator_raw_margin_log_odds,HISPALLP_A,code_1,Unweighted,1,HISPALLP_A,0.6471158372581921,18.061640345367337,935,9073456.936
MEDNG,XGBoost,locked_test,base_estimator_raw_margin_log_odds,HISPALLP_A,code_1,Unweighted,2,K6SPD_A,0.573438790836496,16.005241417138567,935,9073456.936
MEDNG,XGBoost,locked_test,base_estimator_raw_margin_log_odds,HISPALLP_A,code_1,Unweighted,3,NOTCOV_A,0.5278992119210368,14.734186918865918,935,9073456.936
MEDNG,XGBoost,locked_test,base_estimator_raw_margin_log_odds,HISPALLP_A,code_1,Unweighted,4,FDSCAT3_A,0.49164596803008237,13.722323176996083,935,9073456.936
MEDNG,XGBoost,locked_test,base_estimator_raw_margin_log_odds,HISPALLP_A,code_1,Unweighted,5,CHRONIC_BURDEN_CAT,0.3515057334467211,9.810871209316648,935,9073456.936
MEDNG,XGBoost,locked_test,base_estimator_raw_margin_log_odds,HISPALLP_A,code_1,Unweighted,6,DISAB3_A,0.2407997877551193,6.720959233668786,935,9073456.936
MEDNG,XGBoost,locked_test,base_estimator_raw_margin_log_odds,HISPALLP_A,code_1,Unweighted,7,RATCAT_A,0.19741908377310372,5.510161061008098,935,9073456.936
MEDNG,XGBoost,locked_test,base_estimator_raw_margin_log_odds,HISPALLP_A,code_1,Unweighted,8,AGEP_A,0.18496930555310998,5.162675489426582,935,9073456.936
MEDNG,XGBoost,locked_test,base_estimator_raw_margin_log_odds,HISPALLP_A,code_1,Unweighted,9,PHSTAT_A,0.14741000512385752,4.114358423271869,935,9073456.936
MEDNG,XGBoost,locked_test,base_estimator_raw_margin_log_odds,HISPALLP_A,code_1,Unweighted,10,EDUCP_A,0.11026538593774253,3.077615519021851,935,9073456.936
MEDNG,XGBoost,locked_test,base_estimator_raw_margin_log_odds,HISPALLP_A,code_1,Unweighted,11,EMPWRKLSW1_A,0.07500490508774385,2.0934607713714897,935,9073456.936
MEDNG,XGBoost,locked_test,base_estimator_raw_margin_log_odds,HISPALLP_A,code_1,Unweighted,12,SEX_A,0.035344737529117154,0.9865064345467615,935,9073456.936
MEDNG,XGBoost,locked_test,base_estimator_raw_margin_log_odds,HISPALLP_A,code_1,WTFA_A,1,HISPALLP_A,0.6550222044506918,18.255396063036418,935,9073456.936
MEDNG,XGBoost,locked_test,base_estimator_raw_margin_log_odds,HISPALLP_A,code_1,WTFA_A,2,K6SPD_A,0.572359181073393,15.95158678563012,935,9073456.936
MEDNG,XGBoost,locked_test,base_estimator_raw_margin_log_odds,HISPALLP_A,code_1,WTFA_A,3,NOTCOV_A,0.5209407738246943,14.51856148835387,935,9073456.936
MEDNG,XGBoost,locked_test,base_estimator_raw_margin_log_odds,HISPALLP_A,code_1,WTFA_A,4,FDSCAT3_A,0.4830335172783006,13.462090460019988,935,9073456.936
MEDNG,XGBoost,locked_test,base_estimator_raw_margin_log_odds,HISPALLP_A,code_1,WTFA_A,5,CHRONIC_BURDEN_CAT,0.34157647116532763,9.51969830116926,935,9073456.936
MEDNG,XGBoost,locked_test,base_estimator_raw_margin_log_odds,HISPALLP_A,code_1,WTFA_A,6,DISAB3_A,0.24413832291922014,6.804107935231595,935,9073456.936
MEDNG,XGBoost,locked_test,base_estimator_raw_margin_log_odds,HISPALLP_A,code_1,WTFA_A,7,AGEP_A,0.20170436485115867,5.6214782384194555,935,9073456.936
MEDNG,XGBoost,locked_test,base_estimator_raw_margin_log_odds,HISPALLP_A,code_1,WTFA_A,8,RATCAT_A,0.19695689855713422,5.489166880263266,935,9073456.936
MEDNG,XGBoost,locked_test,base_estimator_raw_margin_log_odds,HISPALLP_A,code_1,WTFA_A,9,PHSTAT_A,0.15094808351997618,4.206906316900133,935,9073456.936
MEDNG,XGBoost,locked_test,base_estimator_raw_margin_log_odds,HISPALLP_A,code_1,WTFA_A,10,EDUCP_A,0.11374961611026269,3.1701891630568526,935,9073456.936
MEDNG,XGBoost,locked_test,base_estimator_raw_margin_log_odds,HISPALLP_A,code_1,WTFA_A,11,EMPWRKLSW1_A,0.07122267482458577,1.984968034300494,935,9073456.936
MEDNG,XGBoost,locked_test,base_estimator_raw_margin_log_odds,HISPALLP_A,code_1,WTFA_A,12,SEX_A,0.03644974464652137,1.0158503336185434,935,9073456.936
MEDNG,XGBoost,locked_test,base_estimator_raw_margin_log_odds,HISPALLP_A,code_2,Unweighted,1,HISPALLP_A,0.5969158419930868,16.238101401612568,4242,30279142.281999998
MEDNG,XGBoost,locked_test,base_estimator_raw_margin_log_odds,HISPALLP_A,code_2,Unweighted,2,K6SPD_A,0.5703763231421694,15.516137989128373,4242,30279142.281999998
MEDNG,XGBoost,locked_test,base_estimator_raw_margin_log_odds,HISPALLP_A,code_2,Unweighted,3,NOTCOV_A,0.544514346895902,14.81260599485128,4242,30279142.281999998
MEDNG,XGBoost,locked_test,base_estimator_raw_margin_log_odds,HISPALLP_A,code_2,Unweighted,4,FDSCAT3_A,0.5355633707055782,14.569109594191874,4242,30279142.281999998
MEDNG,XGBoost,locked_test,base_estimator_raw_margin_log_odds,HISPALLP_A,code_2,Unweighted,5,CHRONIC_BURDEN_CAT,0.4149354931027688,11.287629072858323,4242,30279142.281999998
MEDNG,XGBoost,locked_test,base_estimator_raw_margin_log_odds,HISPALLP_A,code_2,Unweighted,6,DISAB3_A,0.2238457751640842,6.089351529522757,4242,30279142.281999998
MEDNG,XGBoost,locked_test,base_estimator_raw_margin_log_odds,HISPALLP_A,code_2,Unweighted,7,AGEP_A,0.2059471909118024,5.602450352526983,4242,30279142.281999998
MEDNG,XGBoost,locked_test,base_estimator_raw_margin_log_odds,HISPALLP_A,code_2,Unweighted,8,RATCAT_A,0.1976098593672187,5.375647132515641,4242,30279142.281999998
MEDNG,XGBoost,locked_test,base_estimator_raw_margin_log_odds,HISPALLP_A,code_2,Unweighted,9,PHSTAT_A,0.16843965306583017,4.5821202489832205,4242,30279142.281999998
MEDNG,XGBoost,locked_test,base_estimator_raw_margin_log_odds,HISPALLP_A,code_2,Unweighted,10,EDUCP_A,0.09398424206721455,2.556684787834474,4242,30279142.281999998
MEDNG,XGBoost,locked_test,base_estimator_raw_margin_log_odds,HISPALLP_A,code_2,Unweighted,11,EMPWRKLSW1_A,0.08792144402366295,2.3917564638014364,4242,30279142.281999998
MEDNG,XGBoost,locked_test,base_estimator_raw_margin_log_odds,HISPALLP_A,code_2,Unweighted,12,SEX_A,0.0359663785754043,0.9784054321730746,4242,30279142.281999998
MEDNG,XGBoost,locked_test,base_estimator_raw_margin_log_odds,HISPALLP_A,code_2,WTFA_A,1,HISPALLP_A,0.6208141507376826,17.036642804847165,4242,30279142.281999998
MEDNG,XGBoost,locked_test,base_estimator_raw_margin_log_odds,HISPALLP_A,code_2,WTFA_A,2,K6SPD_A,0.5714516742840509,15.682016982765115,4242,30279142.281999998
MEDNG,XGBoost,locked_test,base_estimator_raw_margin_log_odds,HISPALLP_A,code_2,WTFA_A,3,NOTCOV_A,0.5348743226212654,14.678245927795293,4242,30279142.281999998
MEDNG,XGBoost,locked_test,base_estimator_raw_margin_log_odds,HISPALLP_A,code_2,WTFA_A,4,FDSCAT3_A,0.5141078385609639,14.108363345660981,4242,30279142.281999998
MEDNG,XGBoost,locked_test,base_estimator_raw_margin_log_odds,HISPALLP_A,code_2,WTFA_A,5,CHRONIC_BURDEN_CAT,0.38532244153367834,10.574180361869159,4242,30279142.281999998
MEDNG,XGBoost,locked_test,base_estimator_raw_margin_log_odds,HISPALLP_A,code_2,WTFA_A,6,DISAB3_A,0.23232168572513034,6.375469326554385,4242,30279142.281999998
MEDNG,XGBoost,locked_test,base_estimator_raw_margin_log_odds,HISPALLP_A,code_2,WTFA_A,7,AGEP_A,0.2080457198267167,5.709278069054076,4242,30279142.281999998
MEDNG,XGBoost,locked_test,base_estimator_raw_margin_log_odds,HISPALLP_A,code_2,WTFA_A,8,RATCAT_A,0.19679755208272035,5.400601123086004,4242,30279142.281999998
MEDNG,XGBoost,locked_test,base_estimator_raw_margin_log_odds,HISPALLP_A,code_2,WTFA_A,9,PHSTAT_A,0.16126393435141698,4.42547265326478,4242,30279142.281999998
MEDNG,XGBoost,locked_test,base_estimator_raw_margin_log_odds,HISPALLP_A,code_2,WTFA_A,10,EDUCP_A,0.10175510614658596,2.7924063826972754,4242,30279142.281999998
MEDNG,XGBoost,locked_test,base_estimator_raw_margin_log_odds,HISPALLP_A,code_2,WTFA_A,11,EMPWRKLSW1_A,0.08100373319854601,2.222938486055682,4242,30279142.281999998
MEDNG,XGBoost,locked_test,base_estimator_raw_margin_log_odds,HISPALLP_A,code_2,WTFA_A,12,SEX_A,0.03623530753754039,0.994384536350084,4242,30279142.281999998
MEDNG,XGBoost,locked_test,base_estimator_raw_margin_log_odds,HISPALLP_A,code_3,Unweighted,1,HISPALLP_A,0.6122297204391502,16.80714500335086,670,6129295.214
MEDNG,XGBoost,locked_test,base_estimator_raw_margin_log_odds,HISPALLP_A,code_3,Unweighted,2,K6SPD_A,0.5719778348962818,15.702136124507138,670,6129295.214
MEDNG,XGBoost,locked_test,base_estimator_raw_margin_log_odds,HISPALLP_A,code_3,Unweighted,3,NOTCOV_A,0.541965553739956,14.878228456460766,670,6129295.214
MEDNG,XGBoost,locked_test,base_estimator_raw_margin_log_odds,HISPALLP_A,code_3,Unweighted,4,FDSCAT3_A,0.5234094870596457,14.368820806070785,670,6129295.214
MEDNG,XGBoost,locked_test,base_estimator_raw_margin_log_odds,HISPALLP_A,code_3,Unweighted,5,CHRONIC_BURDEN_CAT,0.3921385801438965,10.765125830805934,670,6129295.214
MEDNG,XGBoost,locked_test,base_estimator_raw_margin_log_odds,HISPALLP_A,code_3,Unweighted,6,DISAB3_A,0.22887326795190796,6.283109220995125,670,6129295.214
MEDNG,XGBoost,locked_test,base_estimator_raw_margin_log_odds,HISPALLP_A,code_3,Unweighted,7,RATCAT_A,0.20461177402731975,5.617074180919024,670,6129295.214
MEDNG,XGBoost,locked_test,base_estimator_raw_margin_log_odds,HISPALLP_A,code_3,Unweighted,8,AGEP_A,0.1911081591902523,5.246368210497991,670,6129295.214
MEDNG,XGBoost,locked_test,base_estimator_raw_margin_log_odds,HISPALLP_A,code_3,Unweighted,9,PHSTAT_A,0.15871103467113937,4.3569909860571805,670,6129295.214
MEDNG,XGBoost,locked_test,base_estimator_raw_margin_log_odds,HISPALLP_A,code_3,Unweighted,10,EDUCP_A,0.09875343821546646,2.711014020156115,670,6129295.214
MEDNG,XGBoost,locked_test,base_estimator_raw_margin_log_odds,HISPALLP_A,code_3,Unweighted,11,EMPWRKLSW1_A,0.08459548478695883,2.3223449172368182,670,6129295.214
MEDNG,XGBoost,locked_test,base_estimator_raw_margin_log_odds,HISPALLP_A,code_3,Unweighted,12,SEX_A,0.03430096944099042,0.9416422429422575,670,6129295.214
MEDNG,XGBoost,locked_test,base_estimator_raw_margin_log_odds,HISPALLP_A,code_3,WTFA_A,1,HISPALLP_A,0.6392897437378324,17.644195798915792,670,6129295.214
MEDNG,XGBoost,locked_test,base_estimator_raw_margin_log_odds,HISPALLP_A,code_3,WTFA_A,2,K6SPD_A,0.5726395635341717,15.804671794243703,670,6129295.214
MEDNG,XGBoost,locked_test,base_estimator_raw_margin_log_odds,HISPALLP_A,code_3,WTFA_A,3,NOTCOV_A,0.5285540198658821,14.5879246588416,670,6129295.214
MEDNG,XGBoost,locked_test,base_estimator_raw_margin_log_odds,HISPALLP_A,code_3,WTFA_A,4,FDSCAT3_A,0.4977601527919882,13.73802361572337,670,6129295.214
MEDNG,XGBoost,locked_test,base_estimator_raw_margin_log_odds,HISPALLP_A,code_3,WTFA_A,5,CHRONIC_BURDEN_CAT,0.36826481514174114,10.163993037368483,670,6129295.214
MEDNG,XGBoost,locked_test,base_estimator_raw_margin_log_odds,HISPALLP_A,code_3,WTFA_A,6,DISAB3_A,0.239068202808481,6.5982071837798575,670,6129295.214
MEDNG,XGBoost,locked_test,base_estimator_raw_margin_log_odds,HISPALLP_A,code_3,WTFA_A,7,AGEP_A,0.20615510005393933,5.689815902612802,670,6129295.214
MEDNG,XGBoost,locked_test,base_estimator_raw_margin_log_odds,HISPALLP_A,code_3,WTFA_A,8,RATCAT_A,0.1964516554283154,5.42200388376606,670,6129295.214
MEDNG,XGBoost,locked_test,base_estimator_raw_margin_log_odds,HISPALLP_A,code_3,WTFA_A,9,PHSTAT_A,0.15449764725845483,4.264086457513869,670,6129295.214
MEDNG,XGBoost,locked_test,base_estimator_raw_margin_log_odds,HISPALLP_A,code_3,WTFA_A,10,EDUCP_A,0.10940915126032066,3.0196581533489284,670,6129295.214
MEDNG,XGBoost,locked_test,base_estimator_raw_margin_log_odds,HISPALLP_A,code_3,WTFA_A,11,EMPWRKLSW1_A,0.0744392790088303,2.0545006811505293,670,6129295.214
MEDNG,XGBoost,locked_test,base_estimator_raw_margin_log_odds,HISPALLP_A,code_3,WTFA_A,12,SEX_A,0.03670037605489337,1.0129188327349952,670,6129295.214
MEDNG,XGBoost,locked_test,base_estimator_raw_margin_log_odds,HISPALLP_A,code_4,Unweighted,1,HISPALLP_A,0.6529265853999581,18.128215103234595,384,3311289.384
MEDNG,XGBoost,locked_test,base_estimator_raw_margin_log_odds,HISPALLP_A,code_4,Unweighted,2,K6SPD_A,0.5766814281632833,16.011302357034026,384,3311289.384
MEDNG,XGBoost,locked_test,base_estimator_raw_margin_log_odds,HISPALLP_A,code_4,Unweighted,3,NOTCOV_A,0.5339002387384729,14.823501735023639,384,3311289.384
MEDNG,XGBoost,locked_test,base_estimator_raw_margin_log_odds,HISPALLP_A,code_4,Unweighted,4,FDSCAT3_A,0.5005435590816584,13.897368418552832,384,3311289.384
MEDNG,XGBoost,locked_test,base_estimator_raw_margin_log_odds,HISPALLP_A,code_4,Unweighted,5,CHRONIC_BURDEN_CAT,0.35709889938880224,9.914691492127057,384,3311289.384
MEDNG,XGBoost,locked_test,base_estimator_raw_margin_log_odds,HISPALLP_A,code_4,Unweighted,6,DISAB3_A,0.23934964381138948,6.645435987627238,384,3311289.384
MEDNG,XGBoost,locked_test,base_estimator_raw_margin_log_odds,HISPALLP_A,code_4,Unweighted,7,RATCAT_A,0.2058703295667025,5.715897776582125,384,3311289.384
MEDNG,XGBoost,locked_test,base_estimator_raw_margin_log_odds,HISPALLP_A,code_4,Unweighted,8,AGEP_A,0.1738004413661353,4.825491650324542,384,3311289.384
MEDNG,XGBoost,locked_test,base_estimator_raw_margin_log_odds,HISPALLP_A,code_4,Unweighted,9,PHSTAT_A,0.1424675085193788,3.955546760405158,384,3311289.384
MEDNG,XGBoost,locked_test,base_estimator_raw_margin_log_odds,HISPALLP_A,code_4,Unweighted,10,EDUCP_A,0.10636039863735884,2.9530489768351593,384,3311289.384
MEDNG,XGBoost,locked_test,base_estimator_raw_margin_log_odds,HISPALLP_A,code_4,Unweighted,11,EMPWRKLSW1_A,0.07900116320039767,2.1934320211900533,384,3311289.384
MEDNG,XGBoost,locked_test,base_estimator_raw_margin_log_odds,HISPALLP_A,code_4,Unweighted,12,SEX_A,0.03371448856584417,0.9360677210635839,384,3311289.384
MEDNG,XGBoost,locked_test,base_estimator_raw_margin_log_odds,HISPALLP_A,code_4,WTFA_A,1,HISPALLP_A,0.6511453806235621,18.030320410453765,384,3311289.384
MEDNG,XGBoost,locked_test,base_estimator_raw_margin_log_odds,HISPALLP_A,code_4,WTFA_A,2,K6SPD_A,0.5753769590951083,15.932280621176469,384,3311289.384
MEDNG,XGBoost,locked_test,base_estimator_raw_margin_log_odds,HISPALLP_A,code_4,WTFA_A,3,NOTCOV_A,0.53088309896089,14.700238471465422,384,3311289.384
MEDNG,XGBoost,locked_test,base_estimator_raw_margin_log_odds,HISPALLP_A,code_4,WTFA_A,4,FDSCAT3_A,0.5006797376192496,13.863902533796658,384,3311289.384
MEDNG,XGBoost,locked_test,base_estimator_raw_margin_log_odds,HISPALLP_A,code_4,WTFA_A,5,CHRONIC_BURDEN_CAT,0.35414538176443866,9.806342631165466,384,3311289.384
MEDNG,XGBoost,locked_test,base_estimator_raw_margin_log_odds,HISPALLP_A,code_4,WTFA_A,6,DISAB3_A,0.2400254964006072,6.646344634491235,384,3311289.384
MEDNG,XGBoost,locked_test,base_estimator_raw_margin_log_odds,HISPALLP_A,code_4,WTFA_A,7,RATCAT_A,0.2080265144191498,5.7602876722480225,384,3311289.384
MEDNG,XGBoost,locked_test,base_estimator_raw_margin_log_odds,HISPALLP_A,code_4,WTFA_A,8,AGEP_A,0.18826463996390586,5.213078187327788,384,3311289.384
MEDNG,XGBoost,locked_test,base_estimator_raw_margin_log_odds,HISPALLP_A,code_4,WTFA_A,9,PHSTAT_A,0.14645568617072857,4.055381526414757,384,3311289.384
MEDNG,XGBoost,locked_test,base_estimator_raw_margin_log_odds,HISPALLP_A,code_4,WTFA_A,10,EDUCP_A,0.10285838500429693,2.8481652388492398,384,3311289.384
MEDNG,XGBoost,locked_test,base_estimator_raw_margin_log_odds,HISPALLP_A,code_4,WTFA_A,11,EMPWRKLSW1_A,0.07973963502052572,2.208003330156304,384,3311289.384
MEDNG,XGBoost,locked_test,base_estimator_raw_margin_log_odds,HISPALLP_A,code_4,WTFA_A,12,SEX_A,0.03379015178536592,0.9356547424548649,384,3311289.384
MEDNG,XGBoost,locked_test,base_estimator_raw_margin_log_odds,RATCAT_A,code_1,Unweighted,1,HISPALLP_A,0.6338740384164068,17.65275289876331,188,1438230.0329999998
MEDNG,XGBoost,locked_test,base_estimator_raw_margin_log_odds,RATCAT_A,code_1,Unweighted,2,K6SPD_A,0.5689520193709734,15.844740122658775,188,1438230.0329999998
MEDNG,XGBoost,locked_test,base_estimator_raw_margin_log_odds,RATCAT_A,code_1,Unweighted,3,NOTCOV_A,0.5292540273896637,14.739191069452733,188,1438230.0329999998
MEDNG,XGBoost,locked_test,base_estimator_raw_margin_log_odds,RATCAT_A,code_1,Unweighted,4,FDSCAT3_A,0.4969163212053319,13.838618555060192,188,1438230.0329999998
MEDNG,XGBoost,locked_test,base_estimator_raw_margin_log_odds,RATCAT_A,code_1,Unweighted,5,CHRONIC_BURDEN_CAT,0.35887842900317873,9.994402426886822,188,1438230.0329999998
MEDNG,XGBoost,locked_test,base_estimator_raw_margin_log_odds,RATCAT_A,code_1,Unweighted,6,DISAB3_A,0.23588388350772413,6.569128337808804,188,1438230.0329999998
MEDNG,XGBoost,locked_test,base_estimator_raw_margin_log_odds,RATCAT_A,code_1,Unweighted,7,RATCAT_A,0.20130785965073378,5.606220932902225,188,1438230.0329999998
MEDNG,XGBoost,locked_test,base_estimator_raw_margin_log_odds,RATCAT_A,code_1,Unweighted,8,AGEP_A,0.19186720846869804,5.343308315537044,188,1438230.0329999998
MEDNG,XGBoost,locked_test,base_estimator_raw_margin_log_odds,RATCAT_A,code_1,Unweighted,9,PHSTAT_A,0.15306160392913412,4.262611352879551,188,1438230.0329999998
MEDNG,XGBoost,locked_test,base_estimator_raw_margin_log_odds,RATCAT_A,code_1,Unweighted,10,EDUCP_A,0.11111858634877593,3.09454060017244,188,1438230.0329999998
MEDNG,XGBoost,locked_test,base_estimator_raw_margin_log_odds,RATCAT_A,code_1,Unweighted,11,EMPWRKLSW1_A,0.0740167668802624,2.061292333989398,188,1438230.0329999998
MEDNG,XGBoost,locked_test,base_estimator_raw_margin_log_odds,RATCAT_A,code_1,Unweighted,12,SEX_A,0.03566351920326657,0.9931930538887169,188,1438230.0329999998
MEDNG,XGBoost,locked_test,base_estimator_raw_margin_log_odds,RATCAT_A,code_1,WTFA_A,1,HISPALLP_A,0.6524666050984895,17.99860760051617,188,1438230.0329999998
MEDNG,XGBoost,locked_test,base_estimator_raw_margin_log_odds,RATCAT_A,code_1,WTFA_A,2,K6SPD_A,0.5657503378614616,15.606497330987256,188,1438230.0329999998
MEDNG,XGBoost,locked_test,base_estimator_raw_margin_log_odds,RATCAT_A,code_1,WTFA_A,3,NOTCOV_A,0.5142272580898034,14.185208198434356,188,1438230.0329999998
MEDNG,XGBoost,locked_test,base_estimator_raw_margin_log_odds,RATCAT_A,code_1,WTFA_A,4,FDSCAT3_A,0.4776436819043635,13.176032514590847,188,1438230.0329999998
MEDNG,XGBoost,locked_test,base_estimator_raw_margin_log_odds,RATCAT_A,code_1,WTFA_A,5,CHRONIC_BURDEN_CAT,0.3519888109752435,9.709781985791219,188,1438230.0329999998
MEDNG,XGBoost,locked_test,base_estimator_raw_margin_log_odds,RATCAT_A,code_1,WTFA_A,6,DISAB3_A,0.242303897907223,6.684070486411066,188,1438230.0329999998
MEDNG,XGBoost,locked_test,base_estimator_raw_margin_log_odds,RATCAT_A,code_1,WTFA_A,7,AGEP_A,0.23897055640781475,6.5921186452324525,188,1438230.0329999998
MEDNG,XGBoost,locked_test,base_estimator_raw_margin_log_odds,RATCAT_A,code_1,WTFA_A,8,RATCAT_A,0.19570254305249893,5.398549521616282,188,1438230.0329999998
MEDNG,XGBoost,locked_test,base_estimator_raw_margin_log_odds,RATCAT_A,code_1,WTFA_A,9,PHSTAT_A,0.1619456719840894,4.4673498687393245,188,1438230.0329999998
MEDNG,XGBoost,locked_test,base_estimator_raw_margin_log_odds,RATCAT_A,code_1,WTFA_A,10,EDUCP_A,0.12141110956258391,3.3491843142383733,188,1438230.0329999998
MEDNG,XGBoost,locked_test,base_estimator_raw_margin_log_odds,RATCAT_A,code_1,WTFA_A,11,EMPWRKLSW1_A,0.0626787603313189,1.729023988775513,188,1438230.0329999998
MEDNG,XGBoost,locked_test,base_estimator_raw_margin_log_odds,RATCAT_A,code_1,WTFA_A,12,SEX_A,0.040005660720001335,1.1035755446671427,188,1438230.0329999998
MEDNG,XGBoost,locked_test,base_estimator_raw_margin_log_odds,RATCAT_A,code_10,Unweighted,1,HISPALLP_A,0.6157670058800463,16.889227630125152,470,3697012.5979999998
MEDNG,XGBoost,locked_test,base_estimator_raw_margin_log_odds,RATCAT_A,code_10,Unweighted,2,K6SPD_A,0.5723595083116534,15.69864888802622,470,3697012.5979999998
MEDNG,XGBoost,locked_test,base_estimator_raw_margin_log_odds,RATCAT_A,code_10,Unweighted,3,NOTCOV_A,0.53683631197807,14.724320378543867,470,3697012.5979999998
MEDNG,XGBoost,locked_test,base_estimator_raw_margin_log_odds,RATCAT_A,code_10,Unweighted,4,FDSCAT3_A,0.5209686174988747,14.28910202246875,470,3697012.5979999998
MEDNG,XGBoost,locked_test,base_estimator_raw_margin_log_odds,RATCAT_A,code_10,Unweighted,5,CHRONIC_BURDEN_CAT,0.39391838790492173,10.804374475228357,470,3697012.5979999998
MEDNG,XGBoost,locked_test,base_estimator_raw_margin_log_odds,RATCAT_A,code_10,Unweighted,6,DISAB3_A,0.23082941584685382,6.331178044193198,470,3697012.5979999998
MEDNG,XGBoost,locked_test,base_estimator_raw_margin_log_odds,RATCAT_A,code_10,Unweighted,7,AGEP_A,0.20260641416386166,5.557078920210065,470,3697012.5979999998
MEDNG,XGBoost,locked_test,base_estimator_raw_margin_log_odds,RATCAT_A,code_10,Unweighted,8,RATCAT_A,0.19229867670417544,5.27435879612774,470,3697012.5979999998
MEDNG,XGBoost,locked_test,base_estimator_raw_margin_log_odds,RATCAT_A,code_10,Unweighted,9,PHSTAT_A,0.16201045728744345,4.443614980113646,470,3697012.5979999998
MEDNG,XGBoost,locked_test,base_estimator_raw_margin_log_odds,RATCAT_A,code_10,Unweighted,10,EDUCP_A,0.09827826829686602,2.695571585535108,470,3697012.5979999998
MEDNG,XGBoost,locked_test,base_estimator_raw_margin_log_odds,RATCAT_A,code_10,Unweighted,11,EMPWRKLSW1_A,0.08466043802017861,2.3220623958982283,470,3697012.5979999998
MEDNG,XGBoost,locked_test,base_estimator_raw_margin_log_odds,RATCAT_A,code_10,Unweighted,12,SEX_A,0.035382222409974386,0.9704618835296662,470,3697012.5979999998
MEDNG,XGBoost,locked_test,base_estimator_raw_margin_log_odds,RATCAT_A,code_10,WTFA_A,1,HISPALLP_A,0.6357399726444054,17.60538270281009,470,3697012.5979999998
MEDNG,XGBoost,locked_test,base_estimator_raw_margin_log_odds,RATCAT_A,code_10,WTFA_A,2,K6SPD_A,0.5722388762246676,15.846863256774174,470,3697012.5979999998
MEDNG,XGBoost,locked_test,base_estimator_raw_margin_log_odds,RATCAT_A,code_10,WTFA_A,3,NOTCOV_A,0.5255258292099398,14.553250922649882,470,3697012.5979999998
MEDNG,XGBoost,locked_test,base_estimator_raw_margin_log_odds,RATCAT_A,code_10,WTFA_A,4,FDSCAT3_A,0.49898988082341955,13.818397764394856,470,3697012.5979999998
MEDNG,XGBoost,locked_test,base_estimator_raw_margin_log_odds,RATCAT_A,code_10,WTFA_A,5,CHRONIC_BURDEN_CAT,0.36757716258023126,10.179219332583465,470,3697012.5979999998
MEDNG,XGBoost,locked_test,base_estimator_raw_margin_log_odds,RATCAT_A,code_10,WTFA_A,6,DISAB3_A,0.23835066201829436,6.600583261810005,470,3697012.5979999998
MEDNG,XGBoost,locked_test,base_estimator_raw_margin_log_odds,RATCAT_A,code_10,WTFA_A,7,AGEP_A,0.2025222666899024,5.608396772795999,470,3697012.5979999998
MEDNG,XGBoost,locked_test,base_estimator_raw_margin_log_odds,RATCAT_A,code_10,WTFA_A,8,RATCAT_A,0.19077674548370183,5.283131090635101,470,3697012.5979999998
MEDNG,XGBoost,locked_test,base_estimator_raw_margin_log_odds,RATCAT_A,code_10,WTFA_A,9,PHSTAT_A,0.15868317639098659,4.394372178990627,470,3697012.5979999998
MEDNG,XGBoost,locked_test,base_estimator_raw_margin_log_odds,RATCAT_A,code_10,WTFA_A,10,EDUCP_A,0.10740334259081002,2.9742929990810496,470,3697012.5979999998
MEDNG,XGBoost,locked_test,base_estimator_raw_margin_log_odds,RATCAT_A,code_10,WTFA_A,11,EMPWRKLSW1_A,0.07711196668148218,2.1354417573380835,470,3697012.5979999998
MEDNG,XGBoost,locked_test,base_estimator_raw_margin_log_odds,RATCAT_A,code_10,WTFA_A,12,SEX_A,0.03613466587703751,1.0006679601366677,470,3697012.5979999998
MEDNG,XGBoost,locked_test,base_estimator_raw_margin_log_odds,RATCAT_A,code_11,Unweighted,1,HISPALLP_A,0.6114416147321798,16.779672158395822,388,3303098.671
MEDNG,XGBoost,locked_test,base_estimator_raw_margin_log_odds,RATCAT_A,code_11,Unweighted,2,K6SPD_A,0.5708880480570891,15.666768592027143,388,3303098.671
MEDNG,XGBoost,locked_test,base_estimator_raw_margin_log_odds,RATCAT_A,code_11,Unweighted,3,NOTCOV_A,0.5392645582407904,14.798931371208788,388,3303098.671
MEDNG,XGBoost,locked_test,base_estimator_raw_margin_log_odds,RATCAT_A,code_11,Unweighted,4,FDSCAT3_A,0.5258148823643929,14.429834557375653,388,3303098.671
MEDNG,XGBoost,locked_test,base_estimator_raw_margin_log_odds,RATCAT_A,code_11,Unweighted,5,CHRONIC_BURDEN_CAT,0.3986315291672561,10.939566771810904,388,3303098.671
MEDNG,XGBoost,locked_test,base_estimator_raw_margin_log_odds,RATCAT_A,code_11,Unweighted,6,DISAB3_A,0.2277573189510935,6.250299377068891,388,3303098.671
MEDNG,XGBoost,locked_test,base_estimator_raw_margin_log_odds,RATCAT_A,code_11,Unweighted,7,RATCAT_A,0.19633930721548243,5.3881010508671325,388,3303098.671
MEDNG,XGBoost,locked_test,base_estimator_raw_margin_log_odds,RATCAT_A,code_11,Unweighted,8,AGEP_A,0.19516420063320258,5.355852831696663,388,3303098.671
MEDNG,XGBoost,locked_test,base_estimator_raw_margin_log_odds,RATCAT_A,code_11,Unweighted,9,PHSTAT_A,0.1611574432553397,4.42261206721159,388,3303098.671
MEDNG,XGBoost,locked_test,base_estimator_raw_margin_log_odds,RATCAT_A,code_11,Unweighted,10,EDUCP_A,0.09694515382985047,2.6604468184957666,388,3303098.671
MEDNG,XGBoost,locked_test,base_estimator_raw_margin_log_odds,RATCAT_A,code_11,Unweighted,11,EMPWRKLSW1_A,0.08569007933370232,2.3515760193657305,388,3303098.671
MEDNG,XGBoost,locked_test,base_estimator_raw_margin_log_odds,RATCAT_A,code_11,Unweighted,12,SEX_A,0.03484842138240095,0.9563383844759169,388,3303098.671
MEDNG,XGBoost,locked_test,base_estimator_raw_margin_log_odds,RATCAT_A,code_11,WTFA_A,1,HISPALLP_A,0.6372344224694326,17.595554239868417,388,3303098.671
MEDNG,XGBoost,locked_test,base_estimator_raw_margin_log_odds,RATCAT_A,code_11,WTFA_A,2,K6SPD_A,0.5723423143570933,15.803729178684057,388,3303098.671
MEDNG,XGBoost,locked_test,base_estimator_raw_margin_log_odds,RATCAT_A,code_11,WTFA_A,3,NOTCOV_A,0.5289531396395989,14.605651124133539,388,3303098.671
MEDNG,XGBoost,locked_test,base_estimator_raw_margin_log_odds,RATCAT_A,code_11,WTFA_A,4,FDSCAT3_A,0.5054264998907562,13.95602478383259,388,3303098.671
MEDNG,XGBoost,locked_test,base_estimator_raw_margin_log_odds,RATCAT_A,code_11,WTFA_A,5,CHRONIC_BURDEN_CAT,0.3728395190260305,10.294983680207048,388,3303098.671
MEDNG,XGBoost,locked_test,base_estimator_raw_margin_log_odds,RATCAT_A,code_11,WTFA_A,6,DISAB3_A,0.2364340335689228,6.528504605402749,388,3303098.671
MEDNG,XGBoost,locked_test,base_estimator_raw_margin_log_odds,RATCAT_A,code_11,WTFA_A,7,AGEP_A,0.19915373446633192,5.499107099856629,388,3303098.671
MEDNG,XGBoost,locked_test,base_estimator_raw_margin_log_odds,RATCAT_A,code_11,WTFA_A,8,RATCAT_A,0.19520310325505974,5.39002079926057,388,3303098.671
MEDNG,XGBoost,locked_test,base_estimator_raw_margin_log_odds,RATCAT_A,code_11,WTFA_A,9,PHSTAT_A,0.15641017498413162,4.318856013671507,388,3303098.671
MEDNG,XGBoost,locked_test,base_estimator_raw_margin_log_odds,RATCAT_A,code_11,WTFA_A,10,EDUCP_A,0.10267871268107281,2.8352028618578693,388,3303098.671
MEDNG,XGBoost,locked_test,base_estimator_raw_margin_log_odds,RATCAT_A,code_11,WTFA_A,11,EMPWRKLSW1_A,0.07967480663867571,2.2000104393749935,388,3303098.671
MEDNG,XGBoost,locked_test,base_estimator_raw_margin_log_odds,RATCAT_A,code_11,WTFA_A,12,SEX_A,0.035214474019780694,0.9723551738500297,388,3303098.671
MEDNG,XGBoost,locked_test,base_estimator_raw_margin_log_odds,RATCAT_A,code_12,Unweighted,1,HISPALLP_A,0.6058360720874723,16.526813376297312,394,3100767.9
MEDNG,XGBoost,locked_test,base_estimator_raw_margin_log_odds,RATCAT_A,code_12,Unweighted,2,K6SPD_A,0.5702994846831062,15.557398422118688,394,3100767.9
MEDNG,XGBoost,locked_test,base_estimator_raw_margin_log_odds,RATCAT_A,code_12,Unweighted,3,NOTCOV_A,0.5408226394255262,14.753289286101971,394,3100767.9
MEDNG,XGBoost,locked_test,base_estimator_raw_margin_log_odds,RATCAT_A,code_12,Unweighted,4,FDSCAT3_A,0.5277521213951525,14.396734068986527,394,3100767.9
MEDNG,XGBoost,locked_test,base_estimator_raw_margin_log_odds,RATCAT_A,code_12,Unweighted,5,CHRONIC_BURDEN_CAT,0.40775440144234426,11.12327444085974,394,3100767.9
MEDNG,XGBoost,locked_test,base_estimator_raw_margin_log_odds,RATCAT_A,code_12,Unweighted,6,DISAB3_A,0.22532991929509238,6.1468534078116885,394,3100767.9
MEDNG,XGBoost,locked_test,base_estimator_raw_margin_log_odds,RATCAT_A,code_12,Unweighted,7,AGEP_A,0.20264135178020176,5.527924066410605,394,3100767.9
MEDNG,XGBoost,locked_test,base_estimator_raw_margin_log_odds,RATCAT_A,code_12,Unweighted,8,RATCAT_A,0.19914539821320662,5.432556730532348,394,3100767.9
MEDNG,XGBoost,locked_test,base_estimator_raw_margin_log_odds,RATCAT_A,code_12,Unweighted,9,PHSTAT_A,0.16471494677556953,4.493316444936845,394,3100767.9
MEDNG,XGBoost,locked_test,base_estimator_raw_margin_log_odds,RATCAT_A,code_12,Unweighted,10,EDUCP_A,0.10018265093582196,2.732917453815811,394,3100767.9
MEDNG,XGBoost,locked_test,base_estimator_raw_margin_log_odds,RATCAT_A,code_12,Unweighted,11,EMPWRKLSW1_A,0.08449465398520685,2.304959116905653,394,3100767.9
MEDNG,XGBoost,locked_test,base_estimator_raw_margin_log_odds,RATCAT_A,code_12,Unweighted,12,SEX_A,0.03680304840424566,1.0039631852227937,394,3100767.9
MEDNG,XGBoost,locked_test,base_estimator_raw_margin_log_odds,RATCAT_A,code_12,WTFA_A,1,HISPALLP_A,0.6249494442202761,17.16120018119806,394,3100767.9
MEDNG,XGBoost,locked_test,base_estimator_raw_margin_log_odds,RATCAT_A,code_12,WTFA_A,2,K6SPD_A,0.5713827526612264,15.690251250222886,394,3100767.9
MEDNG,XGBoost,locked_test,base_estimator_raw_margin_log_odds,RATCAT_A,code_12,WTFA_A,3,NOTCOV_A,0.5307107952917264,14.573393544956847,394,3100767.9
MEDNG,XGBoost,locked_test,base_estimator_raw_margin_log_odds,RATCAT_A,code_12,WTFA_A,4,FDSCAT3_A,0.5071370015084956,13.926053831503623,394,3100767.9
MEDNG,XGBoost,locked_test,base_estimator_raw_margin_log_odds,RATCAT_A,code_12,WTFA_A,5,CHRONIC_BURDEN_CAT,0.37407427358374146,10.272132491639006,394,3100767.9
MEDNG,XGBoost,locked_test,base_estimator_raw_margin_log_odds,RATCAT_A,code_12,WTFA_A,6,DISAB3_A,0.2350091143732462,6.453383539203249,394,3100767.9
MEDNG,XGBoost,locked_test,base_estimator_raw_margin_log_odds,RATCAT_A,code_12,WTFA_A,7,AGEP_A,0.21892677261594212,6.011760158573027,394,3100767.9
MEDNG,XGBoost,locked_test,base_estimator_raw_margin_log_odds,RATCAT_A,code_12,WTFA_A,8,RATCAT_A,0.19971416041334594,5.484179108518893,394,3100767.9
MEDNG,XGBoost,locked_test,base_estimator_raw_margin_log_odds,RATCAT_A,code_12,WTFA_A,9,PHSTAT_A,0.16108523907648933,4.42342346183991,394,3100767.9
MEDNG,XGBoost,locked_test,base_estimator_raw_margin_log_odds,RATCAT_A,code_12,WTFA_A,10,EDUCP_A,0.10386707606264192,2.852204607959377,394,3100767.9
MEDNG,XGBoost,locked_test,base_estimator_raw_margin_log_odds,RATCAT_A,code_12,WTFA_A,11,EMPWRKLSW1_A,0.07902655062918179,2.1700802641228614,394,3100767.9
MEDNG,XGBoost,locked_test,base_estimator_raw_margin_log_odds,RATCAT_A,code_12,WTFA_A,12,SEX_A,0.03575864893279665,0.9819375602622511,394,3100767.9
MEDNG,XGBoost,locked_test,base_estimator_raw_margin_log_odds,RATCAT_A,code_13,Unweighted,1,HISPALLP_A,0.6118453981041018,17.021112094644703,322,2593253.9520000005
MEDNG,XGBoost,locked_test,base_estimator_raw_margin_log_odds,RATCAT_A,code_13,Unweighted,2,K6SPD_A,0.5699135653301495,15.854597762444229,322,2593253.9520000005
MEDNG,XGBoost,locked_test,base_estimator_raw_margin_log_odds,RATCAT_A,code_13,Unweighted,3,NOTCOV_A,0.5408534456611328,15.046165508311358,322,2593253.9520000005
MEDNG,XGBoost,locked_test,base_estimator_raw_margin_log_odds,RATCAT_A,code_13,Unweighted,4,FDSCAT3_A,0.5192305481015063,14.44463158435954,322,2593253.9520000005
MEDNG,XGBoost,locked_test,base_estimator_raw_margin_log_odds,RATCAT_A,code_13,Unweighted,5,CHRONIC_BURDEN_CAT,0.37958314878322325,10.559738366420063,322,2593253.9520000005
MEDNG,XGBoost,locked_test,base_estimator_raw_margin_log_odds,RATCAT_A,code_13,Unweighted,6,DISAB3_A,0.22673829093934122,6.307701060080618,322,2593253.9520000005
MEDNG,XGBoost,locked_test,base_estimator_raw_margin_log_odds,RATCAT_A,code_13,Unweighted,7,RATCAT_A,0.20057633010632941,5.579893562738564,322,2593253.9520000005
MEDNG,XGBoost,locked_test,base_estimator_raw_margin_log_odds,RATCAT_A,code_13,Unweighted,8,AGEP_A,0.17794282292522004,4.950245184212948,322,2593253.9520000005
MEDNG,XGBoost,locked_test,base_estimator_raw_margin_log_odds,RATCAT_A,code_13,Unweighted,9,PHSTAT_A,0.15243180165564793,4.240546371369427,322,2593253.9520000005
MEDNG,XGBoost,locked_test,base_estimator_raw_margin_log_odds,RATCAT_A,code_13,Unweighted,10,EDUCP_A,0.09671728254616932,2.690607321406501,322,2593253.9520000005
MEDNG,XGBoost,locked_test,base_estimator_raw_margin_log_odds,RATCAT_A,code_13,Unweighted,11,EMPWRKLSW1_A,0.08440519952625962,2.348093761853997,322,2593253.9520000005
MEDNG,XGBoost,locked_test,base_estimator_raw_margin_log_odds,RATCAT_A,code_13,Unweighted,12,SEX_A,0.034388620232850865,0.9566674221580573,322,2593253.9520000005
MEDNG,XGBoost,locked_test,base_estimator_raw_margin_log_odds,RATCAT_A,code_13,WTFA_A,1,HISPALLP_A,0.6278368325862652,17.545931295060203,322,2593253.9520000005
MEDNG,XGBoost,locked_test,base_estimator_raw_margin_log_odds,RATCAT_A,code_13,WTFA_A,2,K6SPD_A,0.5698512523535368,15.925429033865036,322,2593253.9520000005
MEDNG,XGBoost,locked_test,base_estimator_raw_margin_log_odds,RATCAT_A,code_13,WTFA_A,3,NOTCOV_A,0.533811331532879,14.918234263220887,322,2593253.9520000005
MEDNG,XGBoost,locked_test,base_estimator_raw_margin_log_odds,RATCAT_A,code_13,WTFA_A,4,FDSCAT3_A,0.5023868785376127,14.040026320293242,322,2593253.9520000005
MEDNG,XGBoost,locked_test,base_estimator_raw_margin_log_odds,RATCAT_A,code_13,WTFA_A,5,CHRONIC_BURDEN_CAT,0.36097510722056425,10.088042150105558,322,2593253.9520000005
MEDNG,XGBoost,locked_test,base_estimator_raw_margin_log_odds,RATCAT_A,code_13,WTFA_A,6,DISAB3_A,0.23266062127456597,6.50208312744801,322,2593253.9520000005
MEDNG,XGBoost,locked_test,base_estimator_raw_margin_log_odds,RATCAT_A,code_13,WTFA_A,7,RATCAT_A,0.1995185340279128,5.575873074735361,322,2593253.9520000005
MEDNG,XGBoost,locked_test,base_estimator_raw_margin_log_odds,RATCAT_A,code_13,WTFA_A,8,AGEP_A,0.18486588593126632,5.166380761684217,322,2593253.9520000005
MEDNG,XGBoost,locked_test,base_estimator_raw_margin_log_odds,RATCAT_A,code_13,WTFA_A,9,PHSTAT_A,0.15008720614020346,4.1944334427714765,322,2593253.9520000005
MEDNG,XGBoost,locked_test,base_estimator_raw_margin_log_odds,RATCAT_A,code_13,WTFA_A,10,EDUCP_A,0.10302758325829663,2.8792750019134723,322,2593253.9520000005
MEDNG,XGBoost,locked_test,base_estimator_raw_margin_log_odds,RATCAT_A,code_13,WTFA_A,11,EMPWRKLSW1_A,0.0778448418457539,2.1755019390531776,322,2593253.9520000005
MEDNG,XGBoost,locked_test,base_estimator_raw_margin_log_odds,RATCAT_A,code_13,WTFA_A,12,SEX_A,0.03538133791507886,0.9887895898493405,322,2593253.9520000005
MEDNG,XGBoost,locked_test,base_estimator_raw_margin_log_odds,RATCAT_A,code_14,Unweighted,1,HISPALLP_A,0.6202689998895364,17.109740251672118,1930,15348993.286000002
MEDNG,XGBoost,locked_test,base_estimator_raw_margin_log_odds,RATCAT_A,code_14,Unweighted,2,K6SPD_A,0.5744624204542778,15.846193828919347,1930,15348993.286000002
MEDNG,XGBoost,locked_test,base_estimator_raw_margin_log_odds,RATCAT_A,code_14,Unweighted,3,NOTCOV_A,0.5430357791386892,14.9793091869528,1930,15348993.286000002
MEDNG,XGBoost,locked_test,base_estimator_raw_margin_log_odds,RATCAT_A,code_14,Unweighted,4,FDSCAT3_A,0.519927062308464,14.34186939456432,1930,15348993.286000002
MEDNG,XGBoost,locked_test,base_estimator_raw_margin_log_odds,RATCAT_A,code_14,Unweighted,5,CHRONIC_BURDEN_CAT,0.37792065810952624,10.424709758421795,1930,15348993.286000002
MEDNG,XGBoost,locked_test,base_estimator_raw_margin_log_odds,RATCAT_A,code_14,Unweighted,6,DISAB3_A,0.2319522176700321,6.398259780579612,1930,15348993.286000002
MEDNG,XGBoost,locked_test,base_estimator_raw_margin_log_odds,RATCAT_A,code_14,Unweighted,7,RATCAT_A,0.20813054677263057,5.7411535871571715,1930,15348993.286000002
MEDNG,XGBoost,locked_test,base_estimator_raw_margin_log_odds,RATCAT_A,code_14,Unweighted,8,AGEP_A,0.18341426669277366,5.05937014766682,1930,15348993.286000002
MEDNG,XGBoost,locked_test,base_estimator_raw_margin_log_odds,RATCAT_A,code_14,Unweighted,9,PHSTAT_A,0.15196658860448112,4.191905219216889,1930,15348993.286000002
MEDNG,XGBoost,locked_test,base_estimator_raw_margin_log_odds,RATCAT_A,code_14,Unweighted,10,EDUCP_A,0.09522311157520397,2.626671178630375,1930,15348993.286000002
MEDNG,XGBoost,locked_test,base_estimator_raw_margin_log_odds,RATCAT_A,code_14,Unweighted,11,EMPWRKLSW1_A,0.08578496241816586,2.3663256179748866,1930,15348993.286000002
MEDNG,XGBoost,locked_test,base_estimator_raw_margin_log_odds,RATCAT_A,code_14,Unweighted,12,SEX_A,0.03315252364019579,0.9144920482438867,1930,15348993.286000002
MEDNG,XGBoost,locked_test,base_estimator_raw_margin_log_odds,RATCAT_A,code_14,WTFA_A,1,HISPALLP_A,0.6337950038759117,17.584410628639777,1930,15348993.286000002
MEDNG,XGBoost,locked_test,base_estimator_raw_margin_log_odds,RATCAT_A,code_14,WTFA_A,2,K6SPD_A,0.5744780197988143,15.938682595308066,1930,15348993.286000002
MEDNG,XGBoost,locked_test,base_estimator_raw_margin_log_odds,RATCAT_A,code_14,WTFA_A,3,NOTCOV_A,0.5356287311153396,14.860823286441475,1930,15348993.286000002
MEDNG,XGBoost,locked_test,base_estimator_raw_margin_log_odds,RATCAT_A,code_14,WTFA_A,4,FDSCAT3_A,0.5055045377014722,14.025038555406073,1930,15348993.286000002
MEDNG,XGBoost,locked_test,base_estimator_raw_margin_log_odds,RATCAT_A,code_14,WTFA_A,5,CHRONIC_BURDEN_CAT,0.3589549233165644,9.959073091725058,1930,15348993.286000002
MEDNG,XGBoost,locked_test,base_estimator_raw_margin_log_odds,RATCAT_A,code_14,WTFA_A,6,DISAB3_A,0.2373241729811808,6.5844723992498935,1930,15348993.286000002
MEDNG,XGBoost,locked_test,base_estimator_raw_margin_log_odds,RATCAT_A,code_14,WTFA_A,7,RATCAT_A,0.20666540875242279,5.733856196426868,1930,15348993.286000002
MEDNG,XGBoost,locked_test,base_estimator_raw_margin_log_odds,RATCAT_A,code_14,WTFA_A,8,AGEP_A,0.1877377249423347,5.208714530225267,1930,15348993.286000002
MEDNG,XGBoost,locked_test,base_estimator_raw_margin_log_odds,RATCAT_A,code_14,WTFA_A,9,PHSTAT_A,0.14958920361741374,4.150297755478699,1930,15348993.286000002
MEDNG,XGBoost,locked_test,base_estimator_raw_margin_log_odds,RATCAT_A,code_14,WTFA_A,10,EDUCP_A,0.10007565170738285,2.776562362892804,1930,15348993.286000002
MEDNG,XGBoost,locked_test,base_estimator_raw_margin_log_odds,RATCAT_A,code_14,WTFA_A,11,EMPWRKLSW1_A,0.08087008854748158,2.2437110357401826,1930,15348993.286000002
MEDNG,XGBoost,locked_test,base_estimator_raw_margin_log_odds,RATCAT_A,code_14,WTFA_A,12,SEX_A,0.03367705449052782,0.9343575624658301,1930,15348993.286000002
MEDNG,XGBoost,locked_test,base_estimator_raw_margin_log_odds,RATCAT_A,code_2,Unweighted,1,HISPALLP_A,0.6030379095361295,16.75313956081156,187,1384944.663
MEDNG,XGBoost,locked_test,base_estimator_raw_margin_log_odds,RATCAT_A,code_2,Unweighted,2,K6SPD_A,0.5613885939987825,15.596070022105145,187,1384944.663
MEDNG,XGBoost,locked_test,base_estimator_raw_margin_log_odds,RATCAT_A,code_2,Unweighted,3,NOTCOV_A,0.5334622551223891,14.820241761194284,187,1384944.663
MEDNG,XGBoost,locked_test,base_estimator_raw_margin_log_odds,RATCAT_A,code_2,Unweighted,4,FDSCAT3_A,0.5118980861522935,14.221162455306484,187,1384944.663
MEDNG,XGBoost,locked_test,base_estimator_raw_margin_log_odds,RATCAT_A,code_2,Unweighted,5,CHRONIC_BURDEN_CAT,0.3818694457740468,10.60880587753344,187,1384944.663
MEDNG,XGBoost,locked_test,base_estimator_raw_margin_log_odds,RATCAT_A,code_2,Unweighted,6,DISAB3_A,0.22605233555809062,6.280013686975685,187,1384944.663
MEDNG,XGBoost,locked_test,base_estimator_raw_margin_log_odds,RATCAT_A,code_2,Unweighted,7,AGEP_A,0.1988196218620368,5.523455192136514,187,1384944.663
MEDNG,XGBoost,locked_test,base_estimator_raw_margin_log_odds,RATCAT_A,code_2,Unweighted,8,RATCAT_A,0.19642859830192344,5.457029598053083,187,1384944.663
MEDNG,XGBoost,locked_test,base_estimator_raw_margin_log_odds,RATCAT_A,code_2,Unweighted,9,PHSTAT_A,0.1669569941446743,4.638271954927154,187,1384944.663
MEDNG,XGBoost,locked_test,base_estimator_raw_margin_log_odds,RATCAT_A,code_2,Unweighted,10,EDUCP_A,0.10416018343555497,2.8936988242047446,187,1384944.663
MEDNG,XGBoost,locked_test,base_estimator_raw_margin_log_odds,RATCAT_A,code_2,Unweighted,11,EMPWRKLSW1_A,0.07940682866436274,2.206019989222284,187,1384944.663
MEDNG,XGBoost,locked_test,base_estimator_raw_margin_log_odds,RATCAT_A,code_2,Unweighted,12,SEX_A,0.036070785798969114,1.0020910775296197,187,1384944.663
MEDNG,XGBoost,locked_test,base_estimator_raw_margin_log_odds,RATCAT_A,code_2,WTFA_A,1,HISPALLP_A,0.6276689298461511,17.337823255114944,187,1384944.663
MEDNG,XGBoost,locked_test,base_estimator_raw_margin_log_odds,RATCAT_A,code_2,WTFA_A,2,K6SPD_A,0.5616631327290892,15.514574102876198,187,1384944.663
MEDNG,XGBoost,locked_test,base_estimator_raw_margin_log_odds,RATCAT_A,code_2,WTFA_A,3,NOTCOV_A,0.5169341679487139,14.279045548138765,187,1384944.663
MEDNG,XGBoost,locked_test,base_estimator_raw_margin_log_odds,RATCAT_A,code_2,WTFA_A,4,FDSCAT3_A,0.48884281934034973,13.503090559751787,187,1384944.663
MEDNG,XGBoost,locked_test,base_estimator_raw_margin_log_odds,RATCAT_A,code_2,WTFA_A,5,CHRONIC_BURDEN_CAT,0.36555438236371474,10.097548198073609,187,1384944.663
MEDNG,XGBoost,locked_test,base_estimator_raw_margin_log_odds,RATCAT_A,code_2,WTFA_A,6,DISAB3_A,0.23622426144572864,6.525119053638657,187,1384944.663
MEDNG,XGBoost,locked_test,base_estimator_raw_margin_log_odds,RATCAT_A,code_2,WTFA_A,7,AGEP_A,0.23450477723255178,6.477622496201398,187,1384944.663
MEDNG,XGBoost,locked_test,base_estimator_raw_margin_log_odds,RATCAT_A,code_2,WTFA_A,8,RATCAT_A,0.18970442485614508,5.2401220332433285,187,1384944.663
MEDNG,XGBoost,locked_test,base_estimator_raw_margin_log_odds,RATCAT_A,code_2,WTFA_A,9,PHSTAT_A,0.17448572007469915,4.8197424332252785,187,1384944.663
MEDNG,XGBoost,locked_test,base_estimator_raw_margin_log_odds,RATCAT_A,code_2,WTFA_A,10,EDUCP_A,0.11549334651939952,3.1902220006109046,187,1384944.663
MEDNG,XGBoost,locked_test,base_estimator_raw_margin_log_odds,RATCAT_A,code_2,WTFA_A,11,EMPWRKLSW1_A,0.06954206250394386,1.9209298583332264,187,1384944.663
MEDNG,XGBoost,locked_test,base_estimator_raw_margin_log_odds,RATCAT_A,code_2,WTFA_A,12,SEX_A,0.03961111584769545,1.0941604607919044,187,1384944.663
MEDNG,XGBoost,locked_test,base_estimator_raw_margin_log_odds,RATCAT_A,code_3,Unweighted,1,HISPALLP_A,0.5988042379168342,16.356205881516924,322,2378042.798
MEDNG,XGBoost,locked_test,base_estimator_raw_margin_log_odds,RATCAT_A,code_3,Unweighted,2,K6SPD_A,0.569710751152337,15.561523697925907,322,2378042.798
MEDNG,XGBoost,locked_test,base_estimator_raw_margin_log_odds,RATCAT_A,code_3,Unweighted,3,NOTCOV_A,0.5418352490661215,14.800110497580254,322,2378042.798
MEDNG,XGBoost,locked_test,base_estimator_raw_margin_log_odds,RATCAT_A,code_3,Unweighted,4,FDSCAT3_A,0.531299557230256,14.512330395403414,322,2378042.798
MEDNG,XGBoost,locked_test,base_estimator_raw_margin_log_odds,RATCAT_A,code_3,Unweighted,5,CHRONIC_BURDEN_CAT,0.4146556897661562,11.326228844592137,322,2378042.798
MEDNG,XGBoost,locked_test,base_estimator_raw_margin_log_odds,RATCAT_A,code_3,Unweighted,6,DISAB3_A,0.22389639664429778,6.11568076469179,322,2378042.798
MEDNG,XGBoost,locked_test,base_estimator_raw_margin_log_odds,RATCAT_A,code_3,Unweighted,7,AGEP_A,0.19762518801017787,5.39808848666982,322,2378042.798
MEDNG,XGBoost,locked_test,base_estimator_raw_margin_log_odds,RATCAT_A,code_3,Unweighted,8,RATCAT_A,0.19539907146086163,5.337282603392279,322,2378042.798
MEDNG,XGBoost,locked_test,base_estimator_raw_margin_log_odds,RATCAT_A,code_3,Unweighted,9,PHSTAT_A,0.1672013224513264,4.567067299305948,322,2378042.798
MEDNG,XGBoost,locked_test,base_estimator_raw_margin_log_odds,RATCAT_A,code_3,Unweighted,10,EDUCP_A,0.09823916597481273,2.683381182976388,322,2378042.798
MEDNG,XGBoost,locked_test,base_estimator_raw_margin_log_odds,RATCAT_A,code_3,Unweighted,11,EMPWRKLSW1_A,0.08526089060935915,2.3288824496293135,322,2378042.798
MEDNG,XGBoost,locked_test,base_estimator_raw_margin_log_odds,RATCAT_A,code_3,Unweighted,12,SEX_A,0.037094126513331944,1.0132178963158203,322,2378042.798
MEDNG,XGBoost,locked_test,base_estimator_raw_margin_log_odds,RATCAT_A,code_3,WTFA_A,1,HISPALLP_A,0.6337405999658683,17.460378569982662,322,2378042.798
MEDNG,XGBoost,locked_test,base_estimator_raw_margin_log_odds,RATCAT_A,code_3,WTFA_A,2,K6SPD_A,0.5713057125202594,15.740216139434105,322,2378042.798
MEDNG,XGBoost,locked_test,base_estimator_raw_margin_log_odds,RATCAT_A,code_3,WTFA_A,3,NOTCOV_A,0.5284445055862534,14.55933408915294,322,2378042.798
MEDNG,XGBoost,locked_test,base_estimator_raw_margin_log_odds,RATCAT_A,code_3,WTFA_A,4,FDSCAT3_A,0.5056226318636777,13.930561757233582,322,2378042.798
MEDNG,XGBoost,locked_test,base_estimator_raw_margin_log_odds,RATCAT_A,code_3,WTFA_A,5,CHRONIC_BURDEN_CAT,0.3802826588667094,10.477282326191391,322,2378042.798
MEDNG,XGBoost,locked_test,base_estimator_raw_margin_log_odds,RATCAT_A,code_3,WTFA_A,6,DISAB3_A,0.23443989999420378,6.4591244525412055,322,2378042.798
MEDNG,XGBoost,locked_test,base_estimator_raw_margin_log_odds,RATCAT_A,code_3,WTFA_A,7,AGEP_A,0.2034678786283438,5.605804942706059,322,2378042.798
MEDNG,XGBoost,locked_test,base_estimator_raw_margin_log_odds,RATCAT_A,code_3,WTFA_A,8,RATCAT_A,0.1906334214200255,5.252198937962873,322,2378042.798
MEDNG,XGBoost,locked_test,base_estimator_raw_margin_log_odds,RATCAT_A,code_3,WTFA_A,9,PHSTAT_A,0.15763555853685635,4.343064856965784,322,2378042.798
MEDNG,XGBoost,locked_test,base_estimator_raw_margin_log_odds,RATCAT_A,code_3,WTFA_A,10,EDUCP_A,0.10926699996420411,3.01044809924445,322,2378042.798
MEDNG,XGBoost,locked_test,base_estimator_raw_margin_log_odds,RATCAT_A,code_3,WTFA_A,11,EMPWRKLSW1_A,0.07648969889241199,2.1073907832911853,322,2378042.798
MEDNG,XGBoost,locked_test,base_estimator_raw_margin_log_odds,RATCAT_A,code_3,WTFA_A,12,SEX_A,0.03826298483780162,1.0541950452937754,322,2378042.798
MEDNG,XGBoost,locked_test,base_estimator_raw_margin_log_odds,RATCAT_A,code_4,Unweighted,1,HISPALLP_A,0.613061438887454,16.79347965805752,252,1789827.5900000003
MEDNG,XGBoost,locked_test,base_estimator_raw_margin_log_odds,RATCAT_A,code_4,Unweighted,2,K6SPD_A,0.5688545157419636,15.582527512810305,252,1789827.5900000003
MEDNG,XGBoost,locked_test,base_estimator_raw_margin_log_odds,RATCAT_A,code_4,Unweighted,3,NOTCOV_A,0.5421084736969085,14.849878084015227,252,1789827.5900000003
MEDNG,XGBoost,locked_test,base_estimator_raw_margin_log_odds,RATCAT_A,code_4,Unweighted,4,FDSCAT3_A,0.5271600505026678,14.440398666604663,252,1789827.5900000003
MEDNG,XGBoost,locked_test,base_estimator_raw_margin_log_odds,RATCAT_A,code_4,Unweighted,5,CHRONIC_BURDEN_CAT,0.41899456971857163,11.477441471730105,252,1789827.5900000003
MEDNG,XGBoost,locked_test,base_estimator_raw_margin_log_odds,RATCAT_A,code_4,Unweighted,6,DISAB3_A,0.2223666948340242,6.0912501251122,252,1789827.5900000003
MEDNG,XGBoost,locked_test,base_estimator_raw_margin_log_odds,RATCAT_A,code_4,Unweighted,7,RATCAT_A,0.194481714049332,5.32740195612139,252,1789827.5900000003
MEDNG,XGBoost,locked_test,base_estimator_raw_margin_log_odds,RATCAT_A,code_4,Unweighted,8,AGEP_A,0.17903846682193467,4.90436791464213,252,1789827.5900000003
MEDNG,XGBoost,locked_test,base_estimator_raw_margin_log_odds,RATCAT_A,code_4,Unweighted,9,PHSTAT_A,0.15977691382997566,4.3767397230206315,252,1789827.5900000003
MEDNG,XGBoost,locked_test,base_estimator_raw_margin_log_odds,RATCAT_A,code_4,Unweighted,10,EDUCP_A,0.10461922524319518,2.865815266658571,252,1789827.5900000003
MEDNG,XGBoost,locked_test,base_estimator_raw_margin_log_odds,RATCAT_A,code_4,Unweighted,11,EMPWRKLSW1_A,0.08204587656886332,2.24746766276332,252,1789827.5900000003
MEDNG,XGBoost,locked_test,base_estimator_raw_margin_log_odds,RATCAT_A,code_4,Unweighted,12,SEX_A,0.03808414328488566,1.0432319584639327,252,1789827.5900000003
MEDNG,XGBoost,locked_test,base_estimator_raw_margin_log_odds,RATCAT_A,code_4,WTFA_A,1,HISPALLP_A,0.6440532569054284,17.78440346046757,252,1789827.5900000003
MEDNG,XGBoost,locked_test,base_estimator_raw_margin_log_odds,RATCAT_A,code_4,WTFA_A,2,K6SPD_A,0.570666941531283,15.757968802933402,252,1789827.5900000003
MEDNG,XGBoost,locked_test,base_estimator_raw_margin_log_odds,RATCAT_A,code_4,WTFA_A,3,NOTCOV_A,0.5303365898596959,14.644316728140202,252,1789827.5900000003
MEDNG,XGBoost,locked_test,base_estimator_raw_margin_log_odds,RATCAT_A,code_4,WTFA_A,4,FDSCAT3_A,0.5007131014926208,13.826315944233151,252,1789827.5900000003
MEDNG,XGBoost,locked_test,base_estimator_raw_margin_log_odds,RATCAT_A,code_4,WTFA_A,5,CHRONIC_BURDEN_CAT,0.38625963833635957,10.665883876862056,252,1789827.5900000003
MEDNG,XGBoost,locked_test,base_estimator_raw_margin_log_odds,RATCAT_A,code_4,WTFA_A,6,DISAB3_A,0.2333572387270502,6.443751723084453,252,1789827.5900000003
MEDNG,XGBoost,locked_test,base_estimator_raw_margin_log_odds,RATCAT_A,code_4,WTFA_A,7,RATCAT_A,0.19173492246898707,5.294424307446111,252,1789827.5900000003
MEDNG,XGBoost,locked_test,base_estimator_raw_margin_log_odds,RATCAT_A,code_4,WTFA_A,8,AGEP_A,0.18295520912127164,5.0519878896982044,252,1789827.5900000003
MEDNG,XGBoost,locked_test,base_estimator_raw_margin_log_odds,RATCAT_A,code_4,WTFA_A,9,PHSTAT_A,0.15205807267661617,4.19881754328141,252,1789827.5900000003
MEDNG,XGBoost,locked_test,base_estimator_raw_margin_log_odds,RATCAT_A,code_4,WTFA_A,10,EDUCP_A,0.11701907425714457,3.2312769275616913,252,1789827.5900000003
MEDNG,XGBoost,locked_test,base_estimator_raw_margin_log_odds,RATCAT_A,code_4,WTFA_A,11,EMPWRKLSW1_A,0.07280997271150863,2.0105199636266127,252,1789827.5900000003
MEDNG,XGBoost,locked_test,base_estimator_raw_margin_log_odds,RATCAT_A,code_4,WTFA_A,12,SEX_A,0.03948585700666731,1.0903328326651351,252,1789827.5900000003
MEDNG,XGBoost,locked_test,base_estimator_raw_margin_log_odds,RATCAT_A,code_5,Unweighted,1,HISPALLP_A,0.592959773567086,15.970448790817624,331,2620717.5870000003
MEDNG,XGBoost,locked_test,base_estimator_raw_margin_log_odds,RATCAT_A,code_5,Unweighted,2,K6SPD_A,0.5700264610645567,15.35277570530262,331,2620717.5870000003
MEDNG,XGBoost,locked_test,base_estimator_raw_margin_log_odds,RATCAT_A,code_5,Unweighted,3,NOTCOV_A,0.5401169976551548,14.547210850764227,331,2620717.5870000003
MEDNG,XGBoost,locked_test,base_estimator_raw_margin_log_odds,RATCAT_A,code_5,Unweighted,4,FDSCAT3_A,0.5347643778279558,14.40304636498006,331,2620717.5870000003
MEDNG,XGBoost,locked_test,base_estimator_raw_margin_log_odds,RATCAT_A,code_5,Unweighted,5,CHRONIC_BURDEN_CAT,0.42034741127554026,11.321403416195253,331,2620717.5870000003
MEDNG,XGBoost,locked_test,base_estimator_raw_margin_log_odds,RATCAT_A,code_5,Unweighted,6,AGEP_A,0.23798062889963342,6.4096379155443195,331,2620717.5870000003
MEDNG,XGBoost,locked_test,base_estimator_raw_margin_log_odds,RATCAT_A,code_5,Unweighted,7,DISAB3_A,0.22798451425063107,6.140408122520303,331,2620717.5870000003
MEDNG,XGBoost,locked_test,base_estimator_raw_margin_log_odds,RATCAT_A,code_5,Unweighted,8,RATCAT_A,0.19032538136090307,5.126117979861997,331,2620717.5870000003
MEDNG,XGBoost,locked_test,base_estimator_raw_margin_log_odds,RATCAT_A,code_5,Unweighted,9,PHSTAT_A,0.17943049980794556,4.832681298859477,331,2620717.5870000003
MEDNG,XGBoost,locked_test,base_estimator_raw_margin_log_odds,RATCAT_A,code_5,Unweighted,10,EDUCP_A,0.09592911873675398,2.5837015369816867,331,2620717.5870000003
MEDNG,XGBoost,locked_test,base_estimator_raw_margin_log_odds,RATCAT_A,code_5,Unweighted,11,EMPWRKLSW1_A,0.08596589362243151,2.315357572394563,331,2620717.5870000003
MEDNG,XGBoost,locked_test,base_estimator_raw_margin_log_odds,RATCAT_A,code_5,Unweighted,12,SEX_A,0.03702498833139587,0.9972104457778685,331,2620717.5870000003
MEDNG,XGBoost,locked_test,base_estimator_raw_margin_log_odds,RATCAT_A,code_5,WTFA_A,1,HISPALLP_A,0.621766669144907,16.85282643363357,331,2620717.5870000003
MEDNG,XGBoost,locked_test,base_estimator_raw_margin_log_odds,RATCAT_A,code_5,WTFA_A,2,K6SPD_A,0.5713576813784734,15.486503721785418,331,2620717.5870000003
MEDNG,XGBoost,locked_test,base_estimator_raw_margin_log_odds,RATCAT_A,code_5,WTFA_A,3,NOTCOV_A,0.5294825309545146,14.351488486974231,331,2620717.5870000003
MEDNG,XGBoost,locked_test,base_estimator_raw_margin_log_odds,RATCAT_A,code_5,WTFA_A,4,FDSCAT3_A,0.5117109471889003,13.869794257425758,331,2620717.5870000003
MEDNG,XGBoost,locked_test,base_estimator_raw_margin_log_odds,RATCAT_A,code_5,WTFA_A,5,CHRONIC_BURDEN_CAT,0.3848079716681393,10.430121585192818,331,2620717.5870000003
MEDNG,XGBoost,locked_test,base_estimator_raw_margin_log_odds,RATCAT_A,code_5,WTFA_A,6,AGEP_A,0.2486974612196131,6.7408810352982345,331,2620717.5870000003
MEDNG,XGBoost,locked_test,base_estimator_raw_margin_log_odds,RATCAT_A,code_5,WTFA_A,7,DISAB3_A,0.23813848997086404,6.454682822039842,331,2620717.5870000003
MEDNG,XGBoost,locked_test,base_estimator_raw_margin_log_odds,RATCAT_A,code_5,WTFA_A,8,RATCAT_A,0.1926204416955629,5.220927773322966,331,2620717.5870000003
MEDNG,XGBoost,locked_test,base_estimator_raw_margin_log_odds,RATCAT_A,code_5,WTFA_A,9,PHSTAT_A,0.17078614588055469,4.629114773476898,331,2620717.5870000003
MEDNG,XGBoost,locked_test,base_estimator_raw_margin_log_odds,RATCAT_A,code_5,WTFA_A,10,EDUCP_A,0.10414724122054836,2.8228843180762615,331,2620717.5870000003
MEDNG,XGBoost,locked_test,base_estimator_raw_margin_log_odds,RATCAT_A,code_5,WTFA_A,11,EMPWRKLSW1_A,0.0790055012400929,2.14142389062544,331,2620717.5870000003
MEDNG,XGBoost,locked_test,base_estimator_raw_margin_log_odds,RATCAT_A,code_5,WTFA_A,12,SEX_A,0.03686996268446708,0.9993509021485636,331,2620717.5870000003
MEDNG,XGBoost,locked_test,base_estimator_raw_margin_log_odds,RATCAT_A,code_6,Unweighted,1,HISPALLP_A,0.5903773275180642,15.82553510304729,299,2176686.528
MEDNG,XGBoost,locked_test,base_estimator_raw_margin_log_odds,RATCAT_A,code_6,Unweighted,2,K6SPD_A,0.5690303131389778,15.253311357901607,299,2176686.528
MEDNG,XGBoost,locked_test,base_estimator_raw_margin_log_odds,RATCAT_A,code_6,Unweighted,3,NOTCOV_A,0.5418032408383578,14.523467970693478,299,2176686.528
MEDNG,XGBoost,locked_test,base_estimator_raw_margin_log_odds,RATCAT_A,code_6,Unweighted,4,FDSCAT3_A,0.5408549844770129,14.498049202672284,299,2176686.528
MEDNG,XGBoost,locked_test,base_estimator_raw_margin_log_odds,RATCAT_A,code_6,Unweighted,5,CHRONIC_BURDEN_CAT,0.44592446063872565,11.953360802002775,299,2176686.528
MEDNG,XGBoost,locked_test,base_estimator_raw_margin_log_odds,RATCAT_A,code_6,Unweighted,6,AGEP_A,0.2269654231166224,6.083989176566384,299,2176686.528
MEDNG,XGBoost,locked_test,base_estimator_raw_margin_log_odds,RATCAT_A,code_6,Unweighted,7,DISAB3_A,0.22009977097171404,5.899949895313268,299,2176686.528
MEDNG,XGBoost,locked_test,base_estimator_raw_margin_log_odds,RATCAT_A,code_6,Unweighted,8,RATCAT_A,0.18795497366694427,5.038282967374866,299,2176686.528
MEDNG,XGBoost,locked_test,base_estimator_raw_margin_log_odds,RATCAT_A,code_6,Unweighted,9,PHSTAT_A,0.18194561683413973,4.8771973648770715,299,2176686.528
MEDNG,XGBoost,locked_test,base_estimator_raw_margin_log_odds,RATCAT_A,code_6,Unweighted,10,EDUCP_A,0.09979411004419535,2.675060707736028,299,2176686.528
MEDNG,XGBoost,locked_test,base_estimator_raw_margin_log_odds,RATCAT_A,code_6,Unweighted,11,EMPWRKLSW1_A,0.08590479581352062,2.302746562748691,299,2176686.528
MEDNG,XGBoost,locked_test,base_estimator_raw_margin_log_odds,RATCAT_A,code_6,Unweighted,12,SEX_A,0.03988125658964732,1.0690488890662697,299,2176686.528
MEDNG,XGBoost,locked_test,base_estimator_raw_margin_log_odds,RATCAT_A,code_6,WTFA_A,1,HISPALLP_A,0.6241893100455405,17.00322597373526,299,2176686.528
MEDNG,XGBoost,locked_test,base_estimator_raw_margin_log_odds,RATCAT_A,code_6,WTFA_A,2,K6SPD_A,0.5702959984075437,15.535145470743405,299,2176686.528
MEDNG,XGBoost,locked_test,base_estimator_raw_margin_log_odds,RATCAT_A,code_6,WTFA_A,3,NOTCOV_A,0.5297060989505415,14.429456504893848,299,2176686.528
MEDNG,XGBoost,locked_test,base_estimator_raw_margin_log_odds,RATCAT_A,code_6,WTFA_A,4,FDSCAT3_A,0.5113960839421914,13.930682626906819,299,2176686.528
MEDNG,XGBoost,locked_test,base_estimator_raw_margin_log_odds,RATCAT_A,code_6,WTFA_A,5,CHRONIC_BURDEN_CAT,0.4077597441441733,11.107577398545976,299,2176686.528
MEDNG,XGBoost,locked_test,base_estimator_raw_margin_log_odds,RATCAT_A,code_6,WTFA_A,6,DISAB3_A,0.23147431096517768,6.305474882561553,299,2176686.528
MEDNG,XGBoost,locked_test,base_estimator_raw_margin_log_odds,RATCAT_A,code_6,WTFA_A,7,AGEP_A,0.21850990832380848,5.952318133193949,299,2176686.528
MEDNG,XGBoost,locked_test,base_estimator_raw_margin_log_odds,RATCAT_A,code_6,WTFA_A,8,RATCAT_A,0.1829613217880236,4.983957028338223,299,2176686.528
MEDNG,XGBoost,locked_test,base_estimator_raw_margin_log_odds,RATCAT_A,code_6,WTFA_A,9,PHSTAT_A,0.16659390648780853,4.538100528592618,299,2176686.528
MEDNG,XGBoost,locked_test,base_estimator_raw_margin_log_odds,RATCAT_A,code_6,WTFA_A,10,EDUCP_A,0.1119637222469501,3.0499472509173957,299,2176686.528
MEDNG,XGBoost,locked_test,base_estimator_raw_margin_log_odds,RATCAT_A,code_6,WTFA_A,11,EMPWRKLSW1_A,0.076361089087193,2.080113889254756,299,2176686.528
MEDNG,XGBoost,locked_test,base_estimator_raw_margin_log_odds,RATCAT_A,code_6,WTFA_A,12,SEX_A,0.039793707857495864,1.0840003123162116,299,2176686.528
MEDNG,XGBoost,locked_test,base_estimator_raw_margin_log_odds,RATCAT_A,code_7,Unweighted,1,HISPALLP_A,0.6148851340420776,16.856940467467535,274,2014189.3329999999
MEDNG,XGBoost,locked_test,base_estimator_raw_margin_log_odds,RATCAT_A,code_7,Unweighted,2,K6SPD_A,0.5700959403859791,15.629054592127668,274,2014189.3329999999
MEDNG,XGBoost,locked_test,base_estimator_raw_margin_log_odds,RATCAT_A,code_7,Unweighted,3,NOTCOV_A,0.5363441216079586,14.703755917121956,274,2014189.3329999999
MEDNG,XGBoost,locked_test,base_estimator_raw_margin_log_odds,RATCAT_A,code_7,Unweighted,4,FDSCAT3_A,0.5189472340033764,14.226824076630269,274,2014189.3329999999
MEDNG,XGBoost,locked_test,base_estimator_raw_margin_log_odds,RATCAT_A,code_7,Unweighted,5,CHRONIC_BURDEN_CAT,0.39837511128875136,10.921365898977305,274,2014189.3329999999
MEDNG,XGBoost,locked_test,base_estimator_raw_margin_log_odds,RATCAT_A,code_7,Unweighted,6,DISAB3_A,0.22869631885312988,6.269659190967481,274,2014189.3329999999
MEDNG,XGBoost,locked_test,base_estimator_raw_margin_log_odds,RATCAT_A,code_7,Unweighted,7,AGEP_A,0.19754622449561354,5.4156862176922544,274,2014189.3329999999
MEDNG,XGBoost,locked_test,base_estimator_raw_margin_log_odds,RATCAT_A,code_7,Unweighted,8,RATCAT_A,0.1906675133211742,5.227107866483502,274,2014189.3329999999
MEDNG,XGBoost,locked_test,base_estimator_raw_margin_log_odds,RATCAT_A,code_7,Unweighted,9,PHSTAT_A,0.16668744135076982,4.569699477125643,274,2014189.3329999999
MEDNG,XGBoost,locked_test,base_estimator_raw_margin_log_odds,RATCAT_A,code_7,Unweighted,10,EDUCP_A,0.10687285489368721,2.92989576880533,274,2014189.3329999999
MEDNG,XGBoost,locked_test,base_estimator_raw_margin_log_odds,RATCAT_A,code_7,Unweighted,11,EMPWRKLSW1_A,0.081349085350215,2.2301672506163883,274,2014189.3329999999
MEDNG,XGBoost,locked_test,base_estimator_raw_margin_log_odds,RATCAT_A,code_7,Unweighted,12,SEX_A,0.037200491433541705,1.0198432759846752,274,2014189.3329999999
MEDNG,XGBoost,locked_test,base_estimator_raw_margin_log_odds,RATCAT_A,code_7,WTFA_A,1,HISPALLP_A,0.6399324301147064,17.699517111733066,274,2014189.3329999999
MEDNG,XGBoost,locked_test,base_estimator_raw_margin_log_odds,RATCAT_A,code_7,WTFA_A,2,K6SPD_A,0.5729669331834676,15.84735756636089,274,2014189.3329999999
MEDNG,XGBoost,locked_test,base_estimator_raw_margin_log_odds,RATCAT_A,code_7,WTFA_A,3,NOTCOV_A,0.5292650721817203,14.638633332028276,274,2014189.3329999999
MEDNG,XGBoost,locked_test,base_estimator_raw_margin_log_odds,RATCAT_A,code_7,WTFA_A,4,FDSCAT3_A,0.4999910596135036,13.82896052596754,274,2014189.3329999999
MEDNG,XGBoost,locked_test,base_estimator_raw_margin_log_odds,RATCAT_A,code_7,WTFA_A,5,CHRONIC_BURDEN_CAT,0.37498176036032427,10.371401372635049,274,2014189.3329999999
MEDNG,XGBoost,locked_test,base_estimator_raw_margin_log_odds,RATCAT_A,code_7,WTFA_A,6,DISAB3_A,0.23668370197318497,6.546296196290311,274,2014189.3329999999
MEDNG,XGBoost,locked_test,base_estimator_raw_margin_log_odds,RATCAT_A,code_7,WTFA_A,7,RATCAT_A,0.1908422191029578,5.278393411080053,274,2014189.3329999999
MEDNG,XGBoost,locked_test,base_estimator_raw_margin_log_odds,RATCAT_A,code_7,WTFA_A,8,AGEP_A,0.19009431393980467,5.257707539243851,274,2014189.3329999999
MEDNG,XGBoost,locked_test,base_estimator_raw_margin_log_odds,RATCAT_A,code_7,WTFA_A,9,PHSTAT_A,0.15583129630360443,4.3100467575534545,274,2014189.3329999999
MEDNG,XGBoost,locked_test,base_estimator_raw_margin_log_odds,RATCAT_A,code_7,WTFA_A,10,EDUCP_A,0.11183501796230215,3.0931794060818807,274,2014189.3329999999
MEDNG,XGBoost,locked_test,base_estimator_raw_margin_log_odds,RATCAT_A,code_7,WTFA_A,11,EMPWRKLSW1_A,0.07543392932527375,2.0863829680559,274,2014189.3329999999
MEDNG,XGBoost,locked_test,base_estimator_raw_margin_log_odds,RATCAT_A,code_7,WTFA_A,12,SEX_A,0.037678362630133265,1.042123812969737,274,2014189.3329999999
MEDNG,XGBoost,locked_test,base_estimator_raw_margin_log_odds,RATCAT_A,code_8,Unweighted,1,HISPALLP_A,0.6028920129784998,16.265807871493926,530,4181768.7849999997
MEDNG,XGBoost,locked_test,base_estimator_raw_margin_log_odds,RATCAT_A,code_8,Unweighted,2,K6SPD_A,0.5719460825470961,15.430897890990037,530,4181768.7849999997
MEDNG,XGBoost,locked_test,base_estimator_raw_margin_log_odds,RATCAT_A,code_8,Unweighted,3,NOTCOV_A,0.543218774650738,14.655845541898666,530,4181768.7849999997
MEDNG,XGBoost,locked_test,base_estimator_raw_margin_log_odds,RATCAT_A,code_8,Unweighted,4,FDSCAT3_A,0.5349369948765017,14.432406126975524,530,4181768.7849999997
MEDNG,XGBoost,locked_test,base_estimator_raw_margin_log_odds,RATCAT_A,code_8,Unweighted,5,CHRONIC_BURDEN_CAT,0.4212360356266628,11.364795480044636,530,4181768.7849999997
MEDNG,XGBoost,locked_test,base_estimator_raw_margin_log_odds,RATCAT_A,code_8,Unweighted,6,DISAB3_A,0.22548355373009196,6.0834645080729395,530,4181768.7849999997
MEDNG,XGBoost,locked_test,base_estimator_raw_margin_log_odds,RATCAT_A,code_8,Unweighted,7,AGEP_A,0.21822751835515758,5.887699305056963,530,4181768.7849999997
MEDNG,XGBoost,locked_test,base_estimator_raw_margin_log_odds,RATCAT_A,code_8,Unweighted,8,RATCAT_A,0.19693819670806165,5.313321127586485,530,4181768.7849999997
MEDNG,XGBoost,locked_test,base_estimator_raw_margin_log_odds,RATCAT_A,code_8,Unweighted,9,PHSTAT_A,0.17225062211729444,4.6472593180714945,530,4181768.7849999997
MEDNG,XGBoost,locked_test,base_estimator_raw_margin_log_odds,RATCAT_A,code_8,Unweighted,10,EDUCP_A,0.09503522370195122,2.56401587097408,530,4181768.7849999997
MEDNG,XGBoost,locked_test,base_estimator_raw_margin_log_odds,RATCAT_A,code_8,Unweighted,11,EMPWRKLSW1_A,0.0872541968341706,2.3540865878691712,530,4181768.7849999997
MEDNG,XGBoost,locked_test,base_estimator_raw_margin_log_odds,RATCAT_A,code_8,Unweighted,12,SEX_A,0.03707983016897485,1.0004003709660652,530,4181768.7849999997
MEDNG,XGBoost,locked_test,base_estimator_raw_margin_log_odds,RATCAT_A,code_8,WTFA_A,1,HISPALLP_A,0.637390041441663,17.42248201556556,530,4181768.7849999997
MEDNG,XGBoost,locked_test,base_estimator_raw_margin_log_odds,RATCAT_A,code_8,WTFA_A,2,K6SPD_A,0.5732816558517924,15.67013710528084,530,4181768.7849999997
MEDNG,XGBoost,locked_test,base_estimator_raw_margin_log_odds,RATCAT_A,code_8,WTFA_A,3,NOTCOV_A,0.5326121566778034,14.558473019130018,530,4181768.7849999997
MEDNG,XGBoost,locked_test,base_estimator_raw_margin_log_odds,RATCAT_A,code_8,WTFA_A,4,FDSCAT3_A,0.5074147016852751,13.869723308744835,530,4181768.7849999997
MEDNG,XGBoost,locked_test,base_estimator_raw_margin_log_odds,RATCAT_A,code_8,WTFA_A,5,CHRONIC_BURDEN_CAT,0.37923402472200524,10.36602009103464,530,4181768.7849999997
MEDNG,XGBoost,locked_test,base_estimator_raw_margin_log_odds,RATCAT_A,code_8,WTFA_A,6,DISAB3_A,0.23613632182399277,6.454573420844473,530,4181768.7849999997
MEDNG,XGBoost,locked_test,base_estimator_raw_margin_log_odds,RATCAT_A,code_8,WTFA_A,7,AGEP_A,0.21774585377229302,5.951886560278113,530,4181768.7849999997
MEDNG,XGBoost,locked_test,base_estimator_raw_margin_log_odds,RATCAT_A,code_8,WTFA_A,8,RATCAT_A,0.19811191657931762,5.4152105920347875,530,4181768.7849999997
MEDNG,XGBoost,locked_test,base_estimator_raw_margin_log_odds,RATCAT_A,code_8,WTFA_A,9,PHSTAT_A,0.15655551250175423,4.279303760112329,530,4181768.7849999997
MEDNG,XGBoost,locked_test,base_estimator_raw_margin_log_odds,RATCAT_A,code_8,WTFA_A,10,EDUCP_A,0.10429016226010226,2.850677541599692,530,4181768.7849999997
MEDNG,XGBoost,locked_test,base_estimator_raw_margin_log_odds,RATCAT_A,code_8,WTFA_A,11,EMPWRKLSW1_A,0.07877263993345397,2.1531790792574426,530,4181768.7849999997
MEDNG,XGBoost,locked_test,base_estimator_raw_margin_log_odds,RATCAT_A,code_8,WTFA_A,12,SEX_A,0.03688921788967319,1.00833350611728,530,4181768.7849999997
MEDNG,XGBoost,locked_test,base_estimator_raw_margin_log_odds,RATCAT_A,code_9,Unweighted,1,HISPALLP_A,0.600701088661697,16.28432371137241,530,4222353.769
MEDNG,XGBoost,locked_test,base_estimator_raw_margin_log_odds,RATCAT_A,code_9,Unweighted,2,K6SPD_A,0.5711161759980726,15.48231035750871,530,4222353.769
MEDNG,XGBoost,locked_test,base_estimator_raw_margin_log_odds,RATCAT_A,code_9,Unweighted,3,NOTCOV_A,0.5421294583534857,14.696513390657465,530,4222353.769
MEDNG,XGBoost,locked_test,base_estimator_raw_margin_log_odds,RATCAT_A,code_9,Unweighted,4,FDSCAT3_A,0.5313871927910818,14.405302781731416,530,4222353.769
MEDNG,XGBoost,locked_test,base_estimator_raw_margin_log_odds,RATCAT_A,code_9,Unweighted,5,CHRONIC_BURDEN_CAT,0.416065951171419,11.279075004259226,530,4222353.769
MEDNG,XGBoost,locked_test,base_estimator_raw_margin_log_odds,RATCAT_A,code_9,Unweighted,6,DISAB3_A,0.22612023783917978,6.129862622472246,530,4222353.769
MEDNG,XGBoost,locked_test,base_estimator_raw_margin_log_odds,RATCAT_A,code_9,Unweighted,7,AGEP_A,0.21711488534555823,5.8857377525342525,530,4222353.769
MEDNG,XGBoost,locked_test,base_estimator_raw_margin_log_odds,RATCAT_A,code_9,Unweighted,8,RATCAT_A,0.19405829658301302,5.260699839042589,530,4222353.769
MEDNG,XGBoost,locked_test,base_estimator_raw_margin_log_odds,RATCAT_A,code_9,Unweighted,9,PHSTAT_A,0.1700455312880705,4.60974106662013,530,4222353.769
MEDNG,XGBoost,locked_test,base_estimator_raw_margin_log_odds,RATCAT_A,code_9,Unweighted,10,EDUCP_A,0.09773838994343642,2.649576654527463,530,4222353.769
MEDNG,XGBoost,locked_test,base_estimator_raw_margin_log_odds,RATCAT_A,code_9,Unweighted,11,EMPWRKLSW1_A,0.0858805583403358,2.3281243182747797,530,4222353.769
MEDNG,XGBoost,locked_test,base_estimator_raw_margin_log_odds,RATCAT_A,code_9,Unweighted,12,SEX_A,0.036472665384974116,0.9887325009993061,530,4222353.769
MEDNG,XGBoost,locked_test,base_estimator_raw_margin_log_odds,RATCAT_A,code_9,WTFA_A,1,HISPALLP_A,0.6183657641754933,16.838897642333148,530,4222353.769
MEDNG,XGBoost,locked_test,base_estimator_raw_margin_log_odds,RATCAT_A,code_9,WTFA_A,2,K6SPD_A,0.5707264326953743,15.541617176600186,530,4222353.769
MEDNG,XGBoost,locked_test,base_estimator_raw_margin_log_odds,RATCAT_A,code_9,WTFA_A,3,NOTCOV_A,0.5309591647646735,14.458703158724088,530,4222353.769
MEDNG,XGBoost,locked_test,base_estimator_raw_margin_log_odds,RATCAT_A,code_9,WTFA_A,4,FDSCAT3_A,0.5118836868176788,13.939253280938056,530,4222353.769
MEDNG,XGBoost,locked_test,base_estimator_raw_margin_log_odds,RATCAT_A,code_9,WTFA_A,5,CHRONIC_BURDEN_CAT,0.39210372239410524,10.677490296339116,530,4222353.769
MEDNG,XGBoost,locked_test,base_estimator_raw_margin_log_odds,RATCAT_A,code_9,WTFA_A,6,DISAB3_A,0.23343102761780235,6.356628080537251,530,4222353.769
MEDNG,XGBoost,locked_test,base_estimator_raw_margin_log_odds,RATCAT_A,code_9,WTFA_A,7,AGEP_A,0.23127685477146184,6.29796717437957,530,4222353.769
MEDNG,XGBoost,locked_test,base_estimator_raw_margin_log_odds,RATCAT_A,code_9,WTFA_A,8,RATCAT_A,0.19124140263813613,5.207750154625103,530,4222353.769
MEDNG,XGBoost,locked_test,base_estimator_raw_margin_log_odds,RATCAT_A,code_9,WTFA_A,9,PHSTAT_A,0.1692021308538916,4.607592346436467,530,4222353.769
MEDNG,XGBoost,locked_test,base_estimator_raw_margin_log_odds,RATCAT_A,code_9,WTFA_A,10,EDUCP_A,0.10692501820429591,2.911706212176007,530,4222353.769
MEDNG,XGBoost,locked_test,base_estimator_raw_margin_log_odds,RATCAT_A,code_9,WTFA_A,11,EMPWRKLSW1_A,0.07797939968204382,2.1234796709797563,530,4222353.769
MEDNG,XGBoost,locked_test,base_estimator_raw_margin_log_odds,RATCAT_A,code_9,WTFA_A,12,SEX_A,0.03815150858021992,1.0389148059312605,530,4222353.769
MEDNG,XGBoost,locked_test,base_estimator_raw_margin_log_odds,NOTCOV_A,code_1,Unweighted,1,HISPALLP_A,0.6669156456622246,18.920031289709772,471,4739806.264
MEDNG,XGBoost,locked_test,base_estimator_raw_margin_log_odds,NOTCOV_A,code_1,Unweighted,2,K6SPD_A,0.5723192793230136,16.236384230787433,471,4739806.264
MEDNG,XGBoost,locked_test,base_estimator_raw_margin_log_odds,NOTCOV_A,code_1,Unweighted,3,NOTCOV_A,0.5168590119954856,14.663006847909317,471,4739806.264
MEDNG,XGBoost,locked_test,base_estimator_raw_margin_log_odds,NOTCOV_A,code_1,Unweighted,4,FDSCAT3_A,0.4698905318366431,13.330536812132879,471,4739806.264
MEDNG,XGBoost,locked_test,base_estimator_raw_margin_log_odds,NOTCOV_A,code_1,Unweighted,5,CHRONIC_BURDEN_CAT,0.3185546308016353,9.037220256340236,471,4739806.264
MEDNG,XGBoost,locked_test,base_estimator_raw_margin_log_odds,NOTCOV_A,code_1,Unweighted,6,DISAB3_A,0.24842609117309822,7.0477120288700705,471,4739806.264
MEDNG,XGBoost,locked_test,base_estimator_raw_margin_log_odds,NOTCOV_A,code_1,Unweighted,7,RATCAT_A,0.1931153336656527,5.478576157632116,471,4739806.264
MEDNG,XGBoost,locked_test,base_estimator_raw_margin_log_odds,NOTCOV_A,code_1,Unweighted,8,AGEP_A,0.1767558354692585,5.014466161453537,471,4739806.264
MEDNG,XGBoost,locked_test,base_estimator_raw_margin_log_odds,NOTCOV_A,code_1,Unweighted,9,PHSTAT_A,0.13996003555517542,3.9705894879454937,471,4739806.264
MEDNG,XGBoost,locked_test,base_estimator_raw_margin_log_odds,NOTCOV_A,code_1,Unweighted,10,EDUCP_A,0.1187975273718227,3.370220731263839,471,4739806.264
MEDNG,XGBoost,locked_test,base_estimator_raw_margin_log_odds,NOTCOV_A,code_1,Unweighted,11,EMPWRKLSW1_A,0.06896354141002502,1.95645786661858,471,4739806.264
MEDNG,XGBoost,locked_test,base_estimator_raw_margin_log_odds,NOTCOV_A,code_1,Unweighted,12,SEX_A,0.03436083766787991,0.9747981293367178,471,4739806.264
MEDNG,XGBoost,locked_test,base_estimator_raw_margin_log_odds,NOTCOV_A,code_1,WTFA_A,1,HISPALLP_A,0.6731283391974653,18.985895736607585,471,4739806.264
MEDNG,XGBoost,locked_test,base_estimator_raw_margin_log_odds,NOTCOV_A,code_1,WTFA_A,2,K6SPD_A,0.5732063424954902,16.16754966394161,471,4739806.264
MEDNG,XGBoost,locked_test,base_estimator_raw_margin_log_odds,NOTCOV_A,code_1,WTFA_A,3,NOTCOV_A,0.5112810428254858,14.420917982389449,471,4739806.264
MEDNG,XGBoost,locked_test,base_estimator_raw_margin_log_odds,NOTCOV_A,code_1,WTFA_A,4,FDSCAT3_A,0.4659040656014393,13.141039379379938,471,4739806.264
MEDNG,XGBoost,locked_test,base_estimator_raw_margin_log_odds,NOTCOV_A,code_1,WTFA_A,5,CHRONIC_BURDEN_CAT,0.3184708398942075,8.982617146367858,471,4739806.264
MEDNG,XGBoost,locked_test,base_estimator_raw_margin_log_odds,NOTCOV_A,code_1,WTFA_A,6,DISAB3_A,0.2513068123649859,7.088224725688083,471,4739806.264
MEDNG,XGBoost,locked_test,base_estimator_raw_margin_log_odds,NOTCOV_A,code_1,WTFA_A,7,AGEP_A,0.19408540833206434,5.474268593390041,471,4739806.264
MEDNG,XGBoost,locked_test,base_estimator_raw_margin_log_odds,NOTCOV_A,code_1,WTFA_A,8,RATCAT_A,0.1899981353282709,5.358985170336434,471,4739806.264
MEDNG,XGBoost,locked_test,base_estimator_raw_margin_log_odds,NOTCOV_A,code_1,WTFA_A,9,PHSTAT_A,0.14497995787223564,4.089226680519457,471,4739806.264
MEDNG,XGBoost,locked_test,base_estimator_raw_margin_log_odds,NOTCOV_A,code_1,WTFA_A,10,EDUCP_A,0.12043040573633416,3.3967952226665044,471,4739806.264
MEDNG,XGBoost,locked_test,base_estimator_raw_margin_log_odds,NOTCOV_A,code_1,WTFA_A,11,EMPWRKLSW1_A,0.06660299793711433,1.8785683218851832,471,4739806.264
MEDNG,XGBoost,locked_test,base_estimator_raw_margin_log_odds,NOTCOV_A,code_1,WTFA_A,12,SEX_A,0.03601824993368122,1.0159113768278554,471,4739806.264
MEDNG,XGBoost,locked_test,base_estimator_raw_margin_log_odds,NOTCOV_A,code_2,Unweighted,1,HISPALLP_A,0.6059266413719211,16.544409382932518,5927,45336881.842
MEDNG,XGBoost,locked_test,base_estimator_raw_margin_log_odds,NOTCOV_A,code_2,Unweighted,2,K6SPD_A,0.5713682460376462,15.600816213414618,5927,45336881.842
MEDNG,XGBoost,locked_test,base_estimator_raw_margin_log_odds,NOTCOV_A,code_2,Unweighted,3,NOTCOV_A,0.5427146679491573,14.81845000963054,5927,45336881.842
MEDNG,XGBoost,locked_test,base_estimator_raw_margin_log_odds,NOTCOV_A,code_2,Unweighted,4,FDSCAT3_A,0.5290652029766252,14.445760774755062,5927,45336881.842
MEDNG,XGBoost,locked_test,base_estimator_raw_margin_log_odds,NOTCOV_A,code_2,Unweighted,5,CHRONIC_BURDEN_CAT,0.4046906716238518,11.049799905875508,5927,45336881.842
MEDNG,XGBoost,locked_test,base_estimator_raw_margin_log_odds,NOTCOV_A,code_2,Unweighted,6,DISAB3_A,0.22654691485300602,6.185707390720079,5927,45336881.842
MEDNG,XGBoost,locked_test,base_estimator_raw_margin_log_odds,NOTCOV_A,code_2,Unweighted,7,AGEP_A,0.2006257538073568,5.477947951311451,5927,45336881.842
MEDNG,XGBoost,locked_test,base_estimator_raw_margin_log_odds,NOTCOV_A,code_2,Unweighted,8,RATCAT_A,0.19935147904771924,5.443154757135258,5927,45336881.842
MEDNG,XGBoost,locked_test,base_estimator_raw_margin_log_odds,NOTCOV_A,code_2,Unweighted,9,PHSTAT_A,0.16399260969734802,4.477705196235202,5927,45336881.842
MEDNG,XGBoost,locked_test,base_estimator_raw_margin_log_odds,NOTCOV_A,code_2,Unweighted,10,EDUCP_A,0.09641208293396691,2.632465484450816,5927,45336881.842
MEDNG,XGBoost,locked_test,base_estimator_raw_margin_log_odds,NOTCOV_A,code_2,Unweighted,11,EMPWRKLSW1_A,0.08608751380679397,2.350560239361108,5927,45336881.842
MEDNG,XGBoost,locked_test,base_estimator_raw_margin_log_odds,NOTCOV_A,code_2,Unweighted,12,SEX_A,0.03564355455314442,0.973222694177838,5927,45336881.842
MEDNG,XGBoost,locked_test,base_estimator_raw_margin_log_odds,NOTCOV_A,code_2,WTFA_A,1,HISPALLP_A,0.6277883859812247,17.262773506151177,5927,45336881.842
MEDNG,XGBoost,locked_test,base_estimator_raw_margin_log_odds,NOTCOV_A,code_2,WTFA_A,2,K6SPD_A,0.571907958786196,15.726187007203741,5927,45336881.842
MEDNG,XGBoost,locked_test,base_estimator_raw_margin_log_odds,NOTCOV_A,code_2,WTFA_A,3,NOTCOV_A,0.5329882712083741,14.655982832374997,5927,45336881.842
MEDNG,XGBoost,locked_test,base_estimator_raw_margin_log_odds,NOTCOV_A,code_2,WTFA_A,4,FDSCAT3_A,0.5086626513965904,13.987082810353686,5927,45336881.842
MEDNG,XGBoost,locked_test,base_estimator_raw_margin_log_odds,NOTCOV_A,code_2,WTFA_A,5,CHRONIC_BURDEN_CAT,0.3778321683923209,10.389537767730658,5927,45336881.842
MEDNG,XGBoost,locked_test,base_estimator_raw_margin_log_odds,NOTCOV_A,code_2,WTFA_A,6,DISAB3_A,0.23452901654469646,6.449022287826393,5927,45336881.842
MEDNG,XGBoost,locked_test,base_estimator_raw_margin_log_odds,NOTCOV_A,code_2,WTFA_A,7,AGEP_A,0.2069386928606916,5.690350226740163,5927,45336881.842
MEDNG,XGBoost,locked_test,base_estimator_raw_margin_log_odds,NOTCOV_A,code_2,WTFA_A,8,RATCAT_A,0.1981861721289893,5.449675524287499,5927,45336881.842
MEDNG,XGBoost,locked_test,base_estimator_raw_margin_log_odds,NOTCOV_A,code_2,WTFA_A,9,PHSTAT_A,0.1586508635640692,4.3625431521502005,5927,45336881.842
MEDNG,XGBoost,locked_test,base_estimator_raw_margin_log_odds,NOTCOV_A,code_2,WTFA_A,10,EDUCP_A,0.10377684237979755,2.8536305627666922,5927,45336881.842
MEDNG,XGBoost,locked_test,base_estimator_raw_margin_log_odds,NOTCOV_A,code_2,WTFA_A,11,EMPWRKLSW1_A,0.07917306017642886,2.177081698442641,5927,45336881.842
MEDNG,XGBoost,locked_test,base_estimator_raw_margin_log_odds,NOTCOV_A,code_2,WTFA_A,12,SEX_A,0.0362259570864373,0.9961326239721515,5927,45336881.842
MEDNG,XGBoost,locked_test,base_estimator_raw_margin_log_odds,SEX_A,code_1,Unweighted,1,HISPALLP_A,0.6134194504423035,16.84254096524916,2958,24662417.391999997
MEDNG,XGBoost,locked_test,base_estimator_raw_margin_log_odds,SEX_A,code_1,Unweighted,2,K6SPD_A,0.5711970491052376,15.683248537110527,2958,24662417.391999997
MEDNG,XGBoost,locked_test,base_estimator_raw_margin_log_odds,SEX_A,code_1,Unweighted,3,NOTCOV_A,0.5392390110604264,14.805782776038527,2958,24662417.391999997
MEDNG,XGBoost,locked_test,base_estimator_raw_margin_log_odds,SEX_A,code_1,Unweighted,4,FDSCAT3_A,0.5210707520277689,14.306940349695259,2958,24662417.391999997
MEDNG,XGBoost,locked_test,base_estimator_raw_margin_log_odds,SEX_A,code_1,Unweighted,5,CHRONIC_BURDEN_CAT,0.3932888955945191,10.798458266121317,2958,24662417.391999997
MEDNG,XGBoost,locked_test,base_estimator_raw_margin_log_odds,SEX_A,code_1,Unweighted,6,DISAB3_A,0.228917080492154,6.2853326594947685,2958,24662417.391999997
MEDNG,XGBoost,locked_test,base_estimator_raw_margin_log_odds,SEX_A,code_1,Unweighted,7,RATCAT_A,0.19917369187056094,5.46867410564015,2958,24662417.391999997
MEDNG,XGBoost,locked_test,base_estimator_raw_margin_log_odds,SEX_A,code_1,Unweighted,8,AGEP_A,0.1967350631387762,5.401717141226154,2958,24662417.391999997
MEDNG,XGBoost,locked_test,base_estimator_raw_margin_log_odds,SEX_A,code_1,Unweighted,9,PHSTAT_A,0.16052242263174282,4.407433571052799,2958,24662417.391999997
MEDNG,XGBoost,locked_test,base_estimator_raw_margin_log_odds,SEX_A,code_1,Unweighted,10,EDUCP_A,0.09937828408537352,2.7286106098481198,2958,24662417.391999997
MEDNG,XGBoost,locked_test,base_estimator_raw_margin_log_odds,SEX_A,code_1,Unweighted,11,EMPWRKLSW1_A,0.08362803830084485,2.296159112512337,2958,24662417.391999997
MEDNG,XGBoost,locked_test,base_estimator_raw_margin_log_odds,SEX_A,code_1,Unweighted,12,SEX_A,0.035514028230335684,0.9751019060108918,2958,24662417.391999997
MEDNG,XGBoost,locked_test,base_estimator_raw_margin_log_odds,SEX_A,code_1,WTFA_A,1,HISPALLP_A,0.6343636637975483,17.52282667727217,2958,24662417.391999997
MEDNG,XGBoost,locked_test,base_estimator_raw_margin_log_odds,SEX_A,code_1,WTFA_A,2,K6SPD_A,0.5720297430142224,15.800996515275973,2958,24662417.391999997
MEDNG,XGBoost,locked_test,base_estimator_raw_margin_log_odds,SEX_A,code_1,WTFA_A,3,NOTCOV_A,0.5294466201324356,14.624736391599235,2958,24662417.391999997
MEDNG,XGBoost,locked_test,base_estimator_raw_margin_log_odds,SEX_A,code_1,WTFA_A,4,FDSCAT3_A,0.5013350676900118,13.848219877193634,2958,24662417.391999997
MEDNG,XGBoost,locked_test,base_estimator_raw_margin_log_odds,SEX_A,code_1,WTFA_A,5,CHRONIC_BURDEN_CAT,0.36937313956673606,10.203077309190599,2958,24662417.391999997
MEDNG,XGBoost,locked_test,base_estimator_raw_margin_log_odds,SEX_A,code_1,WTFA_A,6,DISAB3_A,0.23682450357616655,6.541728295491676,2958,24662417.391999997
MEDNG,XGBoost,locked_test,base_estimator_raw_margin_log_odds,SEX_A,code_1,WTFA_A,7,AGEP_A,0.2044317935053813,5.646954719118223,2958,24662417.391999997
MEDNG,XGBoost,locked_test,base_estimator_raw_margin_log_odds,SEX_A,code_1,WTFA_A,8,RATCAT_A,0.1959216973059938,5.411883025673356,2958,24662417.391999997
MEDNG,XGBoost,locked_test,base_estimator_raw_margin_log_odds,SEX_A,code_1,WTFA_A,9,PHSTAT_A,0.1561401623441305,4.313010278266054,2958,24662417.391999997
MEDNG,XGBoost,locked_test,base_estimator_raw_margin_log_odds,SEX_A,code_1,WTFA_A,10,EDUCP_A,0.10730743519504038,2.9641193142257265,2958,24662417.391999997
MEDNG,XGBoost,locked_test,base_estimator_raw_margin_log_odds,SEX_A,code_1,WTFA_A,11,EMPWRKLSW1_A,0.07650761993580182,2.113345767000802,2958,24662417.391999997
MEDNG,XGBoost,locked_test,base_estimator_raw_margin_log_odds,SEX_A,code_1,WTFA_A,12,SEX_A,0.03653163645445785,1.009101829692561,2958,24662417.391999997
MEDNG,XGBoost,locked_test,base_estimator_raw_margin_log_odds,SEX_A,code_2,Unweighted,1,HISPALLP_A,0.6080819591498078,16.609816135383138,3458,25582858.346
MEDNG,XGBoost,locked_test,base_estimator_raw_margin_log_odds,SEX_A,code_2,Unweighted,2,K6SPD_A,0.5716722847783681,15.61528244176011,3458,25582858.346
MEDNG,XGBoost,locked_test,base_estimator_raw_margin_log_odds,SEX_A,code_2,Unweighted,3,NOTCOV_A,0.5420996034903017,14.807501859826985,3458,25582858.346
MEDNG,XGBoost,locked_test,base_estimator_raw_margin_log_odds,SEX_A,code_2,Unweighted,4,FDSCAT3_A,0.5277193127191389,14.41470285948118,3458,25582858.346
MEDNG,XGBoost,locked_test,base_estimator_raw_margin_log_odds,SEX_A,code_2,Unweighted,5,CHRONIC_BURDEN_CAT,0.4024703693888573,10.993516145151313,3458,25582858.346
MEDNG,XGBoost,locked_test,base_estimator_raw_margin_log_odds,SEX_A,code_2,Unweighted,6,DISAB3_A,0.22757738375413608,6.216297727386581,3458,25582858.346
MEDNG,XGBoost,locked_test,base_estimator_raw_margin_log_odds,SEX_A,code_2,Unweighted,7,AGEP_A,0.20055340424162793,5.478135175126847,3458,25582858.346
MEDNG,XGBoost,locked_test,base_estimator_raw_margin_log_odds,SEX_A,code_2,Unweighted,8,RATCAT_A,0.19872362730749105,5.428154645384981,3458,25582858.346
MEDNG,XGBoost,locked_test,base_estimator_raw_margin_log_odds,SEX_A,code_2,Unweighted,9,PHSTAT_A,0.16367976220745858,4.470928160983873,3458,25582858.346
MEDNG,XGBoost,locked_test,base_estimator_raw_margin_log_odds,SEX_A,code_2,Unweighted,10,EDUCP_A,0.09702785207955016,2.6503249418972503,3458,25582858.346
MEDNG,XGBoost,locked_test,base_estimator_raw_margin_log_odds,SEX_A,code_2,Unweighted,11,EMPWRKLSW1_A,0.08581215554407699,2.343967131932084,3458,25582858.346
MEDNG,XGBoost,locked_test,base_estimator_raw_margin_log_odds,SEX_A,code_2,Unweighted,12,SEX_A,0.03556175792009121,0.9713727756856554,3458,25582858.346
MEDNG,XGBoost,locked_test,base_estimator_raw_margin_log_odds,SEX_A,code_2,WTFA_A,1,HISPALLP_A,0.6301968935346582,17.33681299339991,3458,25582858.346
MEDNG,XGBoost,locked_test,base_estimator_raw_margin_log_odds,SEX_A,code_2,WTFA_A,2,K6SPD_A,0.5720383588056877,15.736862801784335,3458,25582858.346
MEDNG,XGBoost,locked_test,base_estimator_raw_margin_log_odds,SEX_A,code_2,WTFA_A,3,NOTCOV_A,0.5323398687483073,14.644751264412406,3458,25582858.346
MEDNG,XGBoost,locked_test,base_estimator_raw_margin_log_odds,SEX_A,code_2,WTFA_A,4,FDSCAT3_A,0.5077469611271552,13.968196611785537,3458,25582858.346
MEDNG,XGBoost,locked_test,base_estimator_raw_margin_log_odds,SEX_A,code_2,WTFA_A,5,CHRONIC_BURDEN_CAT,0.3746938642999099,10.30788555415919,3458,25582858.346
MEDNG,XGBoost,locked_test,base_estimator_raw_margin_log_odds,SEX_A,code_2,WTFA_A,6,DISAB3_A,0.23545655663186807,6.477445909802911,3458,25582858.346
MEDNG,XGBoost,locked_test,base_estimator_raw_margin_log_odds,SEX_A,code_2,WTFA_A,7,AGEP_A,0.20643582426644141,5.679081120778065,3458,25582858.346
MEDNG,XGBoost,locked_test,base_estimator_raw_margin_log_odds,SEX_A,code_2,WTFA_A,8,RATCAT_A,0.1989784816213768,5.473928483258628,3458,25582858.346
MEDNG,XGBoost,locked_test,base_estimator_raw_margin_log_odds,SEX_A,code_2,WTFA_A,9,PHSTAT_A,0.15836981195587735,4.356777765563448,3458,25582858.346
MEDNG,XGBoost,locked_test,base_estimator_raw_margin_log_odds,SEX_A,code_2,WTFA_A,10,EDUCP_A,0.10350060593108616,2.847317510034878,3458,25582858.346
MEDNG,XGBoost,locked_test,base_estimator_raw_margin_log_odds,SEX_A,code_2,WTFA_A,11,EMPWRKLSW1_A,0.07942448732934795,2.184979802427158,3458,25582858.346
MEDNG,XGBoost,locked_test,base_estimator_raw_margin_log_odds,SEX_A,code_2,WTFA_A,12,SEX_A,0.03583986540408812,0.9859601825935171,3458,25582858.346
MEDNG,XGBoost,locked_test,base_estimator_raw_margin_log_odds,AGE_GROUP,18-34,Unweighted,1,HISPALLP_A,0.6781757671375216,19.23629150857171,1295,14117624.929
MEDNG,XGBoost,locked_test,base_estimator_raw_margin_log_odds,AGE_GROUP,18-34,Unweighted,2,K6SPD_A,0.5650024579154709,16.026157981722125,1295,14117624.929
MEDNG,XGBoost,locked_test,base_estimator_raw_margin_log_odds,AGE_GROUP,18-34,Unweighted,3,NOTCOV_A,0.4852734485058596,13.764663925149716,1295,14117624.929
MEDNG,XGBoost,locked_test,base_estimator_raw_margin_log_odds,AGE_GROUP,18-34,Unweighted,4,FDSCAT3_A,0.4163594422452008,11.809934815543015,1295,14117624.929
MEDNG,XGBoost,locked_test,base_estimator_raw_margin_log_odds,AGE_GROUP,18-34,Unweighted,5,CHRONIC_BURDEN_CAT,0.3584741232298228,10.168031750580385,1295,14117624.929
MEDNG,XGBoost,locked_test,base_estimator_raw_margin_log_odds,AGE_GROUP,18-34,Unweighted,6,DISAB3_A,0.25710999520502725,7.292862790434169,1295,14117624.929
MEDNG,XGBoost,locked_test,base_estimator_raw_margin_log_odds,AGE_GROUP,18-34,Unweighted,7,AGEP_A,0.2296630015877223,6.514335458965363,1295,14117624.929
MEDNG,XGBoost,locked_test,base_estimator_raw_margin_log_odds,AGE_GROUP,18-34,Unweighted,8,PHSTAT_A,0.16441962913426653,4.663722988964657,1295,14117624.929
MEDNG,XGBoost,locked_test,base_estimator_raw_margin_log_odds,AGE_GROUP,18-34,Unweighted,9,EDUCP_A,0.15772036918183666,4.473700101711434,1295,14117624.929
MEDNG,XGBoost,locked_test,base_estimator_raw_margin_log_odds,AGE_GROUP,18-34,Unweighted,10,RATCAT_A,0.1260397574209885,3.5750872161849863,1295,14117624.929
MEDNG,XGBoost,locked_test,base_estimator_raw_margin_log_odds,AGE_GROUP,18-34,Unweighted,11,SEX_A,0.04933685825411302,1.399428044294524,1295,14117624.929
MEDNG,XGBoost,locked_test,base_estimator_raw_margin_log_odds,AGE_GROUP,18-34,Unweighted,12,EMPWRKLSW1_A,0.0379267617340944,1.0757834178779189,1295,14117624.929
MEDNG,XGBoost,locked_test,base_estimator_raw_margin_log_odds,AGE_GROUP,18-34,WTFA_A,1,HISPALLP_A,0.6772407975168444,18.920719493072603,1295,14117624.929
MEDNG,XGBoost,locked_test,base_estimator_raw_margin_log_odds,AGE_GROUP,18-34,WTFA_A,2,K6SPD_A,0.5606734835893856,15.664067712835564,1295,14117624.929
MEDNG,XGBoost,locked_test,base_estimator_raw_margin_log_odds,AGE_GROUP,18-34,WTFA_A,3,NOTCOV_A,0.4763894147442732,13.309343617358243,1295,14117624.929
MEDNG,XGBoost,locked_test,base_estimator_raw_margin_log_odds,AGE_GROUP,18-34,WTFA_A,4,FDSCAT3_A,0.4166662613201765,11.640801147202394,1295,14117624.929
MEDNG,XGBoost,locked_test,base_estimator_raw_margin_log_odds,AGE_GROUP,18-34,WTFA_A,5,CHRONIC_BURDEN_CAT,0.3586809156805604,10.020809463921163,1295,14117624.929
MEDNG,XGBoost,locked_test,base_estimator_raw_margin_log_odds,AGE_GROUP,18-34,WTFA_A,6,AGEP_A,0.277429329603873,7.750806720198375,1295,14117624.929
MEDNG,XGBoost,locked_test,base_estimator_raw_margin_log_odds,AGE_GROUP,18-34,WTFA_A,7,DISAB3_A,0.25712818140091637,7.183634258137887,1295,14117624.929
MEDNG,XGBoost,locked_test,base_estimator_raw_margin_log_odds,AGE_GROUP,18-34,WTFA_A,8,PHSTAT_A,0.17974529394206637,5.021715022703033,1295,14117624.929
MEDNG,XGBoost,locked_test,base_estimator_raw_margin_log_odds,AGE_GROUP,18-34,WTFA_A,9,EDUCP_A,0.15784300081419786,4.409809853896151,1295,14117624.929
MEDNG,XGBoost,locked_test,base_estimator_raw_margin_log_odds,AGE_GROUP,18-34,WTFA_A,10,RATCAT_A,0.1304191477503479,3.643643620050147,1295,14117624.929
MEDNG,XGBoost,locked_test,base_estimator_raw_margin_log_odds,AGE_GROUP,18-34,WTFA_A,11,SEX_A,0.05196985618929045,1.4519312402003233,1295,14117624.929
MEDNG,XGBoost,locked_test,base_estimator_raw_margin_log_odds,AGE_GROUP,18-34,WTFA_A,12,EMPWRKLSW1_A,0.03517501652085404,0.9827178504241256,1295,14117624.929
MEDNG,XGBoost,locked_test,base_estimator_raw_margin_log_odds,AGE_GROUP,35-49,Unweighted,1,HISPALLP_A,0.7868798281470216,22.22535160859781,1422,12564871.543
MEDNG,XGBoost,locked_test,base_estimator_raw_margin_log_odds,AGE_GROUP,35-49,Unweighted,2,K6SPD_A,0.6025364035458871,17.01858777765646,1422,12564871.543
MEDNG,XGBoost,locked_test,base_estimator_raw_margin_log_odds,AGE_GROUP,35-49,Unweighted,3,NOTCOV_A,0.5411615203594482,15.28505959462067,1422,12564871.543
MEDNG,XGBoost,locked_test,base_estimator_raw_margin_log_odds,AGE_GROUP,35-49,Unweighted,4,FDSCAT3_A,0.47506537677460836,13.4181798264549,1422,12564871.543
MEDNG,XGBoost,locked_test,base_estimator_raw_margin_log_odds,AGE_GROUP,35-49,Unweighted,5,CHRONIC_BURDEN_CAT,0.2859919231978367,8.077816742689972,1422,12564871.543
MEDNG,XGBoost,locked_test,base_estimator_raw_margin_log_odds,AGE_GROUP,35-49,Unweighted,6,DISAB3_A,0.2614207033660006,7.383804797434371,1422,12564871.543
MEDNG,XGBoost,locked_test,base_estimator_raw_margin_log_odds,AGE_GROUP,35-49,Unweighted,7,RATCAT_A,0.2395803717674973,6.76692655038594,1422,12564871.543
MEDNG,XGBoost,locked_test,base_estimator_raw_margin_log_odds,AGE_GROUP,35-49,Unweighted,8,EDUCP_A,0.11643146290512606,3.2885964397683662,1422,12564871.543
MEDNG,XGBoost,locked_test,base_estimator_raw_margin_log_odds,AGE_GROUP,35-49,Unweighted,9,EMPWRKLSW1_A,0.07564457170088919,2.136574281352561,1422,12564871.543
MEDNG,XGBoost,locked_test,base_estimator_raw_margin_log_odds,AGE_GROUP,35-49,Unweighted,10,PHSTAT_A,0.0637715546212535,1.8012219571340196,1422,12564871.543
MEDNG,XGBoost,locked_test,base_estimator_raw_margin_log_odds,AGE_GROUP,35-49,Unweighted,11,AGEP_A,0.06231341027797484,1.7600367982746656,1422,12564871.543
MEDNG,XGBoost,locked_test,base_estimator_raw_margin_log_odds,AGE_GROUP,35-49,Unweighted,12,SEX_A,0.029663523878514474,0.8378436256302658,1422,12564871.543
MEDNG,XGBoost,locked_test,base_estimator_raw_margin_log_odds,AGE_GROUP,35-49,WTFA_A,1,HISPALLP_A,0.7868913735200229,22.220886968209015,1422,12564871.543
MEDNG,XGBoost,locked_test,base_estimator_raw_margin_log_odds,AGE_GROUP,35-49,WTFA_A,2,K6SPD_A,0.6027508013307527,17.020973767260713,1422,12564871.543
MEDNG,XGBoost,locked_test,base_estimator_raw_margin_log_odds,AGE_GROUP,35-49,WTFA_A,3,NOTCOV_A,0.5410939310019917,15.27985626045651,1422,12564871.543
MEDNG,XGBoost,locked_test,base_estimator_raw_margin_log_odds,AGE_GROUP,35-49,WTFA_A,4,FDSCAT3_A,0.47535231165257624,13.423390245159407,1422,12564871.543
MEDNG,XGBoost,locked_test,base_estimator_raw_margin_log_odds,AGE_GROUP,35-49,WTFA_A,5,CHRONIC_BURDEN_CAT,0.28561871491656676,8.065536608662095,1422,12564871.543
MEDNG,XGBoost,locked_test,base_estimator_raw_margin_log_odds,AGE_GROUP,35-49,WTFA_A,6,DISAB3_A,0.26157473853669744,7.3865629925029035,1422,12564871.543
MEDNG,XGBoost,locked_test,base_estimator_raw_margin_log_odds,AGE_GROUP,35-49,WTFA_A,7,RATCAT_A,0.23981531212477408,6.772102380703977,1422,12564871.543
MEDNG,XGBoost,locked_test,base_estimator_raw_margin_log_odds,AGE_GROUP,35-49,WTFA_A,8,EDUCP_A,0.11490409790878339,3.2447565925058752,1422,12564871.543
MEDNG,XGBoost,locked_test,base_estimator_raw_margin_log_odds,AGE_GROUP,35-49,WTFA_A,9,EMPWRKLSW1_A,0.0762221559732799,2.1524240439679345,1422,12564871.543
MEDNG,XGBoost,locked_test,base_estimator_raw_margin_log_odds,AGE_GROUP,35-49,WTFA_A,10,AGEP_A,0.06388673324477707,1.8040862131324273,1422,12564871.543
MEDNG,XGBoost,locked_test,base_estimator_raw_margin_log_odds,AGE_GROUP,35-49,WTFA_A,11,PHSTAT_A,0.06359925609559301,1.7959681965256542,1422,12564871.543
MEDNG,XGBoost,locked_test,base_estimator_raw_margin_log_odds,AGE_GROUP,35-49,WTFA_A,12,SEX_A,0.02951453404200007,0.8334557309134771,1422,12564871.543
MEDNG,XGBoost,locked_test,base_estimator_raw_margin_log_odds,AGE_GROUP,50-64,Unweighted,1,K6SPD_A,0.5552655413974165,16.149118855138244,1524,11722892.652
MEDNG,XGBoost,locked_test,base_estimator_raw_margin_log_odds,AGE_GROUP,50-64,Unweighted,2,NOTCOV_A,0.5454256934372909,15.862940689238288,1524,11722892.652
MEDNG,XGBoost,locked_test,base_estimator_raw_margin_log_odds,AGE_GROUP,50-64,Unweighted,3,FDSCAT3_A,0.5289806826969027,15.384660635424401,1524,11722892.652
MEDNG,XGBoost,locked_test,base_estimator_raw_margin_log_odds,AGE_GROUP,50-64,Unweighted,4,HISPALLP_A,0.5264774227289977,15.311856833039563,1524,11722892.652
MEDNG,XGBoost,locked_test,base_estimator_raw_margin_log_odds,AGE_GROUP,50-64,Unweighted,5,CHRONIC_BURDEN_CAT,0.27518922737567364,8.003492399977143,1524,11722892.652
MEDNG,XGBoost,locked_test,base_estimator_raw_margin_log_odds,AGE_GROUP,50-64,Unweighted,6,RATCAT_A,0.24528241021408312,7.133694602501825,1524,11722892.652
MEDNG,XGBoost,locked_test,base_estimator_raw_margin_log_odds,AGE_GROUP,50-64,Unweighted,7,DISAB3_A,0.22504263269480348,6.545049083570793,1524,11722892.652
MEDNG,XGBoost,locked_test,base_estimator_raw_margin_log_odds,AGE_GROUP,50-64,Unweighted,8,AGEP_A,0.1894137301146764,5.508832463687291,1524,11722892.652
MEDNG,XGBoost,locked_test,base_estimator_raw_margin_log_odds,AGE_GROUP,50-64,Unweighted,9,PHSTAT_A,0.16481110936622295,4.793299773481506,1524,11722892.652
MEDNG,XGBoost,locked_test,base_estimator_raw_margin_log_odds,AGE_GROUP,50-64,Unweighted,10,EMPWRKLSW1_A,0.10338345517617041,3.00676267627401,1524,11722892.652
MEDNG,XGBoost,locked_test,base_estimator_raw_margin_log_odds,AGE_GROUP,50-64,Unweighted,11,EDUCP_A,0.06205029483182414,1.8046457262837827,1524,11722892.652
MEDNG,XGBoost,locked_test,base_estimator_raw_margin_log_odds,AGE_GROUP,50-64,Unweighted,12,SEX_A,0.017042124225926682,0.49564626138315115,1524,11722892.652
MEDNG,XGBoost,locked_test,base_estimator_raw_margin_log_odds,AGE_GROUP,50-64,WTFA_A,1,K6SPD_A,0.5589193529749817,16.162030408229402,1524,11722892.652
MEDNG,XGBoost,locked_test,base_estimator_raw_margin_log_odds,AGE_GROUP,50-64,WTFA_A,2,NOTCOV_A,0.5458864381929326,15.785163219977346,1524,11722892.652
MEDNG,XGBoost,locked_test,base_estimator_raw_margin_log_odds,AGE_GROUP,50-64,WTFA_A,3,HISPALLP_A,0.5317903698948397,15.377553279012476,1524,11722892.652
MEDNG,XGBoost,locked_test,base_estimator_raw_margin_log_odds,AGE_GROUP,50-64,WTFA_A,4,FDSCAT3_A,0.5270616129975446,15.240813850756124,1524,11722892.652
MEDNG,XGBoost,locked_test,base_estimator_raw_margin_log_odds,AGE_GROUP,50-64,WTFA_A,5,CHRONIC_BURDEN_CAT,0.27168299820653424,7.856140344829834,1524,11722892.652
MEDNG,XGBoost,locked_test,base_estimator_raw_margin_log_odds,AGE_GROUP,50-64,WTFA_A,6,RATCAT_A,0.24686013102539098,7.138348176665216,1524,11722892.652
MEDNG,XGBoost,locked_test,base_estimator_raw_margin_log_odds,AGE_GROUP,50-64,WTFA_A,7,DISAB3_A,0.22893066447808552,6.619889508167735,1524,11722892.652
MEDNG,XGBoost,locked_test,base_estimator_raw_margin_log_odds,AGE_GROUP,50-64,WTFA_A,8,AGEP_A,0.20040626647363596,5.795061766078462,1524,11722892.652
MEDNG,XGBoost,locked_test,base_estimator_raw_margin_log_odds,AGE_GROUP,50-64,WTFA_A,9,PHSTAT_A,0.16522862614510092,4.777845078816983,1524,11722892.652
MEDNG,XGBoost,locked_test,base_estimator_raw_margin_log_odds,AGE_GROUP,50-64,WTFA_A,10,EMPWRKLSW1_A,0.10348756010307747,2.9925052413317905,1524,11722892.652
MEDNG,XGBoost,locked_test,base_estimator_raw_margin_log_odds,AGE_GROUP,50-64,WTFA_A,11,EDUCP_A,0.06151843325747067,1.7789020610606356,1524,11722892.652
MEDNG,XGBoost,locked_test,base_estimator_raw_margin_log_odds,AGE_GROUP,50-64,WTFA_A,12,SEX_A,0.016452403260887247,0.4757470650740101,1524,11722892.652
MEDNG,XGBoost,locked_test,base_estimator_raw_margin_log_odds,AGE_GROUP,65+,Unweighted,1,FDSCAT3_A,0.619138849609696,15.666046977179233,2162,11756469.43
MEDNG,XGBoost,locked_test,base_estimator_raw_margin_log_odds,AGE_GROUP,65+,Unweighted,2,CHRONIC_BURDEN_CAT,0.5835275068787804,14.76497451420159,2162,11756469.43
MEDNG,XGBoost,locked_test,base_estimator_raw_margin_log_odds,AGE_GROUP,65+,Unweighted,3,NOTCOV_A,0.5703882770862682,14.43251307796122,2162,11756469.43
MEDNG,XGBoost,locked_test,base_estimator_raw_margin_log_odds,AGE_GROUP,65+,Unweighted,4,K6SPD_A,0.5661393474665997,14.325002571931082,2162,11756469.43
MEDNG,XGBoost,locked_test,base_estimator_raw_margin_log_odds,AGE_GROUP,65+,Unweighted,5,HISPALLP_A,0.5133886327184125,12.990253224759863,2162,11756469.43
MEDNG,XGBoost,locked_test,base_estimator_raw_margin_log_odds,AGE_GROUP,65+,Unweighted,6,AGEP_A,0.2759368294870669,6.982019196830236,2162,11756469.43
MEDNG,XGBoost,locked_test,base_estimator_raw_margin_log_odds,AGE_GROUP,65+,Unweighted,7,PHSTAT_A,0.22372162323462313,5.66081980094423,2162,11756469.43
MEDNG,XGBoost,locked_test,base_estimator_raw_margin_log_odds,AGE_GROUP,65+,Unweighted,8,DISAB3_A,0.1909875110641232,4.832549794397906,2162,11756469.43
MEDNG,XGBoost,locked_test,base_estimator_raw_margin_log_odds,AGE_GROUP,65+,Unweighted,9,RATCAT_A,0.1828004117149629,4.62539192812666,2162,11756469.43
MEDNG,XGBoost,locked_test,base_estimator_raw_margin_log_odds,AGE_GROUP,65+,Unweighted,10,EMPWRKLSW1_A,0.10575062754692356,2.675804143223553,2162,11756469.43
MEDNG,XGBoost,locked_test,base_estimator_raw_margin_log_odds,AGE_GROUP,65+,Unweighted,11,EDUCP_A,0.07595177163145092,1.921804815072398,2162,11756469.43
MEDNG,XGBoost,locked_test,base_estimator_raw_margin_log_odds,AGE_GROUP,65+,Unweighted,12,SEX_A,0.04437503963191955,1.1228199553720188,2162,11756469.43
MEDNG,XGBoost,locked_test,base_estimator_raw_margin_log_odds,AGE_GROUP,65+,WTFA_A,1,FDSCAT3_A,0.6189889436559106,15.683380117192884,2162,11756469.43
MEDNG,XGBoost,locked_test,base_estimator_raw_margin_log_odds,AGE_GROUP,65+,WTFA_A,2,CHRONIC_BURDEN_CAT,0.5815670684627872,14.735218604185055,2162,11756469.43
MEDNG,XGBoost,locked_test,base_estimator_raw_margin_log_odds,AGE_GROUP,65+,WTFA_A,3,NOTCOV_A,0.5704052162452384,14.45240972216234,2162,11756469.43
MEDNG,XGBoost,locked_test,base_estimator_raw_margin_log_odds,AGE_GROUP,65+,WTFA_A,4,K6SPD_A,0.5657608439108708,14.334734830757249,2162,11756469.43
MEDNG,XGBoost,locked_test,base_estimator_raw_margin_log_odds,AGE_GROUP,65+,WTFA_A,5,HISPALLP_A,0.5133273630439894,13.006222876333734,2162,11756469.43
MEDNG,XGBoost,locked_test,base_estimator_raw_margin_log_odds,AGE_GROUP,65+,WTFA_A,6,AGEP_A,0.27455015198632016,6.956302594684353,2162,11756469.43
MEDNG,XGBoost,locked_test,base_estimator_raw_margin_log_odds,AGE_GROUP,65+,WTFA_A,7,PHSTAT_A,0.22231619852903298,5.632846084692498,2162,11756469.43
MEDNG,XGBoost,locked_test,base_estimator_raw_margin_log_odds,AGE_GROUP,65+,WTFA_A,8,DISAB3_A,0.19064637481993899,4.830424832156665,2162,11756469.43
MEDNG,XGBoost,locked_test,base_estimator_raw_margin_log_odds,AGE_GROUP,65+,WTFA_A,9,RATCAT_A,0.18307292143103918,4.638535543155107,2162,11756469.43
MEDNG,XGBoost,locked_test,base_estimator_raw_margin_log_odds,AGE_GROUP,65+,WTFA_A,10,EMPWRKLSW1_A,0.10576424731582508,2.679758516631855,2162,11756469.43
MEDNG,XGBoost,locked_test,base_estimator_raw_margin_log_odds,AGE_GROUP,65+,WTFA_A,11,EDUCP_A,0.0761409042824039,1.9291891342594858,2162,11756469.43
MEDNG,XGBoost,locked_test,base_estimator_raw_margin_log_odds,AGE_GROUP,65+,WTFA_A,12,SEX_A,0.04424253272644755,1.120977143788758,2162,11756469.43
MEDDL,LR,locked_test,base_estimator_log_odds,HISPALLP_A,code_1,Unweighted,1,NOTCOV_A,0.3958953083891324,14.722214762746214,935,9079677.384
MEDDL,LR,locked_test,base_estimator_log_odds,HISPALLP_A,code_1,Unweighted,2,PHSTAT_A,0.35230489759785033,13.101211998462883,935,9079677.384
MEDDL,LR,locked_test,base_estimator_log_odds,HISPALLP_A,code_1,Unweighted,3,AGEP_A,0.35139294121771303,13.06729894771907,935,9079677.384
MEDDL,LR,locked_test,base_estimator_log_odds,HISPALLP_A,code_1,Unweighted,4,FDSCAT3_A,0.3088920160626771,11.486811039706726,935,9079677.384
MEDDL,LR,locked_test,base_estimator_log_odds,HISPALLP_A,code_1,Unweighted,5,EDUCP_A,0.28626533342183197,10.645389395781613,935,9079677.384
MEDDL,LR,locked_test,base_estimator_log_odds,HISPALLP_A,code_1,Unweighted,6,EMPWRKLSW1_A,0.26974246391363915,10.03095111313001,935,9079677.384
MEDDL,LR,locked_test,base_estimator_log_odds,HISPALLP_A,code_1,Unweighted,7,RATCAT_A,0.22180154408286867,8.248165354581788,935,9079677.384
MEDDL,LR,locked_test,base_estimator_log_odds,HISPALLP_A,code_1,Unweighted,8,CHRONIC_BURDEN_CAT,0.16951276141915558,6.30369500662533,935,9079677.384
MEDDL,LR,locked_test,base_estimator_log_odds,HISPALLP_A,code_1,Unweighted,9,SEX_A,0.10695006174587857,3.9771670553977567,935,9079677.384
MEDDL,LR,locked_test,base_estimator_log_odds,HISPALLP_A,code_1,Unweighted,10,HISPALLP_A,0.09919555356267082,3.688799064079092,935,9079677.384
MEDDL,LR,locked_test,base_estimator_log_odds,HISPALLP_A,code_1,Unweighted,11,DISAB3_A,0.06774324363881272,2.51917757154967,935,9079677.384
MEDDL,LR,locked_test,base_estimator_log_odds,HISPALLP_A,code_1,Unweighted,12,K6SPD_A,0.05940544539167159,2.2091186902198445,935,9079677.384
MEDDL,LR,locked_test,base_estimator_log_odds,HISPALLP_A,code_1,WTFA_A,1,NOTCOV_A,0.4530926145015107,16.42141923453095,935,9079677.384
MEDDL,LR,locked_test,base_estimator_log_odds,HISPALLP_A,code_1,WTFA_A,2,AGEP_A,0.3668772448354205,13.296718710986642,935,9079677.384
MEDDL,LR,locked_test,base_estimator_log_odds,HISPALLP_A,code_1,WTFA_A,3,PHSTAT_A,0.35094566196811083,12.719310929529879,935,9079677.384
MEDDL,LR,locked_test,base_estimator_log_odds,HISPALLP_A,code_1,WTFA_A,4,FDSCAT3_A,0.3045883526592262,11.039184645450973,935,9079677.384
MEDDL,LR,locked_test,base_estimator_log_odds,HISPALLP_A,code_1,WTFA_A,5,EDUCP_A,0.29779182248638203,10.792858248294392,935,9079677.384
MEDDL,LR,locked_test,base_estimator_log_odds,HISPALLP_A,code_1,WTFA_A,6,EMPWRKLSW1_A,0.26895845256127526,9.747851465287303,935,9079677.384
MEDDL,LR,locked_test,base_estimator_log_odds,HISPALLP_A,code_1,WTFA_A,7,RATCAT_A,0.2209319997281912,8.00723047285029,935,9079677.384
MEDDL,LR,locked_test,base_estimator_log_odds,HISPALLP_A,code_1,WTFA_A,8,CHRONIC_BURDEN_CAT,0.16985332871074435,6.155988047186378,935,9079677.384
MEDDL,LR,locked_test,base_estimator_log_odds,HISPALLP_A,code_1,WTFA_A,9,SEX_A,0.10749228384340256,3.8958389542759275,935,9079677.384
MEDDL,LR,locked_test,base_estimator_log_odds,HISPALLP_A,code_1,WTFA_A,10,HISPALLP_A,0.09919555356267082,3.5951408588862726,935,9079677.384
MEDDL,LR,locked_test,base_estimator_log_odds,HISPALLP_A,code_1,WTFA_A,11,DISAB3_A,0.06488104214175416,2.3514812629537194,935,9079677.384
MEDDL,LR,locked_test,base_estimator_log_odds,HISPALLP_A,code_1,WTFA_A,12,K6SPD_A,0.05454788906284409,1.976977169767268,935,9079677.384
MEDDL,LR,locked_test,base_estimator_log_odds,HISPALLP_A,code_2,Unweighted,1,AGEP_A,0.35687629631956175,15.226234418620416,4243,30287641.996999998
MEDDL,LR,locked_test,base_estimator_log_odds,HISPALLP_A,code_2,Unweighted,2,PHSTAT_A,0.31683566638435673,13.517888910806862,4243,30287641.996999998
MEDDL,LR,locked_test,base_estimator_log_odds,HISPALLP_A,code_2,Unweighted,3,EMPWRKLSW1_A,0.2771725846089347,11.825651608678191,4243,30287641.996999998
MEDDL,LR,locked_test,base_estimator_log_odds,HISPALLP_A,code_2,Unweighted,4,RATCAT_A,0.24977061683046828,10.656538419516396,4243,30287641.996999998
MEDDL,LR,locked_test,base_estimator_log_odds,HISPALLP_A,code_2,Unweighted,5,EDUCP_A,0.2330381898335281,9.942644393840533,4243,30287641.996999998
MEDDL,LR,locked_test,base_estimator_log_odds,HISPALLP_A,code_2,Unweighted,6,FDSCAT3_A,0.22011387527157503,9.391224629485901,4243,30287641.996999998
MEDDL,LR,locked_test,base_estimator_log_odds,HISPALLP_A,code_2,Unweighted,7,CHRONIC_BURDEN_CAT,0.15658280452659953,6.680652405987035,4243,30287641.996999998
MEDDL,LR,locked_test,base_estimator_log_odds,HISPALLP_A,code_2,Unweighted,8,NOTCOV_A,0.1545336914049449,6.593226378922894,4243,30287641.996999998
MEDDL,LR,locked_test,base_estimator_log_odds,HISPALLP_A,code_2,Unweighted,9,HISPALLP_A,0.13542258933055834,5.777845466310452,4243,30287641.996999998
MEDDL,LR,locked_test,base_estimator_log_odds,HISPALLP_A,code_2,Unweighted,10,SEX_A,0.10738388787766073,4.581565843599823,4243,30287641.996999998
MEDDL,LR,locked_test,base_estimator_log_odds,HISPALLP_A,code_2,Unweighted,11,DISAB3_A,0.07648056358948235,3.263066226844364,4243,30287641.996999998
MEDDL,LR,locked_test,base_estimator_log_odds,HISPALLP_A,code_2,Unweighted,12,K6SPD_A,0.05961428299919181,2.543461297387146,4243,30287641.996999998
MEDDL,LR,locked_test,base_estimator_log_odds,HISPALLP_A,code_2,WTFA_A,1,AGEP_A,0.3604973126324103,15.242636350454502,4243,30287641.996999998
MEDDL,LR,locked_test,base_estimator_log_odds,HISPALLP_A,code_2,WTFA_A,2,PHSTAT_A,0.32067798082300736,13.558985534705682,4243,30287641.996999998
MEDDL,LR,locked_test,base_estimator_log_odds,HISPALLP_A,code_2,WTFA_A,3,EMPWRKLSW1_A,0.2726276226276265,11.527308429727942,4243,30287641.996999998
MEDDL,LR,locked_test,base_estimator_log_odds,HISPALLP_A,code_2,WTFA_A,4,RATCAT_A,0.25378239892576854,10.730490029799148,4243,30287641.996999998
MEDDL,LR,locked_test,base_estimator_log_odds,HISPALLP_A,code_2,WTFA_A,5,EDUCP_A,0.23454349883629289,9.917026107682133,4243,30287641.996999998
MEDDL,LR,locked_test,base_estimator_log_odds,HISPALLP_A,code_2,WTFA_A,6,FDSCAT3_A,0.22265022931206915,9.41415195016924,4243,30287641.996999998
MEDDL,LR,locked_test,base_estimator_log_odds,HISPALLP_A,code_2,WTFA_A,7,NOTCOV_A,0.16355744609402098,6.915576304898344,4243,30287641.996999998
MEDDL,LR,locked_test,base_estimator_log_odds,HISPALLP_A,code_2,WTFA_A,8,CHRONIC_BURDEN_CAT,0.16085712478716724,6.801400652910265,4243,30287641.996999998
MEDDL,LR,locked_test,base_estimator_log_odds,HISPALLP_A,code_2,WTFA_A,9,HISPALLP_A,0.13542258933055834,5.72597134699711,4243,30287641.996999998
MEDDL,LR,locked_test,base_estimator_log_odds,HISPALLP_A,code_2,WTFA_A,10,SEX_A,0.10798331949034641,4.565777367069111,4243,30287641.996999998
MEDDL,LR,locked_test,base_estimator_log_odds,HISPALLP_A,code_2,WTFA_A,11,DISAB3_A,0.07207805497620005,3.047622110766078,4243,30287641.996999998
MEDDL,LR,locked_test,base_estimator_log_odds,HISPALLP_A,code_2,WTFA_A,12,K6SPD_A,0.06038122396203784,2.5530538148204416,4243,30287641.996999998
MEDDL,LR,locked_test,base_estimator_log_odds,HISPALLP_A,code_3,Unweighted,1,PHSTAT_A,0.35681566662569747,13.81636923588457,671,6134871.62
MEDDL,LR,locked_test,base_estimator_log_odds,HISPALLP_A,code_3,Unweighted,2,AGEP_A,0.3383582548308225,13.101674113586938,671,6134871.62
MEDDL,LR,locked_test,base_estimator_log_odds,HISPALLP_A,code_3,Unweighted,3,FDSCAT3_A,0.3273863260663275,12.676826683333527,671,6134871.62
MEDDL,LR,locked_test,base_estimator_log_odds,HISPALLP_A,code_3,Unweighted,4,EMPWRKLSW1_A,0.27656454391254637,10.708940816374346,671,6134871.62
MEDDL,LR,locked_test,base_estimator_log_odds,HISPALLP_A,code_3,Unweighted,5,EDUCP_A,0.24864707309103198,9.627939837214152,671,6134871.62
MEDDL,LR,locked_test,base_estimator_log_odds,HISPALLP_A,code_3,Unweighted,6,HISPALLP_A,0.22620041914631575,8.758776041960578,671,6134871.62
MEDDL,LR,locked_test,base_estimator_log_odds,HISPALLP_A,code_3,Unweighted,7,RATCAT_A,0.2165824353649582,8.386355132069918,671,6134871.62
MEDDL,LR,locked_test,base_estimator_log_odds,HISPALLP_A,code_3,Unweighted,8,NOTCOV_A,0.1897575096158832,7.3476589268856465,671,6134871.62
MEDDL,LR,locked_test,base_estimator_log_odds,HISPALLP_A,code_3,Unweighted,9,CHRONIC_BURDEN_CAT,0.15321962731972405,5.93286434212156,671,6134871.62
MEDDL,LR,locked_test,base_estimator_log_odds,HISPALLP_A,code_3,Unweighted,10,SEX_A,0.10683493042909042,4.1367882191304215,671,6134871.62
MEDDL,LR,locked_test,base_estimator_log_odds,HISPALLP_A,code_3,Unweighted,11,DISAB3_A,0.07844153173184548,3.0373586902293286,671,6134871.62
MEDDL,LR,locked_test,base_estimator_log_odds,HISPALLP_A,code_3,Unweighted,12,K6SPD_A,0.0637490855790125,2.468447961209022,671,6134871.62
MEDDL,LR,locked_test,base_estimator_log_odds,HISPALLP_A,code_3,WTFA_A,1,AGEP_A,0.3708258409051311,14.05867006102449,671,6134871.62
MEDDL,LR,locked_test,base_estimator_log_odds,HISPALLP_A,code_3,WTFA_A,2,PHSTAT_A,0.3645377899131354,13.82027881512968,671,6134871.62
MEDDL,LR,locked_test,base_estimator_log_odds,HISPALLP_A,code_3,WTFA_A,3,FDSCAT3_A,0.3232756996855988,12.255959265226563,671,6134871.62
MEDDL,LR,locked_test,base_estimator_log_odds,HISPALLP_A,code_3,WTFA_A,4,EMPWRKLSW1_A,0.2705854075890239,10.258376167466494,671,6134871.62
MEDDL,LR,locked_test,base_estimator_log_odds,HISPALLP_A,code_3,WTFA_A,5,EDUCP_A,0.2409502421360773,9.134854105762509,671,6134871.62
MEDDL,LR,locked_test,base_estimator_log_odds,HISPALLP_A,code_3,WTFA_A,6,HISPALLP_A,0.22620041914631572,8.575661967573245,671,6134871.62
MEDDL,LR,locked_test,base_estimator_log_odds,HISPALLP_A,code_3,WTFA_A,7,RATCAT_A,0.2240600487057216,8.494516700675891,671,6134871.62
MEDDL,LR,locked_test,base_estimator_log_odds,HISPALLP_A,code_3,WTFA_A,8,NOTCOV_A,0.21690170714174736,8.223131184536046,671,6134871.62
MEDDL,LR,locked_test,base_estimator_log_odds,HISPALLP_A,code_3,WTFA_A,9,CHRONIC_BURDEN_CAT,0.1578885214773128,5.985835896588418,671,6134871.62
MEDDL,LR,locked_test,base_estimator_log_odds,HISPALLP_A,code_3,WTFA_A,10,SEX_A,0.10736856619596707,4.070534144519167,671,6134871.62
MEDDL,LR,locked_test,base_estimator_log_odds,HISPALLP_A,code_3,WTFA_A,11,DISAB3_A,0.07487410390929444,2.838611032085357,671,6134871.62
MEDDL,LR,locked_test,base_estimator_log_odds,HISPALLP_A,code_3,WTFA_A,12,K6SPD_A,0.06023379212735316,2.2835706594121423,671,6134871.62
MEDDL,LR,locked_test,base_estimator_log_odds,HISPALLP_A,code_4,Unweighted,1,HISPALLP_A,0.741182531260967,24.86761940641653,384,3311289.384
MEDDL,LR,locked_test,base_estimator_log_odds,HISPALLP_A,code_4,Unweighted,2,PHSTAT_A,0.35207649706743793,11.812615599725554,384,3311289.384
MEDDL,LR,locked_test,base_estimator_log_odds,HISPALLP_A,code_4,Unweighted,3,AGEP_A,0.33079876039282247,11.098720391545067,384,3311289.384
MEDDL,LR,locked_test,base_estimator_log_odds,HISPALLP_A,code_4,Unweighted,4,EMPWRKLSW1_A,0.27126587623351456,9.101316185429615,384,3311289.384
MEDDL,LR,locked_test,base_estimator_log_odds,HISPALLP_A,code_4,Unweighted,5,EDUCP_A,0.25531566573626463,8.566166276509023,384,3311289.384
MEDDL,LR,locked_test,base_estimator_log_odds,HISPALLP_A,code_4,Unweighted,6,RATCAT_A,0.2537958792893422,8.515175502513312,384,3311289.384
MEDDL,LR,locked_test,base_estimator_log_odds,HISPALLP_A,code_4,Unweighted,7,FDSCAT3_A,0.20473183992180835,6.869014393646492,384,3311289.384
MEDDL,LR,locked_test,base_estimator_log_odds,HISPALLP_A,code_4,Unweighted,8,CHRONIC_BURDEN_CAT,0.18182414365916522,6.10043196204487,384,3311289.384
MEDDL,LR,locked_test,base_estimator_log_odds,HISPALLP_A,code_4,Unweighted,9,NOTCOV_A,0.17572439355755987,5.895777565046454,384,3311289.384
MEDDL,LR,locked_test,base_estimator_log_odds,HISPALLP_A,code_4,Unweighted,10,SEX_A,0.10683658840200044,3.584503825988694,384,3311289.384
MEDDL,LR,locked_test,base_estimator_log_odds,HISPALLP_A,code_4,Unweighted,11,DISAB3_A,0.056304519140302635,1.8890884414939766,384,3311289.384
MEDDL,LR,locked_test,base_estimator_log_odds,HISPALLP_A,code_4,Unweighted,12,K6SPD_A,0.05065591150216007,1.6995704496404305,384,3311289.384
MEDDL,LR,locked_test,base_estimator_log_odds,HISPALLP_A,code_4,WTFA_A,1,HISPALLP_A,0.7411825312609669,24.452641018602336,384,3311289.384
MEDDL,LR,locked_test,base_estimator_log_odds,HISPALLP_A,code_4,WTFA_A,2,PHSTAT_A,0.35973138722897696,11.86803803925168,384,3311289.384
MEDDL,LR,locked_test,base_estimator_log_odds,HISPALLP_A,code_4,WTFA_A,3,AGEP_A,0.3261294107970327,10.759462172240903,384,3311289.384
MEDDL,LR,locked_test,base_estimator_log_odds,HISPALLP_A,code_4,WTFA_A,4,EDUCP_A,0.27615169801436,9.11062802132482,384,3311289.384
MEDDL,LR,locked_test,base_estimator_log_odds,HISPALLP_A,code_4,WTFA_A,5,EMPWRKLSW1_A,0.2729417349158743,9.004726880890907,384,3311289.384
MEDDL,LR,locked_test,base_estimator_log_odds,HISPALLP_A,code_4,WTFA_A,6,RATCAT_A,0.25204188787626886,8.315211902530967,384,3311289.384
MEDDL,LR,locked_test,base_estimator_log_odds,HISPALLP_A,code_4,WTFA_A,7,FDSCAT3_A,0.20640727864226524,6.8096627691416005,384,3311289.384
MEDDL,LR,locked_test,base_estimator_log_odds,HISPALLP_A,code_4,WTFA_A,8,NOTCOV_A,0.19895635779119045,6.563846542847943,384,3311289.384
MEDDL,LR,locked_test,base_estimator_log_odds,HISPALLP_A,code_4,WTFA_A,9,CHRONIC_BURDEN_CAT,0.18034210432754352,5.94973647066173,384,3311289.384
MEDDL,LR,locked_test,base_estimator_log_odds,HISPALLP_A,code_4,WTFA_A,10,SEX_A,0.10724850708295942,3.5382771893166267,384,3311289.384
MEDDL,LR,locked_test,base_estimator_log_odds,HISPALLP_A,code_4,WTFA_A,11,DISAB3_A,0.0555298842415789,1.8320079978865262,384,3311289.384
MEDDL,LR,locked_test,base_estimator_log_odds,HISPALLP_A,code_4,WTFA_A,12,K6SPD_A,0.0544312035263003,1.7957609953039604,384,3311289.384
MEDDL,LR,locked_test,base_estimator_log_odds,RATCAT_A,code_1,Unweighted,1,FDSCAT3_A,0.43535100811637595,15.13136792500564,188,1438230.0329999998
MEDDL,LR,locked_test,base_estimator_log_odds,RATCAT_A,code_1,Unweighted,2,PHSTAT_A,0.3858449965471529,13.410701930008663,188,1438230.0329999998
MEDDL,LR,locked_test,base_estimator_log_odds,RATCAT_A,code_1,Unweighted,3,NOTCOV_A,0.3666190765322919,12.74247223944177,188,1438230.0329999998
MEDDL,LR,locked_test,base_estimator_log_odds,RATCAT_A,code_1,Unweighted,4,AGEP_A,0.35017662504215086,12.17098675198914,188,1438230.0329999998
MEDDL,LR,locked_test,base_estimator_log_odds,RATCAT_A,code_1,Unweighted,5,EDUCP_A,0.2951972235460892,10.26008374080068,188,1438230.0329999998
MEDDL,LR,locked_test,base_estimator_log_odds,RATCAT_A,code_1,Unweighted,6,EMPWRKLSW1_A,0.29122093724554343,10.12188111839482,188,1438230.0329999998
MEDDL,LR,locked_test,base_estimator_log_odds,RATCAT_A,code_1,Unweighted,7,HISPALLP_A,0.18972186423235002,6.594107461789224,188,1438230.0329999998
MEDDL,LR,locked_test,base_estimator_log_odds,RATCAT_A,code_1,Unweighted,8,CHRONIC_BURDEN_CAT,0.15829049445090457,5.501656516039214,188,1438230.0329999998
MEDDL,LR,locked_test,base_estimator_log_odds,RATCAT_A,code_1,Unweighted,9,K6SPD_A,0.11847750741264487,4.117888145602018,188,1438230.0329999998
MEDDL,LR,locked_test,base_estimator_log_odds,RATCAT_A,code_1,Unweighted,10,SEX_A,0.10567674816138231,3.672975892410459,188,1438230.0329999998
MEDDL,LR,locked_test,base_estimator_log_odds,RATCAT_A,code_1,Unweighted,11,DISAB3_A,0.1043249104119202,3.625990462307688,188,1438230.0329999998
MEDDL,LR,locked_test,base_estimator_log_odds,RATCAT_A,code_1,Unweighted,12,RATCAT_A,0.07624104693642206,2.6498878162106907,188,1438230.0329999998
MEDDL,LR,locked_test,base_estimator_log_odds,RATCAT_A,code_1,WTFA_A,1,FDSCAT3_A,0.47279188681860074,15.782290670060203,188,1438230.0329999998
MEDDL,LR,locked_test,base_estimator_log_odds,RATCAT_A,code_1,WTFA_A,2,AGEP_A,0.40725460433031074,13.594587219994683,188,1438230.0329999998
MEDDL,LR,locked_test,base_estimator_log_odds,RATCAT_A,code_1,WTFA_A,3,NOTCOV_A,0.4058380548620997,13.547301308203215,188,1438230.0329999998
MEDDL,LR,locked_test,base_estimator_log_odds,RATCAT_A,code_1,WTFA_A,4,PHSTAT_A,0.38526750010585464,12.860634545387107,188,1438230.0329999998
MEDDL,LR,locked_test,base_estimator_log_odds,RATCAT_A,code_1,WTFA_A,5,EDUCP_A,0.2876629110304701,9.602490659109874,188,1438230.0329999998
MEDDL,LR,locked_test,base_estimator_log_odds,RATCAT_A,code_1,WTFA_A,6,EMPWRKLSW1_A,0.2860635846905689,9.549103463017213,188,1438230.0329999998
MEDDL,LR,locked_test,base_estimator_log_odds,RATCAT_A,code_1,WTFA_A,7,HISPALLP_A,0.19703345512913747,6.577184057660042,188,1438230.0329999998
MEDDL,LR,locked_test,base_estimator_log_odds,RATCAT_A,code_1,WTFA_A,8,CHRONIC_BURDEN_CAT,0.17680652386063053,5.901987808437207,188,1438230.0329999998
MEDDL,LR,locked_test,base_estimator_log_odds,RATCAT_A,code_1,WTFA_A,9,K6SPD_A,0.10741957282143474,3.5857783713874083,188,1438230.0329999998
MEDDL,LR,locked_test,base_estimator_log_odds,RATCAT_A,code_1,WTFA_A,10,SEX_A,0.10660908129648995,3.5587233114573995,188,1438230.0329999998
MEDDL,LR,locked_test,base_estimator_log_odds,RATCAT_A,code_1,WTFA_A,11,DISAB3_A,0.0867232163536904,2.89491221506852,188,1438230.0329999998
MEDDL,LR,locked_test,base_estimator_log_odds,RATCAT_A,code_1,WTFA_A,12,RATCAT_A,0.07624104693642206,2.545006370217131,188,1438230.0329999998
MEDDL,LR,locked_test,base_estimator_log_odds,RATCAT_A,code_10,Unweighted,1,RATCAT_A,0.37948112433652825,15.044693173870428,470,3697012.5979999998
MEDDL,LR,locked_test,base_estimator_log_odds,RATCAT_A,code_10,Unweighted,2,AGEP_A,0.3598385419899572,14.265954507847665,470,3697012.5979999998
MEDDL,LR,locked_test,base_estimator_log_odds,RATCAT_A,code_10,Unweighted,3,PHSTAT_A,0.31396570157824966,12.447305924957844,470,3697012.5979999998
MEDDL,LR,locked_test,base_estimator_log_odds,RATCAT_A,code_10,Unweighted,4,EMPWRKLSW1_A,0.2698901972304243,10.699913507071527,470,3697012.5979999998
MEDDL,LR,locked_test,base_estimator_log_odds,RATCAT_A,code_10,Unweighted,5,EDUCP_A,0.22806554155128336,9.041756957399674,470,3697012.5979999998
MEDDL,LR,locked_test,base_estimator_log_odds,RATCAT_A,code_10,Unweighted,6,FDSCAT3_A,0.2099631150771714,8.324078436546436,470,3697012.5979999998
MEDDL,LR,locked_test,base_estimator_log_odds,RATCAT_A,code_10,Unweighted,7,NOTCOV_A,0.20073962903695525,7.958409346387761,470,3697012.5979999998
MEDDL,LR,locked_test,base_estimator_log_odds,RATCAT_A,code_10,Unweighted,8,HISPALLP_A,0.17526627852518778,6.948507356585138,470,3697012.5979999998
MEDDL,LR,locked_test,base_estimator_log_odds,RATCAT_A,code_10,Unweighted,9,CHRONIC_BURDEN_CAT,0.16426092569258466,6.512195387376707,470,3697012.5979999998
MEDDL,LR,locked_test,base_estimator_log_odds,RATCAT_A,code_10,Unweighted,10,SEX_A,0.10697388741838032,4.241025997378634,470,3697012.5979999998
MEDDL,LR,locked_test,base_estimator_log_odds,RATCAT_A,code_10,Unweighted,11,DISAB3_A,0.07142811226267318,2.8317983795887294,470,3697012.5979999998
MEDDL,LR,locked_test,base_estimator_log_odds,RATCAT_A,code_10,Unweighted,12,K6SPD_A,0.04248562653718705,1.684361024989457,470,3697012.5979999998
MEDDL,LR,locked_test,base_estimator_log_odds,RATCAT_A,code_10,WTFA_A,1,RATCAT_A,0.3794811243365283,14.714462155101142,470,3697012.5979999998
MEDDL,LR,locked_test,base_estimator_log_odds,RATCAT_A,code_10,WTFA_A,2,AGEP_A,0.37277892009347036,14.454582745123487,470,3697012.5979999998
MEDDL,LR,locked_test,base_estimator_log_odds,RATCAT_A,code_10,WTFA_A,3,PHSTAT_A,0.3202474998265929,12.417665634102171,470,3697012.5979999998
MEDDL,LR,locked_test,base_estimator_log_odds,RATCAT_A,code_10,WTFA_A,4,EMPWRKLSW1_A,0.26620903445696853,10.32231252532426,470,3697012.5979999998
MEDDL,LR,locked_test,base_estimator_log_odds,RATCAT_A,code_10,WTFA_A,5,EDUCP_A,0.23193315754030577,8.993258031230704,470,3697012.5979999998
MEDDL,LR,locked_test,base_estimator_log_odds,RATCAT_A,code_10,WTFA_A,6,NOTCOV_A,0.21646200856362594,8.393360904565176,470,3697012.5979999998
MEDDL,LR,locked_test,base_estimator_log_odds,RATCAT_A,code_10,WTFA_A,7,FDSCAT3_A,0.2156913257758391,8.363477513831832,470,3697012.5979999998
MEDDL,LR,locked_test,base_estimator_log_odds,RATCAT_A,code_10,WTFA_A,8,HISPALLP_A,0.18625822240515785,7.222202604803687,470,3697012.5979999998
MEDDL,LR,locked_test,base_estimator_log_odds,RATCAT_A,code_10,WTFA_A,9,CHRONIC_BURDEN_CAT,0.16556811794828016,6.419939357723624,470,3697012.5979999998
MEDDL,LR,locked_test,base_estimator_log_odds,RATCAT_A,code_10,WTFA_A,10,SEX_A,0.10761105075129726,4.172641620895009,470,3697012.5979999998
MEDDL,LR,locked_test,base_estimator_log_odds,RATCAT_A,code_10,WTFA_A,11,DISAB3_A,0.07005479198931744,2.7163896157221044,470,3697012.5979999998
MEDDL,LR,locked_test,base_estimator_log_odds,RATCAT_A,code_10,WTFA_A,12,K6SPD_A,0.046671753985211006,1.809707291576802,470,3697012.5979999998
MEDDL,LR,locked_test,base_estimator_log_odds,RATCAT_A,code_11,Unweighted,1,AGEP_A,0.35139196725769356,14.253566811847595,388,3303098.671
MEDDL,LR,locked_test,base_estimator_log_odds,RATCAT_A,code_11,Unweighted,2,RATCAT_A,0.32430855323168056,13.154978092460027,388,3303098.671
MEDDL,LR,locked_test,base_estimator_log_odds,RATCAT_A,code_11,Unweighted,3,PHSTAT_A,0.31568039697598543,12.804992853430866,388,3303098.671
MEDDL,LR,locked_test,base_estimator_log_odds,RATCAT_A,code_11,Unweighted,4,EMPWRKLSW1_A,0.27470081264845864,11.14273162505796,388,3303098.671
MEDDL,LR,locked_test,base_estimator_log_odds,RATCAT_A,code_11,Unweighted,5,EDUCP_A,0.23544652991594364,9.550454072598322,388,3303098.671
MEDDL,LR,locked_test,base_estimator_log_odds,RATCAT_A,code_11,Unweighted,6,FDSCAT3_A,0.20861574922776002,8.462112958435638,388,3303098.671
MEDDL,LR,locked_test,base_estimator_log_odds,RATCAT_A,code_11,Unweighted,7,NOTCOV_A,0.1805118605744594,7.322130568631094,388,3303098.671
MEDDL,LR,locked_test,base_estimator_log_odds,RATCAT_A,code_11,Unweighted,8,HISPALLP_A,0.1774589390304586,7.198294439028185,388,3303098.671
MEDDL,LR,locked_test,base_estimator_log_odds,RATCAT_A,code_11,Unweighted,9,CHRONIC_BURDEN_CAT,0.15674631327278482,6.358124991246552,388,3303098.671
MEDDL,LR,locked_test,base_estimator_log_odds,RATCAT_A,code_11,Unweighted,10,SEX_A,0.10734852599610836,4.354394892347636,388,3303098.671
MEDDL,LR,locked_test,base_estimator_log_odds,RATCAT_A,code_11,Unweighted,11,DISAB3_A,0.06968395212515789,2.8266009467459745,388,3303098.671
MEDDL,LR,locked_test,base_estimator_log_odds,RATCAT_A,code_11,Unweighted,12,K6SPD_A,0.06339787307224769,2.571617748170169,388,3303098.671
MEDDL,LR,locked_test,base_estimator_log_odds,RATCAT_A,code_11,WTFA_A,1,AGEP_A,0.3569464928618219,14.076604137643624,388,3303098.671
MEDDL,LR,locked_test,base_estimator_log_odds,RATCAT_A,code_11,WTFA_A,2,PHSTAT_A,0.33377727272820396,13.162898732152732,388,3303098.671
MEDDL,LR,locked_test,base_estimator_log_odds,RATCAT_A,code_11,WTFA_A,3,RATCAT_A,0.32430855323168056,12.7894886589109,388,3303098.671
MEDDL,LR,locked_test,base_estimator_log_odds,RATCAT_A,code_11,WTFA_A,4,EMPWRKLSW1_A,0.2697848837061183,10.639283719538785,388,3303098.671
MEDDL,LR,locked_test,base_estimator_log_odds,RATCAT_A,code_11,WTFA_A,5,EDUCP_A,0.24306650129407265,9.585612931524793,388,3303098.671
MEDDL,LR,locked_test,base_estimator_log_odds,RATCAT_A,code_11,WTFA_A,6,FDSCAT3_A,0.22503789898030815,8.874633826810323,388,3303098.671
MEDDL,LR,locked_test,base_estimator_log_odds,RATCAT_A,code_11,WTFA_A,7,HISPALLP_A,0.190911655900345,7.52882535369667,388,3303098.671
MEDDL,LR,locked_test,base_estimator_log_odds,RATCAT_A,code_11,WTFA_A,8,NOTCOV_A,0.1880942519627805,7.417717720709542,388,3303098.671
MEDDL,LR,locked_test,base_estimator_log_odds,RATCAT_A,code_11,WTFA_A,9,CHRONIC_BURDEN_CAT,0.15809336014685196,6.234597319432537,388,3303098.671
MEDDL,LR,locked_test,base_estimator_log_odds,RATCAT_A,code_11,WTFA_A,10,SEX_A,0.1078992416469136,4.255133309303923,388,3303098.671
MEDDL,LR,locked_test,base_estimator_log_odds,RATCAT_A,code_11,WTFA_A,11,K6SPD_A,0.07063374373706721,2.7855246352885676,388,3303098.671
MEDDL,LR,locked_test,base_estimator_log_odds,RATCAT_A,code_11,WTFA_A,12,DISAB3_A,0.0671890642662814,2.6496796549875836,388,3303098.671
MEDDL,LR,locked_test,base_estimator_log_odds,RATCAT_A,code_12,Unweighted,1,AGEP_A,0.3613803991423465,17.105442271010944,394,3100767.9
MEDDL,LR,locked_test,base_estimator_log_odds,RATCAT_A,code_12,Unweighted,2,PHSTAT_A,0.29356724441329757,13.895600214867859,394,3100767.9
MEDDL,LR,locked_test,base_estimator_log_odds,RATCAT_A,code_12,Unweighted,3,EMPWRKLSW1_A,0.2713066725867836,12.84192678044304,394,3100767.9
MEDDL,LR,locked_test,base_estimator_log_odds,RATCAT_A,code_12,Unweighted,4,EDUCP_A,0.22185305941296207,10.50110827660243,394,3100767.9
MEDDL,LR,locked_test,base_estimator_log_odds,RATCAT_A,code_12,Unweighted,5,FDSCAT3_A,0.19124170035403398,9.052161857642307,394,3100767.9
MEDDL,LR,locked_test,base_estimator_log_odds,RATCAT_A,code_12,Unweighted,6,HISPALLP_A,0.18453451449708974,8.734686475056023,394,3100767.9
MEDDL,LR,locked_test,base_estimator_log_odds,RATCAT_A,code_12,Unweighted,7,CHRONIC_BURDEN_CAT,0.16092682027850172,7.617248862041841,394,3100767.9
MEDDL,LR,locked_test,base_estimator_log_odds,RATCAT_A,code_12,Unweighted,8,NOTCOV_A,0.14036167288675844,6.643826002531043,394,3100767.9
MEDDL,LR,locked_test,base_estimator_log_odds,RATCAT_A,code_12,Unweighted,9,SEX_A,0.1084912201178973,5.135282121118152,394,3100767.9
MEDDL,LR,locked_test,base_estimator_log_odds,RATCAT_A,code_12,Unweighted,10,DISAB3_A,0.06857141061048151,3.245733051441343,394,3100767.9
MEDDL,LR,locked_test,base_estimator_log_odds,RATCAT_A,code_12,Unweighted,11,RATCAT_A,0.06554641013076354,3.1025488300546864,394,3100767.9
MEDDL,LR,locked_test,base_estimator_log_odds,RATCAT_A,code_12,Unweighted,12,K6SPD_A,0.04488216376004531,2.124435257190329,394,3100767.9
MEDDL,LR,locked_test,base_estimator_log_odds,RATCAT_A,code_12,WTFA_A,1,AGEP_A,0.3547046223620836,16.528807067402372,394,3100767.9
MEDDL,LR,locked_test,base_estimator_log_odds,RATCAT_A,code_12,WTFA_A,2,PHSTAT_A,0.29808809712734635,13.890545360521038,394,3100767.9
MEDDL,LR,locked_test,base_estimator_log_odds,RATCAT_A,code_12,WTFA_A,3,EMPWRKLSW1_A,0.2681862121072157,12.49715362754028,394,3100767.9
MEDDL,LR,locked_test,base_estimator_log_odds,RATCAT_A,code_12,WTFA_A,4,EDUCP_A,0.2271743505062517,10.586050402092706,394,3100767.9
MEDDL,LR,locked_test,base_estimator_log_odds,RATCAT_A,code_12,WTFA_A,5,FDSCAT3_A,0.1960539397034584,9.135876839108825,394,3100767.9
MEDDL,LR,locked_test,base_estimator_log_odds,RATCAT_A,code_12,WTFA_A,6,HISPALLP_A,0.19227285103996697,8.959682673362106,394,3100767.9
MEDDL,LR,locked_test,base_estimator_log_odds,RATCAT_A,code_12,WTFA_A,7,CHRONIC_BURDEN_CAT,0.16259378766219787,7.576674159840148,394,3100767.9
MEDDL,LR,locked_test,base_estimator_log_odds,RATCAT_A,code_12,WTFA_A,8,NOTCOV_A,0.15699438477242786,7.315748746911114,394,3100767.9
MEDDL,LR,locked_test,base_estimator_log_odds,RATCAT_A,code_12,WTFA_A,9,SEX_A,0.10919371762211644,5.0882953808986136,394,3100767.9
MEDDL,LR,locked_test,base_estimator_log_odds,RATCAT_A,code_12,WTFA_A,10,DISAB3_A,0.0663745397923477,3.0929734016700285,394,3100767.9
MEDDL,LR,locked_test,base_estimator_log_odds,RATCAT_A,code_12,WTFA_A,11,RATCAT_A,0.06554641013076352,3.0543835594741036,394,3100767.9
MEDDL,LR,locked_test,base_estimator_log_odds,RATCAT_A,code_12,WTFA_A,12,K6SPD_A,0.048795444327145894,2.273808781178665,394,3100767.9
MEDDL,LR,locked_test,base_estimator_log_odds,RATCAT_A,code_13,Unweighted,1,AGEP_A,0.32958325271142086,16.417468407303378,324,2607330.073
MEDDL,LR,locked_test,base_estimator_log_odds,RATCAT_A,code_13,Unweighted,2,PHSTAT_A,0.3163561193791838,15.758587709286447,324,2607330.073
MEDDL,LR,locked_test,base_estimator_log_odds,RATCAT_A,code_13,Unweighted,3,EMPWRKLSW1_A,0.2700383710008782,13.45137044493086,324,2607330.073
MEDDL,LR,locked_test,base_estimator_log_odds,RATCAT_A,code_13,Unweighted,4,EDUCP_A,0.22863486497568838,11.388945408075845,324,2607330.073
MEDDL,LR,locked_test,base_estimator_log_odds,RATCAT_A,code_13,Unweighted,5,HISPALLP_A,0.17872499566922934,8.9027945014068,324,2607330.073
MEDDL,LR,locked_test,base_estimator_log_odds,RATCAT_A,code_13,Unweighted,6,CHRONIC_BURDEN_CAT,0.17049410571997062,8.492790732725434,324,2607330.073
MEDDL,LR,locked_test,base_estimator_log_odds,RATCAT_A,code_13,Unweighted,7,FDSCAT3_A,0.1612319550352876,8.031416967528056,324,2607330.073
MEDDL,LR,locked_test,base_estimator_log_odds,RATCAT_A,code_13,Unweighted,8,NOTCOV_A,0.13160482461649708,6.555606307708401,324,2607330.073
MEDDL,LR,locked_test,base_estimator_log_odds,RATCAT_A,code_13,Unweighted,9,SEX_A,0.10716996376972572,5.338437192808098,324,2607330.073
MEDDL,LR,locked_test,base_estimator_log_odds,RATCAT_A,code_13,Unweighted,10,DISAB3_A,0.05883435344738054,2.930704552006563,324,2607330.073
MEDDL,LR,locked_test,base_estimator_log_odds,RATCAT_A,code_13,Unweighted,11,K6SPD_A,0.04365791500857681,2.174723486358773,324,2607330.073
MEDDL,LR,locked_test,base_estimator_log_odds,RATCAT_A,code_13,Unweighted,12,RATCAT_A,0.011184959736724119,0.557154289861359,324,2607330.073
MEDDL,LR,locked_test,base_estimator_log_odds,RATCAT_A,code_13,WTFA_A,1,AGEP_A,0.34163949496337087,16.688716704502795,324,2607330.073
MEDDL,LR,locked_test,base_estimator_log_odds,RATCAT_A,code_13,WTFA_A,2,PHSTAT_A,0.32777421152957276,16.011412731555808,324,2607330.073
MEDDL,LR,locked_test,base_estimator_log_odds,RATCAT_A,code_13,WTFA_A,3,EMPWRKLSW1_A,0.26809720116792635,13.096255864800769,324,2607330.073
MEDDL,LR,locked_test,base_estimator_log_odds,RATCAT_A,code_13,WTFA_A,4,EDUCP_A,0.23056263071729238,11.262733037052202,324,2607330.073
MEDDL,LR,locked_test,base_estimator_log_odds,RATCAT_A,code_13,WTFA_A,5,CHRONIC_BURDEN_CAT,0.1739458860632895,8.497066812299321,324,2607330.073
MEDDL,LR,locked_test,base_estimator_log_odds,RATCAT_A,code_13,WTFA_A,6,HISPALLP_A,0.17102382651451728,8.35432739041727,324,2607330.073
MEDDL,LR,locked_test,base_estimator_log_odds,RATCAT_A,code_13,WTFA_A,7,FDSCAT3_A,0.15617638743181486,7.629046185253476,324,2607330.073
MEDDL,LR,locked_test,base_estimator_log_odds,RATCAT_A,code_13,WTFA_A,8,NOTCOV_A,0.1463765421613308,7.150334432431676,324,2607330.073
MEDDL,LR,locked_test,base_estimator_log_odds,RATCAT_A,code_13,WTFA_A,9,SEX_A,0.10756020204899867,5.254198554728799,324,2607330.073
MEDDL,LR,locked_test,base_estimator_log_odds,RATCAT_A,code_13,WTFA_A,10,DISAB3_A,0.063109834188809,3.0828465665484615,324,2607330.073
MEDDL,LR,locked_test,base_estimator_log_odds,RATCAT_A,code_13,WTFA_A,11,K6SPD_A,0.04967743745296252,2.4266886366490965,324,2607330.073
MEDDL,LR,locked_test,base_estimator_log_odds,RATCAT_A,code_13,WTFA_A,12,RATCAT_A,0.011184959736724119,0.5463730837603309,324,2607330.073
MEDDL,LR,locked_test,base_estimator_log_odds,RATCAT_A,code_14,Unweighted,1,RATCAT_A,0.3259445299120896,13.995717247247136,1930,15348993.286000002
MEDDL,LR,locked_test,base_estimator_log_odds,RATCAT_A,code_14,Unweighted,2,PHSTAT_A,0.32405121909945844,13.914420460944608,1930,15348993.286000002
MEDDL,LR,locked_test,base_estimator_log_odds,RATCAT_A,code_14,Unweighted,3,AGEP_A,0.31650168319217753,13.590251284260644,1930,15348993.286000002
MEDDL,LR,locked_test,base_estimator_log_odds,RATCAT_A,code_14,Unweighted,4,EMPWRKLSW1_A,0.2666637555451902,11.450262790745743,1930,15348993.286000002
MEDDL,LR,locked_test,base_estimator_log_odds,RATCAT_A,code_14,Unweighted,5,EDUCP_A,0.23110265506234623,9.923306325199096,1930,15348993.286000002
MEDDL,LR,locked_test,base_estimator_log_odds,RATCAT_A,code_14,Unweighted,6,HISPALLP_A,0.19278070039707512,8.2778016683128,1930,15348993.286000002
MEDDL,LR,locked_test,base_estimator_log_odds,RATCAT_A,code_14,Unweighted,7,FDSCAT3_A,0.1701666100214473,7.306776277009738,1930,15348993.286000002
MEDDL,LR,locked_test,base_estimator_log_odds,RATCAT_A,code_14,Unweighted,8,CHRONIC_BURDEN_CAT,0.16273128572867043,6.98751122761204,1930,15348993.286000002
MEDDL,LR,locked_test,base_estimator_log_odds,RATCAT_A,code_14,Unweighted,9,NOTCOV_A,0.13239199761698817,5.684773924401596,1930,15348993.286000002
MEDDL,LR,locked_test,base_estimator_log_odds,RATCAT_A,code_14,Unweighted,10,SEX_A,0.1082911701295872,4.649909596323069,1930,15348993.286000002
MEDDL,LR,locked_test,base_estimator_log_odds,RATCAT_A,code_14,Unweighted,11,DISAB3_A,0.05809346453026652,2.494472613784563,1930,15348993.286000002
MEDDL,LR,locked_test,base_estimator_log_odds,RATCAT_A,code_14,Unweighted,12,K6SPD_A,0.040168574563639876,1.724796584158951,1930,15348993.286000002
MEDDL,LR,locked_test,base_estimator_log_odds,RATCAT_A,code_14,WTFA_A,1,PHSTAT_A,0.333333485455449,14.212872776192995,1930,15348993.286000002
MEDDL,LR,locked_test,base_estimator_log_odds,RATCAT_A,code_14,WTFA_A,2,RATCAT_A,0.3259445299120896,13.897818064713224,1930,15348993.286000002
MEDDL,LR,locked_test,base_estimator_log_odds,RATCAT_A,code_14,WTFA_A,3,AGEP_A,0.32365009080097085,13.799986395823147,1930,15348993.286000002
MEDDL,LR,locked_test,base_estimator_log_odds,RATCAT_A,code_14,WTFA_A,4,EMPWRKLSW1_A,0.2640804815695803,11.26002172297769,1930,15348993.286000002
MEDDL,LR,locked_test,base_estimator_log_odds,RATCAT_A,code_14,WTFA_A,5,EDUCP_A,0.2305924542491474,9.832139159122276,1930,15348993.286000002
MEDDL,LR,locked_test,base_estimator_log_odds,RATCAT_A,code_14,WTFA_A,6,HISPALLP_A,0.1911569741052615,8.150665540030843,1930,15348993.286000002
MEDDL,LR,locked_test,base_estimator_log_odds,RATCAT_A,code_14,WTFA_A,7,FDSCAT3_A,0.1703185853377948,7.262145840282772,1930,15348993.286000002
MEDDL,LR,locked_test,base_estimator_log_odds,RATCAT_A,code_14,WTFA_A,8,CHRONIC_BURDEN_CAT,0.16498490557761836,7.034725208488866,1930,15348993.286000002
MEDDL,LR,locked_test,base_estimator_log_odds,RATCAT_A,code_14,WTFA_A,9,NOTCOV_A,0.13685078701891615,5.8351258127101655,1930,15348993.286000002
MEDDL,LR,locked_test,base_estimator_log_odds,RATCAT_A,code_14,WTFA_A,10,SEX_A,0.10868507374658215,4.634179262610515,1930,15348993.286000002
MEDDL,LR,locked_test,base_estimator_log_odds,RATCAT_A,code_14,WTFA_A,11,DISAB3_A,0.05654052739818019,2.410808867615532,1930,15348993.286000002
MEDDL,LR,locked_test,base_estimator_log_odds,RATCAT_A,code_14,WTFA_A,12,K6SPD_A,0.03915492989184814,1.6695113494319855,1930,15348993.286000002
MEDDL,LR,locked_test,base_estimator_log_odds,RATCAT_A,code_2,Unweighted,1,FDSCAT3_A,0.4351628557025458,14.918587686744434,187,1384944.663
MEDDL,LR,locked_test,base_estimator_log_odds,RATCAT_A,code_2,Unweighted,2,PHSTAT_A,0.3790661607898755,12.99543764986888,187,1384944.663
MEDDL,LR,locked_test,base_estimator_log_odds,RATCAT_A,code_2,Unweighted,3,AGEP_A,0.36170946275752797,12.400401979533733,187,1384944.663
MEDDL,LR,locked_test,base_estimator_log_odds,RATCAT_A,code_2,Unweighted,4,EDUCP_A,0.3195712102921444,10.955786001554431,187,1384944.663
MEDDL,LR,locked_test,base_estimator_log_odds,RATCAT_A,code_2,Unweighted,5,NOTCOV_A,0.2937313498854334,10.06992403461703,187,1384944.663
MEDDL,LR,locked_test,base_estimator_log_odds,RATCAT_A,code_2,Unweighted,6,EMPWRKLSW1_A,0.2923838018522946,10.023726356595947,187,1384944.663
MEDDL,LR,locked_test,base_estimator_log_odds,RATCAT_A,code_2,Unweighted,7,RATCAT_A,0.18177515770614575,6.2317557529877865,187,1384944.663
MEDDL,LR,locked_test,base_estimator_log_odds,RATCAT_A,code_2,Unweighted,8,HISPALLP_A,0.17189639010170848,5.893084244580122,187,1384944.663
MEDDL,LR,locked_test,base_estimator_log_odds,RATCAT_A,code_2,Unweighted,9,CHRONIC_BURDEN_CAT,0.1526485913267984,5.233216404213277,187,1384944.663
MEDDL,LR,locked_test,base_estimator_log_odds,RATCAT_A,code_2,Unweighted,10,DISAB3_A,0.1179429031522741,4.0434093113616685,187,1384944.663
MEDDL,LR,locked_test,base_estimator_log_odds,RATCAT_A,code_2,Unweighted,11,K6SPD_A,0.10635124150944919,3.646015052206971,187,1384944.663
MEDDL,LR,locked_test,base_estimator_log_odds,RATCAT_A,code_2,Unweighted,12,SEX_A,0.10467811159493616,3.5886555257357147,187,1384944.663
MEDDL,LR,locked_test,base_estimator_log_odds,RATCAT_A,code_2,WTFA_A,1,FDSCAT3_A,0.4216479130865143,13.965576612441104,187,1384944.663
MEDDL,LR,locked_test,base_estimator_log_odds,RATCAT_A,code_2,WTFA_A,2,AGEP_A,0.40539614410334907,13.427294985097868,187,1384944.663
MEDDL,LR,locked_test,base_estimator_log_odds,RATCAT_A,code_2,WTFA_A,3,PHSTAT_A,0.3864512846414797,12.79981438335615,187,1384944.663
MEDDL,LR,locked_test,base_estimator_log_odds,RATCAT_A,code_2,WTFA_A,4,NOTCOV_A,0.3461919179376278,11.466367086166178,187,1384944.663
MEDDL,LR,locked_test,base_estimator_log_odds,RATCAT_A,code_2,WTFA_A,5,EDUCP_A,0.32623985651645904,10.805526527715955,187,1384944.663
MEDDL,LR,locked_test,base_estimator_log_odds,RATCAT_A,code_2,WTFA_A,6,EMPWRKLSW1_A,0.2890879581102882,9.575002985713864,187,1384944.663
MEDDL,LR,locked_test,base_estimator_log_odds,RATCAT_A,code_2,WTFA_A,7,RATCAT_A,0.18177515770614583,6.020650908956049,187,1384944.663
MEDDL,LR,locked_test,base_estimator_log_odds,RATCAT_A,code_2,WTFA_A,8,HISPALLP_A,0.18095676320740703,5.993544522996084,187,1384944.663
MEDDL,LR,locked_test,base_estimator_log_odds,RATCAT_A,code_2,WTFA_A,9,CHRONIC_BURDEN_CAT,0.15856329220984722,5.251841018416585,187,1384944.663
MEDDL,LR,locked_test,base_estimator_log_odds,RATCAT_A,code_2,WTFA_A,10,K6SPD_A,0.11458969515106962,3.795373146552677,187,1384944.663
MEDDL,LR,locked_test,base_estimator_log_odds,RATCAT_A,code_2,WTFA_A,11,SEX_A,0.1050877341267713,3.4806547273818467,187,1384944.663
MEDDL,LR,locked_test,base_estimator_log_odds,RATCAT_A,code_2,WTFA_A,12,DISAB3_A,0.10320672670989316,3.418353095205639,187,1384944.663
MEDDL,LR,locked_test,base_estimator_log_odds,RATCAT_A,code_3,Unweighted,1,FDSCAT3_A,0.39481996260742397,14.729311138623073,322,2378042.798
MEDDL,LR,locked_test,base_estimator_log_odds,RATCAT_A,code_3,Unweighted,2,PHSTAT_A,0.38073626138339267,14.2038989584937,322,2378042.798
MEDDL,LR,locked_test,base_estimator_log_odds,RATCAT_A,code_3,Unweighted,3,AGEP_A,0.36371368977423707,13.568848106568945,322,2378042.798
MEDDL,LR,locked_test,base_estimator_log_odds,RATCAT_A,code_3,Unweighted,4,EMPWRKLSW1_A,0.29081643762930987,10.849314117197403,322,2378042.798
MEDDL,LR,locked_test,base_estimator_log_odds,RATCAT_A,code_3,Unweighted,5,EDUCP_A,0.28914318763832436,10.786891185066109,322,2378042.798
MEDDL,LR,locked_test,base_estimator_log_odds,RATCAT_A,code_3,Unweighted,6,NOTCOV_A,0.23051695702365113,8.59975762194684,322,2378042.798
MEDDL,LR,locked_test,base_estimator_log_odds,RATCAT_A,code_3,Unweighted,7,HISPALLP_A,0.18556798405107142,6.92287329243539,322,2378042.798
MEDDL,LR,locked_test,base_estimator_log_odds,RATCAT_A,code_3,Unweighted,8,CHRONIC_BURDEN_CAT,0.15227934133805132,5.680993898434072,322,2378042.798
MEDDL,LR,locked_test,base_estimator_log_odds,RATCAT_A,code_3,Unweighted,9,DISAB3_A,0.10780943151135797,4.0219816898868395,322,2378042.798
MEDDL,LR,locked_test,base_estimator_log_odds,RATCAT_A,code_3,Unweighted,10,SEX_A,0.10613994113870245,3.959699015577817,322,2378042.798
MEDDL,LR,locked_test,base_estimator_log_odds,RATCAT_A,code_3,Unweighted,11,K6SPD_A,0.09257442784716803,3.4536185613207144,322,2378042.798
MEDDL,LR,locked_test,base_estimator_log_odds,RATCAT_A,code_3,Unweighted,12,RATCAT_A,0.08638765689639002,3.2228124144491264,322,2378042.798
MEDDL,LR,locked_test,base_estimator_log_odds,RATCAT_A,code_3,WTFA_A,1,FDSCAT3_A,0.38756107517120375,14.115709577860454,322,2378042.798
MEDDL,LR,locked_test,base_estimator_log_odds,RATCAT_A,code_3,WTFA_A,2,AGEP_A,0.3821431817722576,13.918379622292681,322,2378042.798
MEDDL,LR,locked_test,base_estimator_log_odds,RATCAT_A,code_3,WTFA_A,3,PHSTAT_A,0.3746222074658947,13.644451470441334,322,2378042.798
MEDDL,LR,locked_test,base_estimator_log_odds,RATCAT_A,code_3,WTFA_A,4,EDUCP_A,0.2996588522887287,10.914143866161316,322,2378042.798
MEDDL,LR,locked_test,base_estimator_log_odds,RATCAT_A,code_3,WTFA_A,5,NOTCOV_A,0.2982015615308032,10.86106657221406,322,2378042.798
MEDDL,LR,locked_test,base_estimator_log_odds,RATCAT_A,code_3,WTFA_A,6,EMPWRKLSW1_A,0.2828115227976932,10.300532165984958,322,2378042.798
MEDDL,LR,locked_test,base_estimator_log_odds,RATCAT_A,code_3,WTFA_A,7,HISPALLP_A,0.18894787348742556,6.881839994701794,322,2378042.798
MEDDL,LR,locked_test,base_estimator_log_odds,RATCAT_A,code_3,WTFA_A,8,CHRONIC_BURDEN_CAT,0.16173088499664218,5.890545642062908,322,2378042.798
MEDDL,LR,locked_test,base_estimator_log_odds,RATCAT_A,code_3,WTFA_A,9,SEX_A,0.10682798694302709,3.8908779417775787,322,2378042.798
MEDDL,LR,locked_test,base_estimator_log_odds,RATCAT_A,code_3,WTFA_A,10,DISAB3_A,0.09330613400569118,3.398386406259838,322,2378042.798
MEDDL,LR,locked_test,base_estimator_log_odds,RATCAT_A,code_3,WTFA_A,11,RATCAT_A,0.08638765689639001,3.1464023452887244,322,2378042.798
MEDDL,LR,locked_test,base_estimator_log_odds,RATCAT_A,code_3,WTFA_A,12,K6SPD_A,0.08340214655338904,3.0376643949543576,322,2378042.798
MEDDL,LR,locked_test,base_estimator_log_odds,RATCAT_A,code_4,Unweighted,1,AGEP_A,0.3782250879767173,14.831378001179644,252,1789827.5900000003
MEDDL,LR,locked_test,base_estimator_log_odds,RATCAT_A,code_4,Unweighted,2,PHSTAT_A,0.34986598524117446,13.719329684408507,252,1789827.5900000003
MEDDL,LR,locked_test,base_estimator_log_odds,RATCAT_A,code_4,Unweighted,3,FDSCAT3_A,0.3410010493681192,13.371708072122455,252,1789827.5900000003
MEDDL,LR,locked_test,base_estimator_log_odds,RATCAT_A,code_4,Unweighted,4,EMPWRKLSW1_A,0.2879912212059171,11.293028406907876,252,1789827.5900000003
MEDDL,LR,locked_test,base_estimator_log_odds,RATCAT_A,code_4,Unweighted,5,EDUCP_A,0.2649317801495629,10.388796250780352,252,1789827.5900000003
MEDDL,LR,locked_test,base_estimator_log_odds,RATCAT_A,code_4,Unweighted,6,NOTCOV_A,0.26320334931681155,10.32101912058901,252,1789827.5900000003
MEDDL,LR,locked_test,base_estimator_log_odds,RATCAT_A,code_4,Unweighted,7,HISPALLP_A,0.17824779444471475,6.989648495894781,252,1789827.5900000003
MEDDL,LR,locked_test,base_estimator_log_odds,RATCAT_A,code_4,Unweighted,8,CHRONIC_BURDEN_CAT,0.14980830458288255,5.874447950743439,252,1789827.5900000003
MEDDL,LR,locked_test,base_estimator_log_odds,RATCAT_A,code_4,Unweighted,9,DISAB3_A,0.10618980826618592,4.164031515449191,252,1789827.5900000003
MEDDL,LR,locked_test,base_estimator_log_odds,RATCAT_A,code_4,Unweighted,10,SEX_A,0.106022681605355,4.157477961072041,252,1789827.5900000003
MEDDL,LR,locked_test,base_estimator_log_odds,RATCAT_A,code_4,Unweighted,11,K6SPD_A,0.09986672756187819,3.9160839227624633,252,1789827.5900000003
MEDDL,LR,locked_test,base_estimator_log_odds,RATCAT_A,code_4,Unweighted,12,RATCAT_A,0.024814427600975575,0.9730506180902241,252,1789827.5900000003
MEDDL,LR,locked_test,base_estimator_log_odds,RATCAT_A,code_4,WTFA_A,1,AGEP_A,0.39285627660878164,14.764466245736925,252,1789827.5900000003
MEDDL,LR,locked_test,base_estimator_log_odds,RATCAT_A,code_4,WTFA_A,2,FDSCAT3_A,0.36033346503910374,13.54218221407526,252,1789827.5900000003
MEDDL,LR,locked_test,base_estimator_log_odds,RATCAT_A,code_4,WTFA_A,3,PHSTAT_A,0.3444971174642159,12.947014889160583,252,1789827.5900000003
MEDDL,LR,locked_test,base_estimator_log_odds,RATCAT_A,code_4,WTFA_A,4,NOTCOV_A,0.32834651388622665,12.340037081821231,252,1789827.5900000003
MEDDL,LR,locked_test,base_estimator_log_odds,RATCAT_A,code_4,WTFA_A,5,EMPWRKLSW1_A,0.2845037184974352,10.692321336449092,252,1789827.5900000003
MEDDL,LR,locked_test,base_estimator_log_odds,RATCAT_A,code_4,WTFA_A,6,EDUCP_A,0.27702741582838675,10.411344233695552,252,1789827.5900000003
MEDDL,LR,locked_test,base_estimator_log_odds,RATCAT_A,code_4,WTFA_A,7,HISPALLP_A,0.18712885726557812,7.032744189683113,252,1789827.5900000003
MEDDL,LR,locked_test,base_estimator_log_odds,RATCAT_A,code_4,WTFA_A,8,CHRONIC_BURDEN_CAT,0.15741547561095343,5.916045166128303,252,1789827.5900000003
MEDDL,LR,locked_test,base_estimator_log_odds,RATCAT_A,code_4,WTFA_A,9,SEX_A,0.10656882866540689,4.005108146063792,252,1789827.5900000003
MEDDL,LR,locked_test,base_estimator_log_odds,RATCAT_A,code_4,WTFA_A,10,K6SPD_A,0.10381009664407241,3.901428484479594,252,1789827.5900000003
MEDDL,LR,locked_test,base_estimator_log_odds,RATCAT_A,code_4,WTFA_A,11,DISAB3_A,0.09352055571132452,3.5147232468871423,252,1789827.5900000003
MEDDL,LR,locked_test,base_estimator_log_odds,RATCAT_A,code_4,WTFA_A,12,RATCAT_A,0.02481442760097557,0.9325847658194114,252,1789827.5900000003
MEDDL,LR,locked_test,base_estimator_log_odds,RATCAT_A,code_5,Unweighted,1,AGEP_A,0.38298839216950237,14.641013978642553,331,2620717.5870000003
MEDDL,LR,locked_test,base_estimator_log_odds,RATCAT_A,code_5,Unweighted,2,FDSCAT3_A,0.3609308060362606,13.79778887439716,331,2620717.5870000003
MEDDL,LR,locked_test,base_estimator_log_odds,RATCAT_A,code_5,Unweighted,3,PHSTAT_A,0.3391110575562985,12.963655911003839,331,2620717.5870000003
MEDDL,LR,locked_test,base_estimator_log_odds,RATCAT_A,code_5,Unweighted,4,NOTCOV_A,0.306586795331096,11.720307058609704,331,2620717.5870000003
MEDDL,LR,locked_test,base_estimator_log_odds,RATCAT_A,code_5,Unweighted,5,EMPWRKLSW1_A,0.28664369683791807,10.957915326155222,331,2620717.5870000003
MEDDL,LR,locked_test,base_estimator_log_odds,RATCAT_A,code_5,Unweighted,6,EDUCP_A,0.2841020050596329,10.860750645407393,331,2620717.5870000003
MEDDL,LR,locked_test,base_estimator_log_odds,RATCAT_A,code_5,Unweighted,7,HISPALLP_A,0.16754174599559274,6.404844364165526,331,2620717.5870000003
MEDDL,LR,locked_test,base_estimator_log_odds,RATCAT_A,code_5,Unweighted,8,CHRONIC_BURDEN_CAT,0.15813899235363865,6.045392614910801,331,2620717.5870000003
MEDDL,LR,locked_test,base_estimator_log_odds,RATCAT_A,code_5,Unweighted,9,SEX_A,0.10633579543048258,4.065041915522954,331,2620717.5870000003
MEDDL,LR,locked_test,base_estimator_log_odds,RATCAT_A,code_5,Unweighted,10,DISAB3_A,0.09602794605349715,3.6709898504896286,331,2620717.5870000003
MEDDL,LR,locked_test,base_estimator_log_odds,RATCAT_A,code_5,Unweighted,11,K6SPD_A,0.07513166108251604,2.872159372550681,331,2620717.5870000003
MEDDL,LR,locked_test,base_estimator_log_odds,RATCAT_A,code_5,Unweighted,12,RATCAT_A,0.0523208595791032,2.0001400881445397,331,2620717.5870000003
MEDDL,LR,locked_test,base_estimator_log_odds,RATCAT_A,code_5,WTFA_A,1,AGEP_A,0.38204618964630765,14.114517024397413,331,2620717.5870000003
MEDDL,LR,locked_test,base_estimator_log_odds,RATCAT_A,code_5,WTFA_A,2,NOTCOV_A,0.3704216757825578,13.68505481988717,331,2620717.5870000003
MEDDL,LR,locked_test,base_estimator_log_odds,RATCAT_A,code_5,WTFA_A,3,FDSCAT3_A,0.36256933871924274,13.39495391542828,331,2620717.5870000003
MEDDL,LR,locked_test,base_estimator_log_odds,RATCAT_A,code_5,WTFA_A,4,PHSTAT_A,0.35253665577455173,13.024301156518892,331,2620717.5870000003
MEDDL,LR,locked_test,base_estimator_log_odds,RATCAT_A,code_5,WTFA_A,5,EDUCP_A,0.29731059441726354,10.984000260076243,331,2620717.5870000003
MEDDL,LR,locked_test,base_estimator_log_odds,RATCAT_A,code_5,WTFA_A,6,EMPWRKLSW1_A,0.2833589690564044,10.468564014379965,331,2620717.5870000003
MEDDL,LR,locked_test,base_estimator_log_odds,RATCAT_A,code_5,WTFA_A,7,HISPALLP_A,0.1722608307997696,6.364095480735253,331,2620717.5870000003
MEDDL,LR,locked_test,base_estimator_log_odds,RATCAT_A,code_5,WTFA_A,8,CHRONIC_BURDEN_CAT,0.16324320910227108,6.030943682815867,331,2620717.5870000003
MEDDL,LR,locked_test,base_estimator_log_odds,RATCAT_A,code_5,WTFA_A,9,SEX_A,0.10712657295140918,3.957740918939249,331,2620717.5870000003
MEDDL,LR,locked_test,base_estimator_log_odds,RATCAT_A,code_5,WTFA_A,10,DISAB3_A,0.08570258828186972,3.1662418684485454,331,2620717.5870000003
MEDDL,LR,locked_test,base_estimator_log_odds,RATCAT_A,code_5,WTFA_A,11,K6SPD_A,0.07786314387197159,2.8766172770142937,331,2620717.5870000003
MEDDL,LR,locked_test,base_estimator_log_odds,RATCAT_A,code_5,WTFA_A,12,RATCAT_A,0.05232085957910319,1.9329695813588275,331,2620717.5870000003
MEDDL,LR,locked_test,base_estimator_log_odds,RATCAT_A,code_6,Unweighted,1,AGEP_A,0.4082659706996464,14.794035469872703,298,2170348.889
MEDDL,LR,locked_test,base_estimator_log_odds,RATCAT_A,code_6,Unweighted,2,PHSTAT_A,0.3554602627071907,12.88055363911084,298,2170348.889
MEDDL,LR,locked_test,base_estimator_log_odds,RATCAT_A,code_6,Unweighted,3,FDSCAT3_A,0.32144161700931495,11.647844848248486,298,2170348.889
MEDDL,LR,locked_test,base_estimator_log_odds,RATCAT_A,code_6,Unweighted,4,EMPWRKLSW1_A,0.2854074471736882,10.342100982890026,298,2170348.889
MEDDL,LR,locked_test,base_estimator_log_odds,RATCAT_A,code_6,Unweighted,5,RATCAT_A,0.2583610560034154,9.362040681466,298,2170348.889
MEDDL,LR,locked_test,base_estimator_log_odds,RATCAT_A,code_6,Unweighted,6,EDUCP_A,0.2558605240012174,9.271430731607397,298,2170348.889
MEDDL,LR,locked_test,base_estimator_log_odds,RATCAT_A,code_6,Unweighted,7,NOTCOV_A,0.25360308099001544,9.189629419777008,298,2170348.889
MEDDL,LR,locked_test,base_estimator_log_odds,RATCAT_A,code_6,Unweighted,8,HISPALLP_A,0.1685121016041837,6.106249815439849,298,2170348.889
MEDDL,LR,locked_test,base_estimator_log_odds,RATCAT_A,code_6,Unweighted,9,CHRONIC_BURDEN_CAT,0.15472854309062672,5.606785083659292,298,2170348.889
MEDDL,LR,locked_test,base_estimator_log_odds,RATCAT_A,code_6,Unweighted,10,SEX_A,0.10651553140620684,3.859725430986377,298,2170348.889
MEDDL,LR,locked_test,base_estimator_log_odds,RATCAT_A,code_6,Unweighted,11,K6SPD_A,0.09883527290333292,3.5814215191648895,298,2170348.889
MEDDL,LR,locked_test,base_estimator_log_odds,RATCAT_A,code_6,Unweighted,12,DISAB3_A,0.09267461816227676,3.3581823777771422,298,2170348.889
MEDDL,LR,locked_test,base_estimator_log_odds,RATCAT_A,code_6,WTFA_A,1,AGEP_A,0.4085333750330632,14.098479354977345,298,2170348.889
MEDDL,LR,locked_test,base_estimator_log_odds,RATCAT_A,code_6,WTFA_A,2,FDSCAT3_A,0.36204000705168204,12.493994070082769,298,2170348.889
MEDDL,LR,locked_test,base_estimator_log_odds,RATCAT_A,code_6,WTFA_A,3,NOTCOV_A,0.3564720695434691,12.301844647766929,298,2170348.889
MEDDL,LR,locked_test,base_estimator_log_odds,RATCAT_A,code_6,WTFA_A,4,PHSTAT_A,0.33370592051994713,11.516185258311939,298,2170348.889
MEDDL,LR,locked_test,base_estimator_log_odds,RATCAT_A,code_6,WTFA_A,5,EDUCP_A,0.28654147226831445,9.88854100547525,298,2170348.889
MEDDL,LR,locked_test,base_estimator_log_odds,RATCAT_A,code_6,WTFA_A,6,EMPWRKLSW1_A,0.2808468490283835,9.692019660857953,298,2170348.889
MEDDL,LR,locked_test,base_estimator_log_odds,RATCAT_A,code_6,WTFA_A,7,RATCAT_A,0.25836105600341536,8.916035351822858,298,2170348.889
MEDDL,LR,locked_test,base_estimator_log_odds,RATCAT_A,code_6,WTFA_A,8,HISPALLP_A,0.1862113011992542,6.426148623496633,298,2170348.889
MEDDL,LR,locked_test,base_estimator_log_odds,RATCAT_A,code_6,WTFA_A,9,CHRONIC_BURDEN_CAT,0.1586495688022372,5.474993738891904,298,2170348.889
MEDDL,LR,locked_test,base_estimator_log_odds,RATCAT_A,code_6,WTFA_A,10,SEX_A,0.10713006371001611,3.697056553557793,298,2170348.889
MEDDL,LR,locked_test,base_estimator_log_odds,RATCAT_A,code_6,WTFA_A,11,DISAB3_A,0.08772253495673778,3.027303088649131,298,2170348.889
MEDDL,LR,locked_test,base_estimator_log_odds,RATCAT_A,code_6,WTFA_A,12,K6SPD_A,0.07149811487231425,2.467398646109491,298,2170348.889
MEDDL,LR,locked_test,base_estimator_log_odds,RATCAT_A,code_7,Unweighted,1,AGEP_A,0.3910138566793669,14.571575999484924,274,2014189.3329999999
MEDDL,LR,locked_test,base_estimator_log_odds,RATCAT_A,code_7,Unweighted,2,PHSTAT_A,0.3174558141552423,11.830351900379524,274,2014189.3329999999
MEDDL,LR,locked_test,base_estimator_log_odds,RATCAT_A,code_7,Unweighted,3,NOTCOV_A,0.31258934083493195,11.648997238325906,274,2014189.3329999999
MEDDL,LR,locked_test,base_estimator_log_odds,RATCAT_A,code_7,Unweighted,4,RATCAT_A,0.28951134491462865,10.788969477866626,274,2014189.3329999999
MEDDL,LR,locked_test,base_estimator_log_odds,RATCAT_A,code_7,Unweighted,5,FDSCAT3_A,0.28798734064220566,10.732175725676504,274,2014189.3329999999
MEDDL,LR,locked_test,base_estimator_log_odds,RATCAT_A,code_7,Unweighted,6,EMPWRKLSW1_A,0.27750369266560787,10.341490662645331,274,2014189.3329999999
MEDDL,LR,locked_test,base_estimator_log_odds,RATCAT_A,code_7,Unweighted,7,EDUCP_A,0.23449441080971625,8.738700867499272,274,2014189.3329999999
MEDDL,LR,locked_test,base_estimator_log_odds,RATCAT_A,code_7,Unweighted,8,HISPALLP_A,0.18762886551556837,6.992203030285886,274,2014189.3329999999
MEDDL,LR,locked_test,base_estimator_log_odds,RATCAT_A,code_7,Unweighted,9,CHRONIC_BURDEN_CAT,0.1589705852910055,5.924219629766184,274,2014189.3329999999
MEDDL,LR,locked_test,base_estimator_log_odds,RATCAT_A,code_7,Unweighted,10,SEX_A,0.10660257218184459,3.972666072450967,274,2014189.3329999999
MEDDL,LR,locked_test,base_estimator_log_odds,RATCAT_A,code_7,Unweighted,11,DISAB3_A,0.06682719145791015,2.490391280326337,274,2014189.3329999999
MEDDL,LR,locked_test,base_estimator_log_odds,RATCAT_A,code_7,Unweighted,12,K6SPD_A,0.05281626343150601,1.9682581152925607,274,2014189.3329999999
MEDDL,LR,locked_test,base_estimator_log_odds,RATCAT_A,code_7,WTFA_A,1,AGEP_A,0.3910381323916553,14.096287887491718,274,2014189.3329999999
MEDDL,LR,locked_test,base_estimator_log_odds,RATCAT_A,code_7,WTFA_A,2,NOTCOV_A,0.3893862251976575,14.036739323192906,274,2014189.3329999999
MEDDL,LR,locked_test,base_estimator_log_odds,RATCAT_A,code_7,WTFA_A,3,PHSTAT_A,0.31201899880973466,11.247776800406013,274,2014189.3329999999
MEDDL,LR,locked_test,base_estimator_log_odds,RATCAT_A,code_7,WTFA_A,4,FDSCAT3_A,0.2916542221345321,10.513659764242872,274,2014189.3329999999
MEDDL,LR,locked_test,base_estimator_log_odds,RATCAT_A,code_7,WTFA_A,5,RATCAT_A,0.28951134491462865,10.436412530029273,274,2014189.3329999999
MEDDL,LR,locked_test,base_estimator_log_odds,RATCAT_A,code_7,WTFA_A,6,EMPWRKLSW1_A,0.27489055014077807,9.909356687634576,274,2014189.3329999999
MEDDL,LR,locked_test,base_estimator_log_odds,RATCAT_A,code_7,WTFA_A,7,EDUCP_A,0.24116319612572393,8.693540498630862,274,2014189.3329999999
MEDDL,LR,locked_test,base_estimator_log_odds,RATCAT_A,code_7,WTFA_A,8,HISPALLP_A,0.19519914346193662,7.036611250166593,274,2014189.3329999999
MEDDL,LR,locked_test,base_estimator_log_odds,RATCAT_A,code_7,WTFA_A,9,CHRONIC_BURDEN_CAT,0.16152141392844646,5.8225839429123765,274,2014189.3329999999
MEDDL,LR,locked_test,base_estimator_log_odds,RATCAT_A,code_7,WTFA_A,10,SEX_A,0.10720688801648329,3.864633732162034,274,2014189.3329999999
MEDDL,LR,locked_test,base_estimator_log_odds,RATCAT_A,code_7,WTFA_A,11,DISAB3_A,0.0703734538120062,2.536848410419398,274,2014189.3329999999
MEDDL,LR,locked_test,base_estimator_log_odds,RATCAT_A,code_7,WTFA_A,12,K6SPD_A,0.05008684428649188,1.8055491727113875,274,2014189.3329999999
MEDDL,LR,locked_test,base_estimator_log_odds,RATCAT_A,code_8,Unweighted,1,RATCAT_A,0.38800322056804765,14.687298724055472,530,4181768.7849999997
MEDDL,LR,locked_test,base_estimator_log_odds,RATCAT_A,code_8,Unweighted,2,AGEP_A,0.37347026769754443,14.13717488786874,530,4181768.7849999997
MEDDL,LR,locked_test,base_estimator_log_odds,RATCAT_A,code_8,Unweighted,3,PHSTAT_A,0.3235057129097175,12.245839190425608,530,4181768.7849999997
MEDDL,LR,locked_test,base_estimator_log_odds,RATCAT_A,code_8,Unweighted,4,EMPWRKLSW1_A,0.27747571738843235,10.503440522965361,530,4181768.7849999997
MEDDL,LR,locked_test,base_estimator_log_odds,RATCAT_A,code_8,Unweighted,5,FDSCAT3_A,0.25457675500554383,9.636633540033609,530,4181768.7849999997
MEDDL,LR,locked_test,base_estimator_log_odds,RATCAT_A,code_8,Unweighted,6,EDUCP_A,0.24132645661321298,9.135062727332315,530,4181768.7849999997
MEDDL,LR,locked_test,base_estimator_log_odds,RATCAT_A,code_8,Unweighted,7,NOTCOV_A,0.20428080367207563,7.73275330738062,530,4181768.7849999997
MEDDL,LR,locked_test,base_estimator_log_odds,RATCAT_A,code_8,Unweighted,8,HISPALLP_A,0.17305612721019853,6.550788502845853,530,4181768.7849999997
MEDDL,LR,locked_test,base_estimator_log_odds,RATCAT_A,code_8,Unweighted,9,CHRONIC_BURDEN_CAT,0.15735797092590195,5.956557582734362,530,4181768.7849999997
MEDDL,LR,locked_test,base_estimator_log_odds,RATCAT_A,code_8,Unweighted,10,SEX_A,0.10611718457158378,4.016911991804563,530,4181768.7849999997
MEDDL,LR,locked_test,base_estimator_log_odds,RATCAT_A,code_8,Unweighted,11,DISAB3_A,0.07858826442049446,2.974844677987489,530,4181768.7849999997
MEDDL,LR,locked_test,base_estimator_log_odds,RATCAT_A,code_8,Unweighted,12,K6SPD_A,0.06400177635142726,2.4226943445659948,530,4181768.7849999997
MEDDL,LR,locked_test,base_estimator_log_odds,RATCAT_A,code_8,WTFA_A,1,RATCAT_A,0.3880032205680476,14.169265462912193,530,4181768.7849999997
MEDDL,LR,locked_test,base_estimator_log_odds,RATCAT_A,code_8,WTFA_A,2,AGEP_A,0.367907372683602,13.435396803368237,530,4181768.7849999997
MEDDL,LR,locked_test,base_estimator_log_odds,RATCAT_A,code_8,WTFA_A,3,PHSTAT_A,0.3385372932768048,12.362847840572357,530,4181768.7849999997
MEDDL,LR,locked_test,base_estimator_log_odds,RATCAT_A,code_8,WTFA_A,4,FDSCAT3_A,0.2776963106848321,10.141031145061469,530,4181768.7849999997
MEDDL,LR,locked_test,base_estimator_log_odds,RATCAT_A,code_8,WTFA_A,5,EMPWRKLSW1_A,0.27291911762748866,9.966575591579257,530,4181768.7849999997
MEDDL,LR,locked_test,base_estimator_log_odds,RATCAT_A,code_8,WTFA_A,6,NOTCOV_A,0.25769957140641836,9.410781775446262,530,4181768.7849999997
MEDDL,LR,locked_test,base_estimator_log_odds,RATCAT_A,code_8,WTFA_A,7,EDUCP_A,0.2571997887783608,9.392530502376074,530,4181768.7849999997
MEDDL,LR,locked_test,base_estimator_log_odds,RATCAT_A,code_8,WTFA_A,8,HISPALLP_A,0.17590954264891384,6.423938965256091,530,4181768.7849999997
MEDDL,LR,locked_test,base_estimator_log_odds,RATCAT_A,code_8,WTFA_A,9,CHRONIC_BURDEN_CAT,0.1628814582040027,5.948173875721716,530,4181768.7849999997
MEDDL,LR,locked_test,base_estimator_log_odds,RATCAT_A,code_8,WTFA_A,10,SEX_A,0.10652767096488364,3.89022247505412,530,4181768.7849999997
MEDDL,LR,locked_test,base_estimator_log_odds,RATCAT_A,code_8,WTFA_A,11,DISAB3_A,0.07487709507969241,2.7343933788039507,530,4181768.7849999997
MEDDL,LR,locked_test,base_estimator_log_odds,RATCAT_A,code_8,WTFA_A,12,K6SPD_A,0.058185486939315516,2.1248421838482687,530,4181768.7849999997
MEDDL,LR,locked_test,base_estimator_log_odds,RATCAT_A,code_9,Unweighted,1,AGEP_A,0.3694747927920201,15.118115462612575,531,4234911.856000001
MEDDL,LR,locked_test,base_estimator_log_odds,RATCAT_A,code_9,Unweighted,2,PHSTAT_A,0.31130946827449624,12.738115232201055,531,4234911.856000001
MEDDL,LR,locked_test,base_estimator_log_odds,RATCAT_A,code_9,Unweighted,3,EMPWRKLSW1_A,0.2775445361285498,11.356526683460627,531,4234911.856000001
MEDDL,LR,locked_test,base_estimator_log_odds,RATCAT_A,code_9,Unweighted,4,FDSCAT3_A,0.2545767843969205,10.41673558168755,531,4234911.856000001
MEDDL,LR,locked_test,base_estimator_log_odds,RATCAT_A,code_9,Unweighted,5,RATCAT_A,0.23916858653973022,9.786265198267085,531,4234911.856000001
MEDDL,LR,locked_test,base_estimator_log_odds,RATCAT_A,code_9,Unweighted,6,EDUCP_A,0.22461871079253398,9.190915513243782,531,4234911.856000001
MEDDL,LR,locked_test,base_estimator_log_odds,RATCAT_A,code_9,Unweighted,7,NOTCOV_A,0.20930798045050603,8.564433291334803,531,4234911.856000001
MEDDL,LR,locked_test,base_estimator_log_odds,RATCAT_A,code_9,Unweighted,8,HISPALLP_A,0.16148043366717268,6.607432736303828,531,4234911.856000001
MEDDL,LR,locked_test,base_estimator_log_odds,RATCAT_A,code_9,Unweighted,9,CHRONIC_BURDEN_CAT,0.15828705722721798,6.4767666267974136,531,4234911.856000001
MEDDL,LR,locked_test,base_estimator_log_odds,RATCAT_A,code_9,Unweighted,10,SEX_A,0.10738226756513101,4.39385189830972,531,4234911.856000001
MEDDL,LR,locked_test,base_estimator_log_odds,RATCAT_A,code_9,Unweighted,11,DISAB3_A,0.07332098358475288,3.000137268608155,531,4234911.856000001
MEDDL,LR,locked_test,base_estimator_log_odds,RATCAT_A,code_9,Unweighted,12,K6SPD_A,0.05744936019645044,2.3507045071733916,531,4234911.856000001
MEDDL,LR,locked_test,base_estimator_log_odds,RATCAT_A,code_9,WTFA_A,1,AGEP_A,0.39155467804917465,15.468330707327883,531,4234911.856000001
MEDDL,LR,locked_test,base_estimator_log_odds,RATCAT_A,code_9,WTFA_A,2,PHSTAT_A,0.318513050363259,12.582828079504942,531,4234911.856000001
MEDDL,LR,locked_test,base_estimator_log_odds,RATCAT_A,code_9,WTFA_A,3,EMPWRKLSW1_A,0.27322263908476807,10.793634644204936,531,4234911.856000001
MEDDL,LR,locked_test,base_estimator_log_odds,RATCAT_A,code_9,WTFA_A,4,FDSCAT3_A,0.26469406031640214,10.456713942580702,531,4234911.856000001
MEDDL,LR,locked_test,base_estimator_log_odds,RATCAT_A,code_9,WTFA_A,5,NOTCOV_A,0.2403380002971205,9.494530083654974,531,4234911.856000001
MEDDL,LR,locked_test,base_estimator_log_odds,RATCAT_A,code_9,WTFA_A,6,RATCAT_A,0.2391685865397302,9.448332503222185,531,4234911.856000001
MEDDL,LR,locked_test,base_estimator_log_odds,RATCAT_A,code_9,WTFA_A,7,EDUCP_A,0.2310611198223701,9.128047793542303,531,4234911.856000001
MEDDL,LR,locked_test,base_estimator_log_odds,RATCAT_A,code_9,WTFA_A,8,HISPALLP_A,0.1661240666668032,6.562715619823543,531,4234911.856000001
MEDDL,LR,locked_test,base_estimator_log_odds,RATCAT_A,code_9,WTFA_A,9,CHRONIC_BURDEN_CAT,0.16032483325333258,6.33361744958719,531,4234911.856000001
MEDDL,LR,locked_test,base_estimator_log_odds,RATCAT_A,code_9,WTFA_A,10,SEX_A,0.10817949866100285,4.2736209138872105,531,4234911.856000001
MEDDL,LR,locked_test,base_estimator_log_odds,RATCAT_A,code_9,WTFA_A,11,DISAB3_A,0.07179399650308699,2.83621507535921,531,4234911.856000001
MEDDL,LR,locked_test,base_estimator_log_odds,RATCAT_A,code_9,WTFA_A,12,K6SPD_A,0.06635664933791349,2.6214131873049125,531,4234911.856000001
MEDDL,LR,locked_test,base_estimator_log_odds,NOTCOV_A,code_1,Unweighted,1,NOTCOV_A,1.483347637209093,38.10319773298689,472,4745382.67
MEDDL,LR,locked_test,base_estimator_log_odds,NOTCOV_A,code_1,Unweighted,2,PHSTAT_A,0.3583805719729892,9.205829742810906,472,4745382.67
MEDDL,LR,locked_test,base_estimator_log_odds,NOTCOV_A,code_1,Unweighted,3,AGEP_A,0.3479394776760036,8.937626207397361,472,4745382.67
MEDDL,LR,locked_test,base_estimator_log_odds,NOTCOV_A,code_1,Unweighted,4,FDSCAT3_A,0.3471399423181438,8.917088301736646,472,4745382.67
MEDDL,LR,locked_test,base_estimator_log_odds,NOTCOV_A,code_1,Unweighted,5,EDUCP_A,0.2884235565310471,7.40882280706035,472,4745382.67
MEDDL,LR,locked_test,base_estimator_log_odds,NOTCOV_A,code_1,Unweighted,6,EMPWRKLSW1_A,0.26731778322193644,6.866672448282868,472,4745382.67
MEDDL,LR,locked_test,base_estimator_log_odds,NOTCOV_A,code_1,Unweighted,7,RATCAT_A,0.2144135602456976,5.507705731103605,472,4745382.67
MEDDL,LR,locked_test,base_estimator_log_odds,NOTCOV_A,code_1,Unweighted,8,CHRONIC_BURDEN_CAT,0.17762481114685066,4.562702047476195,472,4745382.67
MEDDL,LR,locked_test,base_estimator_log_odds,NOTCOV_A,code_1,Unweighted,9,HISPALLP_A,0.16802891513846133,4.316209375184772,472,4745382.67
MEDDL,LR,locked_test,base_estimator_log_odds,NOTCOV_A,code_1,Unweighted,10,SEX_A,0.10864847178031146,2.790886033580879,472,4745382.67
MEDDL,LR,locked_test,base_estimator_log_odds,NOTCOV_A,code_1,Unweighted,11,K6SPD_A,0.06976253585544023,1.7920112800096974,472,4745382.67
MEDDL,LR,locked_test,base_estimator_log_odds,NOTCOV_A,code_1,Unweighted,12,DISAB3_A,0.06194688464838126,1.5912482923698366,472,4745382.67
MEDDL,LR,locked_test,base_estimator_log_odds,NOTCOV_A,code_1,WTFA_A,1,NOTCOV_A,1.4833476372090932,37.71103342073561,472,4745382.67
MEDDL,LR,locked_test,base_estimator_log_odds,NOTCOV_A,code_1,WTFA_A,2,AGEP_A,0.36802134924029256,9.356178587277832,472,4745382.67
MEDDL,LR,locked_test,base_estimator_log_odds,NOTCOV_A,code_1,WTFA_A,3,FDSCAT3_A,0.3593301000276174,9.135221623916362,472,4745382.67
MEDDL,LR,locked_test,base_estimator_log_odds,NOTCOV_A,code_1,WTFA_A,4,PHSTAT_A,0.35305036640929593,8.975572436892742,472,4745382.67
MEDDL,LR,locked_test,base_estimator_log_odds,NOTCOV_A,code_1,WTFA_A,5,EDUCP_A,0.30739569878136785,7.814897316953421,472,4745382.67
MEDDL,LR,locked_test,base_estimator_log_odds,NOTCOV_A,code_1,WTFA_A,6,EMPWRKLSW1_A,0.2664254666230104,6.773314241332608,472,4745382.67
MEDDL,LR,locked_test,base_estimator_log_odds,NOTCOV_A,code_1,WTFA_A,7,RATCAT_A,0.21449649898537246,5.453128072585422,472,4745382.67
MEDDL,LR,locked_test,base_estimator_log_odds,NOTCOV_A,code_1,WTFA_A,8,CHRONIC_BURDEN_CAT,0.17685116114532903,4.496073530676547,472,4745382.67
MEDDL,LR,locked_test,base_estimator_log_odds,NOTCOV_A,code_1,WTFA_A,9,HISPALLP_A,0.16761473291305928,4.261256522836967,472,4745382.67
MEDDL,LR,locked_test,base_estimator_log_odds,NOTCOV_A,code_1,WTFA_A,10,SEX_A,0.1090647657257851,2.7727451894205024,472,4745382.67
MEDDL,LR,locked_test,base_estimator_log_odds,NOTCOV_A,code_1,WTFA_A,11,K6SPD_A,0.06547258005602768,1.6645043904071768,472,4745382.67
MEDDL,LR,locked_test,base_estimator_log_odds,NOTCOV_A,code_1,WTFA_A,12,DISAB3_A,0.062387579874323654,1.5860746669647974,472,4745382.67
MEDDL,LR,locked_test,base_estimator_log_odds,NOTCOV_A,code_2,Unweighted,1,AGEP_A,0.3524669088920836,14.996757092893,5928,45351602.004999995
MEDDL,LR,locked_test,base_estimator_log_odds,NOTCOV_A,code_2,Unweighted,2,PHSTAT_A,0.32588567008198116,13.86577891705143,5928,45351602.004999995
MEDDL,LR,locked_test,base_estimator_log_odds,NOTCOV_A,code_2,Unweighted,3,EMPWRKLSW1_A,0.2761409639653675,11.749241859336848,5928,45351602.004999995
MEDDL,LR,locked_test,base_estimator_log_odds,NOTCOV_A,code_2,Unweighted,4,RATCAT_A,0.24393118110668682,10.378780470309378,5928,45351602.004999995
MEDDL,LR,locked_test,base_estimator_log_odds,NOTCOV_A,code_2,Unweighted,5,EDUCP_A,0.2397394639959217,10.20043134950861,5928,45351602.004999995
MEDDL,LR,locked_test,base_estimator_log_odds,NOTCOV_A,code_2,Unweighted,6,FDSCAT3_A,0.23718767420440448,10.09185783327187,5928,45351602.004999995
MEDDL,LR,locked_test,base_estimator_log_odds,NOTCOV_A,code_2,Unweighted,7,HISPALLP_A,0.18178640851294706,7.73464555815303,5928,45351602.004999995
MEDDL,LR,locked_test,base_estimator_log_odds,NOTCOV_A,code_2,Unweighted,8,CHRONIC_BURDEN_CAT,0.15815310026301457,6.729095890413252,5928,45351602.004999995
MEDDL,LR,locked_test,base_estimator_log_odds,NOTCOV_A,code_2,Unweighted,9,SEX_A,0.10708888426148014,4.556416344633538,5928,45351602.004999995
MEDDL,LR,locked_test,base_estimator_log_odds,NOTCOV_A,code_2,Unweighted,10,NOTCOV_A,0.09298360139956578,3.956264967383419,5928,45351602.004999995
MEDDL,LR,locked_test,base_estimator_log_odds,NOTCOV_A,code_2,Unweighted,11,DISAB3_A,0.07585157258350558,3.227331645754744,5928,45351602.004999995
MEDDL,LR,locked_test,base_estimator_log_odds,NOTCOV_A,code_2,Unweighted,12,K6SPD_A,0.05907208095162403,2.5133980712908683,5928,45351602.004999995
MEDDL,LR,locked_test,base_estimator_log_odds,NOTCOV_A,code_2,WTFA_A,1,AGEP_A,0.36031402705969356,15.190529013121699,5928,45351602.004999995
MEDDL,LR,locked_test,base_estimator_log_odds,NOTCOV_A,code_2,WTFA_A,2,PHSTAT_A,0.3321084599232389,14.00140659839294,5928,45351602.004999995
MEDDL,LR,locked_test,base_estimator_log_odds,NOTCOV_A,code_2,WTFA_A,3,EMPWRKLSW1_A,0.272151319795572,11.47366521656148,5928,45351602.004999995
MEDDL,LR,locked_test,base_estimator_log_odds,NOTCOV_A,code_2,WTFA_A,4,RATCAT_A,0.2466488971794479,10.398505046372094,5928,45351602.004999995
MEDDL,LR,locked_test,base_estimator_log_odds,NOTCOV_A,code_2,WTFA_A,5,EDUCP_A,0.24261214880150975,10.228319211937224,5928,45351602.004999995
MEDDL,LR,locked_test,base_estimator_log_odds,NOTCOV_A,code_2,WTFA_A,6,FDSCAT3_A,0.23908638517042338,10.079676054276995,5928,45351602.004999995
MEDDL,LR,locked_test,base_estimator_log_odds,NOTCOV_A,code_2,WTFA_A,7,HISPALLP_A,0.18659950580667353,7.866874431510388,5928,45351602.004999995
MEDDL,LR,locked_test,base_estimator_log_odds,NOTCOV_A,code_2,WTFA_A,8,CHRONIC_BURDEN_CAT,0.16196425741765938,6.828273579768412,5928,45351602.004999995
MEDDL,LR,locked_test,base_estimator_log_odds,NOTCOV_A,code_2,WTFA_A,9,SEX_A,0.10764943077949496,4.538407274471833,5928,45351602.004999995
MEDDL,LR,locked_test,base_estimator_log_odds,NOTCOV_A,code_2,WTFA_A,10,NOTCOV_A,0.09298360139956578,3.9201085406831586,5928,45351602.004999995
MEDDL,LR,locked_test,base_estimator_log_odds,NOTCOV_A,code_2,WTFA_A,11,DISAB3_A,0.07147801734614388,3.013451641495853,5928,45351602.004999995
MEDDL,LR,locked_test,base_estimator_log_odds,NOTCOV_A,code_2,WTFA_A,12,K6SPD_A,0.058368920049716354,2.4607833914079182,5928,45351602.004999995
MEDDL,LR,locked_test,base_estimator_log_odds,SEX_A,code_1,Unweighted,1,AGEP_A,0.35207012678877997,14.288223180095795,2958,24662417.391999997
MEDDL,LR,locked_test,base_estimator_log_odds,SEX_A,code_1,Unweighted,2,PHSTAT_A,0.324448130010637,13.167227035816929,2958,24662417.391999997
MEDDL,LR,locked_test,base_estimator_log_odds,SEX_A,code_1,Unweighted,3,EMPWRKLSW1_A,0.2727027403624099,11.067220191787099,2958,24662417.391999997
MEDDL,LR,locked_test,base_estimator_log_odds,SEX_A,code_1,Unweighted,4,RATCAT_A,0.2454718836650801,9.962097864523935,2958,24662417.391999997
MEDDL,LR,locked_test,base_estimator_log_odds,SEX_A,code_1,Unweighted,5,EDUCP_A,0.24145135401031306,9.798930868410206,2958,24662417.391999997
MEDDL,LR,locked_test,base_estimator_log_odds,SEX_A,code_1,Unweighted,6,FDSCAT3_A,0.23432862790657605,9.509866013208944,2958,24662417.391999997
MEDDL,LR,locked_test,base_estimator_log_odds,SEX_A,code_1,Unweighted,7,NOTCOV_A,0.21370440950087782,8.672863913134583,2958,24662417.391999997
MEDDL,LR,locked_test,base_estimator_log_odds,SEX_A,code_1,Unweighted,8,HISPALLP_A,0.179087178962577,7.267976993816914,2958,24662417.391999997
MEDDL,LR,locked_test,base_estimator_log_odds,SEX_A,code_1,Unweighted,9,CHRONIC_BURDEN_CAT,0.15958712395050123,6.476597331537758,2958,24662417.391999997
MEDDL,LR,locked_test,base_estimator_log_odds,SEX_A,code_1,Unweighted,10,SEX_A,0.11765817758580123,4.774975700559347,2958,24662417.391999997
MEDDL,LR,locked_test,base_estimator_log_odds,SEX_A,code_1,Unweighted,11,DISAB3_A,0.07055191289150976,2.8632405889447785,2958,24662417.391999997
MEDDL,LR,locked_test,base_estimator_log_odds,SEX_A,code_1,Unweighted,12,K6SPD_A,0.05299647757221242,2.1507803181637173,2958,24662417.391999997
MEDDL,LR,locked_test,base_estimator_log_odds,SEX_A,code_1,WTFA_A,1,AGEP_A,0.3659266511837621,14.47693608772943,2958,24662417.391999997
MEDDL,LR,locked_test,base_estimator_log_odds,SEX_A,code_1,WTFA_A,2,PHSTAT_A,0.331537972236218,13.116437458688512,2958,24662417.391999997
MEDDL,LR,locked_test,base_estimator_log_odds,SEX_A,code_1,WTFA_A,3,EMPWRKLSW1_A,0.2686915614882915,10.630082696613457,2958,24662417.391999997
MEDDL,LR,locked_test,base_estimator_log_odds,SEX_A,code_1,WTFA_A,4,EDUCP_A,0.24631337685261434,9.74474803273456,2958,24662417.391999997
MEDDL,LR,locked_test,base_estimator_log_odds,SEX_A,code_1,WTFA_A,5,RATCAT_A,0.24595436965479295,9.73054484681989,2958,24662417.391999997
MEDDL,LR,locked_test,base_estimator_log_odds,SEX_A,code_1,WTFA_A,6,NOTCOV_A,0.24370211073871162,9.641440081491513,2958,24662417.391999997
MEDDL,LR,locked_test,base_estimator_log_odds,SEX_A,code_1,WTFA_A,7,FDSCAT3_A,0.2399896371231159,9.49456571995896,2958,24662417.391999997
MEDDL,LR,locked_test,base_estimator_log_odds,SEX_A,code_1,WTFA_A,8,HISPALLP_A,0.18306079830063385,7.242324298035728,2958,24662417.391999997
MEDDL,LR,locked_test,base_estimator_log_odds,SEX_A,code_1,WTFA_A,9,CHRONIC_BURDEN_CAT,0.16246190417069448,6.427382634638595,2958,24662417.391999997
MEDDL,LR,locked_test,base_estimator_log_odds,SEX_A,code_1,WTFA_A,10,SEX_A,0.11765817758580129,4.654839737958801,2958,24662417.391999997
MEDDL,LR,locked_test,base_estimator_log_odds,SEX_A,code_1,WTFA_A,11,DISAB3_A,0.06751877165879838,2.6712045675392884,2958,24662417.391999997
MEDDL,LR,locked_test,base_estimator_log_odds,SEX_A,code_1,WTFA_A,12,K6SPD_A,0.054837267362094204,2.169493837791274,2958,24662417.391999997
MEDDL,LR,locked_test,base_estimator_log_odds,SEX_A,code_2,Unweighted,1,AGEP_A,0.3523555185370031,14.27368843356541,3460,25603154.915
MEDDL,LR,locked_test,base_estimator_log_odds,SEX_A,code_2,Unweighted,2,PHSTAT_A,0.33235247430479004,13.463378374341938,3460,25603154.915
MEDDL,LR,locked_test,base_estimator_log_odds,SEX_A,code_2,Unweighted,3,EMPWRKLSW1_A,0.2779084463080362,11.257886898231092,3460,25603154.915
MEDDL,LR,locked_test,base_estimator_log_odds,SEX_A,code_2,Unweighted,4,FDSCAT3_A,0.25484744010581495,10.323700827123885,3460,25603154.915
MEDDL,LR,locked_test,base_estimator_log_odds,SEX_A,code_2,Unweighted,5,EDUCP_A,0.24526109584131148,9.935364377005113,3460,25603154.915
MEDDL,LR,locked_test,base_estimator_log_odds,SEX_A,code_2,Unweighted,6,RATCAT_A,0.2384092936485897,9.657802413130094,3460,25603154.915
MEDDL,LR,locked_test,base_estimator_log_odds,SEX_A,code_2,Unweighted,7,NOTCOV_A,0.18269805251129614,7.400976972896636,3460,25603154.915
MEDDL,LR,locked_test,base_estimator_log_odds,SEX_A,code_2,Unweighted,8,HISPALLP_A,0.18239975691981827,7.388893216264869,3460,25603154.915
MEDDL,LR,locked_test,base_estimator_log_odds,SEX_A,code_2,Unweighted,9,CHRONIC_BURDEN_CAT,0.15987500967885787,6.476430640122423,3460,25603154.915
MEDDL,LR,locked_test,base_estimator_log_odds,SEX_A,code_2,Unweighted,10,SEX_A,0.0982399988634671,3.9796372178677557,3460,25603154.915
MEDDL,LR,locked_test,base_estimator_log_odds,SEX_A,code_2,Unweighted,11,DISAB3_A,0.07847233271690655,3.178862168831273,3460,25603154.915
MEDDL,LR,locked_test,base_estimator_log_odds,SEX_A,code_2,Unweighted,12,K6SPD_A,0.06574727358802698,2.6633784606195348,3460,25603154.915
MEDDL,LR,locked_test,base_estimator_log_odds,SEX_A,code_2,WTFA_A,1,AGEP_A,0.3561996915015931,14.145851575957373,3460,25603154.915
MEDDL,LR,locked_test,base_estimator_log_odds,SEX_A,code_2,WTFA_A,2,PHSTAT_A,0.3375663716251019,13.405861666844828,3460,25603154.915
MEDDL,LR,locked_test,base_estimator_log_odds,SEX_A,code_2,WTFA_A,3,EMPWRKLSW1_A,0.2745361057062605,10.902724219638289,3460,25603154.915
MEDDL,LR,locked_test,base_estimator_log_odds,SEX_A,code_2,WTFA_A,4,FDSCAT3_A,0.26096724574325814,10.363860532579974,3460,25603154.915
MEDDL,LR,locked_test,base_estimator_log_odds,SEX_A,code_2,WTFA_A,5,EDUCP_A,0.2517300418466046,9.9970210365993,3460,25603154.915
MEDDL,LR,locked_test,base_estimator_log_odds,SEX_A,code_2,WTFA_A,6,RATCAT_A,0.24096818062894423,9.569632425384306,3460,25603154.915
MEDDL,LR,locked_test,base_estimator_log_odds,SEX_A,code_2,WTFA_A,7,NOTCOV_A,0.20950440124172973,8.320103119634716,3460,25603154.915
MEDDL,LR,locked_test,base_estimator_log_odds,SEX_A,code_2,WTFA_A,8,HISPALLP_A,0.18694326196522815,7.424126690670106,3460,25603154.915
MEDDL,LR,locked_test,base_estimator_log_odds,SEX_A,code_2,WTFA_A,9,CHRONIC_BURDEN_CAT,0.16463513314440667,6.538198132151783,3460,25603154.915
MEDDL,LR,locked_test,base_estimator_log_odds,SEX_A,code_2,WTFA_A,10,SEX_A,0.09823999886346711,3.9014307870017104,3460,25603154.915
MEDDL,LR,locked_test,base_estimator_log_odds,SEX_A,code_2,WTFA_A,11,DISAB3_A,0.07360751218533851,2.9231943965471276,3460,25603154.915
MEDDL,LR,locked_test,base_estimator_log_odds,SEX_A,code_2,WTFA_A,12,K6SPD_A,0.06315259205304903,2.5079954169904757,3460,25603154.915
MEDDL,LR,locked_test,base_estimator_log_odds,AGE_GROUP,18-34,Unweighted,1,AGEP_A,0.5669229659491863,20.144656219437366,1296,14130183.015999999
MEDDL,LR,locked_test,base_estimator_log_odds,AGE_GROUP,18-34,Unweighted,2,PHSTAT_A,0.3357494432517494,11.930293031699492,1296,14130183.015999999
MEDDL,LR,locked_test,base_estimator_log_odds,AGE_GROUP,18-34,Unweighted,3,NOTCOV_A,0.2980298523796206,10.589990668776752,1296,14130183.015999999
MEDDL,LR,locked_test,base_estimator_log_odds,AGE_GROUP,18-34,Unweighted,4,FDSCAT3_A,0.2767504295266521,9.833862087526947,1296,14130183.015999999
MEDDL,LR,locked_test,base_estimator_log_odds,AGE_GROUP,18-34,Unweighted,5,EMPWRKLSW1_A,0.26096879863174516,9.273088317447492,1296,14130183.015999999
MEDDL,LR,locked_test,base_estimator_log_odds,AGE_GROUP,18-34,Unweighted,6,EDUCP_A,0.2353573400044098,8.363028114713957,1296,14130183.015999999
MEDDL,LR,locked_test,base_estimator_log_odds,AGE_GROUP,18-34,Unweighted,7,RATCAT_A,0.2335109882395301,8.297421103183952,1296,14130183.015999999
MEDDL,LR,locked_test,base_estimator_log_odds,AGE_GROUP,18-34,Unweighted,8,HISPALLP_A,0.188315634344944,6.691480046628041,1296,14130183.015999999
MEDDL,LR,locked_test,base_estimator_log_odds,AGE_GROUP,18-34,Unweighted,9,CHRONIC_BURDEN_CAT,0.18082439128809674,6.425291295950474,1296,14130183.015999999
MEDDL,LR,locked_test,base_estimator_log_odds,AGE_GROUP,18-34,Unweighted,10,SEX_A,0.10788010752770907,3.8333385831760824,1296,14130183.015999999
MEDDL,LR,locked_test,base_estimator_log_odds,AGE_GROUP,18-34,Unweighted,11,K6SPD_A,0.07154159320492992,2.5421104577959954,1296,14130183.015999999
MEDDL,LR,locked_test,base_estimator_log_odds,AGE_GROUP,18-34,Unweighted,12,DISAB3_A,0.058408276090398996,2.0754400736634326,1296,14130183.015999999
MEDDL,LR,locked_test,base_estimator_log_odds,AGE_GROUP,18-34,WTFA_A,1,AGEP_A,0.5920889370929882,20.816253259961442,1296,14130183.015999999
MEDDL,LR,locked_test,base_estimator_log_odds,AGE_GROUP,18-34,WTFA_A,2,PHSTAT_A,0.34784760625047556,12.229385509434131,1296,14130183.015999999
MEDDL,LR,locked_test,base_estimator_log_odds,AGE_GROUP,18-34,WTFA_A,3,NOTCOV_A,0.29769339987727494,10.466098617024333,1296,14130183.015999999
MEDDL,LR,locked_test,base_estimator_log_odds,AGE_GROUP,18-34,WTFA_A,4,FDSCAT3_A,0.2733403176747056,9.609909799718787,1296,14130183.015999999
MEDDL,LR,locked_test,base_estimator_log_odds,AGE_GROUP,18-34,WTFA_A,5,EMPWRKLSW1_A,0.2625987754018766,9.23226608718532,1296,14130183.015999999
MEDDL,LR,locked_test,base_estimator_log_odds,AGE_GROUP,18-34,WTFA_A,6,EDUCP_A,0.2357757952164172,8.289242305202782,1296,14130183.015999999
MEDDL,LR,locked_test,base_estimator_log_odds,AGE_GROUP,18-34,WTFA_A,7,RATCAT_A,0.23546084876122875,8.278169635602303,1296,14130183.015999999
MEDDL,LR,locked_test,base_estimator_log_odds,AGE_GROUP,18-34,WTFA_A,8,CHRONIC_BURDEN_CAT,0.18130292228766615,6.374122721564123,1296,14130183.015999999
MEDDL,LR,locked_test,base_estimator_log_odds,AGE_GROUP,18-34,WTFA_A,9,HISPALLP_A,0.18064175392286874,6.350877821572121,1296,14130183.015999999
MEDDL,LR,locked_test,base_estimator_log_odds,AGE_GROUP,18-34,WTFA_A,10,SEX_A,0.1082353964296182,3.8052651934913864,1296,14130183.015999999
MEDDL,LR,locked_test,base_estimator_log_odds,AGE_GROUP,18-34,WTFA_A,11,K6SPD_A,0.06988933511543594,2.4571208965263067,1296,14130183.015999999
MEDDL,LR,locked_test,base_estimator_log_odds,AGE_GROUP,18-34,WTFA_A,12,DISAB3_A,0.059483739174089646,2.091288152716954,1296,14130183.015999999
MEDDL,LR,locked_test,base_estimator_log_odds,AGE_GROUP,35-49,Unweighted,1,PHSTAT_A,0.3339132039783121,13.679248638988364,1424,12578947.664
MEDDL,LR,locked_test,base_estimator_log_odds,AGE_GROUP,35-49,Unweighted,2,FDSCAT3_A,0.26613537557464917,10.902629577812778,1424,12578947.664
MEDDL,LR,locked_test,base_estimator_log_odds,AGE_GROUP,35-49,Unweighted,3,EMPWRKLSW1_A,0.2592937249717423,10.622351234269567,1424,12578947.664
MEDDL,LR,locked_test,base_estimator_log_odds,AGE_GROUP,35-49,Unweighted,4,AGEP_A,0.25401012063550327,10.40590056216573,1424,12578947.664
MEDDL,LR,locked_test,base_estimator_log_odds,AGE_GROUP,35-49,Unweighted,5,RATCAT_A,0.24981601002718012,10.234082613228326,1424,12578947.664
MEDDL,LR,locked_test,base_estimator_log_odds,AGE_GROUP,35-49,Unweighted,6,EDUCP_A,0.2410259830065977,9.873986145866755,1424,12578947.664
MEDDL,LR,locked_test,base_estimator_log_odds,AGE_GROUP,35-49,Unweighted,7,NOTCOV_A,0.2364934434357894,9.68830395355918,1424,12578947.664
MEDDL,LR,locked_test,base_estimator_log_odds,AGE_GROUP,35-49,Unweighted,8,HISPALLP_A,0.20025456312313422,8.203724582964576,1424,12578947.664
MEDDL,LR,locked_test,base_estimator_log_odds,AGE_GROUP,35-49,Unweighted,9,CHRONIC_BURDEN_CAT,0.1683839301812067,6.89809693152592,1424,12578947.664
MEDDL,LR,locked_test,base_estimator_log_odds,AGE_GROUP,35-49,Unweighted,10,SEX_A,0.10723999742859389,4.393245224784489,1424,12578947.664
MEDDL,LR,locked_test,base_estimator_log_odds,AGE_GROUP,35-49,Unweighted,11,K6SPD_A,0.06455416550041354,2.6445569388742007,1424,12578947.664
MEDDL,LR,locked_test,base_estimator_log_odds,AGE_GROUP,35-49,Unweighted,12,DISAB3_A,0.05989954683983438,2.4538735959601152,1424,12578947.664
MEDDL,LR,locked_test,base_estimator_log_odds,AGE_GROUP,35-49,WTFA_A,1,PHSTAT_A,0.33557578998494964,13.557505120185118,1424,12578947.664
MEDDL,LR,locked_test,base_estimator_log_odds,AGE_GROUP,35-49,WTFA_A,2,FDSCAT3_A,0.2721259708858988,10.994086444038125,1424,12578947.664
MEDDL,LR,locked_test,base_estimator_log_odds,AGE_GROUP,35-49,WTFA_A,3,EMPWRKLSW1_A,0.25967974279025297,10.4912498087097,1424,12578947.664
MEDDL,LR,locked_test,base_estimator_log_odds,AGE_GROUP,35-49,WTFA_A,4,NOTCOV_A,0.25443142169077715,10.279213832628974,1424,12578947.664
MEDDL,LR,locked_test,base_estimator_log_odds,AGE_GROUP,35-49,WTFA_A,5,EDUCP_A,0.25273055185449644,10.210497458556882,1424,12578947.664
MEDDL,LR,locked_test,base_estimator_log_odds,AGE_GROUP,35-49,WTFA_A,6,AGEP_A,0.25216842096514397,10.18778696322898,1424,12578947.664
MEDDL,LR,locked_test,base_estimator_log_odds,AGE_GROUP,35-49,WTFA_A,7,RATCAT_A,0.24968761651782181,10.087560665621941,1424,12578947.664
MEDDL,LR,locked_test,base_estimator_log_odds,AGE_GROUP,35-49,WTFA_A,8,HISPALLP_A,0.1982832848343507,8.010788410896385,1424,12578947.664
MEDDL,LR,locked_test,base_estimator_log_odds,AGE_GROUP,35-49,WTFA_A,9,CHRONIC_BURDEN_CAT,0.1686312731174032,6.812825647568511,1424,12578947.664
MEDDL,LR,locked_test,base_estimator_log_odds,AGE_GROUP,35-49,WTFA_A,10,SEX_A,0.10790329569263939,4.359371347686964,1424,12578947.664
MEDDL,LR,locked_test,base_estimator_log_odds,AGE_GROUP,35-49,WTFA_A,11,K6SPD_A,0.06473670424717075,2.6154097687866282,1424,12578947.664
MEDDL,LR,locked_test,base_estimator_log_odds,AGE_GROUP,35-49,WTFA_A,12,DISAB3_A,0.05924904930711078,2.393704532091785,1424,12578947.664
MEDDL,LR,locked_test,base_estimator_log_odds,AGE_GROUP,50-64,Unweighted,1,PHSTAT_A,0.3270009074370918,14.650823008749509,1524,11722892.652
MEDDL,LR,locked_test,base_estimator_log_odds,AGE_GROUP,50-64,Unweighted,2,EMPWRKLSW1_A,0.26920582085785416,12.061394157055384,1524,11722892.652
MEDDL,LR,locked_test,base_estimator_log_odds,AGE_GROUP,50-64,Unweighted,3,FDSCAT3_A,0.2536202345645308,11.363103537433783,1524,11722892.652
MEDDL,LR,locked_test,base_estimator_log_odds,AGE_GROUP,50-64,Unweighted,4,RATCAT_A,0.24514901057680258,10.983562072902663,1524,11722892.652
MEDDL,LR,locked_test,base_estimator_log_odds,AGE_GROUP,50-64,Unweighted,5,EDUCP_A,0.2451371300580006,10.983029782703273,1524,11722892.652
MEDDL,LR,locked_test,base_estimator_log_odds,AGE_GROUP,50-64,Unweighted,6,NOTCOV_A,0.20818844889135127,9.32759526901332,1524,11722892.652
MEDDL,LR,locked_test,base_estimator_log_odds,AGE_GROUP,50-64,Unweighted,7,HISPALLP_A,0.17650570670445573,7.908093861968,1524,11722892.652
MEDDL,LR,locked_test,base_estimator_log_odds,AGE_GROUP,50-64,Unweighted,8,CHRONIC_BURDEN_CAT,0.1517941346006454,6.800926080696548,1524,11722892.652
MEDDL,LR,locked_test,base_estimator_log_odds,AGE_GROUP,50-64,Unweighted,9,AGEP_A,0.11240962030148492,5.036357435291274,1524,11722892.652
MEDDL,LR,locked_test,base_estimator_log_odds,AGE_GROUP,50-64,Unweighted,10,SEX_A,0.10728652569605059,4.806824273106587,1524,11722892.652
MEDDL,LR,locked_test,base_estimator_log_odds,AGE_GROUP,50-64,Unweighted,11,DISAB3_A,0.07525342892035418,3.371625713686203,1524,11722892.652
MEDDL,LR,locked_test,base_estimator_log_odds,AGE_GROUP,50-64,Unweighted,12,K6SPD_A,0.06041174940255074,2.7066648073934507,1524,11722892.652
MEDDL,LR,locked_test,base_estimator_log_odds,AGE_GROUP,50-64,WTFA_A,1,PHSTAT_A,0.3251944278620957,14.489695996098922,1524,11722892.652
MEDDL,LR,locked_test,base_estimator_log_odds,AGE_GROUP,50-64,WTFA_A,2,EMPWRKLSW1_A,0.26777120346814526,11.93108799640418,1524,11722892.652
MEDDL,LR,locked_test,base_estimator_log_odds,AGE_GROUP,50-64,WTFA_A,3,EDUCP_A,0.25617438568147494,11.414368305492799,1524,11722892.652
MEDDL,LR,locked_test,base_estimator_log_odds,AGE_GROUP,50-64,WTFA_A,4,RATCAT_A,0.2486778381823391,11.08034445706186,1524,11722892.652
MEDDL,LR,locked_test,base_estimator_log_odds,AGE_GROUP,50-64,WTFA_A,5,FDSCAT3_A,0.24395704983243321,10.87000017625189,1524,11722892.652
MEDDL,LR,locked_test,base_estimator_log_odds,AGE_GROUP,50-64,WTFA_A,6,NOTCOV_A,0.2299138203325248,10.244275659399435,1524,11722892.652
MEDDL,LR,locked_test,base_estimator_log_odds,AGE_GROUP,50-64,WTFA_A,7,HISPALLP_A,0.1829205125637572,8.1503937073098,1524,11722892.652
MEDDL,LR,locked_test,base_estimator_log_odds,AGE_GROUP,50-64,WTFA_A,8,CHRONIC_BURDEN_CAT,0.153411573790093,6.835563207879437,1524,11722892.652
MEDDL,LR,locked_test,base_estimator_log_odds,AGE_GROUP,50-64,WTFA_A,9,SEX_A,0.10759575229939027,4.794146540391707,1524,11722892.652
MEDDL,LR,locked_test,base_estimator_log_odds,AGE_GROUP,50-64,WTFA_A,10,AGEP_A,0.10572608466440793,4.710839714310026,1524,11722892.652
MEDDL,LR,locked_test,base_estimator_log_odds,AGE_GROUP,50-64,WTFA_A,11,DISAB3_A,0.07067046557279384,3.148865645652452,1524,11722892.652
MEDDL,LR,locked_test,base_estimator_log_odds,AGE_GROUP,50-64,WTFA_A,12,K6SPD_A,0.05230193521499288,2.3304185937474995,1524,11722892.652
MEDDL,LR,locked_test,base_estimator_log_odds,AGE_GROUP,65+,Unweighted,1,AGEP_A,0.45941717573547486,18.8126507232999,2161,11750131.791
MEDDL,LR,locked_test,base_estimator_log_odds,AGE_GROUP,65+,Unweighted,2,PHSTAT_A,0.3225198850203797,13.206850480707299,2161,11750131.791
MEDDL,LR,locked_test,base_estimator_log_odds,AGE_GROUP,65+,Unweighted,3,EMPWRKLSW1_A,0.29935902409013077,12.25843755636645,2161,11750131.791
MEDDL,LR,locked_test,base_estimator_log_odds,AGE_GROUP,65+,Unweighted,4,EDUCP_A,0.24874593911615825,10.18588489631465,2161,11750131.791
MEDDL,LR,locked_test,base_estimator_log_odds,AGE_GROUP,65+,Unweighted,5,RATCAT_A,0.23858143473560522,9.769659119860664,2161,11750131.791
MEDDL,LR,locked_test,base_estimator_log_odds,AGE_GROUP,65+,Unweighted,6,FDSCAT3_A,0.207778407845448,8.508307527645483,2161,11750131.791
MEDDL,LR,locked_test,base_estimator_log_odds,AGE_GROUP,65+,Unweighted,7,HISPALLP_A,0.16606638044940905,6.800243824745914,2161,11750131.791
MEDDL,LR,locked_test,base_estimator_log_odds,AGE_GROUP,65+,Unweighted,8,CHRONIC_BURDEN_CAT,0.1469146592052841,6.016000958904135,2161,11750131.791
MEDDL,LR,locked_test,base_estimator_log_odds,AGE_GROUP,65+,Unweighted,9,SEX_A,0.10673152079433512,4.370543653828401,2161,11750131.791
MEDDL,LR,locked_test,base_estimator_log_odds,AGE_GROUP,65+,Unweighted,10,NOTCOV_A,0.10216981869101141,4.183746744818225,2161,11750131.791
MEDDL,LR,locked_test,base_estimator_log_odds,AGE_GROUP,65+,Unweighted,11,DISAB3_A,0.09426009293757079,3.85985178447341,2161,11750131.791
MEDDL,LR,locked_test,base_estimator_log_odds,AGE_GROUP,65+,Unweighted,12,K6SPD_A,0.049520750944036386,2.0278227290354733,2161,11750131.791
MEDDL,LR,locked_test,base_estimator_log_odds,AGE_GROUP,65+,WTFA_A,1,AGEP_A,0.4566543764695867,18.513067919879962,2161,11750131.791
MEDDL,LR,locked_test,base_estimator_log_odds,AGE_GROUP,65+,WTFA_A,2,PHSTAT_A,0.3279796071756211,13.296508381064893,2161,11750131.791
MEDDL,LR,locked_test,base_estimator_log_odds,AGE_GROUP,65+,WTFA_A,3,EMPWRKLSW1_A,0.2991988830343823,12.129718948476224,2161,11750131.791
MEDDL,LR,locked_test,base_estimator_log_odds,AGE_GROUP,65+,WTFA_A,4,EDUCP_A,0.2530171563716172,10.257481461178118,2161,11750131.791
MEDDL,LR,locked_test,base_estimator_log_odds,AGE_GROUP,65+,WTFA_A,5,RATCAT_A,0.24062294231330728,9.755011894480985,2161,11750131.791
MEDDL,LR,locked_test,base_estimator_log_odds,AGE_GROUP,65+,WTFA_A,6,FDSCAT3_A,0.20804507684686008,8.434283862204662,2161,11750131.791
MEDDL,LR,locked_test,base_estimator_log_odds,AGE_GROUP,65+,WTFA_A,7,HISPALLP_A,0.17753379507667127,7.197336488348231,2161,11750131.791
MEDDL,LR,locked_test,base_estimator_log_odds,AGE_GROUP,65+,WTFA_A,8,CHRONIC_BURDEN_CAT,0.14683353078053588,5.95272763894531,2161,11750131.791
MEDDL,LR,locked_test,base_estimator_log_odds,AGE_GROUP,65+,WTFA_A,9,SEX_A,0.1072907344878118,4.349636743006129,2161,11750131.791
MEDDL,LR,locked_test,base_estimator_log_odds,AGE_GROUP,65+,WTFA_A,10,NOTCOV_A,0.1069222620077157,4.334698626999526,2161,11750131.791
MEDDL,LR,locked_test,base_estimator_log_odds,AGE_GROUP,65+,WTFA_A,11,DISAB3_A,0.0956290507320929,3.8768644352076866,2161,11750131.791
MEDDL,LR,locked_test,base_estimator_log_odds,AGE_GROUP,65+,WTFA_A,12,K6SPD_A,0.04693223531316881,1.9026636002082629,2161,11750131.791
MEDDL,RF,locked_test,base_estimator_positive_class_probability,HISPALLP_A,code_1,Unweighted,1,NOTCOV_A,0.039021957717823096,28.212529866761127,935,9079677.384
MEDDL,RF,locked_test,base_estimator_positive_class_probability,HISPALLP_A,code_1,Unweighted,2,FDSCAT3_A,0.027295874118140915,19.734675265809887,935,9079677.384
MEDDL,RF,locked_test,base_estimator_positive_class_probability,HISPALLP_A,code_1,Unweighted,3,AGEP_A,0.012346542010728804,8.926440537600463,935,9079677.384
MEDDL,RF,locked_test,base_estimator_positive_class_probability,HISPALLP_A,code_1,Unweighted,4,EMPWRKLSW1_A,0.011700269122291754,8.459190962400898,935,9079677.384
MEDDL,RF,locked_test,base_estimator_positive_class_probability,HISPALLP_A,code_1,Unweighted,5,PHSTAT_A,0.010581548402046014,7.650365788617225,935,9079677.384
MEDDL,RF,locked_test,base_estimator_positive_class_probability,HISPALLP_A,code_1,Unweighted,6,K6SPD_A,0.008756662208451938,6.330989231128477,935,9079677.384
MEDDL,RF,locked_test,base_estimator_positive_class_probability,HISPALLP_A,code_1,Unweighted,7,RATCAT_A,0.006585802996646223,4.761477245274709,935,9079677.384
MEDDL,RF,locked_test,base_estimator_positive_class_probability,HISPALLP_A,code_1,Unweighted,8,CHRONIC_BURDEN_CAT,0.006183557826168929,4.470657549145836,935,9079677.384
MEDDL,RF,locked_test,base_estimator_positive_class_probability,HISPALLP_A,code_1,Unweighted,9,DISAB3_A,0.006019282605257767,4.351888019184295,935,9079677.384
MEDDL,RF,locked_test,base_estimator_positive_class_probability,HISPALLP_A,code_1,Unweighted,10,EDUCP_A,0.004181421710875628,3.023130867924664,935,9079677.384
MEDDL,RF,locked_test,base_estimator_positive_class_probability,HISPALLP_A,code_1,Unweighted,11,SEX_A,0.0033326642834282257,2.409486764144649,935,9079677.384
MEDDL,RF,locked_test,base_estimator_positive_class_probability,HISPALLP_A,code_1,Unweighted,12,HISPALLP_A,0.0023086975752866835,1.6691679020077665,935,9079677.384
MEDDL,RF,locked_test,base_estimator_positive_class_probability,HISPALLP_A,code_1,WTFA_A,1,NOTCOV_A,0.044098337038542886,30.97572211260118,935,9079677.384
MEDDL,RF,locked_test,base_estimator_positive_class_probability,HISPALLP_A,code_1,WTFA_A,2,FDSCAT3_A,0.026737721070470174,18.781212023465724,935,9079677.384
MEDDL,RF,locked_test,base_estimator_positive_class_probability,HISPALLP_A,code_1,WTFA_A,3,AGEP_A,0.011792001034274847,8.282982346249321,935,9079677.384
MEDDL,RF,locked_test,base_estimator_positive_class_probability,HISPALLP_A,code_1,WTFA_A,4,EMPWRKLSW1_A,0.01126711438012286,7.914289460496863,935,9079677.384
MEDDL,RF,locked_test,base_estimator_positive_class_probability,HISPALLP_A,code_1,WTFA_A,5,PHSTAT_A,0.010948502888482885,7.69048916121811,935,9079677.384
MEDDL,RF,locked_test,base_estimator_positive_class_probability,HISPALLP_A,code_1,WTFA_A,6,K6SPD_A,0.008260324869746661,5.802248903432474,935,9079677.384
MEDDL,RF,locked_test,base_estimator_positive_class_probability,HISPALLP_A,code_1,WTFA_A,7,CHRONIC_BURDEN_CAT,0.006696140838161312,4.703528789496928,935,9079677.384
MEDDL,RF,locked_test,base_estimator_positive_class_probability,HISPALLP_A,code_1,WTFA_A,8,RATCAT_A,0.0064387000968817824,4.52269628201786,935,9079677.384
MEDDL,RF,locked_test,base_estimator_positive_class_probability,HISPALLP_A,code_1,WTFA_A,9,DISAB3_A,0.005986464389725247,4.205035151575844,935,9079677.384
MEDDL,RF,locked_test,base_estimator_positive_class_probability,HISPALLP_A,code_1,WTFA_A,10,EDUCP_A,0.004439074890135448,3.1181119168661673,935,9079677.384
MEDDL,RF,locked_test,base_estimator_positive_class_probability,HISPALLP_A,code_1,WTFA_A,11,SEX_A,0.0033237531480816212,2.3346833644968115,935,9079677.384
MEDDL,RF,locked_test,base_estimator_positive_class_probability,HISPALLP_A,code_1,WTFA_A,12,HISPALLP_A,0.002376059088256876,1.669000488082746,935,9079677.384
MEDDL,RF,locked_test,base_estimator_positive_class_probability,HISPALLP_A,code_2,Unweighted,1,FDSCAT3_A,0.019662839180158025,18.68030441358859,4243,30287641.996999998
MEDDL,RF,locked_test,base_estimator_positive_class_probability,HISPALLP_A,code_2,Unweighted,2,NOTCOV_A,0.017613703058482703,16.733561820260437,4243,30287641.996999998
MEDDL,RF,locked_test,base_estimator_positive_class_probability,HISPALLP_A,code_2,Unweighted,3,AGEP_A,0.015115534687427871,14.360224723815346,4243,30287641.996999998
MEDDL,RF,locked_test,base_estimator_positive_class_probability,HISPALLP_A,code_2,Unweighted,4,EMPWRKLSW1_A,0.011599232508600241,11.019629069808829,4243,30287641.996999998
MEDDL,RF,locked_test,base_estimator_positive_class_probability,HISPALLP_A,code_2,Unweighted,5,K6SPD_A,0.00869591935685605,8.261391920756331,4243,30287641.996999998
MEDDL,RF,locked_test,base_estimator_positive_class_probability,HISPALLP_A,code_2,Unweighted,6,PHSTAT_A,0.007935263240209184,7.5387451207275555,4243,30287641.996999998
MEDDL,RF,locked_test,base_estimator_positive_class_probability,HISPALLP_A,code_2,Unweighted,7,RATCAT_A,0.007662359815916508,7.279478440336746,4243,30287641.996999998
MEDDL,RF,locked_test,base_estimator_positive_class_probability,HISPALLP_A,code_2,Unweighted,8,DISAB3_A,0.005681614483102646,5.397709208348326,4243,30287641.996999998
MEDDL,RF,locked_test,base_estimator_positive_class_probability,HISPALLP_A,code_2,Unweighted,9,CHRONIC_BURDEN_CAT,0.003657035592177856,3.4742967425654117,4243,30287641.996999998
MEDDL,RF,locked_test,base_estimator_positive_class_probability,HISPALLP_A,code_2,Unweighted,10,SEX_A,0.0029889329342829645,2.8395785864204806,4243,30287641.996999998
MEDDL,RF,locked_test,base_estimator_positive_class_probability,HISPALLP_A,code_2,Unweighted,11,EDUCP_A,0.002723196866196806,2.5871211157552674,4243,30287641.996999998
MEDDL,RF,locked_test,base_estimator_positive_class_probability,HISPALLP_A,code_2,Unweighted,12,HISPALLP_A,0.001924104653554771,1.8279588376166882,4243,30287641.996999998
MEDDL,RF,locked_test,base_estimator_positive_class_probability,HISPALLP_A,code_2,WTFA_A,1,FDSCAT3_A,0.02029235767915693,19.001255710918496,4243,30287641.996999998
MEDDL,RF,locked_test,base_estimator_positive_class_probability,HISPALLP_A,code_2,WTFA_A,2,NOTCOV_A,0.018258510255130964,17.09681190049795,4243,30287641.996999998
MEDDL,RF,locked_test,base_estimator_positive_class_probability,HISPALLP_A,code_2,WTFA_A,3,AGEP_A,0.014122273622965784,13.22374346895904,4243,30287641.996999998
MEDDL,RF,locked_test,base_estimator_positive_class_probability,HISPALLP_A,code_2,WTFA_A,4,EMPWRKLSW1_A,0.011295354098955912,10.576686798699754,4243,30287641.996999998
MEDDL,RF,locked_test,base_estimator_positive_class_probability,HISPALLP_A,code_2,WTFA_A,5,K6SPD_A,0.00890766950154641,8.340918717448176,4243,30287641.996999998
MEDDL,RF,locked_test,base_estimator_positive_class_probability,HISPALLP_A,code_2,WTFA_A,6,PHSTAT_A,0.00842863645940567,7.892364169395602,4243,30287641.996999998
MEDDL,RF,locked_test,base_estimator_positive_class_probability,HISPALLP_A,code_2,WTFA_A,7,RATCAT_A,0.008007107260153287,7.497654780213083,4243,30287641.996999998
MEDDL,RF,locked_test,base_estimator_positive_class_probability,HISPALLP_A,code_2,WTFA_A,8,DISAB3_A,0.005658433693805552,5.298415651805293,4243,30287641.996999998
MEDDL,RF,locked_test,base_estimator_positive_class_probability,HISPALLP_A,code_2,WTFA_A,9,CHRONIC_BURDEN_CAT,0.0037904681502235345,3.549299481374109,4243,30287641.996999998
MEDDL,RF,locked_test,base_estimator_positive_class_probability,HISPALLP_A,code_2,WTFA_A,10,SEX_A,0.0031904791069112997,2.9874847619620284,4243,30287641.996999998
MEDDL,RF,locked_test,base_estimator_positive_class_probability,HISPALLP_A,code_2,WTFA_A,11,EDUCP_A,0.002808575439998618,2.6298797292358955,4243,30287641.996999998
MEDDL,RF,locked_test,base_estimator_positive_class_probability,HISPALLP_A,code_2,WTFA_A,12,HISPALLP_A,0.0020349591785142496,1.905484829490565,4243,30287641.996999998
MEDDL,RF,locked_test,base_estimator_positive_class_probability,HISPALLP_A,code_3,Unweighted,1,FDSCAT3_A,0.026371118854757052,22.101516671610387,671,6134871.62
MEDDL,RF,locked_test,base_estimator_positive_class_probability,HISPALLP_A,code_3,Unweighted,2,NOTCOV_A,0.02105895368235504,17.649414818563212,671,6134871.62
MEDDL,RF,locked_test,base_estimator_positive_class_probability,HISPALLP_A,code_3,Unweighted,3,AGEP_A,0.014100969752311282,11.817959631635537,671,6134871.62
MEDDL,RF,locked_test,base_estimator_positive_class_probability,HISPALLP_A,code_3,Unweighted,4,EMPWRKLSW1_A,0.012884344039058929,10.798311067133834,671,6134871.62
MEDDL,RF,locked_test,base_estimator_positive_class_probability,HISPALLP_A,code_3,Unweighted,5,K6SPD_A,0.00897521328341702,7.52208607860858,671,6134871.62
MEDDL,RF,locked_test,base_estimator_positive_class_probability,HISPALLP_A,code_3,Unweighted,6,PHSTAT_A,0.008893341831176252,7.453469980952872,671,6134871.62
MEDDL,RF,locked_test,base_estimator_positive_class_probability,HISPALLP_A,code_3,Unweighted,7,RATCAT_A,0.006588502129008844,5.521794143328964,671,6134871.62
MEDDL,RF,locked_test,base_estimator_positive_class_probability,HISPALLP_A,code_3,Unweighted,8,DISAB3_A,0.005723210324548818,4.796596955169792,671,6134871.62
MEDDL,RF,locked_test,base_estimator_positive_class_probability,HISPALLP_A,code_3,Unweighted,9,CHRONIC_BURDEN_CAT,0.004251306855844215,3.563001246480032,671,6134871.62
MEDDL,RF,locked_test,base_estimator_positive_class_probability,HISPALLP_A,code_3,Unweighted,10,HISPALLP_A,0.004045364874658775,3.3904021938716364,671,6134871.62
MEDDL,RF,locked_test,base_estimator_positive_class_probability,HISPALLP_A,code_3,Unweighted,11,EDUCP_A,0.003550801771082409,2.9759110704931273,671,6134871.62
MEDDL,RF,locked_test,base_estimator_positive_class_probability,HISPALLP_A,code_3,Unweighted,12,SEX_A,0.0028750137347426526,2.409536142152015,671,6134871.62
MEDDL,RF,locked_test,base_estimator_positive_class_probability,HISPALLP_A,code_3,WTFA_A,1,FDSCAT3_A,0.027290189950059787,22.18309964653456,671,6134871.62
MEDDL,RF,locked_test,base_estimator_positive_class_probability,HISPALLP_A,code_3,WTFA_A,2,NOTCOV_A,0.022979543949772953,18.679148595248858,671,6134871.62
MEDDL,RF,locked_test,base_estimator_positive_class_probability,HISPALLP_A,code_3,WTFA_A,3,AGEP_A,0.01344158831159204,10.926127427819065,671,6134871.62
MEDDL,RF,locked_test,base_estimator_positive_class_probability,HISPALLP_A,code_3,WTFA_A,4,EMPWRKLSW1_A,0.012604251416529112,10.245489886823858,671,6134871.62
MEDDL,RF,locked_test,base_estimator_positive_class_probability,HISPALLP_A,code_3,WTFA_A,5,PHSTAT_A,0.00980757969667004,7.972187738549766,671,6134871.62
MEDDL,RF,locked_test,base_estimator_positive_class_probability,HISPALLP_A,code_3,WTFA_A,6,K6SPD_A,0.008901282310461054,7.235494983224195,671,6134871.62
MEDDL,RF,locked_test,base_estimator_positive_class_probability,HISPALLP_A,code_3,WTFA_A,7,RATCAT_A,0.006825307298507291,5.5480182511765594,671,6134871.62
MEDDL,RF,locked_test,base_estimator_positive_class_probability,HISPALLP_A,code_3,WTFA_A,8,DISAB3_A,0.0059931509863658744,4.8715917980259364,671,6134871.62
MEDDL,RF,locked_test,base_estimator_positive_class_probability,HISPALLP_A,code_3,WTFA_A,9,CHRONIC_BURDEN_CAT,0.0045024734392975115,3.6598798741447767,671,6134871.62
MEDDL,RF,locked_test,base_estimator_positive_class_probability,HISPALLP_A,code_3,WTFA_A,10,HISPALLP_A,0.004076041781222809,3.3132507015073274,671,6134871.62
MEDDL,RF,locked_test,base_estimator_positive_class_probability,HISPALLP_A,code_3,WTFA_A,11,EDUCP_A,0.0035642676616905386,2.8972500686470575,671,6134871.62
MEDDL,RF,locked_test,base_estimator_positive_class_probability,HISPALLP_A,code_3,WTFA_A,12,SEX_A,0.003036760931518291,2.468461028298038,671,6134871.62
MEDDL,RF,locked_test,base_estimator_positive_class_probability,HISPALLP_A,code_4,Unweighted,1,NOTCOV_A,0.017768202287856017,17.71935034452945,384,3311289.384
MEDDL,RF,locked_test,base_estimator_positive_class_probability,HISPALLP_A,code_4,Unweighted,2,FDSCAT3_A,0.01521022324741486,15.168404218566062,384,3311289.384
MEDDL,RF,locked_test,base_estimator_positive_class_probability,HISPALLP_A,code_4,Unweighted,3,AGEP_A,0.011401919144870112,11.370570677599453,384,3311289.384
MEDDL,RF,locked_test,base_estimator_positive_class_probability,HISPALLP_A,code_4,Unweighted,4,EMPWRKLSW1_A,0.009820007348484018,9.79300819377592,384,3311289.384
MEDDL,RF,locked_test,base_estimator_positive_class_probability,HISPALLP_A,code_4,Unweighted,5,HISPALLP_A,0.009346842826664146,9.321144591769409,384,3311289.384
MEDDL,RF,locked_test,base_estimator_positive_class_probability,HISPALLP_A,code_4,Unweighted,6,PHSTAT_A,0.009282738021468298,9.257216036497985,384,3311289.384
MEDDL,RF,locked_test,base_estimator_positive_class_probability,HISPALLP_A,code_4,Unweighted,7,RATCAT_A,0.007368719618738168,7.348460041130252,384,3311289.384
MEDDL,RF,locked_test,base_estimator_positive_class_probability,HISPALLP_A,code_4,Unweighted,8,K6SPD_A,0.006598597882922187,6.580455680093281,384,3311289.384
MEDDL,RF,locked_test,base_estimator_positive_class_probability,HISPALLP_A,code_4,Unweighted,9,DISAB3_A,0.004441977564736506,4.429764779631133,384,3311289.384
MEDDL,RF,locked_test,base_estimator_positive_class_probability,HISPALLP_A,code_4,Unweighted,10,CHRONIC_BURDEN_CAT,0.003568567310336935,3.5587558817423397,384,3311289.384
MEDDL,RF,locked_test,base_estimator_positive_class_probability,HISPALLP_A,code_4,Unweighted,11,SEX_A,0.002979296935935469,2.971105648898693,384,3311289.384
MEDDL,RF,locked_test,base_estimator_positive_class_probability,HISPALLP_A,code_4,Unweighted,12,EDUCP_A,0.002488606086055762,2.481763905766018,384,3311289.384
MEDDL,RF,locked_test,base_estimator_positive_class_probability,HISPALLP_A,code_4,WTFA_A,1,NOTCOV_A,0.01963124190435429,19.0712661032628,384,3311289.384
MEDDL,RF,locked_test,base_estimator_positive_class_probability,HISPALLP_A,code_4,WTFA_A,2,FDSCAT3_A,0.014965567436851093,14.5386787226745,384,3311289.384
MEDDL,RF,locked_test,base_estimator_positive_class_probability,HISPALLP_A,code_4,WTFA_A,3,AGEP_A,0.011365870726147089,11.041662375193763,384,3311289.384
MEDDL,RF,locked_test,base_estimator_positive_class_probability,HISPALLP_A,code_4,WTFA_A,4,EMPWRKLSW1_A,0.00985597797518798,9.57483890160895,384,3311289.384
MEDDL,RF,locked_test,base_estimator_positive_class_probability,HISPALLP_A,code_4,WTFA_A,5,PHSTAT_A,0.009763474799838566,9.484974354012797,384,3311289.384
MEDDL,RF,locked_test,base_estimator_positive_class_probability,HISPALLP_A,code_4,WTFA_A,6,HISPALLP_A,0.009525399774674747,9.253690353766581,384,3311289.384
MEDDL,RF,locked_test,base_estimator_positive_class_probability,HISPALLP_A,code_4,WTFA_A,7,RATCAT_A,0.007020210376853801,6.819960797700198,384,3311289.384
MEDDL,RF,locked_test,base_estimator_positive_class_probability,HISPALLP_A,code_4,WTFA_A,8,K6SPD_A,0.006863327267273941,6.667552735872933,384,3311289.384
MEDDL,RF,locked_test,base_estimator_positive_class_probability,HISPALLP_A,code_4,WTFA_A,9,DISAB3_A,0.004489821725173632,4.361750789592403,384,3311289.384
MEDDL,RF,locked_test,base_estimator_positive_class_probability,HISPALLP_A,code_4,WTFA_A,10,CHRONIC_BURDEN_CAT,0.003804533355571203,3.696010083128987,384,3311289.384
MEDDL,RF,locked_test,base_estimator_positive_class_probability,HISPALLP_A,code_4,WTFA_A,11,SEX_A,0.0029682668562489756,2.8835978567644007,384,3311289.384
MEDDL,RF,locked_test,base_estimator_positive_class_probability,HISPALLP_A,code_4,WTFA_A,12,EDUCP_A,0.0026825355176955824,2.606016926421702,384,3311289.384
MEDDL,RF,locked_test,base_estimator_positive_class_probability,RATCAT_A,code_1,Unweighted,1,NOTCOV_A,0.038262308346098374,23.13590686533525,188,1438230.0329999998
MEDDL,RF,locked_test,base_estimator_positive_class_probability,RATCAT_A,code_1,Unweighted,2,FDSCAT3_A,0.03659075816869802,22.125177745825326,188,1438230.0329999998
MEDDL,RF,locked_test,base_estimator_positive_class_probability,RATCAT_A,code_1,Unweighted,3,K6SPD_A,0.016729025779395054,10.115468697782923,188,1438230.0329999998
MEDDL,RF,locked_test,base_estimator_positive_class_probability,RATCAT_A,code_1,Unweighted,4,EMPWRKLSW1_A,0.014711630985153325,8.895619188234235,188,1438230.0329999998
MEDDL,RF,locked_test,base_estimator_positive_class_probability,RATCAT_A,code_1,Unweighted,5,AGEP_A,0.01350324657951792,8.164950541339724,188,1438230.0329999998
MEDDL,RF,locked_test,base_estimator_positive_class_probability,RATCAT_A,code_1,Unweighted,6,PHSTAT_A,0.01198006081125246,7.243932296584837,188,1438230.0329999998
MEDDL,RF,locked_test,base_estimator_positive_class_probability,RATCAT_A,code_1,Unweighted,7,DISAB3_A,0.00918484302579288,5.5537598750007655,188,1438230.0329999998
MEDDL,RF,locked_test,base_estimator_positive_class_probability,RATCAT_A,code_1,Unweighted,8,CHRONIC_BURDEN_CAT,0.0068844602054325245,4.162797202151431,188,1438230.0329999998
MEDDL,RF,locked_test,base_estimator_positive_class_probability,RATCAT_A,code_1,Unweighted,9,EDUCP_A,0.0054052825520428975,3.2683891566003265,188,1438230.0329999998
MEDDL,RF,locked_test,base_estimator_positive_class_probability,RATCAT_A,code_1,Unweighted,10,RATCAT_A,0.004850131154632024,2.932708127884547,188,1438230.0329999998
MEDDL,RF,locked_test,base_estimator_positive_class_probability,RATCAT_A,code_1,Unweighted,11,HISPALLP_A,0.0040969369409300715,2.4772773937507364,188,1438230.0329999998
MEDDL,RF,locked_test,base_estimator_positive_class_probability,RATCAT_A,code_1,Unweighted,12,SEX_A,0.003181944655726596,1.9240129095099026,188,1438230.0329999998
MEDDL,RF,locked_test,base_estimator_positive_class_probability,RATCAT_A,code_1,WTFA_A,1,FDSCAT3_A,0.04123975569035156,24.171313385820262,188,1438230.0329999998
MEDDL,RF,locked_test,base_estimator_positive_class_probability,RATCAT_A,code_1,WTFA_A,2,NOTCOV_A,0.040827424240780355,23.92963899857973,188,1438230.0329999998
MEDDL,RF,locked_test,base_estimator_positive_class_probability,RATCAT_A,code_1,WTFA_A,3,K6SPD_A,0.01618614680084958,9.486972468262264,188,1438230.0329999998
MEDDL,RF,locked_test,base_estimator_positive_class_probability,RATCAT_A,code_1,WTFA_A,4,EMPWRKLSW1_A,0.014347254380546433,8.40916673857517,188,1438230.0329999998
MEDDL,RF,locked_test,base_estimator_positive_class_probability,RATCAT_A,code_1,WTFA_A,5,AGEP_A,0.012784040021597956,7.492940550353644,188,1438230.0329999998
MEDDL,RF,locked_test,base_estimator_positive_class_probability,RATCAT_A,code_1,WTFA_A,6,PHSTAT_A,0.012062038376095659,7.069763260712306,188,1438230.0329999998
MEDDL,RF,locked_test,base_estimator_positive_class_probability,RATCAT_A,code_1,WTFA_A,7,DISAB3_A,0.007721678208081076,4.5258052747304145,188,1438230.0329999998
MEDDL,RF,locked_test,base_estimator_positive_class_probability,RATCAT_A,code_1,WTFA_A,8,CHRONIC_BURDEN_CAT,0.007490857994020294,4.390517670901312,188,1438230.0329999998
MEDDL,RF,locked_test,base_estimator_positive_class_probability,RATCAT_A,code_1,WTFA_A,9,EDUCP_A,0.0056899155063205205,3.3349550340398504,188,1438230.0329999998
MEDDL,RF,locked_test,base_estimator_positive_class_probability,RATCAT_A,code_1,WTFA_A,10,HISPALLP_A,0.004464210830077932,2.616548938950968,188,1438230.0329999998
MEDDL,RF,locked_test,base_estimator_positive_class_probability,RATCAT_A,code_1,WTFA_A,11,RATCAT_A,0.004404464620184541,2.5815306819614867,188,1438230.0329999998
MEDDL,RF,locked_test,base_estimator_positive_class_probability,RATCAT_A,code_1,WTFA_A,12,SEX_A,0.0033966728438496107,1.990846997112615,188,1438230.0329999998
MEDDL,RF,locked_test,base_estimator_positive_class_probability,RATCAT_A,code_10,Unweighted,1,NOTCOV_A,0.02111714933835803,18.929211031427567,470,3697012.5979999998
MEDDL,RF,locked_test,base_estimator_positive_class_probability,RATCAT_A,code_10,Unweighted,2,FDSCAT3_A,0.019531065237780566,17.507460388271994,470,3697012.5979999998
MEDDL,RF,locked_test,base_estimator_positive_class_probability,RATCAT_A,code_10,Unweighted,3,AGEP_A,0.01532751125160305,13.739434732374455,470,3697012.5979999998
MEDDL,RF,locked_test,base_estimator_positive_class_probability,RATCAT_A,code_10,Unweighted,4,EMPWRKLSW1_A,0.012006467384424338,10.762482720567439,470,3697012.5979999998
MEDDL,RF,locked_test,base_estimator_positive_class_probability,RATCAT_A,code_10,Unweighted,5,PHSTAT_A,0.009303231972770548,8.339328309196436,470,3697012.5979999998
MEDDL,RF,locked_test,base_estimator_positive_class_probability,RATCAT_A,code_10,Unweighted,6,RATCAT_A,0.00864681781636876,7.750924927117968,470,3697012.5979999998
MEDDL,RF,locked_test,base_estimator_positive_class_probability,RATCAT_A,code_10,Unweighted,7,K6SPD_A,0.006689547532336469,5.996446533356217,470,3697012.5979999998
MEDDL,RF,locked_test,base_estimator_positive_class_probability,RATCAT_A,code_10,Unweighted,8,DISAB3_A,0.005810951575460799,5.2088815068187975,470,3697012.5979999998
MEDDL,RF,locked_test,base_estimator_positive_class_probability,RATCAT_A,code_10,Unweighted,9,CHRONIC_BURDEN_CAT,0.004172542778245146,3.740227505215094,470,3697012.5979999998
MEDDL,RF,locked_test,base_estimator_positive_class_probability,RATCAT_A,code_10,Unweighted,10,SEX_A,0.003257485509863316,2.9199789071915823,470,3697012.5979999998
MEDDL,RF,locked_test,base_estimator_positive_class_probability,RATCAT_A,code_10,Unweighted,11,EDUCP_A,0.002853159095365328,2.5575445699152626,470,3697012.5979999998
MEDDL,RF,locked_test,base_estimator_positive_class_probability,RATCAT_A,code_10,Unweighted,12,HISPALLP_A,0.0028425992981793717,2.548078868547183,470,3697012.5979999998
MEDDL,RF,locked_test,base_estimator_positive_class_probability,RATCAT_A,code_10,WTFA_A,1,NOTCOV_A,0.02220610606382386,19.349501697288563,470,3697012.5979999998
MEDDL,RF,locked_test,base_estimator_positive_class_probability,RATCAT_A,code_10,WTFA_A,2,FDSCAT3_A,0.02021528919284597,17.61478448422739,470,3697012.5979999998
MEDDL,RF,locked_test,base_estimator_positive_class_probability,RATCAT_A,code_10,WTFA_A,3,AGEP_A,0.014310317737518393,12.469431450746185,470,3697012.5979999998
MEDDL,RF,locked_test,base_estimator_positive_class_probability,RATCAT_A,code_10,WTFA_A,4,EMPWRKLSW1_A,0.011745430199998061,10.234492303019811,470,3697012.5979999998
MEDDL,RF,locked_test,base_estimator_positive_class_probability,RATCAT_A,code_10,WTFA_A,5,PHSTAT_A,0.009828490846194858,8.56414896711902,470,3697012.5979999998
MEDDL,RF,locked_test,base_estimator_positive_class_probability,RATCAT_A,code_10,WTFA_A,6,RATCAT_A,0.008959156410561952,7.8066461393182545,470,3697012.5979999998
MEDDL,RF,locked_test,base_estimator_positive_class_probability,RATCAT_A,code_10,WTFA_A,7,K6SPD_A,0.007400126488236834,6.448170590230522,470,3697012.5979999998
MEDDL,RF,locked_test,base_estimator_positive_class_probability,RATCAT_A,code_10,WTFA_A,8,DISAB3_A,0.005988322528752257,5.217981783972904,470,3697012.5979999998
MEDDL,RF,locked_test,base_estimator_positive_class_probability,RATCAT_A,code_10,WTFA_A,9,CHRONIC_BURDEN_CAT,0.0043832006753132926,3.8193435923779564,470,3697012.5979999998
MEDDL,RF,locked_test,base_estimator_positive_class_probability,RATCAT_A,code_10,WTFA_A,10,SEX_A,0.003453893656789792,3.0095830841402393,470,3697012.5979999998
MEDDL,RF,locked_test,base_estimator_positive_class_probability,RATCAT_A,code_10,WTFA_A,11,HISPALLP_A,0.0031938176319849312,2.7829633666210145,470,3697012.5979999998
MEDDL,RF,locked_test,base_estimator_positive_class_probability,RATCAT_A,code_10,WTFA_A,12,EDUCP_A,0.003079042014638889,2.6829525409381367,470,3697012.5979999998
MEDDL,RF,locked_test,base_estimator_positive_class_probability,RATCAT_A,code_11,Unweighted,1,NOTCOV_A,0.020371322042463925,19.068008840984188,388,3303098.671
MEDDL,RF,locked_test,base_estimator_positive_class_probability,RATCAT_A,code_11,Unweighted,2,FDSCAT3_A,0.018882995032812794,17.674901780031217,388,3303098.671
MEDDL,RF,locked_test,base_estimator_positive_class_probability,RATCAT_A,code_11,Unweighted,3,AGEP_A,0.014652958138846442,13.715493513660109,388,3303098.671
MEDDL,RF,locked_test,base_estimator_positive_class_probability,RATCAT_A,code_11,Unweighted,4,EMPWRKLSW1_A,0.011212244966910822,10.494909741777237,388,3303098.671
MEDDL,RF,locked_test,base_estimator_positive_class_probability,RATCAT_A,code_11,Unweighted,5,K6SPD_A,0.008590983818848957,8.041351222522362,388,3303098.671
MEDDL,RF,locked_test,base_estimator_positive_class_probability,RATCAT_A,code_11,Unweighted,6,PHSTAT_A,0.008033535642337329,7.519567376782882,388,3303098.671
MEDDL,RF,locked_test,base_estimator_positive_class_probability,RATCAT_A,code_11,Unweighted,7,RATCAT_A,0.0069549283804978025,6.50996707878385,388,3303098.671
MEDDL,RF,locked_test,base_estimator_positive_class_probability,RATCAT_A,code_11,Unweighted,8,DISAB3_A,0.005816719531541235,5.444578374528443,388,3303098.671
MEDDL,RF,locked_test,base_estimator_positive_class_probability,RATCAT_A,code_11,Unweighted,9,CHRONIC_BURDEN_CAT,0.003706504698339116,3.4693705302854965,388,3303098.671
MEDDL,RF,locked_test,base_estimator_positive_class_probability,RATCAT_A,code_11,Unweighted,10,SEX_A,0.0029222925285222537,2.7353305619366033,388,3303098.671
MEDDL,RF,locked_test,base_estimator_positive_class_probability,RATCAT_A,code_11,Unweighted,11,HISPALLP_A,0.002852210568637695,2.6697322945346795,388,3303098.671
MEDDL,RF,locked_test,base_estimator_positive_class_probability,RATCAT_A,code_11,Unweighted,12,EDUCP_A,0.002838382252463177,2.6567886841729167,388,3303098.671
MEDDL,RF,locked_test,base_estimator_positive_class_probability,RATCAT_A,code_11,WTFA_A,1,FDSCAT3_A,0.021287374110047608,18.932020909303635,388,3303098.671
MEDDL,RF,locked_test,base_estimator_positive_class_probability,RATCAT_A,code_11,WTFA_A,2,NOTCOV_A,0.021100695645472147,18.76599758597644,388,3303098.671
MEDDL,RF,locked_test,base_estimator_positive_class_probability,RATCAT_A,code_11,WTFA_A,3,AGEP_A,0.01381420090966256,12.285721062402466,388,3303098.671
MEDDL,RF,locked_test,base_estimator_positive_class_probability,RATCAT_A,code_11,WTFA_A,4,EMPWRKLSW1_A,0.011224635732416515,9.982679746541594,388,3303098.671
MEDDL,RF,locked_test,base_estimator_positive_class_probability,RATCAT_A,code_11,WTFA_A,5,K6SPD_A,0.009683859352432638,8.612383415410376,388,3303098.671
MEDDL,RF,locked_test,base_estimator_positive_class_probability,RATCAT_A,code_11,WTFA_A,6,PHSTAT_A,0.00889112594706426,7.907362433097023,388,3303098.671
MEDDL,RF,locked_test,base_estimator_positive_class_probability,RATCAT_A,code_11,WTFA_A,7,RATCAT_A,0.0072165572363363205,6.418077297143912,388,3303098.671
MEDDL,RF,locked_test,base_estimator_positive_class_probability,RATCAT_A,code_11,WTFA_A,8,DISAB3_A,0.005751889164618216,5.1154682287070266,388,3303098.671
MEDDL,RF,locked_test,base_estimator_positive_class_probability,RATCAT_A,code_11,WTFA_A,9,CHRONIC_BURDEN_CAT,0.0039047576434879483,3.4727135892906844,388,3303098.671
MEDDL,RF,locked_test,base_estimator_positive_class_probability,RATCAT_A,code_11,WTFA_A,10,HISPALLP_A,0.0033824498888155143,3.0081968630175893,388,3303098.671
MEDDL,RF,locked_test,base_estimator_positive_class_probability,RATCAT_A,code_11,WTFA_A,11,SEX_A,0.0031093521856811815,2.7653162052486437,388,3303098.671
MEDDL,RF,locked_test,base_estimator_positive_class_probability,RATCAT_A,code_11,WTFA_A,12,EDUCP_A,0.003074210357401019,2.7340626638605974,388,3303098.671
MEDDL,RF,locked_test,base_estimator_positive_class_probability,RATCAT_A,code_12,Unweighted,1,FDSCAT3_A,0.017312412898686368,18.66724419170578,394,3100767.9
MEDDL,RF,locked_test,base_estimator_positive_class_probability,RATCAT_A,code_12,Unweighted,2,NOTCOV_A,0.015988617272686356,17.239851236427473,394,3100767.9
MEDDL,RF,locked_test,base_estimator_positive_class_probability,RATCAT_A,code_12,Unweighted,3,AGEP_A,0.014671517002365292,15.819677600613222,394,3100767.9
MEDDL,RF,locked_test,base_estimator_positive_class_probability,RATCAT_A,code_12,Unweighted,4,EMPWRKLSW1_A,0.011115121739851077,11.984966679837074,394,3100767.9
MEDDL,RF,locked_test,base_estimator_positive_class_probability,RATCAT_A,code_12,Unweighted,5,PHSTAT_A,0.007362550679655717,7.938727675641979,394,3100767.9
MEDDL,RF,locked_test,base_estimator_positive_class_probability,RATCAT_A,code_12,Unweighted,6,K6SPD_A,0.006229676868516909,6.717197655842073,394,3100767.9
MEDDL,RF,locked_test,base_estimator_positive_class_probability,RATCAT_A,code_12,Unweighted,7,DISAB3_A,0.005470961261200171,5.8991066365991935,394,3100767.9
MEDDL,RF,locked_test,base_estimator_positive_class_probability,RATCAT_A,code_12,Unweighted,8,RATCAT_A,0.0033758406141182026,3.6400264633709236,394,3100767.9
MEDDL,RF,locked_test,base_estimator_positive_class_probability,RATCAT_A,code_12,Unweighted,9,CHRONIC_BURDEN_CAT,0.0033561836434468062,3.6188311814804366,394,3100767.9
MEDDL,RF,locked_test,base_estimator_positive_class_probability,RATCAT_A,code_12,Unweighted,10,SEX_A,0.002908385146001493,3.1359889601558244,394,3100767.9
MEDDL,RF,locked_test,base_estimator_positive_class_probability,RATCAT_A,code_12,Unweighted,11,EDUCP_A,0.002537910088182585,2.7365213404939444,394,3100767.9
MEDDL,RF,locked_test,base_estimator_positive_class_probability,RATCAT_A,code_12,Unweighted,12,HISPALLP_A,0.0024130225491867255,2.601860377832074,394,3100767.9
MEDDL,RF,locked_test,base_estimator_positive_class_probability,RATCAT_A,code_12,WTFA_A,1,FDSCAT3_A,0.01787483170729203,18.69700838169049,394,3100767.9
MEDDL,RF,locked_test,base_estimator_positive_class_probability,RATCAT_A,code_12,WTFA_A,2,NOTCOV_A,0.017513262308437586,18.318808117114767,394,3100767.9
MEDDL,RF,locked_test,base_estimator_positive_class_probability,RATCAT_A,code_12,WTFA_A,3,AGEP_A,0.013441719784954656,14.05998957635535,394,3100767.9
MEDDL,RF,locked_test,base_estimator_positive_class_probability,RATCAT_A,code_12,WTFA_A,4,EMPWRKLSW1_A,0.011033416972049109,11.540913670305022,394,3100767.9
MEDDL,RF,locked_test,base_estimator_positive_class_probability,RATCAT_A,code_12,WTFA_A,5,PHSTAT_A,0.007804249793514379,8.163216649621276,394,3100767.9
MEDDL,RF,locked_test,base_estimator_positive_class_probability,RATCAT_A,code_12,WTFA_A,6,K6SPD_A,0.0065214328308580444,6.821394813437185,394,3100767.9
MEDDL,RF,locked_test,base_estimator_positive_class_probability,RATCAT_A,code_12,WTFA_A,7,DISAB3_A,0.00590381633010833,6.175370219735587,394,3100767.9
MEDDL,RF,locked_test,base_estimator_positive_class_probability,RATCAT_A,code_12,WTFA_A,8,CHRONIC_BURDEN_CAT,0.0036025802641364776,3.7682857381417474,394,3100767.9
MEDDL,RF,locked_test,base_estimator_positive_class_probability,RATCAT_A,code_12,WTFA_A,9,RATCAT_A,0.0035133369591131072,3.6749375685278745,394,3100767.9
MEDDL,RF,locked_test,base_estimator_positive_class_probability,RATCAT_A,code_12,WTFA_A,10,SEX_A,0.0030630811292247846,3.2039716224880763,394,3100767.9
MEDDL,RF,locked_test,base_estimator_positive_class_probability,RATCAT_A,code_12,WTFA_A,11,EDUCP_A,0.0026862047536298844,2.8097603164043177,394,3100767.9
MEDDL,RF,locked_test,base_estimator_positive_class_probability,RATCAT_A,code_12,WTFA_A,12,HISPALLP_A,0.0026446969691927068,2.766343326178294,394,3100767.9
MEDDL,RF,locked_test,base_estimator_positive_class_probability,RATCAT_A,code_13,Unweighted,1,NOTCOV_A,0.015140899435085817,17.920989958454037,324,2607330.073
MEDDL,RF,locked_test,base_estimator_positive_class_probability,RATCAT_A,code_13,Unweighted,2,AGEP_A,0.013648032721670584,16.15401108806878,324,2607330.073
MEDDL,RF,locked_test,base_estimator_positive_class_probability,RATCAT_A,code_13,Unweighted,3,FDSCAT3_A,0.013350590950663335,15.80195465877281,324,2607330.073
MEDDL,RF,locked_test,base_estimator_positive_class_probability,RATCAT_A,code_13,Unweighted,4,EMPWRKLSW1_A,0.010359469050229542,12.261619041856262,324,2607330.073
MEDDL,RF,locked_test,base_estimator_positive_class_probability,RATCAT_A,code_13,Unweighted,5,PHSTAT_A,0.007970474731134523,9.433970434396707,324,2607330.073
MEDDL,RF,locked_test,base_estimator_positive_class_probability,RATCAT_A,code_13,Unweighted,6,K6SPD_A,0.0059943078449926895,7.094950412857515,324,2607330.073
MEDDL,RF,locked_test,base_estimator_positive_class_probability,RATCAT_A,code_13,Unweighted,7,DISAB3_A,0.004920445448869674,5.823911179013422,324,2607330.073
MEDDL,RF,locked_test,base_estimator_positive_class_probability,RATCAT_A,code_13,Unweighted,8,CHRONIC_BURDEN_CAT,0.003278709061899024,3.8807279862665323,324,2607330.073
MEDDL,RF,locked_test,base_estimator_positive_class_probability,RATCAT_A,code_13,Unweighted,9,SEX_A,0.002905356892589431,3.438822899593832,324,2607330.073
MEDDL,RF,locked_test,base_estimator_positive_class_probability,RATCAT_A,code_13,Unweighted,10,EDUCP_A,0.002467598438400988,2.9206855924032045,324,2607330.073
MEDDL,RF,locked_test,base_estimator_positive_class_probability,RATCAT_A,code_13,Unweighted,11,HISPALLP_A,0.0022420441345731147,2.6537162203843554,324,2607330.073
MEDDL,RF,locked_test,base_estimator_positive_class_probability,RATCAT_A,code_13,Unweighted,12,RATCAT_A,0.0022090302703200305,2.6146405279325395,324,2607330.073
MEDDL,RF,locked_test,base_estimator_positive_class_probability,RATCAT_A,code_13,WTFA_A,1,NOTCOV_A,0.016420049924365594,18.499300600411928,324,2607330.073
MEDDL,RF,locked_test,base_estimator_positive_class_probability,RATCAT_A,code_13,WTFA_A,2,FDSCAT3_A,0.013424567910877384,15.12450439297673,324,2607330.073
MEDDL,RF,locked_test,base_estimator_positive_class_probability,RATCAT_A,code_13,WTFA_A,3,AGEP_A,0.013254019312534459,14.932359435911593,324,2607330.073
MEDDL,RF,locked_test,base_estimator_positive_class_probability,RATCAT_A,code_13,WTFA_A,4,EMPWRKLSW1_A,0.010372336431743463,11.685772605033044,324,2607330.073
MEDDL,RF,locked_test,base_estimator_positive_class_probability,RATCAT_A,code_13,WTFA_A,5,PHSTAT_A,0.008707929243299795,9.810603586526208,324,2607330.073
MEDDL,RF,locked_test,base_estimator_positive_class_probability,RATCAT_A,code_13,WTFA_A,6,K6SPD_A,0.007095240766166964,7.993702355974472,324,2607330.073
MEDDL,RF,locked_test,base_estimator_positive_class_probability,RATCAT_A,code_13,WTFA_A,7,DISAB3_A,0.0058673886300783205,6.6103688178312074,324,2607330.073
MEDDL,RF,locked_test,base_estimator_positive_class_probability,RATCAT_A,code_13,WTFA_A,8,CHRONIC_BURDEN_CAT,0.0033972132193041764,3.8273981405101734,324,2607330.073
MEDDL,RF,locked_test,base_estimator_positive_class_probability,RATCAT_A,code_13,WTFA_A,9,SEX_A,0.003038512962022254,3.4232761119250648,324,2607330.073
MEDDL,RF,locked_test,base_estimator_positive_class_probability,RATCAT_A,code_13,WTFA_A,10,EDUCP_A,0.0025850339999490433,2.9123736680228283,324,2607330.073
MEDDL,RF,locked_test,base_estimator_positive_class_probability,RATCAT_A,code_13,WTFA_A,11,RATCAT_A,0.002323887490277757,2.61815849782479,324,2607330.073
MEDDL,RF,locked_test,base_estimator_positive_class_probability,RATCAT_A,code_13,WTFA_A,12,HISPALLP_A,0.002274202347831277,2.5621817870519554,324,2607330.073
MEDDL,RF,locked_test,base_estimator_positive_class_probability,RATCAT_A,code_14,Unweighted,1,NOTCOV_A,0.014533009092266857,16.41472582987512,1930,15348993.286000002
MEDDL,RF,locked_test,base_estimator_positive_class_probability,RATCAT_A,code_14,Unweighted,2,FDSCAT3_A,0.013149341009776988,14.851902049237307,1930,15348993.286000002
MEDDL,RF,locked_test,base_estimator_positive_class_probability,RATCAT_A,code_14,Unweighted,3,AGEP_A,0.011786125481853166,13.312178995612788,1930,15348993.286000002
MEDDL,RF,locked_test,base_estimator_positive_class_probability,RATCAT_A,code_14,Unweighted,4,RATCAT_A,0.011140197377350171,12.582616888143288,1930,15348993.286000002
MEDDL,RF,locked_test,base_estimator_positive_class_probability,RATCAT_A,code_14,Unweighted,5,EMPWRKLSW1_A,0.00934242693780665,10.55207326962567,1930,15348993.286000002
MEDDL,RF,locked_test,base_estimator_positive_class_probability,RATCAT_A,code_14,Unweighted,6,PHSTAT_A,0.007816265204648586,8.828305929855217,1930,15348993.286000002
MEDDL,RF,locked_test,base_estimator_positive_class_probability,RATCAT_A,code_14,Unweighted,7,K6SPD_A,0.005620003046061784,6.347674358316797,1930,15348993.286000002
MEDDL,RF,locked_test,base_estimator_positive_class_probability,RATCAT_A,code_14,Unweighted,8,DISAB3_A,0.004418102687057649,4.990153369880945,1930,15348993.286000002
MEDDL,RF,locked_test,base_estimator_positive_class_probability,RATCAT_A,code_14,Unweighted,9,SEX_A,0.0034029872267376878,3.843601966724795,1930,15348993.286000002
MEDDL,RF,locked_test,base_estimator_positive_class_probability,RATCAT_A,code_14,Unweighted,10,CHRONIC_BURDEN_CAT,0.003400993159489321,3.8413497100200438,1930,15348993.286000002
MEDDL,RF,locked_test,base_estimator_positive_class_probability,RATCAT_A,code_14,Unweighted,11,HISPALLP_A,0.002041990682249649,2.3063852078729683,1930,15348993.286000002
MEDDL,RF,locked_test,base_estimator_positive_class_probability,RATCAT_A,code_14,Unweighted,12,EDUCP_A,0.0018849688936957603,2.129032424835063,1930,15348993.286000002
MEDDL,RF,locked_test,base_estimator_positive_class_probability,RATCAT_A,code_14,WTFA_A,1,NOTCOV_A,0.014855273631109946,16.69055050148317,1930,15348993.286000002
MEDDL,RF,locked_test,base_estimator_positive_class_probability,RATCAT_A,code_14,WTFA_A,2,FDSCAT3_A,0.013215181526421921,14.847835195111935,1930,15348993.286000002
MEDDL,RF,locked_test,base_estimator_positive_class_probability,RATCAT_A,code_14,WTFA_A,3,RATCAT_A,0.01125497155644205,12.645453447734097,1930,15348993.286000002
MEDDL,RF,locked_test,base_estimator_positive_class_probability,RATCAT_A,code_14,WTFA_A,4,AGEP_A,0.011209318900049203,12.594160688948694,1930,15348993.286000002
MEDDL,RF,locked_test,base_estimator_positive_class_probability,RATCAT_A,code_14,WTFA_A,5,EMPWRKLSW1_A,0.009139048656713574,10.26812140443843,1930,15348993.286000002
MEDDL,RF,locked_test,base_estimator_positive_class_probability,RATCAT_A,code_14,WTFA_A,6,PHSTAT_A,0.008292445635081013,9.316925833212137,1930,15348993.286000002
MEDDL,RF,locked_test,base_estimator_positive_class_probability,RATCAT_A,code_14,WTFA_A,7,K6SPD_A,0.005540484555772099,6.224977040284406,1930,15348993.286000002
MEDDL,RF,locked_test,base_estimator_positive_class_probability,RATCAT_A,code_14,WTFA_A,8,DISAB3_A,0.004462031882217747,5.0132882314210745,1930,15348993.286000002
MEDDL,RF,locked_test,base_estimator_positive_class_probability,RATCAT_A,code_14,WTFA_A,9,CHRONIC_BURDEN_CAT,0.0034874685945511545,3.9183236973699187,1930,15348993.286000002
MEDDL,RF,locked_test,base_estimator_positive_class_probability,RATCAT_A,code_14,WTFA_A,10,SEX_A,0.0034859179689143214,3.9165815015583076,1930,15348993.286000002
MEDDL,RF,locked_test,base_estimator_positive_class_probability,RATCAT_A,code_14,WTFA_A,11,HISPALLP_A,0.002071328816330502,2.3272286376295113,1930,15348993.286000002
MEDDL,RF,locked_test,base_estimator_positive_class_probability,RATCAT_A,code_14,WTFA_A,12,EDUCP_A,0.0019906245151027047,2.2365538208083273,1930,15348993.286000002
MEDDL,RF,locked_test,base_estimator_positive_class_probability,RATCAT_A,code_2,Unweighted,1,FDSCAT3_A,0.03742505679089326,24.490130610966567,187,1384944.663
MEDDL,RF,locked_test,base_estimator_positive_class_probability,RATCAT_A,code_2,Unweighted,2,NOTCOV_A,0.032407507234467586,21.206756996587362,187,1384944.663
MEDDL,RF,locked_test,base_estimator_positive_class_probability,RATCAT_A,code_2,Unweighted,3,EMPWRKLSW1_A,0.01556738818623055,10.18695501472623,187,1384944.663
MEDDL,RF,locked_test,base_estimator_positive_class_probability,RATCAT_A,code_2,Unweighted,4,AGEP_A,0.014632011581809616,9.574865223100712,187,1384944.663
MEDDL,RF,locked_test,base_estimator_positive_class_probability,RATCAT_A,code_2,Unweighted,5,K6SPD_A,0.014263909206434135,9.333987158398719,187,1384944.663
MEDDL,RF,locked_test,base_estimator_positive_class_probability,RATCAT_A,code_2,Unweighted,6,PHSTAT_A,0.010317453863791074,6.751513941813158,187,1384944.663
MEDDL,RF,locked_test,base_estimator_positive_class_probability,RATCAT_A,code_2,Unweighted,7,DISAB3_A,0.008972519876783571,5.871418844323378,187,1384944.663
MEDDL,RF,locked_test,base_estimator_positive_class_probability,RATCAT_A,code_2,Unweighted,8,CHRONIC_BURDEN_CAT,0.005077087658547214,3.322334033475758,187,1384944.663
MEDDL,RF,locked_test,base_estimator_positive_class_probability,RATCAT_A,code_2,Unweighted,9,EDUCP_A,0.0048765149892651604,3.1910837084554635,187,1384944.663
MEDDL,RF,locked_test,base_estimator_positive_class_probability,RATCAT_A,code_2,Unweighted,10,HISPALLP_A,0.0037028882106564165,2.4230882647277734,187,1384944.663
MEDDL,RF,locked_test,base_estimator_positive_class_probability,RATCAT_A,code_2,Unweighted,11,RATCAT_A,0.0028855009596250544,1.8882081001005282,187,1384944.663
MEDDL,RF,locked_test,base_estimator_positive_class_probability,RATCAT_A,code_2,Unweighted,12,SEX_A,0.0026890548480774435,1.7596581033243532,187,1384944.663
MEDDL,RF,locked_test,base_estimator_positive_class_probability,RATCAT_A,code_2,WTFA_A,1,FDSCAT3_A,0.037925477292740345,24.09098546001507,187,1384944.663
MEDDL,RF,locked_test,base_estimator_positive_class_probability,RATCAT_A,code_2,WTFA_A,2,NOTCOV_A,0.03633588848667671,23.08124837698007,187,1384944.663
MEDDL,RF,locked_test,base_estimator_positive_class_probability,RATCAT_A,code_2,WTFA_A,3,K6SPD_A,0.015764111202136288,10.013663660164978,187,1384944.663
MEDDL,RF,locked_test,base_estimator_positive_class_probability,RATCAT_A,code_2,WTFA_A,4,EMPWRKLSW1_A,0.014564316804001281,9.251531408608296,187,1384944.663
MEDDL,RF,locked_test,base_estimator_positive_class_probability,RATCAT_A,code_2,WTFA_A,5,AGEP_A,0.014078734347534778,8.943080184433137,187,1384944.663
MEDDL,RF,locked_test,base_estimator_positive_class_probability,RATCAT_A,code_2,WTFA_A,6,PHSTAT_A,0.011048681337128788,7.0183328054268195,187,1384944.663
MEDDL,RF,locked_test,base_estimator_positive_class_probability,RATCAT_A,code_2,WTFA_A,7,DISAB3_A,0.008168552802130552,5.188820308483278,187,1384944.663
MEDDL,RF,locked_test,base_estimator_positive_class_probability,RATCAT_A,code_2,WTFA_A,8,CHRONIC_BURDEN_CAT,0.005093638269355571,3.2355760360888213,187,1384944.663
MEDDL,RF,locked_test,base_estimator_positive_class_probability,RATCAT_A,code_2,WTFA_A,9,EDUCP_A,0.005021647249373269,3.189845969140467,187,1384944.663
MEDDL,RF,locked_test,base_estimator_positive_class_probability,RATCAT_A,code_2,WTFA_A,10,HISPALLP_A,0.0037368549321380924,2.373721420601786,187,1384944.663
MEDDL,RF,locked_test,base_estimator_positive_class_probability,RATCAT_A,code_2,WTFA_A,11,SEX_A,0.0028802804856582222,1.8296090188966379,187,1384944.663
MEDDL,RF,locked_test,base_estimator_positive_class_probability,RATCAT_A,code_2,WTFA_A,12,RATCAT_A,0.00280782726166922,1.7835853511606388,187,1384944.663
MEDDL,RF,locked_test,base_estimator_positive_class_probability,RATCAT_A,code_3,Unweighted,1,FDSCAT3_A,0.03361114627067471,24.626836440598666,322,2378042.798
MEDDL,RF,locked_test,base_estimator_positive_class_probability,RATCAT_A,code_3,Unweighted,2,NOTCOV_A,0.024822564362641894,18.18745566343173,322,2378042.798
MEDDL,RF,locked_test,base_estimator_positive_class_probability,RATCAT_A,code_3,Unweighted,3,AGEP_A,0.01622297916486366,11.88655249228777,322,2378042.798
MEDDL,RF,locked_test,base_estimator_positive_class_probability,RATCAT_A,code_3,Unweighted,4,EMPWRKLSW1_A,0.014068000767789662,10.307603054194136,322,2378042.798
MEDDL,RF,locked_test,base_estimator_positive_class_probability,RATCAT_A,code_3,Unweighted,5,K6SPD_A,0.013612223665028695,9.973655854873016,322,2378042.798
MEDDL,RF,locked_test,base_estimator_positive_class_probability,RATCAT_A,code_3,Unweighted,6,PHSTAT_A,0.009456934835299316,6.929081964143348,322,2378042.798
MEDDL,RF,locked_test,base_estimator_positive_class_probability,RATCAT_A,code_3,Unweighted,7,DISAB3_A,0.007071593991432967,5.181346306932841,322,2378042.798
MEDDL,RF,locked_test,base_estimator_positive_class_probability,RATCAT_A,code_3,Unweighted,8,EDUCP_A,0.0047953208315299044,3.5135243781113665,322,2378042.798
MEDDL,RF,locked_test,base_estimator_positive_class_probability,RATCAT_A,code_3,Unweighted,9,CHRONIC_BURDEN_CAT,0.004175187827645886,3.0591538566455934,322,2378042.798
MEDDL,RF,locked_test,base_estimator_positive_class_probability,RATCAT_A,code_3,Unweighted,10,HISPALLP_A,0.0036021935185415726,2.6393217861155422,322,2378042.798
MEDDL,RF,locked_test,base_estimator_positive_class_probability,RATCAT_A,code_3,Unweighted,11,SEX_A,0.0026410159495641157,1.9350684235269382,322,2378042.798
MEDDL,RF,locked_test,base_estimator_positive_class_probability,RATCAT_A,code_3,Unweighted,12,RATCAT_A,0.0024026250636871266,1.7603997791390424,322,2378042.798
MEDDL,RF,locked_test,base_estimator_positive_class_probability,RATCAT_A,code_3,WTFA_A,1,FDSCAT3_A,0.03286901508643564,23.601615723418483,322,2378042.798
MEDDL,RF,locked_test,base_estimator_positive_class_probability,RATCAT_A,code_3,WTFA_A,2,NOTCOV_A,0.030518532410386226,21.913850247672176,322,2378042.798
MEDDL,RF,locked_test,base_estimator_positive_class_probability,RATCAT_A,code_3,WTFA_A,3,AGEP_A,0.014715327859566044,10.566349873042522,322,2378042.798
MEDDL,RF,locked_test,base_estimator_positive_class_probability,RATCAT_A,code_3,WTFA_A,4,EMPWRKLSW1_A,0.013028872678805235,9.355389733031794,322,2378042.798
MEDDL,RF,locked_test,base_estimator_positive_class_probability,RATCAT_A,code_3,WTFA_A,5,K6SPD_A,0.012158820159455562,8.73064800691426,322,2378042.798
MEDDL,RF,locked_test,base_estimator_positive_class_probability,RATCAT_A,code_3,WTFA_A,6,PHSTAT_A,0.010127349685217314,7.2719494313604045,322,2378042.798
MEDDL,RF,locked_test,base_estimator_positive_class_probability,RATCAT_A,code_3,WTFA_A,7,DISAB3_A,0.0067127219070990465,4.82007393567767,322,2378042.798
MEDDL,RF,locked_test,base_estimator_positive_class_probability,RATCAT_A,code_3,WTFA_A,8,EDUCP_A,0.005138613062703459,3.6897841489419965,322,2378042.798
MEDDL,RF,locked_test,base_estimator_positive_class_probability,RATCAT_A,code_3,WTFA_A,9,CHRONIC_BURDEN_CAT,0.004941242341627921,3.5480619859374456,322,2378042.798
MEDDL,RF,locked_test,base_estimator_positive_class_probability,RATCAT_A,code_3,WTFA_A,10,HISPALLP_A,0.0036695917922088396,2.634952556800675,322,2378042.798
MEDDL,RF,locked_test,base_estimator_positive_class_probability,RATCAT_A,code_3,WTFA_A,11,SEX_A,0.0027933165244322837,2.00574258249473,322,2378042.798
MEDDL,RF,locked_test,base_estimator_positive_class_probability,RATCAT_A,code_3,WTFA_A,12,RATCAT_A,0.002592549601457657,1.861581774707832,322,2378042.798
MEDDL,RF,locked_test,base_estimator_positive_class_probability,RATCAT_A,code_4,Unweighted,1,FDSCAT3_A,0.02945047239584297,21.46691155304187,252,1789827.5900000003
MEDDL,RF,locked_test,base_estimator_positive_class_probability,RATCAT_A,code_4,Unweighted,2,NOTCOV_A,0.02811832120453304,20.49588564164881,252,1789827.5900000003
MEDDL,RF,locked_test,base_estimator_positive_class_probability,RATCAT_A,code_4,Unweighted,3,AGEP_A,0.015710018767832585,11.451279247843008,252,1789827.5900000003
MEDDL,RF,locked_test,base_estimator_positive_class_probability,RATCAT_A,code_4,Unweighted,4,K6SPD_A,0.014014765020168575,10.215582184246742,252,1789827.5900000003
MEDDL,RF,locked_test,base_estimator_positive_class_probability,RATCAT_A,code_4,Unweighted,5,EMPWRKLSW1_A,0.013591742189306434,9.907234203508857,252,1789827.5900000003
MEDDL,RF,locked_test,base_estimator_positive_class_probability,RATCAT_A,code_4,Unweighted,6,PHSTAT_A,0.008788558229423179,6.406118029414566,252,1789827.5900000003
MEDDL,RF,locked_test,base_estimator_positive_class_probability,RATCAT_A,code_4,Unweighted,7,DISAB3_A,0.008087308402812037,5.894966024716258,252,1789827.5900000003
MEDDL,RF,locked_test,base_estimator_positive_class_probability,RATCAT_A,code_4,Unweighted,8,CHRONIC_BURDEN_CAT,0.004599179640791238,3.352414224070391,252,1789827.5900000003
MEDDL,RF,locked_test,base_estimator_positive_class_probability,RATCAT_A,code_4,Unweighted,9,RATCAT_A,0.004031698785507189,2.938768522069809,252,1789827.5900000003
MEDDL,RF,locked_test,base_estimator_positive_class_probability,RATCAT_A,code_4,Unweighted,10,HISPALLP_A,0.004020065452174536,2.9302888028190455,252,1789827.5900000003
MEDDL,RF,locked_test,base_estimator_positive_class_probability,RATCAT_A,code_4,Unweighted,11,EDUCP_A,0.0038511146009151628,2.807137875660809,252,1789827.5900000003
MEDDL,RF,locked_test,base_estimator_positive_class_probability,RATCAT_A,code_4,Unweighted,12,SEX_A,0.0029268318760843127,2.1334136909598165,252,1789827.5900000003
MEDDL,RF,locked_test,base_estimator_positive_class_probability,RATCAT_A,code_4,WTFA_A,1,NOTCOV_A,0.0338448173484577,23.142021016824824,252,1789827.5900000003
MEDDL,RF,locked_test,base_estimator_positive_class_probability,RATCAT_A,code_4,WTFA_A,2,FDSCAT3_A,0.03209042180047885,21.942420551408205,252,1789827.5900000003
MEDDL,RF,locked_test,base_estimator_positive_class_probability,RATCAT_A,code_4,WTFA_A,3,AGEP_A,0.014697714414797416,10.049834584261122,252,1789827.5900000003
MEDDL,RF,locked_test,base_estimator_positive_class_probability,RATCAT_A,code_4,WTFA_A,4,K6SPD_A,0.014289744903956474,9.770877871423814,252,1789827.5900000003
MEDDL,RF,locked_test,base_estimator_positive_class_probability,RATCAT_A,code_4,WTFA_A,5,EMPWRKLSW1_A,0.013449219345494961,9.196152945630082,252,1789827.5900000003
MEDDL,RF,locked_test,base_estimator_positive_class_probability,RATCAT_A,code_4,WTFA_A,6,PHSTAT_A,0.009365627237289778,6.40392117143406,252,1789827.5900000003
MEDDL,RF,locked_test,base_estimator_positive_class_probability,RATCAT_A,code_4,WTFA_A,7,DISAB3_A,0.007946685380435492,5.433693383383353,252,1789827.5900000003
MEDDL,RF,locked_test,base_estimator_positive_class_probability,RATCAT_A,code_4,WTFA_A,8,CHRONIC_BURDEN_CAT,0.00509417752215904,3.4832382774437787,252,1789827.5900000003
MEDDL,RF,locked_test,base_estimator_positive_class_probability,RATCAT_A,code_4,WTFA_A,9,HISPALLP_A,0.0043473531207051976,2.9725832540651393,252,1789827.5900000003
MEDDL,RF,locked_test,base_estimator_positive_class_probability,RATCAT_A,code_4,WTFA_A,10,EDUCP_A,0.0041985571341465805,2.870841241020545,252,1789827.5900000003
MEDDL,RF,locked_test,base_estimator_positive_class_probability,RATCAT_A,code_4,WTFA_A,11,RATCAT_A,0.0037525357711062396,2.5658658691294396,252,1789827.5900000003
MEDDL,RF,locked_test,base_estimator_positive_class_probability,RATCAT_A,code_4,WTFA_A,12,SEX_A,0.0031714677377820332,2.1685498339756366,252,1789827.5900000003
MEDDL,RF,locked_test,base_estimator_positive_class_probability,RATCAT_A,code_5,Unweighted,1,FDSCAT3_A,0.032690939560024744,23.217927647566132,331,2620717.5870000003
MEDDL,RF,locked_test,base_estimator_positive_class_probability,RATCAT_A,code_5,Unweighted,2,NOTCOV_A,0.03186125484369992,22.628664690514963,331,2620717.5870000003
MEDDL,RF,locked_test,base_estimator_positive_class_probability,RATCAT_A,code_5,Unweighted,3,AGEP_A,0.016330716029431952,11.59848533897606,331,2620717.5870000003
MEDDL,RF,locked_test,base_estimator_positive_class_probability,RATCAT_A,code_5,Unweighted,4,EMPWRKLSW1_A,0.013596400440865422,9.656505623636798,331,2620717.5870000003
MEDDL,RF,locked_test,base_estimator_positive_class_probability,RATCAT_A,code_5,Unweighted,5,K6SPD_A,0.011338961023986079,8.053215361708677,331,2620717.5870000003
MEDDL,RF,locked_test,base_estimator_positive_class_probability,RATCAT_A,code_5,Unweighted,6,PHSTAT_A,0.008909217538181725,6.327550415555385,331,2620717.5870000003
MEDDL,RF,locked_test,base_estimator_positive_class_probability,RATCAT_A,code_5,Unweighted,7,DISAB3_A,0.006851892619332387,4.866386504200901,331,2620717.5870000003
MEDDL,RF,locked_test,base_estimator_positive_class_probability,RATCAT_A,code_5,Unweighted,8,CHRONIC_BURDEN_CAT,0.005401048881943624,3.835960784537332,331,2620717.5870000003
MEDDL,RF,locked_test,base_estimator_positive_class_probability,RATCAT_A,code_5,Unweighted,9,EDUCP_A,0.00409731776664199,2.9100181498395874,331,2620717.5870000003
MEDDL,RF,locked_test,base_estimator_positive_class_probability,RATCAT_A,code_5,Unweighted,10,RATCAT_A,0.003477377218923501,2.4697207776489942,331,2620717.5870000003
MEDDL,RF,locked_test,base_estimator_positive_class_probability,RATCAT_A,code_5,Unweighted,11,HISPALLP_A,0.0032937645810848203,2.339314463303405,331,2620717.5870000003
MEDDL,RF,locked_test,base_estimator_positive_class_probability,RATCAT_A,code_5,Unweighted,12,SEX_A,0.0029515291382098256,2.0962502425117537,331,2620717.5870000003
MEDDL,RF,locked_test,base_estimator_positive_class_probability,RATCAT_A,code_5,WTFA_A,1,NOTCOV_A,0.03686087753843851,25.23839613960721,331,2620717.5870000003
MEDDL,RF,locked_test,base_estimator_positive_class_probability,RATCAT_A,code_5,WTFA_A,2,FDSCAT3_A,0.03289392647589643,22.522251298007383,331,2620717.5870000003
MEDDL,RF,locked_test,base_estimator_positive_class_probability,RATCAT_A,code_5,WTFA_A,3,AGEP_A,0.014871625171126347,10.182502218435802,331,2620717.5870000003
MEDDL,RF,locked_test,base_estimator_positive_class_probability,RATCAT_A,code_5,WTFA_A,4,EMPWRKLSW1_A,0.012872481651621095,8.81370203095824,331,2620717.5870000003
MEDDL,RF,locked_test,base_estimator_positive_class_probability,RATCAT_A,code_5,WTFA_A,5,K6SPD_A,0.012201497833170795,8.35428390138019,331,2620717.5870000003
MEDDL,RF,locked_test,base_estimator_positive_class_probability,RATCAT_A,code_5,WTFA_A,6,PHSTAT_A,0.010000356098142968,6.847176887714451,331,2620717.5870000003
MEDDL,RF,locked_test,base_estimator_positive_class_probability,RATCAT_A,code_5,WTFA_A,7,DISAB3_A,0.006381164831321877,4.369140850678015,331,2620717.5870000003
MEDDL,RF,locked_test,base_estimator_positive_class_probability,RATCAT_A,code_5,WTFA_A,8,CHRONIC_BURDEN_CAT,0.005838074594785013,3.997290600640506,331,2620717.5870000003
MEDDL,RF,locked_test,base_estimator_positive_class_probability,RATCAT_A,code_5,WTFA_A,9,EDUCP_A,0.004191486461591538,2.869882726506816,331,2620717.5870000003
MEDDL,RF,locked_test,base_estimator_positive_class_probability,RATCAT_A,code_5,WTFA_A,10,HISPALLP_A,0.0035196598950885125,2.4098875729776035,331,2620717.5870000003
MEDDL,RF,locked_test,base_estimator_positive_class_probability,RATCAT_A,code_5,WTFA_A,11,RATCAT_A,0.003330511267766212,2.2803787738274734,331,2620717.5870000003
MEDDL,RF,locked_test,base_estimator_positive_class_probability,RATCAT_A,code_5,WTFA_A,12,SEX_A,0.0030891305314880175,2.1151069992663194,331,2620717.5870000003
MEDDL,RF,locked_test,base_estimator_positive_class_probability,RATCAT_A,code_6,Unweighted,1,FDSCAT3_A,0.028357951185245336,20.664540008170874,298,2170348.889
MEDDL,RF,locked_test,base_estimator_positive_class_probability,RATCAT_A,code_6,Unweighted,2,NOTCOV_A,0.025936966738643763,18.900360021078313,298,2170348.889
MEDDL,RF,locked_test,base_estimator_positive_class_probability,RATCAT_A,code_6,Unweighted,3,AGEP_A,0.017352177317277073,12.644593400256433,298,2170348.889
MEDDL,RF,locked_test,base_estimator_positive_class_probability,RATCAT_A,code_6,Unweighted,4,K6SPD_A,0.014274116959866015,10.401599857183399,298,2170348.889
MEDDL,RF,locked_test,base_estimator_positive_class_probability,RATCAT_A,code_6,Unweighted,5,EMPWRKLSW1_A,0.012987569973246476,9.464088486784265,298,2170348.889
MEDDL,RF,locked_test,base_estimator_positive_class_probability,RATCAT_A,code_6,Unweighted,6,PHSTAT_A,0.009568692506806179,6.972740302750137,298,2170348.889
MEDDL,RF,locked_test,base_estimator_positive_class_probability,RATCAT_A,code_6,Unweighted,7,DISAB3_A,0.007601206030393371,5.53902590138952,298,2170348.889
MEDDL,RF,locked_test,base_estimator_positive_class_probability,RATCAT_A,code_6,Unweighted,8,RATCAT_A,0.006558373707955763,4.779110274620333,298,2170348.889
MEDDL,RF,locked_test,base_estimator_positive_class_probability,RATCAT_A,code_6,Unweighted,9,CHRONIC_BURDEN_CAT,0.004521780472023432,3.295037531516423,298,2170348.889
MEDDL,RF,locked_test,base_estimator_positive_class_probability,RATCAT_A,code_6,Unweighted,10,EDUCP_A,0.0037894012951756747,2.761350217427381,298,2170348.889
MEDDL,RF,locked_test,base_estimator_positive_class_probability,RATCAT_A,code_6,Unweighted,11,HISPALLP_A,0.0035298288652777397,2.5721988634524555,298,2170348.889
MEDDL,RF,locked_test,base_estimator_positive_class_probability,RATCAT_A,code_6,Unweighted,12,SEX_A,0.0027519491368029883,2.0053551353704635,298,2170348.889
MEDDL,RF,locked_test,base_estimator_positive_class_probability,RATCAT_A,code_6,WTFA_A,1,NOTCOV_A,0.034781811173763534,23.83030021127073,298,2170348.889
MEDDL,RF,locked_test,base_estimator_positive_class_probability,RATCAT_A,code_6,WTFA_A,2,FDSCAT3_A,0.031109872063366042,21.314519451001296,298,2170348.889
MEDDL,RF,locked_test,base_estimator_positive_class_probability,RATCAT_A,code_6,WTFA_A,3,AGEP_A,0.015919443844634066,10.906997456770071,298,2170348.889
MEDDL,RF,locked_test,base_estimator_positive_class_probability,RATCAT_A,code_6,WTFA_A,4,EMPWRKLSW1_A,0.012948457061983963,8.871464959610334,298,2170348.889
MEDDL,RF,locked_test,base_estimator_positive_class_probability,RATCAT_A,code_6,WTFA_A,5,K6SPD_A,0.010610690999527904,7.269775305965418,298,2170348.889
MEDDL,RF,locked_test,base_estimator_positive_class_probability,RATCAT_A,code_6,WTFA_A,6,PHSTAT_A,0.01000281111199504,6.853294400473395,298,2170348.889
MEDDL,RF,locked_test,base_estimator_positive_class_probability,RATCAT_A,code_6,WTFA_A,7,DISAB3_A,0.007903425733380652,5.4149281353701335,298,2170348.889
MEDDL,RF,locked_test,base_estimator_positive_class_probability,RATCAT_A,code_6,WTFA_A,8,RATCAT_A,0.0059540272331347665,4.079323406214974,298,2170348.889
MEDDL,RF,locked_test,base_estimator_positive_class_probability,RATCAT_A,code_6,WTFA_A,9,CHRONIC_BURDEN_CAT,0.00537694921165012,3.683945993905905,298,2170348.889
MEDDL,RF,locked_test,base_estimator_positive_class_probability,RATCAT_A,code_6,WTFA_A,10,HISPALLP_A,0.004347016615096379,2.9783012288695505,298,2170348.889
MEDDL,RF,locked_test,base_estimator_positive_class_probability,RATCAT_A,code_6,WTFA_A,11,EDUCP_A,0.004043276040703117,2.770197371425947,298,2170348.889
MEDDL,RF,locked_test,base_estimator_positive_class_probability,RATCAT_A,code_6,WTFA_A,12,SEX_A,0.0029584631267445456,2.0269520791222413,298,2170348.889
MEDDL,RF,locked_test,base_estimator_positive_class_probability,RATCAT_A,code_7,Unweighted,1,NOTCOV_A,0.032450269100477665,24.52540600704771,274,2014189.3329999999
MEDDL,RF,locked_test,base_estimator_positive_class_probability,RATCAT_A,code_7,Unweighted,2,FDSCAT3_A,0.028983813204406482,21.905512840879215,274,2014189.3329999999
MEDDL,RF,locked_test,base_estimator_positive_class_probability,RATCAT_A,code_7,Unweighted,3,AGEP_A,0.01474696486821776,11.145525469906984,274,2014189.3329999999
MEDDL,RF,locked_test,base_estimator_positive_class_probability,RATCAT_A,code_7,Unweighted,4,EMPWRKLSW1_A,0.01236104065225794,9.342281252816647,274,2014189.3329999999
MEDDL,RF,locked_test,base_estimator_positive_class_probability,RATCAT_A,code_7,Unweighted,5,PHSTAT_A,0.009022001323701484,6.818687536142612,274,2014189.3329999999
MEDDL,RF,locked_test,base_estimator_positive_class_probability,RATCAT_A,code_7,Unweighted,6,K6SPD_A,0.007906137134171744,5.975334828890662,274,2014189.3329999999
MEDDL,RF,locked_test,base_estimator_positive_class_probability,RATCAT_A,code_7,Unweighted,7,RATCAT_A,0.007574179327517218,5.724446308977234,274,2014189.3329999999
MEDDL,RF,locked_test,base_estimator_positive_class_probability,RATCAT_A,code_7,Unweighted,8,CHRONIC_BURDEN_CAT,0.005237739797040839,3.9586018434530446,274,2014189.3329999999
MEDDL,RF,locked_test,base_estimator_positive_class_probability,RATCAT_A,code_7,Unweighted,9,DISAB3_A,0.0049687466040147085,3.755300994031093,274,2014189.3329999999
MEDDL,RF,locked_test,base_estimator_positive_class_probability,RATCAT_A,code_7,Unweighted,10,HISPALLP_A,0.0033317565111894132,2.5180894771791693,274,2014189.3329999999
MEDDL,RF,locked_test,base_estimator_positive_class_probability,RATCAT_A,code_7,Unweighted,11,EDUCP_A,0.0031928837140161545,2.4131315884336972,274,2014189.3329999999
MEDDL,RF,locked_test,base_estimator_positive_class_probability,RATCAT_A,code_7,Unweighted,12,SEX_A,0.0025373399378779216,1.9176818522419352,274,2014189.3329999999
MEDDL,RF,locked_test,base_estimator_positive_class_probability,RATCAT_A,code_7,WTFA_A,1,NOTCOV_A,0.03929194547371884,28.186155732285805,274,2014189.3329999999
MEDDL,RF,locked_test,base_estimator_positive_class_probability,RATCAT_A,code_7,WTFA_A,2,FDSCAT3_A,0.028292771058691362,20.295875949730785,274,2014189.3329999999
MEDDL,RF,locked_test,base_estimator_positive_class_probability,RATCAT_A,code_7,WTFA_A,3,AGEP_A,0.01397907811827062,10.027919668648371,274,2014189.3329999999
MEDDL,RF,locked_test,base_estimator_positive_class_probability,RATCAT_A,code_7,WTFA_A,4,EMPWRKLSW1_A,0.01201037435323182,8.615666082242559,274,2014189.3329999999
MEDDL,RF,locked_test,base_estimator_positive_class_probability,RATCAT_A,code_7,WTFA_A,5,PHSTAT_A,0.009644947008436995,6.918822041817296,274,2014189.3329999999
MEDDL,RF,locked_test,base_estimator_positive_class_probability,RATCAT_A,code_7,WTFA_A,6,K6SPD_A,0.007560072403141681,5.423233070626051,274,2014189.3329999999
MEDDL,RF,locked_test,base_estimator_positive_class_probability,RATCAT_A,code_7,WTFA_A,7,RATCAT_A,0.007364759650884962,5.283125076856909,274,2014189.3329999999
MEDDL,RF,locked_test,base_estimator_positive_class_probability,RATCAT_A,code_7,WTFA_A,8,CHRONIC_BURDEN_CAT,0.005895709675114005,4.229299136288845,274,2014189.3329999999
MEDDL,RF,locked_test,base_estimator_positive_class_probability,RATCAT_A,code_7,WTFA_A,9,DISAB3_A,0.005750185925769117,4.124907383416118,274,2014189.3329999999
MEDDL,RF,locked_test,base_estimator_positive_class_probability,RATCAT_A,code_7,WTFA_A,10,HISPALLP_A,0.003750787675863721,2.690635046853208,274,2014189.3329999999
MEDDL,RF,locked_test,base_estimator_positive_class_probability,RATCAT_A,code_7,WTFA_A,11,EDUCP_A,0.003226986971197357,2.314885562921894,274,2014189.3329999999
MEDDL,RF,locked_test,base_estimator_positive_class_probability,RATCAT_A,code_7,WTFA_A,12,SEX_A,0.002633958285612638,1.8894752483121497,274,2014189.3329999999
MEDDL,RF,locked_test,base_estimator_positive_class_probability,RATCAT_A,code_8,Unweighted,1,FDSCAT3_A,0.023675734376717827,18.802531964744755,530,4181768.7849999997
MEDDL,RF,locked_test,base_estimator_positive_class_probability,RATCAT_A,code_8,Unweighted,2,NOTCOV_A,0.022429087755106287,17.81248398656493,530,4181768.7849999997
MEDDL,RF,locked_test,base_estimator_positive_class_probability,RATCAT_A,code_8,Unweighted,3,AGEP_A,0.016692298569839798,13.256504420539379,530,4181768.7849999997
MEDDL,RF,locked_test,base_estimator_positive_class_probability,RATCAT_A,code_8,Unweighted,4,EMPWRKLSW1_A,0.013743549894996432,10.914699924317988,530,4181768.7849999997
MEDDL,RF,locked_test,base_estimator_positive_class_probability,RATCAT_A,code_8,Unweighted,5,RATCAT_A,0.010469320944671115,8.314409115221698,530,4181768.7849999997
MEDDL,RF,locked_test,base_estimator_positive_class_probability,RATCAT_A,code_8,Unweighted,6,K6SPD_A,0.009925656536199019,7.8826477491015,530,4181768.7849999997
MEDDL,RF,locked_test,base_estimator_positive_class_probability,RATCAT_A,code_8,Unweighted,7,PHSTAT_A,0.00927319592290328,7.364483820497279,530,4181768.7849999997
MEDDL,RF,locked_test,base_estimator_positive_class_probability,RATCAT_A,code_8,Unweighted,8,DISAB3_A,0.00566593668464258,4.499710713428813,530,4181768.7849999997
MEDDL,RF,locked_test,base_estimator_positive_class_probability,RATCAT_A,code_8,Unweighted,9,CHRONIC_BURDEN_CAT,0.004663765693033271,3.7038176777980323,530,4181768.7849999997
MEDDL,RF,locked_test,base_estimator_positive_class_probability,RATCAT_A,code_8,Unweighted,10,EDUCP_A,0.0037303500099147846,2.962527969991197,530,4181768.7849999997
MEDDL,RF,locked_test,base_estimator_positive_class_probability,RATCAT_A,code_8,Unweighted,11,HISPALLP_A,0.003188080619306659,2.531874483675753,530,4181768.7849999997
MEDDL,RF,locked_test,base_estimator_positive_class_probability,RATCAT_A,code_8,Unweighted,12,SEX_A,0.0024608218354548743,1.954308174118674,530,4181768.7849999997
MEDDL,RF,locked_test,base_estimator_positive_class_probability,RATCAT_A,code_8,WTFA_A,1,NOTCOV_A,0.027092995514028297,20.083385780272238,530,4181768.7849999997
MEDDL,RF,locked_test,base_estimator_positive_class_probability,RATCAT_A,code_8,WTFA_A,2,FDSCAT3_A,0.026665217956164017,19.766284567957683,530,4181768.7849999997
MEDDL,RF,locked_test,base_estimator_positive_class_probability,RATCAT_A,code_8,WTFA_A,3,AGEP_A,0.015137256517655977,11.22088408945461,530,4181768.7849999997
MEDDL,RF,locked_test,base_estimator_positive_class_probability,RATCAT_A,code_8,WTFA_A,4,EMPWRKLSW1_A,0.0136551761885436,10.122253596879334,530,4181768.7849999997
MEDDL,RF,locked_test,base_estimator_positive_class_probability,RATCAT_A,code_8,WTFA_A,5,RATCAT_A,0.010831987066332335,8.02949141992924,530,4181768.7849999997
MEDDL,RF,locked_test,base_estimator_positive_class_probability,RATCAT_A,code_8,WTFA_A,6,PHSTAT_A,0.0106158171552241,7.869249865368545,530,4181768.7849999997
MEDDL,RF,locked_test,base_estimator_positive_class_probability,RATCAT_A,code_8,WTFA_A,7,K6SPD_A,0.009304041792880115,6.896862347518415,530,4181768.7849999997
MEDDL,RF,locked_test,base_estimator_positive_class_probability,RATCAT_A,code_8,WTFA_A,8,DISAB3_A,0.005901924816162565,4.374954879676628,530,4181768.7849999997
MEDDL,RF,locked_test,base_estimator_positive_class_probability,RATCAT_A,code_8,WTFA_A,9,CHRONIC_BURDEN_CAT,0.005451933884371527,4.041387427672134,530,4181768.7849999997
MEDDL,RF,locked_test,base_estimator_positive_class_probability,RATCAT_A,code_8,WTFA_A,10,EDUCP_A,0.003999947273987673,2.9650646848056326,530,4181768.7849999997
MEDDL,RF,locked_test,base_estimator_positive_class_probability,RATCAT_A,code_8,WTFA_A,11,HISPALLP_A,0.003536806728689438,2.6217497406572834,530,4181768.7849999997
MEDDL,RF,locked_test,base_estimator_positive_class_probability,RATCAT_A,code_8,WTFA_A,12,SEX_A,0.002709425040138827,2.0084315998082523,530,4181768.7849999997
MEDDL,RF,locked_test,base_estimator_positive_class_probability,RATCAT_A,code_9,Unweighted,1,FDSCAT3_A,0.023653688278684908,20.397451480034878,531,4234911.856000001
MEDDL,RF,locked_test,base_estimator_positive_class_probability,RATCAT_A,code_9,Unweighted,2,NOTCOV_A,0.02291992478013599,19.764700038351286,531,4234911.856000001
MEDDL,RF,locked_test,base_estimator_positive_class_probability,RATCAT_A,code_9,Unweighted,3,AGEP_A,0.015608178770305911,13.459510644093335,531,4234911.856000001
MEDDL,RF,locked_test,base_estimator_positive_class_probability,RATCAT_A,code_9,Unweighted,4,EMPWRKLSW1_A,0.01232620399497515,10.629342238651343,531,4234911.856000001
MEDDL,RF,locked_test,base_estimator_positive_class_probability,RATCAT_A,code_9,Unweighted,5,K6SPD_A,0.00889876607519288,7.673735576133958,531,4234911.856000001
MEDDL,RF,locked_test,base_estimator_positive_class_probability,RATCAT_A,code_9,Unweighted,6,PHSTAT_A,0.007931555376900885,6.839673967773298,531,4234911.856000001
MEDDL,RF,locked_test,base_estimator_positive_class_probability,RATCAT_A,code_9,Unweighted,7,RATCAT_A,0.005808177402633633,5.008606495605738,531,4234911.856000001
MEDDL,RF,locked_test,base_estimator_positive_class_probability,RATCAT_A,code_9,Unweighted,8,DISAB3_A,0.005473187980655133,4.719732709808503,531,4234911.856000001
MEDDL,RF,locked_test,base_estimator_positive_class_probability,RATCAT_A,code_9,Unweighted,9,CHRONIC_BURDEN_CAT,0.004233380200964669,3.650600541799226,531,4234911.856000001
MEDDL,RF,locked_test,base_estimator_positive_class_probability,RATCAT_A,code_9,Unweighted,10,EDUCP_A,0.0033857064279689494,2.919620051489848,531,4234911.856000001
MEDDL,RF,locked_test,base_estimator_positive_class_probability,RATCAT_A,code_9,Unweighted,11,SEX_A,0.0031195352834649183,2.6900908152269873,531,4234911.856000001
MEDDL,RF,locked_test,base_estimator_positive_class_probability,RATCAT_A,code_9,Unweighted,12,HISPALLP_A,0.0026056348537714393,2.2469354410315936,531,4234911.856000001
MEDDL,RF,locked_test,base_estimator_positive_class_probability,RATCAT_A,code_9,WTFA_A,1,NOTCOV_A,0.02545221189338555,20.77491416940394,531,4234911.856000001
MEDDL,RF,locked_test,base_estimator_positive_class_probability,RATCAT_A,code_9,WTFA_A,2,FDSCAT3_A,0.024863981516693532,20.29478161201357,531,4234911.856000001
MEDDL,RF,locked_test,base_estimator_positive_class_probability,RATCAT_A,code_9,WTFA_A,3,AGEP_A,0.014872301462075565,12.13925090952174,531,4234911.856000001
MEDDL,RF,locked_test,base_estimator_positive_class_probability,RATCAT_A,code_9,WTFA_A,4,EMPWRKLSW1_A,0.012167743632130008,9.931703800505645,531,4234911.856000001
MEDDL,RF,locked_test,base_estimator_positive_class_probability,RATCAT_A,code_9,WTFA_A,5,K6SPD_A,0.010488403336949614,8.560972225594437,531,4234911.856000001
MEDDL,RF,locked_test,base_estimator_positive_class_probability,RATCAT_A,code_9,WTFA_A,6,PHSTAT_A,0.008618696981968339,7.034857748415364,531,4234911.856000001
MEDDL,RF,locked_test,base_estimator_positive_class_probability,RATCAT_A,code_9,WTFA_A,7,RATCAT_A,0.0061238103706382834,4.9984510333570675,531,4234911.856000001
MEDDL,RF,locked_test,base_estimator_positive_class_probability,RATCAT_A,code_9,WTFA_A,8,DISAB3_A,0.005554391665527927,4.533673167501133,531,4234911.856000001
MEDDL,RF,locked_test,base_estimator_positive_class_probability,RATCAT_A,code_9,WTFA_A,9,CHRONIC_BURDEN_CAT,0.004487018265204025,3.6624486597326524,531,4234911.856000001
MEDDL,RF,locked_test,base_estimator_positive_class_probability,RATCAT_A,code_9,WTFA_A,10,EDUCP_A,0.003748227504974246,3.059423873627087,531,4234911.856000001
MEDDL,RF,locked_test,base_estimator_positive_class_probability,RATCAT_A,code_9,WTFA_A,11,SEX_A,0.003291515964157047,2.6866412211646,531,4234911.856000001
MEDDL,RF,locked_test,base_estimator_positive_class_probability,RATCAT_A,code_9,WTFA_A,12,HISPALLP_A,0.0028458588889462315,2.322881579162784,531,4234911.856000001
MEDDL,RF,locked_test,base_estimator_positive_class_probability,NOTCOV_A,code_1,Unweighted,1,NOTCOV_A,0.13722712226058545,52.61700559834497,472,4745382.67
MEDDL,RF,locked_test,base_estimator_positive_class_probability,NOTCOV_A,code_1,Unweighted,2,FDSCAT3_A,0.033112260378007505,12.6962364362274,472,4745382.67
MEDDL,RF,locked_test,base_estimator_positive_class_probability,NOTCOV_A,code_1,Unweighted,3,PHSTAT_A,0.01778565376088366,6.819554531862615,472,4745382.67
MEDDL,RF,locked_test,base_estimator_positive_class_probability,NOTCOV_A,code_1,Unweighted,4,CHRONIC_BURDEN_CAT,0.016483647677636278,6.3203262434400465,472,4745382.67
MEDDL,RF,locked_test,base_estimator_positive_class_probability,NOTCOV_A,code_1,Unweighted,5,K6SPD_A,0.011411508998036649,4.375515735840198,472,4745382.67
MEDDL,RF,locked_test,base_estimator_positive_class_probability,NOTCOV_A,code_1,Unweighted,6,AGEP_A,0.010012638751280847,3.839146814067297,472,4745382.67
MEDDL,RF,locked_test,base_estimator_positive_class_probability,NOTCOV_A,code_1,Unweighted,7,EMPWRKLSW1_A,0.009966029553922659,3.821275446090396,472,4745382.67
MEDDL,RF,locked_test,base_estimator_positive_class_probability,NOTCOV_A,code_1,Unweighted,8,DISAB3_A,0.006623612343175468,2.5396921687268468,472,4745382.67
MEDDL,RF,locked_test,base_estimator_positive_class_probability,NOTCOV_A,code_1,Unweighted,9,RATCAT_A,0.005834420818763488,2.2370924043792537,472,4745382.67
MEDDL,RF,locked_test,base_estimator_positive_class_probability,NOTCOV_A,code_1,Unweighted,10,EDUCP_A,0.004799421987107054,1.8402427261054948,472,4745382.67
MEDDL,RF,locked_test,base_estimator_positive_class_probability,NOTCOV_A,code_1,Unweighted,11,HISPALLP_A,0.004416813181795672,1.6935390036969156,472,4745382.67
MEDDL,RF,locked_test,base_estimator_positive_class_probability,NOTCOV_A,code_1,Unweighted,12,SEX_A,0.0031306174805722075,1.2003728912185796,472,4745382.67
MEDDL,RF,locked_test,base_estimator_positive_class_probability,NOTCOV_A,code_1,WTFA_A,1,NOTCOV_A,0.13603282433389013,52.41284615512553,472,4745382.67
MEDDL,RF,locked_test,base_estimator_positive_class_probability,NOTCOV_A,code_1,WTFA_A,2,FDSCAT3_A,0.03423366811036934,13.190081061541274,472,4745382.67
MEDDL,RF,locked_test,base_estimator_positive_class_probability,NOTCOV_A,code_1,WTFA_A,3,PHSTAT_A,0.01725199788802568,6.647118558343192,472,4745382.67
MEDDL,RF,locked_test,base_estimator_positive_class_probability,NOTCOV_A,code_1,WTFA_A,4,CHRONIC_BURDEN_CAT,0.01603634121455215,6.178731413430065,472,4745382.67
MEDDL,RF,locked_test,base_estimator_positive_class_probability,NOTCOV_A,code_1,WTFA_A,5,K6SPD_A,0.011040918468559206,4.254017101662931,472,4745382.67
MEDDL,RF,locked_test,base_estimator_positive_class_probability,NOTCOV_A,code_1,WTFA_A,6,AGEP_A,0.009934270972457101,3.8276307111342125,472,4745382.67
MEDDL,RF,locked_test,base_estimator_positive_class_probability,NOTCOV_A,code_1,WTFA_A,7,EMPWRKLSW1_A,0.009876086637486169,3.8052125439572633,472,4745382.67
MEDDL,RF,locked_test,base_estimator_positive_class_probability,NOTCOV_A,code_1,WTFA_A,8,DISAB3_A,0.006755194630084564,2.6027466431596022,472,4745382.67
MEDDL,RF,locked_test,base_estimator_positive_class_probability,NOTCOV_A,code_1,WTFA_A,9,RATCAT_A,0.005757258779124891,2.2182463691621086,472,4745382.67
MEDDL,RF,locked_test,base_estimator_positive_class_probability,NOTCOV_A,code_1,WTFA_A,10,EDUCP_A,0.005112763719003286,1.9699252701971994,472,4745382.67
MEDDL,RF,locked_test,base_estimator_positive_class_probability,NOTCOV_A,code_1,WTFA_A,11,HISPALLP_A,0.004358050220040772,1.6791374937468069,472,4745382.67
MEDDL,RF,locked_test,base_estimator_positive_class_probability,NOTCOV_A,code_1,WTFA_A,12,SEX_A,0.0031516236802019483,1.2143066785398076,472,4745382.67
MEDDL,RF,locked_test,base_estimator_positive_class_probability,NOTCOV_A,code_2,Unweighted,1,FDSCAT3_A,0.02049240623333777,20.49492197623278,5928,45351602.004999995
MEDDL,RF,locked_test,base_estimator_positive_class_probability,NOTCOV_A,code_2,Unweighted,2,AGEP_A,0.014692430050358814,14.694233761259756,5928,45351602.004999995
MEDDL,RF,locked_test,base_estimator_positive_class_probability,NOTCOV_A,code_2,Unweighted,3,NOTCOV_A,0.01191129663913696,11.912758925193028,5928,45351602.004999995
MEDDL,RF,locked_test,base_estimator_positive_class_probability,NOTCOV_A,code_2,Unweighted,4,EMPWRKLSW1_A,0.011823394766376703,11.824846261190915,5928,45351602.004999995
MEDDL,RF,locked_test,base_estimator_positive_class_probability,NOTCOV_A,code_2,Unweighted,5,K6SPD_A,0.008457550843618726,8.458589131812008,5928,45351602.004999995
MEDDL,RF,locked_test,base_estimator_positive_class_probability,NOTCOV_A,code_2,Unweighted,6,PHSTAT_A,0.00779335964808684,7.79431639708643,5928,45351602.004999995
MEDDL,RF,locked_test,base_estimator_positive_class_probability,NOTCOV_A,code_2,Unweighted,7,RATCAT_A,0.0075082988991331655,7.50922065275224,5928,45351602.004999995
MEDDL,RF,locked_test,base_estimator_positive_class_probability,NOTCOV_A,code_2,Unweighted,8,DISAB3_A,0.005655732142013359,5.656426465939517,5928,45351602.004999995
MEDDL,RF,locked_test,base_estimator_positive_class_probability,NOTCOV_A,code_2,Unweighted,9,CHRONIC_BURDEN_CAT,0.0030980161781832116,3.0983965050272215,5928,45351602.004999995
MEDDL,RF,locked_test,base_estimator_positive_class_probability,NOTCOV_A,code_2,Unweighted,10,SEX_A,0.003025617635956257,3.0259890748192193,5928,45351602.004999995
MEDDL,RF,locked_test,base_estimator_positive_class_probability,NOTCOV_A,code_2,Unweighted,11,EDUCP_A,0.002889342935430456,2.889697644578727,5928,45351602.004999995
MEDDL,RF,locked_test,base_estimator_positive_class_probability,NOTCOV_A,code_2,Unweighted,12,HISPALLP_A,0.0026402790711957734,2.6406032041081593,5928,45351602.004999995
MEDDL,RF,locked_test,base_estimator_positive_class_probability,NOTCOV_A,code_2,WTFA_A,1,FDSCAT3_A,0.02090361933063183,20.833475708920314,5928,45351602.004999995
MEDDL,RF,locked_test,base_estimator_positive_class_probability,NOTCOV_A,code_2,WTFA_A,2,AGEP_A,0.013782407358103715,13.736159483383561,5928,45351602.004999995
MEDDL,RF,locked_test,base_estimator_positive_class_probability,NOTCOV_A,code_2,WTFA_A,3,NOTCOV_A,0.01179052655128367,11.750962578121335,5928,45351602.004999995
MEDDL,RF,locked_test,base_estimator_positive_class_probability,NOTCOV_A,code_2,WTFA_A,4,EMPWRKLSW1_A,0.011554140950469695,11.51537018645929,5928,45351602.004999995
MEDDL,RF,locked_test,base_estimator_positive_class_probability,NOTCOV_A,code_2,WTFA_A,5,K6SPD_A,0.00844622002774951,8.417878119434594,5928,45351602.004999995
MEDDL,RF,locked_test,base_estimator_positive_class_probability,NOTCOV_A,code_2,WTFA_A,6,PHSTAT_A,0.008313816832594205,8.285919212872928,5928,45351602.004999995
MEDDL,RF,locked_test,base_estimator_positive_class_probability,NOTCOV_A,code_2,WTFA_A,7,RATCAT_A,0.007702421812772825,7.676575773704081,5928,45351602.004999995
MEDDL,RF,locked_test,base_estimator_positive_class_probability,NOTCOV_A,code_2,WTFA_A,8,DISAB3_A,0.005651207418205378,5.6322443788825645,5928,45351602.004999995
MEDDL,RF,locked_test,base_estimator_positive_class_probability,NOTCOV_A,code_2,WTFA_A,9,SEX_A,0.0031937736160462097,3.1830566753665694,5928,45351602.004999995
MEDDL,RF,locked_test,base_estimator_positive_class_probability,NOTCOV_A,code_2,WTFA_A,10,CHRONIC_BURDEN_CAT,0.0031686553851012064,3.1580227304804342,5928,45351602.004999995
MEDDL,RF,locked_test,base_estimator_positive_class_probability,NOTCOV_A,code_2,WTFA_A,11,EDUCP_A,0.002997385629782085,2.987327683336855,5928,45351602.004999995
MEDDL,RF,locked_test,base_estimator_positive_class_probability,NOTCOV_A,code_2,WTFA_A,12,HISPALLP_A,0.0028325121705459325,2.8230074690374773,5928,45351602.004999995
MEDDL,RF,locked_test,base_estimator_positive_class_probability,SEX_A,code_1,Unweighted,1,NOTCOV_A,0.022710647260191806,20.794378258794815,2958,24662417.391999997
MEDDL,RF,locked_test,base_estimator_positive_class_probability,SEX_A,code_1,Unweighted,2,FDSCAT3_A,0.019813462777575928,18.14165113363596,2958,24662417.391999997
MEDDL,RF,locked_test,base_estimator_positive_class_probability,SEX_A,code_1,Unweighted,3,AGEP_A,0.013680563123822414,12.526230588272552,2958,24662417.391999997
MEDDL,RF,locked_test,base_estimator_positive_class_probability,SEX_A,code_1,Unweighted,4,EMPWRKLSW1_A,0.010698406799097731,9.795701337709103,2958,24662417.391999997
MEDDL,RF,locked_test,base_estimator_positive_class_probability,SEX_A,code_1,Unweighted,5,PHSTAT_A,0.008571689861814636,7.8484315863635485,2958,24662417.391999997
MEDDL,RF,locked_test,base_estimator_positive_class_probability,SEX_A,code_1,Unweighted,6,RATCAT_A,0.007784475274299173,7.127640244923842,2958,24662417.391999997
MEDDL,RF,locked_test,base_estimator_positive_class_probability,SEX_A,code_1,Unweighted,7,K6SPD_A,0.007452005089998822,6.823223083541083,2958,24662417.391999997
MEDDL,RF,locked_test,base_estimator_positive_class_probability,SEX_A,code_1,Unweighted,8,DISAB3_A,0.005460847274916512,5.000074306431888,2958,24662417.391999997
MEDDL,RF,locked_test,base_estimator_positive_class_probability,SEX_A,code_1,Unweighted,9,CHRONIC_BURDEN_CAT,0.0042598480179889455,3.9004124363424846,2958,24662417.391999997
MEDDL,RF,locked_test,base_estimator_positive_class_probability,SEX_A,code_1,Unweighted,10,SEX_A,0.0032456026843770175,2.9717466492025264,2958,24662417.391999997
MEDDL,RF,locked_test,base_estimator_positive_class_probability,SEX_A,code_1,Unweighted,11,EDUCP_A,0.0029035766041298305,2.6585798950563544,2958,24662417.391999997
MEDDL,RF,locked_test,base_estimator_positive_class_probability,SEX_A,code_1,Unweighted,12,HISPALLP_A,0.0026341976499341295,2.4119304797258354,2958,24662417.391999997
MEDDL,RF,locked_test,base_estimator_positive_class_probability,SEX_A,code_1,WTFA_A,1,NOTCOV_A,0.025084724497822834,22.11277947263209,2958,24662417.391999997
MEDDL,RF,locked_test,base_estimator_positive_class_probability,SEX_A,code_1,WTFA_A,2,FDSCAT3_A,0.02070149449118207,18.248858283340848,2958,24662417.391999997
MEDDL,RF,locked_test,base_estimator_positive_class_probability,SEX_A,code_1,WTFA_A,3,AGEP_A,0.012889676717898663,11.362555676509485,2958,24662417.391999997
MEDDL,RF,locked_test,base_estimator_positive_class_probability,SEX_A,code_1,WTFA_A,4,EMPWRKLSW1_A,0.01049149980472485,9.248505860177131,2958,24662417.391999997
MEDDL,RF,locked_test,base_estimator_positive_class_probability,SEX_A,code_1,WTFA_A,5,PHSTAT_A,0.009194760785452416,8.105399665440277,2958,24662417.391999997
MEDDL,RF,locked_test,base_estimator_positive_class_probability,SEX_A,code_1,WTFA_A,6,RATCAT_A,0.007856708638418336,6.925874968933663,2958,24662417.391999997
MEDDL,RF,locked_test,base_estimator_positive_class_probability,SEX_A,code_1,WTFA_A,7,K6SPD_A,0.007850558759847543,6.920453705142977,2958,24662417.391999997
MEDDL,RF,locked_test,base_estimator_positive_class_probability,SEX_A,code_1,WTFA_A,8,DISAB3_A,0.005503956787693677,4.851868422303387,2958,24662417.391999997
MEDDL,RF,locked_test,base_estimator_positive_class_probability,SEX_A,code_1,WTFA_A,9,CHRONIC_BURDEN_CAT,0.004517174299517305,3.9819962596494527,2958,24662417.391999997
MEDDL,RF,locked_test,base_estimator_positive_class_probability,SEX_A,code_1,WTFA_A,10,SEX_A,0.003402426629384449,2.9993197546945063,2958,24662417.391999997
MEDDL,RF,locked_test,base_estimator_positive_class_probability,SEX_A,code_1,WTFA_A,11,EDUCP_A,0.003091067633237316,2.7248494164127672,2958,24662417.391999997
MEDDL,RF,locked_test,base_estimator_positive_class_probability,SEX_A,code_1,WTFA_A,12,HISPALLP_A,0.002855894263932678,2.5175385147634115,2958,24662417.391999997
MEDDL,RF,locked_test,base_estimator_positive_class_probability,SEX_A,code_2,Unweighted,1,FDSCAT3_A,0.022748371503238274,19.89605995064597,3460,25603154.915
MEDDL,RF,locked_test,base_estimator_positive_class_probability,SEX_A,code_2,Unweighted,2,NOTCOV_A,0.020071013244493847,17.554403080054012,3460,25603154.915
MEDDL,RF,locked_test,base_estimator_positive_class_probability,SEX_A,code_2,Unweighted,3,AGEP_A,0.014902669429575343,13.034093642847447,3460,25603154.915
MEDDL,RF,locked_test,base_estimator_positive_class_probability,SEX_A,code_2,Unweighted,4,EMPWRKLSW1_A,0.012515181956653137,10.94596202050628,3460,25603154.915
MEDDL,RF,locked_test,base_estimator_positive_class_probability,SEX_A,code_2,Unweighted,5,K6SPD_A,0.009698126076321784,8.48212355754581,3460,25603154.915
MEDDL,RF,locked_test,base_estimator_positive_class_probability,SEX_A,code_2,Unweighted,6,PHSTAT_A,0.008537256110719352,7.466809629371109,3460,25603154.915
MEDDL,RF,locked_test,base_estimator_positive_class_probability,SEX_A,code_2,Unweighted,7,RATCAT_A,0.00702962718342109,6.148215218488364,3460,25603154.915
MEDDL,RF,locked_test,base_estimator_positive_class_probability,SEX_A,code_2,Unweighted,8,DISAB3_A,0.005963427667799298,5.2157014568267375,3460,25603154.915
MEDDL,RF,locked_test,base_estimator_positive_class_probability,SEX_A,code_2,Unweighted,9,CHRONIC_BURDEN_CAT,0.003981621566482522,3.482384722627035,3460,25603154.915
MEDDL,RF,locked_test,base_estimator_positive_class_probability,SEX_A,code_2,Unweighted,10,EDUCP_A,0.0031397827273324398,2.746100105060984,3460,25603154.915
MEDDL,RF,locked_test,base_estimator_positive_class_probability,SEX_A,code_2,Unweighted,11,HISPALLP_A,0.00289936139186783,2.5358240726365397,3460,25603154.915
MEDDL,RF,locked_test,base_estimator_positive_class_probability,SEX_A,code_2,Unweighted,12,SEX_A,0.002849623456280553,2.492322543389712,3460,25603154.915
MEDDL,RF,locked_test,base_estimator_positive_class_probability,SEX_A,code_2,WTFA_A,1,FDSCAT3_A,0.023512764858258792,19.997516556253192,3460,25603154.915
MEDDL,RF,locked_test,base_estimator_positive_class_probability,SEX_A,code_2,WTFA_A,2,NOTCOV_A,0.022368752095878904,19.024538078640376,3460,25603154.915
MEDDL,RF,locked_test,base_estimator_positive_class_probability,SEX_A,code_2,WTFA_A,3,AGEP_A,0.013904514743616958,11.825736593222485,3460,25603154.915
MEDDL,RF,locked_test,base_estimator_positive_class_probability,SEX_A,code_2,WTFA_A,4,EMPWRKLSW1_A,0.012251048739797085,10.419470082843311,3460,25603154.915
MEDDL,RF,locked_test,base_estimator_positive_class_probability,SEX_A,code_2,WTFA_A,5,K6SPD_A,0.009475969391512217,8.059275714091708,3460,25603154.915
MEDDL,RF,locked_test,base_estimator_positive_class_probability,SEX_A,code_2,WTFA_A,6,PHSTAT_A,0.00917211450916821,7.800848299153377,3460,25603154.915
MEDDL,RF,locked_test,base_estimator_positive_class_probability,SEX_A,code_2,WTFA_A,7,RATCAT_A,0.00717303621025876,6.100639854052267,3460,25603154.915
MEDDL,RF,locked_test,base_estimator_positive_class_probability,SEX_A,code_2,WTFA_A,8,DISAB3_A,0.006005052361042521,5.10727405879429,3460,25603154.915
MEDDL,RF,locked_test,base_estimator_positive_class_probability,SEX_A,code_2,WTFA_A,9,CHRONIC_BURDEN_CAT,0.004318256619426486,3.672660733933183,3460,25603154.915
MEDDL,RF,locked_test,base_estimator_positive_class_probability,SEX_A,code_2,WTFA_A,10,EDUCP_A,0.0033057187306159384,2.811501133291388,3460,25603154.915
MEDDL,RF,locked_test,base_estimator_positive_class_probability,SEX_A,code_2,WTFA_A,11,HISPALLP_A,0.0031099224340260206,2.6449771321237985,3460,25603154.915
MEDDL,RF,locked_test,base_estimator_positive_class_probability,SEX_A,code_2,WTFA_A,12,SEX_A,0.002981273567816651,2.5355617636006262,3460,25603154.915
MEDDL,RF,locked_test,base_estimator_positive_class_probability,AGE_GROUP,18-34,Unweighted,1,NOTCOV_A,0.028812149551338498,22.14614570736899,1296,14130183.015999999
MEDDL,RF,locked_test,base_estimator_positive_class_probability,AGE_GROUP,18-34,Unweighted,2,FDSCAT3_A,0.027150642568400243,20.869046417279673,1296,14130183.015999999
MEDDL,RF,locked_test,base_estimator_positive_class_probability,AGE_GROUP,18-34,Unweighted,3,AGEP_A,0.012757746970102055,9.806103595089105,1296,14130183.015999999
MEDDL,RF,locked_test,base_estimator_positive_class_probability,AGE_GROUP,18-34,Unweighted,4,EMPWRKLSW1_A,0.011006235146332892,8.45982306200165,1296,14130183.015999999
MEDDL,RF,locked_test,base_estimator_positive_class_probability,AGE_GROUP,18-34,Unweighted,5,K6SPD_A,0.010932259862401822,8.402962763752733,1296,14130183.015999999
MEDDL,RF,locked_test,base_estimator_positive_class_probability,AGE_GROUP,18-34,Unweighted,6,PHSTAT_A,0.01048438686271378,8.058710048702288,1296,14130183.015999999
MEDDL,RF,locked_test,base_estimator_positive_class_probability,AGE_GROUP,18-34,Unweighted,7,RATCAT_A,0.007471309175632384,5.742740621748267,1296,14130183.015999999
MEDDL,RF,locked_test,base_estimator_positive_class_probability,AGE_GROUP,18-34,Unweighted,8,DISAB3_A,0.0058618097177982375,4.505616350766183,1296,14130183.015999999
MEDDL,RF,locked_test,base_estimator_positive_class_probability,AGE_GROUP,18-34,Unweighted,9,CHRONIC_BURDEN_CAT,0.004831563009108251,3.7137284118072573,1296,14130183.015999999
MEDDL,RF,locked_test,base_estimator_positive_class_probability,AGE_GROUP,18-34,Unweighted,10,SEX_A,0.003862767817168263,2.969074513524796,1296,14130183.015999999
MEDDL,RF,locked_test,base_estimator_positive_class_probability,AGE_GROUP,18-34,Unweighted,11,HISPALLP_A,0.0035383157523372383,2.7196879590783296,1296,14130183.015999999
MEDDL,RF,locked_test,base_estimator_positive_class_probability,AGE_GROUP,18-34,Unweighted,12,EDUCP_A,0.00339087672010002,2.6063605488807378,1296,14130183.015999999
MEDDL,RF,locked_test,base_estimator_positive_class_probability,AGE_GROUP,18-34,WTFA_A,1,NOTCOV_A,0.028515903321178558,22.124916406982823,1296,14130183.015999999
MEDDL,RF,locked_test,base_estimator_positive_class_probability,AGE_GROUP,18-34,WTFA_A,2,FDSCAT3_A,0.026709095096630442,20.723050210379238,1296,14130183.015999999
MEDDL,RF,locked_test,base_estimator_positive_class_probability,AGE_GROUP,18-34,WTFA_A,3,AGEP_A,0.012488999628413327,9.689963865891807,1296,14130183.015999999
MEDDL,RF,locked_test,base_estimator_positive_class_probability,AGE_GROUP,18-34,WTFA_A,4,EMPWRKLSW1_A,0.010865490433726616,8.430315703466809,1296,14130183.015999999
MEDDL,RF,locked_test,base_estimator_positive_class_probability,AGE_GROUP,18-34,WTFA_A,5,K6SPD_A,0.010863091148318961,8.428454146128683,1296,14130183.015999999
MEDDL,RF,locked_test,base_estimator_positive_class_probability,AGE_GROUP,18-34,WTFA_A,6,PHSTAT_A,0.010659608476866008,8.270576029996112,1296,14130183.015999999
MEDDL,RF,locked_test,base_estimator_positive_class_probability,AGE_GROUP,18-34,WTFA_A,7,RATCAT_A,0.0073449045847394775,5.6987638835882235,1296,14130183.015999999
MEDDL,RF,locked_test,base_estimator_positive_class_probability,AGE_GROUP,18-34,WTFA_A,8,DISAB3_A,0.006092383850047147,4.726958212873276,1296,14130183.015999999
MEDDL,RF,locked_test,base_estimator_positive_class_probability,AGE_GROUP,18-34,WTFA_A,9,CHRONIC_BURDEN_CAT,0.004723865560134826,3.6651523698421813,1296,14130183.015999999
MEDDL,RF,locked_test,base_estimator_positive_class_probability,AGE_GROUP,18-34,WTFA_A,10,SEX_A,0.003830899505241307,2.9723179505264476,1296,14130183.015999999
MEDDL,RF,locked_test,base_estimator_positive_class_probability,AGE_GROUP,18-34,WTFA_A,11,EDUCP_A,0.0034065845451973246,2.643100498935741,1296,14130183.015999999
MEDDL,RF,locked_test,base_estimator_positive_class_probability,AGE_GROUP,18-34,WTFA_A,12,HISPALLP_A,0.0033850995480938745,2.626430721388661,1296,14130183.015999999
MEDDL,RF,locked_test,base_estimator_positive_class_probability,AGE_GROUP,35-49,Unweighted,1,FDSCAT3_A,0.024771547924120153,20.48815050689207,1424,12578947.664
MEDDL,RF,locked_test,base_estimator_positive_class_probability,AGE_GROUP,35-49,Unweighted,2,NOTCOV_A,0.024382143113943305,20.166080025731603,1424,12578947.664
MEDDL,RF,locked_test,base_estimator_positive_class_probability,AGE_GROUP,35-49,Unweighted,3,AGEP_A,0.011758280647953725,9.725085584295755,1424,12578947.664
MEDDL,RF,locked_test,base_estimator_positive_class_probability,AGE_GROUP,35-49,Unweighted,4,EMPWRKLSW1_A,0.011108598545555955,9.187743923761136,1424,12578947.664
MEDDL,RF,locked_test,base_estimator_positive_class_probability,AGE_GROUP,35-49,Unweighted,5,PHSTAT_A,0.010201882218905289,8.437813373422507,1424,12578947.664
MEDDL,RF,locked_test,base_estimator_positive_class_probability,AGE_GROUP,35-49,Unweighted,6,K6SPD_A,0.009534892608295863,7.8861569500710536,1424,12578947.664
MEDDL,RF,locked_test,base_estimator_positive_class_probability,AGE_GROUP,35-49,Unweighted,7,RATCAT_A,0.008624810219784815,7.13344238388399,1424,12578947.664
MEDDL,RF,locked_test,base_estimator_positive_class_probability,AGE_GROUP,35-49,Unweighted,8,DISAB3_A,0.00544375006943141,4.502438486527335,1424,12578947.664
MEDDL,RF,locked_test,base_estimator_positive_class_probability,AGE_GROUP,35-49,Unweighted,9,CHRONIC_BURDEN_CAT,0.004728564880590503,3.910920272398898,1424,12578947.664
MEDDL,RF,locked_test,base_estimator_positive_class_probability,AGE_GROUP,35-49,Unweighted,10,SEX_A,0.0035900762879081294,2.9692945932646504,1424,12578947.664
MEDDL,RF,locked_test,base_estimator_positive_class_probability,AGE_GROUP,35-49,Unweighted,11,HISPALLP_A,0.003468103346608064,2.868412727231129,1424,12578947.664
MEDDL,RF,locked_test,base_estimator_positive_class_probability,AGE_GROUP,35-49,Unweighted,12,EDUCP_A,0.0032940562633888074,2.7244611725198635,1424,12578947.664
MEDDL,RF,locked_test,base_estimator_positive_class_probability,AGE_GROUP,35-49,WTFA_A,1,NOTCOV_A,0.025931487215149377,21.039976180743682,1424,12578947.664
MEDDL,RF,locked_test,base_estimator_positive_class_probability,AGE_GROUP,35-49,WTFA_A,2,FDSCAT3_A,0.025023174277265376,20.30300022486499,1424,12578947.664
MEDDL,RF,locked_test,base_estimator_positive_class_probability,AGE_GROUP,35-49,WTFA_A,3,AGEP_A,0.011756910125574357,9.53917941338575,1424,12578947.664
MEDDL,RF,locked_test,base_estimator_positive_class_probability,AGE_GROUP,35-49,WTFA_A,4,EMPWRKLSW1_A,0.011181307655738226,9.0721540494161,1424,12578947.664
MEDDL,RF,locked_test,base_estimator_positive_class_probability,AGE_GROUP,35-49,WTFA_A,5,PHSTAT_A,0.01038604418759572,8.426902803766033,1424,12578947.664
MEDDL,RF,locked_test,base_estimator_positive_class_probability,AGE_GROUP,35-49,WTFA_A,6,K6SPD_A,0.009563251708030409,7.759315402082582,1424,12578947.664
MEDDL,RF,locked_test,base_estimator_positive_class_probability,AGE_GROUP,35-49,WTFA_A,7,RATCAT_A,0.008446662933353378,6.8533511190481065,1424,12578947.664
MEDDL,RF,locked_test,base_estimator_positive_class_probability,AGE_GROUP,35-49,WTFA_A,8,DISAB3_A,0.005379876907890383,4.36505939895413,1424,12578947.664
MEDDL,RF,locked_test,base_estimator_positive_class_probability,AGE_GROUP,35-49,WTFA_A,9,CHRONIC_BURDEN_CAT,0.004931202001349577,4.001018984758334,1424,12578947.664
MEDDL,RF,locked_test,base_estimator_positive_class_probability,AGE_GROUP,35-49,WTFA_A,10,SEX_A,0.0035741108468868763,2.899918792235933,1424,12578947.664
MEDDL,RF,locked_test,base_estimator_positive_class_probability,AGE_GROUP,35-49,WTFA_A,11,HISPALLP_A,0.0035694171999318537,2.8961105177889195,1424,12578947.664
MEDDL,RF,locked_test,base_estimator_positive_class_probability,AGE_GROUP,35-49,WTFA_A,12,EDUCP_A,0.0035052078502739964,2.84401311295542,1424,12578947.664
MEDDL,RF,locked_test,base_estimator_positive_class_probability,AGE_GROUP,50-64,Unweighted,1,NOTCOV_A,0.02397128647209045,21.11223627263786,1524,11722892.652
MEDDL,RF,locked_test,base_estimator_positive_class_probability,AGE_GROUP,50-64,Unweighted,2,FDSCAT3_A,0.021849859839626024,19.243831739914853,1524,11722892.652
MEDDL,RF,locked_test,base_estimator_positive_class_probability,AGE_GROUP,50-64,Unweighted,3,EMPWRKLSW1_A,0.011619246957032982,10.233421862970058,1524,11722892.652
MEDDL,RF,locked_test,base_estimator_positive_class_probability,AGE_GROUP,50-64,Unweighted,4,PHSTAT_A,0.009442487581893855,8.316284111930987,1524,11722892.652
MEDDL,RF,locked_test,base_estimator_positive_class_probability,AGE_GROUP,50-64,Unweighted,5,AGEP_A,0.009172271965140163,8.078297053868724,1524,11722892.652
MEDDL,RF,locked_test,base_estimator_positive_class_probability,AGE_GROUP,50-64,Unweighted,6,K6SPD_A,0.008448668171432925,7.440997329537656,1524,11722892.652
MEDDL,RF,locked_test,base_estimator_positive_class_probability,AGE_GROUP,50-64,Unweighted,7,RATCAT_A,0.00839996194538133,7.398100284627405,1524,11722892.652
MEDDL,RF,locked_test,base_estimator_positive_class_probability,AGE_GROUP,50-64,Unweighted,8,DISAB3_A,0.006307127530219756,5.554877781578077,1524,11722892.652
MEDDL,RF,locked_test,base_estimator_positive_class_probability,AGE_GROUP,50-64,Unweighted,9,CHRONIC_BURDEN_CAT,0.0049214767087670435,4.334493236595697,1524,11722892.652
MEDDL,RF,locked_test,base_estimator_positive_class_probability,AGE_GROUP,50-64,Unweighted,10,EDUCP_A,0.003276162355362692,2.8854151734605296,1524,11722892.652
MEDDL,RF,locked_test,base_estimator_positive_class_probability,AGE_GROUP,50-64,Unweighted,11,SEX_A,0.0031375853795388457,2.763366243840211,1524,11722892.652
MEDDL,RF,locked_test,base_estimator_positive_class_probability,AGE_GROUP,50-64,Unweighted,12,HISPALLP_A,0.002996012701808813,2.638678909037949,1524,11722892.652
MEDDL,RF,locked_test,base_estimator_positive_class_probability,AGE_GROUP,50-64,WTFA_A,1,NOTCOV_A,0.025962848026678684,23.061006938644635,1524,11722892.652
MEDDL,RF,locked_test,base_estimator_positive_class_probability,AGE_GROUP,50-64,WTFA_A,2,FDSCAT3_A,0.020458124920762898,18.17154112925435,1524,11722892.652
MEDDL,RF,locked_test,base_estimator_positive_class_probability,AGE_GROUP,50-64,WTFA_A,3,EMPWRKLSW1_A,0.011172212416457024,9.92350561044694,1524,11722892.652
MEDDL,RF,locked_test,base_estimator_positive_class_probability,AGE_GROUP,50-64,WTFA_A,4,PHSTAT_A,0.009472287402553427,8.413579484448606,1524,11722892.652
MEDDL,RF,locked_test,base_estimator_positive_class_probability,AGE_GROUP,50-64,WTFA_A,5,AGEP_A,0.009138148515500807,8.116786960574746,1524,11722892.652
MEDDL,RF,locked_test,base_estimator_positive_class_probability,AGE_GROUP,50-64,WTFA_A,6,RATCAT_A,0.008441860148678723,7.498322035537176,1524,11722892.652
MEDDL,RF,locked_test,base_estimator_positive_class_probability,AGE_GROUP,50-64,WTFA_A,7,K6SPD_A,0.007319099349418744,6.501051067592261,1524,11722892.652
MEDDL,RF,locked_test,base_estimator_positive_class_probability,AGE_GROUP,50-64,WTFA_A,8,DISAB3_A,0.005960140648314314,5.29398179679047,1524,11722892.652
MEDDL,RF,locked_test,base_estimator_positive_class_probability,AGE_GROUP,50-64,WTFA_A,9,CHRONIC_BURDEN_CAT,0.005167674143237832,4.590088466080632,1524,11722892.652
MEDDL,RF,locked_test,base_estimator_positive_class_probability,AGE_GROUP,50-64,WTFA_A,10,EDUCP_A,0.003331583782317852,2.9592160552555686,1524,11722892.652
MEDDL,RF,locked_test,base_estimator_positive_class_probability,AGE_GROUP,50-64,WTFA_A,11,SEX_A,0.003107596496573429,2.7602636003703216,1524,11722892.652
MEDDL,RF,locked_test,base_estimator_positive_class_probability,AGE_GROUP,50-64,WTFA_A,12,HISPALLP_A,0.0030517475739976247,2.7106568550042893,1524,11722892.652
MEDDL,RF,locked_test,base_estimator_positive_class_probability,AGE_GROUP,65+,Unweighted,1,AGEP_A,0.02065789483613292,21.915528067588443,2161,11750131.791
MEDDL,RF,locked_test,base_estimator_positive_class_probability,AGE_GROUP,65+,Unweighted,2,FDSCAT3_A,0.015494967892023351,16.438286981210506,2161,11750131.791
MEDDL,RF,locked_test,base_estimator_positive_class_probability,AGE_GROUP,65+,Unweighted,3,NOTCOV_A,0.012827373215134689,13.608291646349619,2161,11750131.791
MEDDL,RF,locked_test,base_estimator_positive_class_probability,AGE_GROUP,65+,Unweighted,4,EMPWRKLSW1_A,0.012512153720559424,13.273881885063968,2161,11750131.791
MEDDL,RF,locked_test,base_estimator_positive_class_probability,AGE_GROUP,65+,Unweighted,5,K6SPD_A,0.006898298938706988,7.318260897786083,2161,11750131.791
MEDDL,RF,locked_test,base_estimator_positive_class_probability,AGE_GROUP,65+,Unweighted,6,RATCAT_A,0.005773754323266685,6.125255062562707,2161,11750131.791
MEDDL,RF,locked_test,base_estimator_positive_class_probability,AGE_GROUP,65+,Unweighted,7,PHSTAT_A,0.005692576471089494,6.039135179004001,2161,11750131.791
MEDDL,RF,locked_test,base_estimator_positive_class_probability,AGE_GROUP,65+,Unweighted,8,DISAB3_A,0.005438839575097313,5.7699510191459975,2161,11750131.791
MEDDL,RF,locked_test,base_estimator_positive_class_probability,AGE_GROUP,65+,Unweighted,9,CHRONIC_BURDEN_CAT,0.002694227764303164,2.8582498196178805,2161,11750131.791
MEDDL,RF,locked_test,base_estimator_positive_class_probability,AGE_GROUP,65+,Unweighted,10,EDUCP_A,0.0024742851241553935,2.6249172781535397,2161,11750131.791
MEDDL,RF,locked_test,base_estimator_positive_class_probability,AGE_GROUP,65+,Unweighted,11,SEX_A,0.0020934487742400682,2.2208959690156513,2161,11750131.791
MEDDL,RF,locked_test,base_estimator_positive_class_probability,AGE_GROUP,65+,Unweighted,12,HISPALLP_A,0.0017036307545660414,1.807346194501594,2161,11750131.791
MEDDL,RF,locked_test,base_estimator_positive_class_probability,AGE_GROUP,65+,WTFA_A,1,AGEP_A,0.020536333882052147,21.762058281273532,2161,11750131.791
MEDDL,RF,locked_test,base_estimator_positive_class_probability,AGE_GROUP,65+,WTFA_A,2,FDSCAT3_A,0.015320547357913578,16.234964157614776,2161,11750131.791
MEDDL,RF,locked_test,base_estimator_positive_class_probability,AGE_GROUP,65+,WTFA_A,3,NOTCOV_A,0.01330031523101822,14.094153166728963,2161,11750131.791
MEDDL,RF,locked_test,base_estimator_positive_class_probability,AGE_GROUP,65+,WTFA_A,4,EMPWRKLSW1_A,0.0124512222814775,13.19438155412032,2161,11750131.791
MEDDL,RF,locked_test,base_estimator_positive_class_probability,AGE_GROUP,65+,WTFA_A,5,K6SPD_A,0.006487072720803587,6.874257861008264,2161,11750131.791
MEDDL,RF,locked_test,base_estimator_positive_class_probability,AGE_GROUP,65+,WTFA_A,6,PHSTAT_A,0.0058660805342440935,6.21620135327229,2161,11750131.791
MEDDL,RF,locked_test,base_estimator_positive_class_probability,AGE_GROUP,65+,WTFA_A,7,RATCAT_A,0.005758376141322125,6.102068553845733,2161,11750131.791
MEDDL,RF,locked_test,base_estimator_positive_class_probability,AGE_GROUP,65+,WTFA_A,8,DISAB3_A,0.005511178329483196,5.840116580375749,2161,11750131.791
MEDDL,RF,locked_test,base_estimator_positive_class_probability,AGE_GROUP,65+,WTFA_A,9,CHRONIC_BURDEN_CAT,0.0027487260580261632,2.9127855544995236,2161,11750131.791
MEDDL,RF,locked_test,base_estimator_positive_class_probability,AGE_GROUP,65+,WTFA_A,10,EDUCP_A,0.0024935661095589826,2.6423962191156436,2161,11750131.791
MEDDL,RF,locked_test,base_estimator_positive_class_probability,AGE_GROUP,65+,WTFA_A,11,SEX_A,0.002086503543479172,2.211037859924982,2161,11750131.791
MEDDL,RF,locked_test,base_estimator_positive_class_probability,AGE_GROUP,65+,WTFA_A,12,HISPALLP_A,0.0018076859505363175,1.9155788582202207,2161,11750131.791
MEDDL,XGBoost,locked_test,base_estimator_raw_margin_log_odds,HISPALLP_A,code_1,Unweighted,1,HISPALLP_A,0.938567456711248,25.660658118931025,935,9079677.384
MEDDL,XGBoost,locked_test,base_estimator_raw_margin_log_odds,HISPALLP_A,code_1,Unweighted,2,K6SPD_A,0.6410472969706345,17.526385991762634,935,9079677.384
MEDDL,XGBoost,locked_test,base_estimator_raw_margin_log_odds,HISPALLP_A,code_1,Unweighted,3,RATCAT_A,0.5215067625279852,14.25811926916004,935,9079677.384
MEDDL,XGBoost,locked_test,base_estimator_raw_margin_log_odds,HISPALLP_A,code_1,Unweighted,4,NOTCOV_A,0.5085512686839556,13.903912977522298,935,9079677.384
MEDDL,XGBoost,locked_test,base_estimator_raw_margin_log_odds,HISPALLP_A,code_1,Unweighted,5,FDSCAT3_A,0.2626092315795906,7.179799024836891,935,9079677.384
MEDDL,XGBoost,locked_test,base_estimator_raw_margin_log_odds,HISPALLP_A,code_1,Unweighted,6,DISAB3_A,0.2371477354073867,6.483675646810582,935,9079677.384
MEDDL,XGBoost,locked_test,base_estimator_raw_margin_log_odds,HISPALLP_A,code_1,Unweighted,7,AGEP_A,0.19507172073631043,5.333307370389738,935,9079677.384
MEDDL,XGBoost,locked_test,base_estimator_raw_margin_log_odds,HISPALLP_A,code_1,Unweighted,8,EDUCP_A,0.16058426778327753,4.390412181245376,935,9079677.384
MEDDL,XGBoost,locked_test,base_estimator_raw_margin_log_odds,HISPALLP_A,code_1,Unweighted,9,SEX_A,0.07463044250872046,2.0404140978755314,935,9079677.384
MEDDL,XGBoost,locked_test,base_estimator_raw_margin_log_odds,HISPALLP_A,code_1,Unweighted,10,PHSTAT_A,0.05178310735260739,1.4157625055179874,935,9079677.384
MEDDL,XGBoost,locked_test,base_estimator_raw_margin_log_odds,HISPALLP_A,code_1,Unweighted,11,CHRONIC_BURDEN_CAT,0.04618470865326067,1.2627009498352604,935,9079677.384
MEDDL,XGBoost,locked_test,base_estimator_raw_margin_log_odds,HISPALLP_A,code_1,Unweighted,12,EMPWRKLSW1_A,0.019928570338748994,0.5448518661126288,935,9079677.384
MEDDL,XGBoost,locked_test,base_estimator_raw_margin_log_odds,HISPALLP_A,code_1,WTFA_A,1,HISPALLP_A,0.9505279526497575,25.947707898981417,935,9079677.384
MEDDL,XGBoost,locked_test,base_estimator_raw_margin_log_odds,HISPALLP_A,code_1,WTFA_A,2,K6SPD_A,0.6409964122287928,17.498052132440925,935,9079677.384
MEDDL,XGBoost,locked_test,base_estimator_raw_margin_log_odds,HISPALLP_A,code_1,WTFA_A,3,RATCAT_A,0.524329522875294,14.313255348728848,935,9079677.384
MEDDL,XGBoost,locked_test,base_estimator_raw_margin_log_odds,HISPALLP_A,code_1,WTFA_A,4,NOTCOV_A,0.510587404485616,13.938120169490228,935,9079677.384
MEDDL,XGBoost,locked_test,base_estimator_raw_margin_log_odds,HISPALLP_A,code_1,WTFA_A,5,FDSCAT3_A,0.2587479220192566,7.0633540879128445,935,9079677.384
MEDDL,XGBoost,locked_test,base_estimator_raw_margin_log_odds,HISPALLP_A,code_1,WTFA_A,6,DISAB3_A,0.2398813089301338,6.548329396513746,935,9079677.384
MEDDL,XGBoost,locked_test,base_estimator_raw_margin_log_odds,HISPALLP_A,code_1,WTFA_A,7,AGEP_A,0.1868299817511597,5.100123336443741,935,9079677.384
MEDDL,XGBoost,locked_test,base_estimator_raw_margin_log_odds,HISPALLP_A,code_1,WTFA_A,8,EDUCP_A,0.15772006456931117,4.305474819382755,935,9079677.384
MEDDL,XGBoost,locked_test,base_estimator_raw_margin_log_odds,HISPALLP_A,code_1,WTFA_A,9,SEX_A,0.07698116606972993,2.101447732633222,935,9079677.384
MEDDL,XGBoost,locked_test,base_estimator_raw_margin_log_odds,HISPALLP_A,code_1,WTFA_A,10,PHSTAT_A,0.05018079865654321,1.3698457810186675,935,9079677.384
MEDDL,XGBoost,locked_test,base_estimator_raw_margin_log_odds,HISPALLP_A,code_1,WTFA_A,11,CHRONIC_BURDEN_CAT,0.04599648242917078,1.2556214545039543,935,9079677.384
MEDDL,XGBoost,locked_test,base_estimator_raw_margin_log_odds,HISPALLP_A,code_1,WTFA_A,12,EMPWRKLSW1_A,0.02046536835111028,0.5586678419496598,935,9079677.384
MEDDL,XGBoost,locked_test,base_estimator_raw_margin_log_odds,HISPALLP_A,code_2,Unweighted,1,HISPALLP_A,0.8792038438160439,23.76055812256554,4243,30287641.996999998
MEDDL,XGBoost,locked_test,base_estimator_raw_margin_log_odds,HISPALLP_A,code_2,Unweighted,2,K6SPD_A,0.6378922448471865,17.239091783129897,4243,30287641.996999998
MEDDL,XGBoost,locked_test,base_estimator_raw_margin_log_odds,HISPALLP_A,code_2,Unweighted,3,RATCAT_A,0.5272064789431773,14.247799612831832,4243,30287641.996999998
MEDDL,XGBoost,locked_test,base_estimator_raw_margin_log_odds,HISPALLP_A,code_2,Unweighted,4,NOTCOV_A,0.5074768431037805,13.714604538223941,4243,30287641.996999998
MEDDL,XGBoost,locked_test,base_estimator_raw_margin_log_odds,HISPALLP_A,code_2,Unweighted,5,FDSCAT3_A,0.28268703333607664,7.639640947114455,4243,30287641.996999998
MEDDL,XGBoost,locked_test,base_estimator_raw_margin_log_odds,HISPALLP_A,code_2,Unweighted,6,AGEP_A,0.2809688926029326,7.593208048714665,4243,30287641.996999998
MEDDL,XGBoost,locked_test,base_estimator_raw_margin_log_odds,HISPALLP_A,code_2,Unweighted,7,DISAB3_A,0.22071804190837588,5.964923720875026,4243,30287641.996999998
MEDDL,XGBoost,locked_test,base_estimator_raw_margin_log_odds,HISPALLP_A,code_2,Unweighted,8,EDUCP_A,0.1717268137507711,4.640931642903407,4243,30287641.996999998
MEDDL,XGBoost,locked_test,base_estimator_raw_margin_log_odds,HISPALLP_A,code_2,Unweighted,9,PHSTAT_A,0.06490679858671644,1.7541117127918409,4243,30287641.996999998
MEDDL,XGBoost,locked_test,base_estimator_raw_margin_log_odds,HISPALLP_A,code_2,Unweighted,10,SEX_A,0.06295930549823715,1.7014805476216979,4243,30287641.996999998
MEDDL,XGBoost,locked_test,base_estimator_raw_margin_log_odds,HISPALLP_A,code_2,Unweighted,11,CHRONIC_BURDEN_CAT,0.049164182449172,1.3286661823061638,4243,30287641.996999998
MEDDL,XGBoost,locked_test,base_estimator_raw_margin_log_odds,HISPALLP_A,code_2,Unweighted,12,EMPWRKLSW1_A,0.015355479898031748,0.4149831409215367,4243,30287641.996999998
MEDDL,XGBoost,locked_test,base_estimator_raw_margin_log_odds,HISPALLP_A,code_2,WTFA_A,1,HISPALLP_A,0.9072920982576135,24.582150602500445,4243,30287641.996999998
MEDDL,XGBoost,locked_test,base_estimator_raw_margin_log_odds,HISPALLP_A,code_2,WTFA_A,2,K6SPD_A,0.6393620600993205,17.322860500019296,4243,30287641.996999998
MEDDL,XGBoost,locked_test,base_estimator_raw_margin_log_odds,HISPALLP_A,code_2,WTFA_A,3,RATCAT_A,0.5261561656724352,14.255662680004434,4243,30287641.996999998
MEDDL,XGBoost,locked_test,base_estimator_raw_margin_log_odds,HISPALLP_A,code_2,WTFA_A,4,NOTCOV_A,0.5089665260737584,13.789926992204583,4243,30287641.996999998
MEDDL,XGBoost,locked_test,base_estimator_raw_margin_log_odds,HISPALLP_A,code_2,WTFA_A,5,FDSCAT3_A,0.2734494395224912,7.408832632203306,4243,30287641.996999998
MEDDL,XGBoost,locked_test,base_estimator_raw_margin_log_odds,HISPALLP_A,code_2,WTFA_A,6,AGEP_A,0.24683832627658753,6.687831760744974,4243,30287641.996999998
MEDDL,XGBoost,locked_test,base_estimator_raw_margin_log_odds,HISPALLP_A,code_2,WTFA_A,7,DISAB3_A,0.22884939478389385,6.200440077316138,4243,30287641.996999998
MEDDL,XGBoost,locked_test,base_estimator_raw_margin_log_odds,HISPALLP_A,code_2,WTFA_A,8,EDUCP_A,0.16657304584126023,4.513126155348074,4243,30287641.996999998
MEDDL,XGBoost,locked_test,base_estimator_raw_margin_log_odds,HISPALLP_A,code_2,WTFA_A,9,SEX_A,0.068630470030924,1.8594723281074381,4243,30287641.996999998
MEDDL,XGBoost,locked_test,base_estimator_raw_margin_log_odds,HISPALLP_A,code_2,WTFA_A,10,PHSTAT_A,0.059462306945192195,1.611070334797283,4243,30287641.996999998
MEDDL,XGBoost,locked_test,base_estimator_raw_margin_log_odds,HISPALLP_A,code_2,WTFA_A,11,CHRONIC_BURDEN_CAT,0.04782452935586669,1.2957566646698757,4243,30287641.996999998
MEDDL,XGBoost,locked_test,base_estimator_raw_margin_log_odds,HISPALLP_A,code_2,WTFA_A,12,EMPWRKLSW1_A,0.01745293001447719,0.4728692720841497,4243,30287641.996999998
MEDDL,XGBoost,locked_test,base_estimator_raw_margin_log_odds,HISPALLP_A,code_3,Unweighted,1,HISPALLP_A,0.8970839301722426,24.379299596161122,671,6134871.62
MEDDL,XGBoost,locked_test,base_estimator_raw_margin_log_odds,HISPALLP_A,code_3,Unweighted,2,K6SPD_A,0.6405943986392773,17.40889814072475,671,6134871.62
MEDDL,XGBoost,locked_test,base_estimator_raw_margin_log_odds,HISPALLP_A,code_3,Unweighted,3,RATCAT_A,0.5215999464235156,14.175085446864399,671,6134871.62
MEDDL,XGBoost,locked_test,base_estimator_raw_margin_log_odds,HISPALLP_A,code_3,Unweighted,4,NOTCOV_A,0.5067514613986948,13.771560589497136,671,6134871.62
MEDDL,XGBoost,locked_test,base_estimator_raw_margin_log_odds,HISPALLP_A,code_3,Unweighted,5,FDSCAT3_A,0.2759483751400906,7.499218171617947,671,6134871.62
MEDDL,XGBoost,locked_test,base_estimator_raw_margin_log_odds,HISPALLP_A,code_3,Unweighted,6,AGEP_A,0.24628438585439222,6.693064747518043,671,6134871.62
MEDDL,XGBoost,locked_test,base_estimator_raw_margin_log_odds,HISPALLP_A,code_3,Unweighted,7,DISAB3_A,0.2263951789080783,6.152552406848717,671,6134871.62
MEDDL,XGBoost,locked_test,base_estimator_raw_margin_log_odds,HISPALLP_A,code_3,Unweighted,8,EDUCP_A,0.16975174671012613,4.613201229926427,671,6134871.62
MEDDL,XGBoost,locked_test,base_estimator_raw_margin_log_odds,HISPALLP_A,code_3,Unweighted,9,SEX_A,0.06598646782932667,1.7932590412078018,671,6134871.62
MEDDL,XGBoost,locked_test,base_estimator_raw_margin_log_odds,HISPALLP_A,code_3,Unweighted,10,PHSTAT_A,0.06454382455406708,1.7540535316283496,671,6134871.62
MEDDL,XGBoost,locked_test,base_estimator_raw_margin_log_odds,HISPALLP_A,code_3,Unweighted,11,CHRONIC_BURDEN_CAT,0.04793391302577567,1.3026598595377152,671,6134871.62
MEDDL,XGBoost,locked_test,base_estimator_raw_margin_log_odds,HISPALLP_A,code_3,Unweighted,12,EMPWRKLSW1_A,0.016821625237193532,0.4571472384675821,671,6134871.62
MEDDL,XGBoost,locked_test,base_estimator_raw_margin_log_odds,HISPALLP_A,code_3,WTFA_A,1,HISPALLP_A,0.9301494919295437,25.239535964850337,671,6134871.62
MEDDL,XGBoost,locked_test,base_estimator_raw_margin_log_odds,HISPALLP_A,code_3,WTFA_A,2,K6SPD_A,0.6409724507568388,17.392738870173922,671,6134871.62
MEDDL,XGBoost,locked_test,base_estimator_raw_margin_log_odds,HISPALLP_A,code_3,WTFA_A,3,RATCAT_A,0.5275988866906278,14.316355802140006,671,6134871.62
MEDDL,XGBoost,locked_test,base_estimator_raw_margin_log_odds,HISPALLP_A,code_3,WTFA_A,4,NOTCOV_A,0.5101012860314914,13.841559734446927,671,6134871.62
MEDDL,XGBoost,locked_test,base_estimator_raw_margin_log_odds,HISPALLP_A,code_3,WTFA_A,5,FDSCAT3_A,0.2650638795801006,7.192488282465744,671,6134871.62
MEDDL,XGBoost,locked_test,base_estimator_raw_margin_log_odds,HISPALLP_A,code_3,WTFA_A,6,DISAB3_A,0.23526554183541104,6.383912646263797,671,6134871.62
MEDDL,XGBoost,locked_test,base_estimator_raw_margin_log_odds,HISPALLP_A,code_3,WTFA_A,7,AGEP_A,0.21949060188802075,5.955860846418627,671,6134871.62
MEDDL,XGBoost,locked_test,base_estimator_raw_margin_log_odds,HISPALLP_A,code_3,WTFA_A,8,EDUCP_A,0.1605812996496099,4.357361395081794,671,6134871.62
MEDDL,XGBoost,locked_test,base_estimator_raw_margin_log_odds,HISPALLP_A,code_3,WTFA_A,9,SEX_A,0.0730880636235013,1.9832390668728792,671,6134871.62
MEDDL,XGBoost,locked_test,base_estimator_raw_margin_log_odds,HISPALLP_A,code_3,WTFA_A,10,PHSTAT_A,0.05639238477425028,1.530203086711121,671,6134871.62
MEDDL,XGBoost,locked_test,base_estimator_raw_margin_log_odds,HISPALLP_A,code_3,WTFA_A,11,CHRONIC_BURDEN_CAT,0.04743050153836938,1.287023064351942,671,6134871.62
MEDDL,XGBoost,locked_test,base_estimator_raw_margin_log_odds,HISPALLP_A,code_3,WTFA_A,12,EMPWRKLSW1_A,0.019153222476496864,0.5197212402228997,671,6134871.62
MEDDL,XGBoost,locked_test,base_estimator_raw_margin_log_odds,HISPALLP_A,code_4,Unweighted,1,HISPALLP_A,0.926539607524622,25.1799836720473,384,3311289.384
MEDDL,XGBoost,locked_test,base_estimator_raw_margin_log_odds,HISPALLP_A,code_4,Unweighted,2,K6SPD_A,0.6414063480145463,17.4310965651024,384,3311289.384
MEDDL,XGBoost,locked_test,base_estimator_raw_margin_log_odds,HISPALLP_A,code_4,Unweighted,3,RATCAT_A,0.5215065160130811,14.172654305797385,384,3311289.384
MEDDL,XGBoost,locked_test,base_estimator_raw_margin_log_odds,HISPALLP_A,code_4,Unweighted,4,NOTCOV_A,0.5080795760635132,13.807758810828817,384,3311289.384
MEDDL,XGBoost,locked_test,base_estimator_raw_margin_log_odds,HISPALLP_A,code_4,Unweighted,5,FDSCAT3_A,0.2663732570896779,7.239058330282882,384,3311289.384
MEDDL,XGBoost,locked_test,base_estimator_raw_margin_log_odds,HISPALLP_A,code_4,Unweighted,6,DISAB3_A,0.2372213289024027,6.4468147286030915,384,3311289.384
MEDDL,XGBoost,locked_test,base_estimator_raw_margin_log_odds,HISPALLP_A,code_4,Unweighted,7,AGEP_A,0.21231520990356026,5.769956810569346,384,3311289.384
MEDDL,XGBoost,locked_test,base_estimator_raw_margin_log_odds,HISPALLP_A,code_4,Unweighted,8,EDUCP_A,0.1682485145326306,4.5723839697433215,384,3311289.384
MEDDL,XGBoost,locked_test,base_estimator_raw_margin_log_odds,HISPALLP_A,code_4,Unweighted,9,SEX_A,0.07080416564228169,1.9242002395868516,384,3311289.384
MEDDL,XGBoost,locked_test,base_estimator_raw_margin_log_odds,HISPALLP_A,code_4,Unweighted,10,PHSTAT_A,0.058870305481832474,1.5998812341776614,384,3311289.384
MEDDL,XGBoost,locked_test,base_estimator_raw_margin_log_odds,HISPALLP_A,code_4,Unweighted,11,CHRONIC_BURDEN_CAT,0.048243325713504724,1.3110784945251541,384,3311289.384
MEDDL,XGBoost,locked_test,base_estimator_raw_margin_log_odds,HISPALLP_A,code_4,Unweighted,12,EMPWRKLSW1_A,0.02005907442314007,0.5451328387357972,384,3311289.384
MEDDL,XGBoost,locked_test,base_estimator_raw_margin_log_odds,HISPALLP_A,code_4,WTFA_A,1,HISPALLP_A,0.9252530793298267,25.161168099223733,384,3311289.384
MEDDL,XGBoost,locked_test,base_estimator_raw_margin_log_odds,HISPALLP_A,code_4,WTFA_A,2,K6SPD_A,0.6410786192399418,17.433378244142464,384,3311289.384
MEDDL,XGBoost,locked_test,base_estimator_raw_margin_log_odds,HISPALLP_A,code_4,WTFA_A,3,RATCAT_A,0.52115009031297,14.172063103846147,384,3311289.384
MEDDL,XGBoost,locked_test,base_estimator_raw_margin_log_odds,HISPALLP_A,code_4,WTFA_A,4,NOTCOV_A,0.5088065713659432,13.836395639343301,384,3311289.384
MEDDL,XGBoost,locked_test,base_estimator_raw_margin_log_odds,HISPALLP_A,code_4,WTFA_A,5,FDSCAT3_A,0.26648562596068914,7.246762837774446,384,3311289.384
MEDDL,XGBoost,locked_test,base_estimator_raw_margin_log_odds,HISPALLP_A,code_4,WTFA_A,6,DISAB3_A,0.23781961692068687,6.46722447329606,384,3311289.384
MEDDL,XGBoost,locked_test,base_estimator_raw_margin_log_odds,HISPALLP_A,code_4,WTFA_A,7,AGEP_A,0.2069919995115315,5.628903714296658,384,3311289.384
MEDDL,XGBoost,locked_test,base_estimator_raw_margin_log_odds,HISPALLP_A,code_4,WTFA_A,8,EDUCP_A,0.16857751964208686,4.584267163462986,384,3311289.384
MEDDL,XGBoost,locked_test,base_estimator_raw_margin_log_odds,HISPALLP_A,code_4,WTFA_A,9,SEX_A,0.07112383873762423,1.9341290532484863,384,3311289.384
MEDDL,XGBoost,locked_test,base_estimator_raw_margin_log_odds,HISPALLP_A,code_4,WTFA_A,10,PHSTAT_A,0.0609155229513102,1.656525924712617,384,3311289.384
MEDDL,XGBoost,locked_test,base_estimator_raw_margin_log_odds,HISPALLP_A,code_4,WTFA_A,11,CHRONIC_BURDEN_CAT,0.04905211131929698,1.3339144133631204,384,3311289.384
MEDDL,XGBoost,locked_test,base_estimator_raw_margin_log_odds,HISPALLP_A,code_4,WTFA_A,12,EMPWRKLSW1_A,0.020051146957683362,0.5452673332899721,384,3311289.384
MEDDL,XGBoost,locked_test,base_estimator_raw_margin_log_odds,RATCAT_A,code_1,Unweighted,1,HISPALLP_A,0.9343065075753405,25.72143725448703,188,1438230.0329999998
MEDDL,XGBoost,locked_test,base_estimator_raw_margin_log_odds,RATCAT_A,code_1,Unweighted,2,K6SPD_A,0.6416456121090611,17.664489348694048,188,1438230.0329999998
MEDDL,XGBoost,locked_test,base_estimator_raw_margin_log_odds,RATCAT_A,code_1,Unweighted,3,RATCAT_A,0.519816046321834,14.310524127719845,188,1438230.0329999998
MEDDL,XGBoost,locked_test,base_estimator_raw_margin_log_odds,RATCAT_A,code_1,Unweighted,4,NOTCOV_A,0.5076384128745091,13.975274151310735,188,1438230.0329999998
MEDDL,XGBoost,locked_test,base_estimator_raw_margin_log_odds,RATCAT_A,code_1,Unweighted,5,FDSCAT3_A,0.26363865975686845,7.257966405897614,188,1438230.0329999998
MEDDL,XGBoost,locked_test,base_estimator_raw_margin_log_odds,RATCAT_A,code_1,Unweighted,6,DISAB3_A,0.23272726120751727,6.406976295276487,188,1438230.0329999998
MEDDL,XGBoost,locked_test,base_estimator_raw_margin_log_odds,RATCAT_A,code_1,Unweighted,7,AGEP_A,0.18646867410775195,5.133478427156489,188,1438230.0329999998
MEDDL,XGBoost,locked_test,base_estimator_raw_margin_log_odds,RATCAT_A,code_1,Unweighted,8,EDUCP_A,0.1577820252618465,4.343735626106846,188,1438230.0329999998
MEDDL,XGBoost,locked_test,base_estimator_raw_margin_log_odds,RATCAT_A,code_1,Unweighted,9,SEX_A,0.0741184053377823,2.0404780410294565,188,1438230.0329999998
MEDDL,XGBoost,locked_test,base_estimator_raw_margin_log_odds,RATCAT_A,code_1,Unweighted,10,PHSTAT_A,0.051755143805070125,1.4248179512671515,188,1438230.0329999998
MEDDL,XGBoost,locked_test,base_estimator_raw_margin_log_odds,RATCAT_A,code_1,Unweighted,11,CHRONIC_BURDEN_CAT,0.04418796913492731,1.2164938018646854,188,1438230.0329999998
MEDDL,XGBoost,locked_test,base_estimator_raw_margin_log_odds,RATCAT_A,code_1,Unweighted,12,EMPWRKLSW1_A,0.018319250961290078,0.5043285691896217,188,1438230.0329999998
MEDDL,XGBoost,locked_test,base_estimator_raw_margin_log_odds,RATCAT_A,code_1,WTFA_A,1,HISPALLP_A,0.9608986705404092,26.284163779010296,188,1438230.0329999998
MEDDL,XGBoost,locked_test,base_estimator_raw_margin_log_odds,RATCAT_A,code_1,WTFA_A,2,K6SPD_A,0.642540766642331,17.575887305182437,188,1438230.0329999998
MEDDL,XGBoost,locked_test,base_estimator_raw_margin_log_odds,RATCAT_A,code_1,WTFA_A,3,RATCAT_A,0.530777883358657,14.518755456940424,188,1438230.0329999998
MEDDL,XGBoost,locked_test,base_estimator_raw_margin_log_odds,RATCAT_A,code_1,WTFA_A,4,NOTCOV_A,0.5140217040667499,14.060411435534652,188,1438230.0329999998
MEDDL,XGBoost,locked_test,base_estimator_raw_margin_log_odds,RATCAT_A,code_1,WTFA_A,5,FDSCAT3_A,0.25352281904302343,6.934795001532878,188,1438230.0329999998
MEDDL,XGBoost,locked_test,base_estimator_raw_margin_log_odds,RATCAT_A,code_1,WTFA_A,6,DISAB3_A,0.23924344414179508,6.544200821238411,188,1438230.0329999998
MEDDL,XGBoost,locked_test,base_estimator_raw_margin_log_odds,RATCAT_A,code_1,WTFA_A,7,AGEP_A,0.17357339819572576,4.747880047841077,188,1438230.0329999998
MEDDL,XGBoost,locked_test,base_estimator_raw_margin_log_odds,RATCAT_A,code_1,WTFA_A,8,EDUCP_A,0.1470606731092018,4.022658097008161,188,1438230.0329999998
MEDDL,XGBoost,locked_test,base_estimator_raw_margin_log_odds,RATCAT_A,code_1,WTFA_A,9,SEX_A,0.0818336664612438,2.238456101406147,188,1438230.0329999998
MEDDL,XGBoost,locked_test,base_estimator_raw_margin_log_odds,RATCAT_A,code_1,WTFA_A,10,PHSTAT_A,0.04865789944989001,1.3309750939339449,188,1438230.0329999998
MEDDL,XGBoost,locked_test,base_estimator_raw_margin_log_odds,RATCAT_A,code_1,WTFA_A,11,CHRONIC_BURDEN_CAT,0.044245981437966174,1.210292675318719,188,1438230.0329999998
MEDDL,XGBoost,locked_test,base_estimator_raw_margin_log_odds,RATCAT_A,code_1,WTFA_A,12,EMPWRKLSW1_A,0.019431505870665347,0.5315241850528604,188,1438230.0329999998
MEDDL,XGBoost,locked_test,base_estimator_raw_margin_log_odds,RATCAT_A,code_10,Unweighted,1,HISPALLP_A,0.8975716833589955,24.268748369440562,470,3697012.5979999998
MEDDL,XGBoost,locked_test,base_estimator_raw_margin_log_odds,RATCAT_A,code_10,Unweighted,2,K6SPD_A,0.6384146640555279,17.26160163536231,470,3697012.5979999998
MEDDL,XGBoost,locked_test,base_estimator_raw_margin_log_odds,RATCAT_A,code_10,Unweighted,3,RATCAT_A,0.5271179064241377,14.252334458859249,470,3697012.5979999998
MEDDL,XGBoost,locked_test,base_estimator_raw_margin_log_odds,RATCAT_A,code_10,Unweighted,4,NOTCOV_A,0.5084468327462673,13.74750170034375,470,3697012.5979999998
MEDDL,XGBoost,locked_test,base_estimator_raw_margin_log_odds,RATCAT_A,code_10,Unweighted,5,FDSCAT3_A,0.27740149574671336,7.500445059039142,470,3697012.5979999998
MEDDL,XGBoost,locked_test,base_estimator_raw_margin_log_odds,RATCAT_A,code_10,Unweighted,6,AGEP_A,0.259995674710483,7.029822490699006,470,3697012.5979999998
MEDDL,XGBoost,locked_test,base_estimator_raw_margin_log_odds,RATCAT_A,code_10,Unweighted,7,DISAB3_A,0.22678533974499937,6.131873861653635,470,3697012.5979999998
MEDDL,XGBoost,locked_test,base_estimator_raw_margin_log_odds,RATCAT_A,code_10,Unweighted,8,EDUCP_A,0.17005514966849078,4.597990013218252,470,3697012.5979999998
MEDDL,XGBoost,locked_test,base_estimator_raw_margin_log_odds,RATCAT_A,code_10,Unweighted,9,SEX_A,0.06554343337589438,1.7721783355687357,470,3697012.5979999998
MEDDL,XGBoost,locked_test,base_estimator_raw_margin_log_odds,RATCAT_A,code_10,Unweighted,10,PHSTAT_A,0.060919531133580715,1.6471562096660406,470,3697012.5979999998
MEDDL,XGBoost,locked_test,base_estimator_raw_margin_log_odds,RATCAT_A,code_10,Unweighted,11,CHRONIC_BURDEN_CAT,0.049007217592294726,1.3250683528505744,470,3697012.5979999998
MEDDL,XGBoost,locked_test,base_estimator_raw_margin_log_odds,RATCAT_A,code_10,Unweighted,12,EMPWRKLSW1_A,0.01720820990133476,0.4652795132987452,470,3697012.5979999998
MEDDL,XGBoost,locked_test,base_estimator_raw_margin_log_odds,RATCAT_A,code_10,WTFA_A,1,HISPALLP_A,0.927787917472695,25.171438113683127,470,3697012.5979999998
MEDDL,XGBoost,locked_test,base_estimator_raw_margin_log_odds,RATCAT_A,code_10,WTFA_A,2,K6SPD_A,0.638492781168256,17.322688972917323,470,3697012.5979999998
MEDDL,XGBoost,locked_test,base_estimator_raw_margin_log_odds,RATCAT_A,code_10,WTFA_A,3,RATCAT_A,0.5261116236908884,14.273721318443757,470,3697012.5979999998
MEDDL,XGBoost,locked_test,base_estimator_raw_margin_log_odds,RATCAT_A,code_10,WTFA_A,4,NOTCOV_A,0.51057535340423,13.852213063514812,470,3697012.5979999998
MEDDL,XGBoost,locked_test,base_estimator_raw_margin_log_odds,RATCAT_A,code_10,WTFA_A,5,FDSCAT3_A,0.2675979132898859,7.260090573366778,470,3697012.5979999998
MEDDL,XGBoost,locked_test,base_estimator_raw_margin_log_odds,RATCAT_A,code_10,WTFA_A,6,DISAB3_A,0.23460150101585442,6.364878279816079,470,3697012.5979999998
MEDDL,XGBoost,locked_test,base_estimator_raw_margin_log_odds,RATCAT_A,code_10,WTFA_A,7,AGEP_A,0.225557640395486,6.119512961269474,470,3697012.5979999998
MEDDL,XGBoost,locked_test,base_estimator_raw_margin_log_odds,RATCAT_A,code_10,WTFA_A,8,EDUCP_A,0.16142769139874477,4.3796292960431105,470,3697012.5979999998
MEDDL,XGBoost,locked_test,base_estimator_raw_margin_log_odds,RATCAT_A,code_10,WTFA_A,9,SEX_A,0.07211045018534977,1.956399409829328,470,3697012.5979999998
MEDDL,XGBoost,locked_test,base_estimator_raw_margin_log_odds,RATCAT_A,code_10,WTFA_A,10,PHSTAT_A,0.05585626999990332,1.5154138322836268,470,3697012.5979999998
MEDDL,XGBoost,locked_test,base_estimator_raw_margin_log_odds,RATCAT_A,code_10,WTFA_A,11,CHRONIC_BURDEN_CAT,0.04700573311058685,1.275293501562834,470,3697012.5979999998
MEDDL,XGBoost,locked_test,base_estimator_raw_margin_log_odds,RATCAT_A,code_10,WTFA_A,12,EMPWRKLSW1_A,0.018750811757665665,0.5087206772697532,470,3697012.5979999998
MEDDL,XGBoost,locked_test,base_estimator_raw_margin_log_odds,RATCAT_A,code_11,Unweighted,1,HISPALLP_A,0.8936535956256437,24.21660967374045,388,3303098.671
MEDDL,XGBoost,locked_test,base_estimator_raw_margin_log_odds,RATCAT_A,code_11,Unweighted,2,K6SPD_A,0.6381911558972806,17.29397855639781,388,3303098.671
MEDDL,XGBoost,locked_test,base_estimator_raw_margin_log_odds,RATCAT_A,code_11,Unweighted,3,RATCAT_A,0.5239705327386996,14.19877896086968,388,3303098.671
MEDDL,XGBoost,locked_test,base_estimator_raw_margin_log_odds,RATCAT_A,code_11,Unweighted,4,NOTCOV_A,0.5082697660383797,13.77331282877862,388,3303098.671
MEDDL,XGBoost,locked_test,base_estimator_raw_margin_log_odds,RATCAT_A,code_11,Unweighted,5,FDSCAT3_A,0.2768488022638005,7.502167971887723,388,3303098.671
MEDDL,XGBoost,locked_test,base_estimator_raw_margin_log_odds,RATCAT_A,code_11,Unweighted,6,AGEP_A,0.2608230534374483,7.067895334305513,388,3303098.671
MEDDL,XGBoost,locked_test,base_estimator_raw_margin_log_odds,RATCAT_A,code_11,Unweighted,7,DISAB3_A,0.22593647033785058,6.122523693762845,388,3303098.671
MEDDL,XGBoost,locked_test,base_estimator_raw_margin_log_odds,RATCAT_A,code_11,Unweighted,8,EDUCP_A,0.16906298293561683,4.581341459454194,388,3303098.671
MEDDL,XGBoost,locked_test,base_estimator_raw_margin_log_odds,RATCAT_A,code_11,Unweighted,9,SEX_A,0.06678236056282424,1.8096971430061628,388,3303098.671
MEDDL,XGBoost,locked_test,base_estimator_raw_margin_log_odds,RATCAT_A,code_11,Unweighted,10,PHSTAT_A,0.06278722797587667,1.7014353210580098,388,3303098.671
MEDDL,XGBoost,locked_test,base_estimator_raw_margin_log_odds,RATCAT_A,code_11,Unweighted,11,CHRONIC_BURDEN_CAT,0.047460456853195394,1.2861038820602404,388,3303098.671
MEDDL,XGBoost,locked_test,base_estimator_raw_margin_log_odds,RATCAT_A,code_11,Unweighted,12,EMPWRKLSW1_A,0.016464244228662904,0.44615517467876264,388,3303098.671
MEDDL,XGBoost,locked_test,base_estimator_raw_margin_log_odds,RATCAT_A,code_11,WTFA_A,1,HISPALLP_A,0.9189072964889167,24.90513248117261,388,3303098.671
MEDDL,XGBoost,locked_test,base_estimator_raw_margin_log_odds,RATCAT_A,code_11,WTFA_A,2,K6SPD_A,0.6385697517174872,17.307147658703286,388,3303098.671
MEDDL,XGBoost,locked_test,base_estimator_raw_margin_log_odds,RATCAT_A,code_11,WTFA_A,3,RATCAT_A,0.5222443550548022,14.154381948953512,388,3303098.671
MEDDL,XGBoost,locked_test,base_estimator_raw_margin_log_odds,RATCAT_A,code_11,WTFA_A,4,NOTCOV_A,0.5105814254166107,13.838281718965561,388,3303098.671
MEDDL,XGBoost,locked_test,base_estimator_raw_margin_log_odds,RATCAT_A,code_11,WTFA_A,5,FDSCAT3_A,0.2681684934115812,7.26816718205529,388,3303098.671
MEDDL,XGBoost,locked_test,base_estimator_raw_margin_log_odds,RATCAT_A,code_11,WTFA_A,6,AGEP_A,0.23822454641752863,6.456596776916947,388,3303098.671
MEDDL,XGBoost,locked_test,base_estimator_raw_margin_log_odds,RATCAT_A,code_11,WTFA_A,7,DISAB3_A,0.23426617431731786,6.349313069472019,388,3303098.671
MEDDL,XGBoost,locked_test,base_estimator_raw_margin_log_odds,RATCAT_A,code_11,WTFA_A,8,EDUCP_A,0.1643144988507965,4.4534137209410325,388,3303098.671
MEDDL,XGBoost,locked_test,base_estimator_raw_margin_log_odds,RATCAT_A,code_11,WTFA_A,9,SEX_A,0.07192013254324002,1.9492504150275736,388,3303098.671
MEDDL,XGBoost,locked_test,base_estimator_raw_margin_log_odds,RATCAT_A,code_11,WTFA_A,10,PHSTAT_A,0.05789172562410464,1.569038685122043,388,3303098.671
MEDDL,XGBoost,locked_test,base_estimator_raw_margin_log_odds,RATCAT_A,code_11,WTFA_A,11,CHRONIC_BURDEN_CAT,0.04605662739599685,1.2482721720853596,388,3303098.671
MEDDL,XGBoost,locked_test,base_estimator_raw_margin_log_odds,RATCAT_A,code_11,WTFA_A,12,EMPWRKLSW1_A,0.018485201324254727,0.5010041705847573,388,3303098.671
MEDDL,XGBoost,locked_test,base_estimator_raw_margin_log_odds,RATCAT_A,code_12,Unweighted,1,HISPALLP_A,0.8942080802401778,24.206658085255544,394,3100767.9
MEDDL,XGBoost,locked_test,base_estimator_raw_margin_log_odds,RATCAT_A,code_12,Unweighted,2,K6SPD_A,0.6375661795473714,17.25923401506345,394,3100767.9
MEDDL,XGBoost,locked_test,base_estimator_raw_margin_log_odds,RATCAT_A,code_12,Unweighted,3,RATCAT_A,0.5281486364145324,14.297246627928756,394,3100767.9
MEDDL,XGBoost,locked_test,base_estimator_raw_margin_log_odds,RATCAT_A,code_12,Unweighted,4,NOTCOV_A,0.5091120512106546,13.781916785441389,394,3100767.9
MEDDL,XGBoost,locked_test,base_estimator_raw_margin_log_odds,RATCAT_A,code_12,Unweighted,5,FDSCAT3_A,0.2782671224056426,7.532829592226592,394,3100767.9
MEDDL,XGBoost,locked_test,base_estimator_raw_margin_log_odds,RATCAT_A,code_12,Unweighted,6,AGEP_A,0.26094600404163604,7.06393829146902,394,3100767.9
MEDDL,XGBoost,locked_test,base_estimator_raw_margin_log_odds,RATCAT_A,code_12,Unweighted,7,DISAB3_A,0.22413012444787436,6.06731409501269,394,3100767.9
MEDDL,XGBoost,locked_test,base_estimator_raw_margin_log_odds,RATCAT_A,code_12,Unweighted,8,EDUCP_A,0.16625991038183877,4.500738578449684,394,3100767.9
MEDDL,XGBoost,locked_test,base_estimator_raw_margin_log_odds,RATCAT_A,code_12,Unweighted,9,SEX_A,0.06520948293358844,1.7652531800715863,394,3100767.9
MEDDL,XGBoost,locked_test,base_estimator_raw_margin_log_odds,RATCAT_A,code_12,Unweighted,10,PHSTAT_A,0.06483941524275366,1.7552352633714468,394,3100767.9
MEDDL,XGBoost,locked_test,base_estimator_raw_margin_log_odds,RATCAT_A,code_12,Unweighted,11,CHRONIC_BURDEN_CAT,0.04971267346223003,1.3457468296203952,394,3100767.9
MEDDL,XGBoost,locked_test,base_estimator_raw_margin_log_odds,RATCAT_A,code_12,Unweighted,12,EMPWRKLSW1_A,0.01565869439979495,0.4238886560894568,394,3100767.9
MEDDL,XGBoost,locked_test,base_estimator_raw_margin_log_odds,RATCAT_A,code_12,WTFA_A,1,HISPALLP_A,0.9188347685359655,24.98455350275799,394,3100767.9
MEDDL,XGBoost,locked_test,base_estimator_raw_margin_log_odds,RATCAT_A,code_12,WTFA_A,2,K6SPD_A,0.6388343893231965,17.37090554907792,394,3100767.9
MEDDL,XGBoost,locked_test,base_estimator_raw_margin_log_odds,RATCAT_A,code_12,WTFA_A,3,RATCAT_A,0.525980781687043,14.302239566338319,394,3100767.9
MEDDL,XGBoost,locked_test,base_estimator_raw_margin_log_odds,RATCAT_A,code_12,WTFA_A,4,NOTCOV_A,0.5096706480104515,13.85874153879934,394,3100767.9
MEDDL,XGBoost,locked_test,base_estimator_raw_margin_log_odds,RATCAT_A,code_12,WTFA_A,5,FDSCAT3_A,0.2697342125089977,7.334494834901928,394,3100767.9
MEDDL,XGBoost,locked_test,base_estimator_raw_margin_log_odds,RATCAT_A,code_12,WTFA_A,6,DISAB3_A,0.2320446429295508,6.309656528930975,394,3100767.9
MEDDL,XGBoost,locked_test,base_estimator_raw_margin_log_odds,RATCAT_A,code_12,WTFA_A,7,AGEP_A,0.22144853381985155,6.02153176043297,394,3100767.9
MEDDL,XGBoost,locked_test,base_estimator_raw_margin_log_odds,RATCAT_A,code_12,WTFA_A,8,EDUCP_A,0.16206463539285668,4.406790744683604,394,3100767.9
MEDDL,XGBoost,locked_test,base_estimator_raw_margin_log_odds,RATCAT_A,code_12,WTFA_A,9,SEX_A,0.07035439765141299,1.9130460366413913,394,3100767.9
MEDDL,XGBoost,locked_test,base_estimator_raw_margin_log_odds,RATCAT_A,code_12,WTFA_A,10,PHSTAT_A,0.06232176632614541,1.6946262358388469,394,3100767.9
MEDDL,XGBoost,locked_test,base_estimator_raw_margin_log_odds,RATCAT_A,code_12,WTFA_A,11,CHRONIC_BURDEN_CAT,0.04860562792259829,1.3216629942097913,394,3100767.9
MEDDL,XGBoost,locked_test,base_estimator_raw_margin_log_odds,RATCAT_A,code_12,WTFA_A,12,EMPWRKLSW1_A,0.017716918561904257,0.48175070738692527,394,3100767.9
MEDDL,XGBoost,locked_test,base_estimator_raw_margin_log_odds,RATCAT_A,code_13,Unweighted,1,HISPALLP_A,0.9037085131319516,24.660654391064057,324,2607330.073
MEDDL,XGBoost,locked_test,base_estimator_raw_margin_log_odds,RATCAT_A,code_13,Unweighted,2,K6SPD_A,0.6396401625663404,17.4546822946542,324,2607330.073
MEDDL,XGBoost,locked_test,base_estimator_raw_margin_log_odds,RATCAT_A,code_13,Unweighted,3,RATCAT_A,0.5176889417595287,14.12684276986928,324,2607330.073
MEDDL,XGBoost,locked_test,base_estimator_raw_margin_log_odds,RATCAT_A,code_13,Unweighted,4,NOTCOV_A,0.5073763181190983,13.845428969106912,324,2607330.073
MEDDL,XGBoost,locked_test,base_estimator_raw_margin_log_odds,RATCAT_A,code_13,Unweighted,5,FDSCAT3_A,0.27444026893418694,7.489003948542501,324,2607330.073
MEDDL,XGBoost,locked_test,base_estimator_raw_margin_log_odds,RATCAT_A,code_13,Unweighted,6,AGEP_A,0.23620052870225022,6.445507064137067,324,2607330.073
MEDDL,XGBoost,locked_test,base_estimator_raw_margin_log_odds,RATCAT_A,code_13,Unweighted,7,DISAB3_A,0.22661647937773657,6.183974806086696,324,2607330.073
MEDDL,XGBoost,locked_test,base_estimator_raw_margin_log_odds,RATCAT_A,code_13,Unweighted,8,EDUCP_A,0.17094112789210933,4.664690013327865,324,2607330.073
MEDDL,XGBoost,locked_test,base_estimator_raw_margin_log_odds,RATCAT_A,code_13,Unweighted,9,SEX_A,0.06765148448067959,1.8460929089166147,324,2607330.073
MEDDL,XGBoost,locked_test,base_estimator_raw_margin_log_odds,RATCAT_A,code_13,Unweighted,10,PHSTAT_A,0.05849615932890662,1.5962597977697206,324,2607330.073
MEDDL,XGBoost,locked_test,base_estimator_raw_margin_log_odds,RATCAT_A,code_13,Unweighted,11,CHRONIC_BURDEN_CAT,0.04510623178416777,1.2308716546860443,324,2607330.073
MEDDL,XGBoost,locked_test,base_estimator_raw_margin_log_odds,RATCAT_A,code_13,Unweighted,12,EMPWRKLSW1_A,0.016710152421261608,0.4559913818390311,324,2607330.073
MEDDL,XGBoost,locked_test,base_estimator_raw_margin_log_odds,RATCAT_A,code_13,WTFA_A,1,HISPALLP_A,0.9246413409302299,25.251383974934914,324,2607330.073
MEDDL,XGBoost,locked_test,base_estimator_raw_margin_log_odds,RATCAT_A,code_13,WTFA_A,2,K6SPD_A,0.6406641436560429,17.496142097817263,324,2607330.073
MEDDL,XGBoost,locked_test,base_estimator_raw_margin_log_odds,RATCAT_A,code_13,WTFA_A,3,RATCAT_A,0.5187801382802256,14.167565184901546,324,2607330.073
MEDDL,XGBoost,locked_test,base_estimator_raw_margin_log_odds,RATCAT_A,code_13,WTFA_A,4,NOTCOV_A,0.5088920866710678,13.897528602181136,324,2607330.073
MEDDL,XGBoost,locked_test,base_estimator_raw_margin_log_odds,RATCAT_A,code_13,WTFA_A,5,FDSCAT3_A,0.2672327233511587,7.297960635438259,324,2607330.073
MEDDL,XGBoost,locked_test,base_estimator_raw_margin_log_odds,RATCAT_A,code_13,WTFA_A,6,DISAB3_A,0.23205811579515442,6.337363826441231,324,2607330.073
MEDDL,XGBoost,locked_test,base_estimator_raw_margin_log_odds,RATCAT_A,code_13,WTFA_A,7,AGEP_A,0.2156932364049233,5.890449077020129,324,2607330.073
MEDDL,XGBoost,locked_test,base_estimator_raw_margin_log_odds,RATCAT_A,code_13,WTFA_A,8,EDUCP_A,0.16511093472575694,4.509077657101103,324,2607330.073
MEDDL,XGBoost,locked_test,base_estimator_raw_margin_log_odds,RATCAT_A,code_13,WTFA_A,9,SEX_A,0.07229234990525293,1.9742594291440358,324,2607330.073
MEDDL,XGBoost,locked_test,base_estimator_raw_margin_log_odds,RATCAT_A,code_13,WTFA_A,10,PHSTAT_A,0.05406800885419625,1.4765639301439262,324,2607330.073
MEDDL,XGBoost,locked_test,base_estimator_raw_margin_log_odds,RATCAT_A,code_13,WTFA_A,11,CHRONIC_BURDEN_CAT,0.043922075203720636,1.1994847481395552,324,2607330.073
MEDDL,XGBoost,locked_test,base_estimator_raw_margin_log_odds,RATCAT_A,code_13,WTFA_A,12,EMPWRKLSW1_A,0.018390047388470634,0.5022208367369126,324,2607330.073
MEDDL,XGBoost,locked_test,base_estimator_raw_margin_log_odds,RATCAT_A,code_14,Unweighted,1,HISPALLP_A,0.8974178685035817,24.45006693928566,1930,15348993.286000002
MEDDL,XGBoost,locked_test,base_estimator_raw_margin_log_odds,RATCAT_A,code_14,Unweighted,2,K6SPD_A,0.6413636773500779,17.473894151209706,1930,15348993.286000002
MEDDL,XGBoost,locked_test,base_estimator_raw_margin_log_odds,RATCAT_A,code_14,Unweighted,3,RATCAT_A,0.520382906983177,14.177784236695262,1930,15348993.286000002
MEDDL,XGBoost,locked_test,base_estimator_raw_margin_log_odds,RATCAT_A,code_14,Unweighted,4,NOTCOV_A,0.5051571431555278,13.76295970750628,1930,15348993.286000002
MEDDL,XGBoost,locked_test,base_estimator_raw_margin_log_odds,RATCAT_A,code_14,Unweighted,5,FDSCAT3_A,0.2759517234976891,7.518279218999992,1930,15348993.286000002
MEDDL,XGBoost,locked_test,base_estimator_raw_margin_log_odds,RATCAT_A,code_14,Unweighted,6,AGEP_A,0.23248383450693416,6.334000598266072,1930,15348993.286000002
MEDDL,XGBoost,locked_test,base_estimator_raw_margin_log_odds,RATCAT_A,code_14,Unweighted,7,DISAB3_A,0.22831204915425252,6.22034069165035,1930,15348993.286000002
MEDDL,XGBoost,locked_test,base_estimator_raw_margin_log_odds,RATCAT_A,code_14,Unweighted,8,EDUCP_A,0.17299513271147232,4.713236412396244,1930,15348993.286000002
MEDDL,XGBoost,locked_test,base_estimator_raw_margin_log_odds,RATCAT_A,code_14,Unweighted,9,SEX_A,0.06583211630669669,1.793589928332421,1930,15348993.286000002
MEDDL,XGBoost,locked_test,base_estimator_raw_margin_log_odds,RATCAT_A,code_14,Unweighted,10,PHSTAT_A,0.0624737720241664,1.7020921485412164,1930,15348993.286000002
MEDDL,XGBoost,locked_test,base_estimator_raw_margin_log_odds,RATCAT_A,code_14,Unweighted,11,CHRONIC_BURDEN_CAT,0.05008890766510499,1.3646676629802672,1930,15348993.286000002
MEDDL,XGBoost,locked_test,base_estimator_raw_margin_log_odds,RATCAT_A,code_14,Unweighted,12,EMPWRKLSW1_A,0.01795154935559692,0.48908830413652865,1930,15348993.286000002
MEDDL,XGBoost,locked_test,base_estimator_raw_margin_log_odds,RATCAT_A,code_14,WTFA_A,1,HISPALLP_A,0.9160457220810181,24.98734849340668,1930,15348993.286000002
MEDDL,XGBoost,locked_test,base_estimator_raw_margin_log_odds,RATCAT_A,code_14,WTFA_A,2,K6SPD_A,0.6420853295322547,17.514420410237268,1930,15348993.286000002
MEDDL,XGBoost,locked_test,base_estimator_raw_margin_log_odds,RATCAT_A,code_14,WTFA_A,3,RATCAT_A,0.5198787903314329,14.18094336910544,1930,15348993.286000002
MEDDL,XGBoost,locked_test,base_estimator_raw_margin_log_odds,RATCAT_A,code_14,WTFA_A,4,NOTCOV_A,0.5064501532941496,13.814645022468556,1930,15348993.286000002
MEDDL,XGBoost,locked_test,base_estimator_raw_margin_log_odds,RATCAT_A,code_14,WTFA_A,5,FDSCAT3_A,0.269985654266178,7.364507544496497,1930,15348993.286000002
MEDDL,XGBoost,locked_test,base_estimator_raw_margin_log_odds,RATCAT_A,code_14,WTFA_A,6,DISAB3_A,0.23328736874442105,6.363473614269181,1930,15348993.286000002
MEDDL,XGBoost,locked_test,base_estimator_raw_margin_log_odds,RATCAT_A,code_14,WTFA_A,7,AGEP_A,0.211982867713751,5.782342150086204,1930,15348993.286000002
MEDDL,XGBoost,locked_test,base_estimator_raw_margin_log_odds,RATCAT_A,code_14,WTFA_A,8,EDUCP_A,0.16951382148308505,4.623896853341077,1930,15348993.286000002
MEDDL,XGBoost,locked_test,base_estimator_raw_margin_log_odds,RATCAT_A,code_14,WTFA_A,9,SEX_A,0.06996736096661858,1.9085279145949148,1930,15348993.286000002
MEDDL,XGBoost,locked_test,base_estimator_raw_margin_log_odds,RATCAT_A,code_14,WTFA_A,10,PHSTAT_A,0.05871397637079473,1.6015648058241108,1930,15348993.286000002
MEDDL,XGBoost,locked_test,base_estimator_raw_margin_log_odds,RATCAT_A,code_14,WTFA_A,11,CHRONIC_BURDEN_CAT,0.049034092996885735,1.3375227242892276,1930,15348993.286000002
MEDDL,XGBoost,locked_test,base_estimator_raw_margin_log_odds,RATCAT_A,code_14,WTFA_A,12,EMPWRKLSW1_A,0.01909298676364403,0.5208070978808409,1930,15348993.286000002
MEDDL,XGBoost,locked_test,base_estimator_raw_margin_log_odds,RATCAT_A,code_2,Unweighted,1,HISPALLP_A,0.9150203811963472,25.103661066585,187,1384944.663
MEDDL,XGBoost,locked_test,base_estimator_raw_margin_log_odds,RATCAT_A,code_2,Unweighted,2,K6SPD_A,0.6366339393780581,17.466105636615513,187,1384944.663
MEDDL,XGBoost,locked_test,base_estimator_raw_margin_log_odds,RATCAT_A,code_2,Unweighted,3,RATCAT_A,0.5214425248684073,14.30581949757894,187,1384944.663
MEDDL,XGBoost,locked_test,base_estimator_raw_margin_log_odds,RATCAT_A,code_2,Unweighted,4,NOTCOV_A,0.508267461606127,13.944360529599813,187,1384944.663
MEDDL,XGBoost,locked_test,base_estimator_raw_margin_log_odds,RATCAT_A,code_2,Unweighted,5,FDSCAT3_A,0.26963322882585344,7.397410295804899,187,1384944.663
MEDDL,XGBoost,locked_test,base_estimator_raw_margin_log_odds,RATCAT_A,code_2,Unweighted,6,DISAB3_A,0.22606100027392156,6.20200254318921,187,1384944.663
MEDDL,XGBoost,locked_test,base_estimator_raw_margin_log_odds,RATCAT_A,code_2,Unweighted,7,AGEP_A,0.22211234852233352,6.0936709504958975,187,1384944.663
MEDDL,XGBoost,locked_test,base_estimator_raw_margin_log_odds,RATCAT_A,code_2,Unweighted,8,EDUCP_A,0.16185850388542275,4.440601658480746,187,1384944.663
MEDDL,XGBoost,locked_test,base_estimator_raw_margin_log_odds,RATCAT_A,code_2,Unweighted,9,SEX_A,0.07104024994759796,1.9489952283230099,187,1384944.663
MEDDL,XGBoost,locked_test,base_estimator_raw_margin_log_odds,RATCAT_A,code_2,Unweighted,10,PHSTAT_A,0.055027192687605794,1.5096756564801586,187,1384944.663
MEDDL,XGBoost,locked_test,base_estimator_raw_margin_log_odds,RATCAT_A,code_2,Unweighted,11,CHRONIC_BURDEN_CAT,0.042029403477383,1.1530802170193057,187,1384944.663
MEDDL,XGBoost,locked_test,base_estimator_raw_margin_log_odds,RATCAT_A,code_2,Unweighted,12,EMPWRKLSW1_A,0.015841639814848568,0.4346167198275128,187,1384944.663
MEDDL,XGBoost,locked_test,base_estimator_raw_margin_log_odds,RATCAT_A,code_2,WTFA_A,1,HISPALLP_A,0.9432132518979323,25.711847004689258,187,1384944.663
MEDDL,XGBoost,locked_test,base_estimator_raw_margin_log_odds,RATCAT_A,code_2,WTFA_A,2,K6SPD_A,0.6375439284807631,17.3793486413397,187,1384944.663
MEDDL,XGBoost,locked_test,base_estimator_raw_margin_log_odds,RATCAT_A,code_2,WTFA_A,3,RATCAT_A,0.5266969986705179,14.357678521156775,187,1384944.663
MEDDL,XGBoost,locked_test,base_estimator_raw_margin_log_odds,RATCAT_A,code_2,WTFA_A,4,NOTCOV_A,0.5127504696585968,13.977498302654311,187,1384944.663
MEDDL,XGBoost,locked_test,base_estimator_raw_margin_log_odds,RATCAT_A,code_2,WTFA_A,5,FDSCAT3_A,0.2604602332925299,7.100105576069548,187,1384944.663
MEDDL,XGBoost,locked_test,base_estimator_raw_margin_log_odds,RATCAT_A,code_2,WTFA_A,6,DISAB3_A,0.23374428301830538,6.371832913812592,187,1384944.663
MEDDL,XGBoost,locked_test,base_estimator_raw_margin_log_odds,RATCAT_A,code_2,WTFA_A,7,AGEP_A,0.21443761333401662,5.845536091653203,187,1384944.663
MEDDL,XGBoost,locked_test,base_estimator_raw_margin_log_odds,RATCAT_A,code_2,WTFA_A,8,EDUCP_A,0.15115875433595868,4.1205642065408075,187,1384944.663
MEDDL,XGBoost,locked_test,base_estimator_raw_margin_log_odds,RATCAT_A,code_2,WTFA_A,9,SEX_A,0.07752268135898477,2.1132562742144207,187,1384944.663
MEDDL,XGBoost,locked_test,base_estimator_raw_margin_log_odds,RATCAT_A,code_2,WTFA_A,10,PHSTAT_A,0.05146639085606965,1.4029658350453271,187,1384944.663
MEDDL,XGBoost,locked_test,base_estimator_raw_margin_log_odds,RATCAT_A,code_2,WTFA_A,11,CHRONIC_BURDEN_CAT,0.041795270771352616,1.1393326010106444,187,1384944.663
MEDDL,XGBoost,locked_test,base_estimator_raw_margin_log_odds,RATCAT_A,code_2,WTFA_A,12,EMPWRKLSW1_A,0.017609565741653153,0.4800340318134113,187,1384944.663
MEDDL,XGBoost,locked_test,base_estimator_raw_margin_log_odds,RATCAT_A,code_3,Unweighted,1,HISPALLP_A,0.8914628846893341,24.21268565576339,322,2378042.798
MEDDL,XGBoost,locked_test,base_estimator_raw_margin_log_odds,RATCAT_A,code_3,Unweighted,2,K6SPD_A,0.6411511977517729,17.41406476433377,322,2378042.798
MEDDL,XGBoost,locked_test,base_estimator_raw_margin_log_odds,RATCAT_A,code_3,Unweighted,3,RATCAT_A,0.5236618316259455,14.222980605074667,322,2378042.798
MEDDL,XGBoost,locked_test,base_estimator_raw_margin_log_odds,RATCAT_A,code_3,Unweighted,4,NOTCOV_A,0.5078868598254941,13.794522572785452,322,2378042.798
MEDDL,XGBoost,locked_test,base_estimator_raw_margin_log_odds,RATCAT_A,code_3,Unweighted,5,FDSCAT3_A,0.2791515424998003,7.58192928158146,322,2378042.798
MEDDL,XGBoost,locked_test,base_estimator_raw_margin_log_odds,RATCAT_A,code_3,Unweighted,6,AGEP_A,0.2611618713469979,7.093318639282928,322,2378042.798
MEDDL,XGBoost,locked_test,base_estimator_raw_margin_log_odds,RATCAT_A,code_3,Unweighted,7,DISAB3_A,0.2214581089525235,6.014939791751273,322,2378042.798
MEDDL,XGBoost,locked_test,base_estimator_raw_margin_log_odds,RATCAT_A,code_3,Unweighted,8,EDUCP_A,0.16545711859868353,4.493918110269274,322,2378042.798
MEDDL,XGBoost,locked_test,base_estimator_raw_margin_log_odds,RATCAT_A,code_3,Unweighted,9,SEX_A,0.06480499924166325,1.760144031242752,322,2378042.798
MEDDL,XGBoost,locked_test,base_estimator_raw_margin_log_odds,RATCAT_A,code_3,Unweighted,10,PHSTAT_A,0.06338493794387912,1.7215742843629984,322,2378042.798
MEDDL,XGBoost,locked_test,base_estimator_raw_margin_log_odds,RATCAT_A,code_3,Unweighted,11,CHRONIC_BURDEN_CAT,0.04753807484626377,1.2911636397895103,322,2378042.798
MEDDL,XGBoost,locked_test,base_estimator_raw_margin_log_odds,RATCAT_A,code_3,Unweighted,12,EMPWRKLSW1_A,0.014681498702291561,0.3987586237625187,322,2378042.798
MEDDL,XGBoost,locked_test,base_estimator_raw_margin_log_odds,RATCAT_A,code_3,WTFA_A,1,HISPALLP_A,0.9270871604439999,25.159741840114354,322,2378042.798
MEDDL,XGBoost,locked_test,base_estimator_raw_margin_log_odds,RATCAT_A,code_3,WTFA_A,2,K6SPD_A,0.6421102561321311,17.425900138059323,322,2378042.798
MEDDL,XGBoost,locked_test,base_estimator_raw_margin_log_odds,RATCAT_A,code_3,WTFA_A,3,RATCAT_A,0.5291209743792842,14.359542107342868,322,2378042.798
MEDDL,XGBoost,locked_test,base_estimator_raw_margin_log_odds,RATCAT_A,code_3,WTFA_A,4,NOTCOV_A,0.5102245868193817,13.846722759817654,322,2378042.798
MEDDL,XGBoost,locked_test,base_estimator_raw_margin_log_odds,RATCAT_A,code_3,WTFA_A,5,FDSCAT3_A,0.26857311384974314,7.2886676657446205,322,2378042.798
MEDDL,XGBoost,locked_test,base_estimator_raw_margin_log_odds,RATCAT_A,code_3,WTFA_A,6,DISAB3_A,0.23101951190823677,6.269519768623259,322,2378042.798
MEDDL,XGBoost,locked_test,base_estimator_raw_margin_log_odds,RATCAT_A,code_3,WTFA_A,7,AGEP_A,0.2275533069556947,6.175452214361027,322,2378042.798
MEDDL,XGBoost,locked_test,base_estimator_raw_margin_log_odds,RATCAT_A,code_3,WTFA_A,8,EDUCP_A,0.1596779404542825,4.333417536994971,322,2378042.798
MEDDL,XGBoost,locked_test,base_estimator_raw_margin_log_odds,RATCAT_A,code_3,WTFA_A,9,SEX_A,0.07093409498684614,1.9250439372674293,322,2378042.798
MEDDL,XGBoost,locked_test,base_estimator_raw_margin_log_odds,RATCAT_A,code_3,WTFA_A,10,PHSTAT_A,0.05377552630735064,1.4593863629405162,322,2378042.798
MEDDL,XGBoost,locked_test,base_estimator_raw_margin_log_odds,RATCAT_A,code_3,WTFA_A,11,CHRONIC_BURDEN_CAT,0.04692677763318322,1.273521693552415,322,2378042.798
MEDDL,XGBoost,locked_test,base_estimator_raw_margin_log_odds,RATCAT_A,code_3,WTFA_A,12,EMPWRKLSW1_A,0.017800697386052288,0.4830839751815619,322,2378042.798
MEDDL,XGBoost,locked_test,base_estimator_raw_margin_log_odds,RATCAT_A,code_4,Unweighted,1,HISPALLP_A,0.897729671170329,24.316855404774774,252,1789827.5900000003
MEDDL,XGBoost,locked_test,base_estimator_raw_margin_log_odds,RATCAT_A,code_4,Unweighted,2,K6SPD_A,0.6404901021968625,17.348992356470177,252,1789827.5900000003
MEDDL,XGBoost,locked_test,base_estimator_raw_margin_log_odds,RATCAT_A,code_4,Unweighted,3,RATCAT_A,0.5260249309330469,14.248467657452098,252,1789827.5900000003
MEDDL,XGBoost,locked_test,base_estimator_raw_margin_log_odds,RATCAT_A,code_4,Unweighted,4,NOTCOV_A,0.5098051879081934,13.809122542208453,252,1789827.5900000003
MEDDL,XGBoost,locked_test,base_estimator_raw_margin_log_odds,RATCAT_A,code_4,Unweighted,5,FDSCAT3_A,0.27446825749846915,7.434537528530064,252,1789827.5900000003
MEDDL,XGBoost,locked_test,base_estimator_raw_margin_log_odds,RATCAT_A,code_4,Unweighted,6,AGEP_A,0.26648976123847423,7.218423539951622,252,1789827.5900000003
MEDDL,XGBoost,locked_test,base_estimator_raw_margin_log_odds,RATCAT_A,code_4,Unweighted,7,DISAB3_A,0.22327300863033753,6.047808868314469,252,1789827.5900000003
MEDDL,XGBoost,locked_test,base_estimator_raw_margin_log_odds,RATCAT_A,code_4,Unweighted,8,EDUCP_A,0.16280225469196763,4.409834067035945,252,1789827.5900000003
MEDDL,XGBoost,locked_test,base_estimator_raw_margin_log_odds,RATCAT_A,code_4,Unweighted,9,SEX_A,0.06709206602462227,1.81732666382907,252,1789827.5900000003
MEDDL,XGBoost,locked_test,base_estimator_raw_margin_log_odds,RATCAT_A,code_4,Unweighted,10,PHSTAT_A,0.06052162378494229,1.6393527157479795,252,1789827.5900000003
MEDDL,XGBoost,locked_test,base_estimator_raw_margin_log_odds,RATCAT_A,code_4,Unweighted,11,CHRONIC_BURDEN_CAT,0.047401206967137226,1.2839592283153833,252,1789827.5900000003
MEDDL,XGBoost,locked_test,base_estimator_raw_margin_log_odds,RATCAT_A,code_4,Unweighted,12,EMPWRKLSW1_A,0.01570194267800876,0.4253194273699758,252,1789827.5900000003
MEDDL,XGBoost,locked_test,base_estimator_raw_margin_log_odds,RATCAT_A,code_4,WTFA_A,1,HISPALLP_A,0.9321503175221101,25.273484972008927,252,1789827.5900000003
MEDDL,XGBoost,locked_test,base_estimator_raw_margin_log_odds,RATCAT_A,code_4,WTFA_A,2,K6SPD_A,0.6423155416485749,17.415165648707703,252,1789827.5900000003
MEDDL,XGBoost,locked_test,base_estimator_raw_margin_log_odds,RATCAT_A,code_4,WTFA_A,3,RATCAT_A,0.5279540559781534,14.314471227285212,252,1789827.5900000003
MEDDL,XGBoost,locked_test,base_estimator_raw_margin_log_odds,RATCAT_A,code_4,WTFA_A,4,NOTCOV_A,0.5117909715656693,13.876239899867853,252,1789827.5900000003
MEDDL,XGBoost,locked_test,base_estimator_raw_margin_log_odds,RATCAT_A,code_4,WTFA_A,5,FDSCAT3_A,0.2638773445691089,7.154532887087503,252,1789827.5900000003
MEDDL,XGBoost,locked_test,base_estimator_raw_margin_log_odds,RATCAT_A,code_4,WTFA_A,6,DISAB3_A,0.23314283702765504,6.321225104136923,252,1789827.5900000003
MEDDL,XGBoost,locked_test,base_estimator_raw_margin_log_odds,RATCAT_A,code_4,WTFA_A,7,AGEP_A,0.22679079245900335,6.149001483193361,252,1789827.5900000003
MEDDL,XGBoost,locked_test,base_estimator_raw_margin_log_odds,RATCAT_A,code_4,WTFA_A,8,EDUCP_A,0.1582020770080378,4.289348767730698,252,1789827.5900000003
MEDDL,XGBoost,locked_test,base_estimator_raw_margin_log_odds,RATCAT_A,code_4,WTFA_A,9,SEX_A,0.07395572882331188,2.0051690868684444,252,1789827.5900000003
MEDDL,XGBoost,locked_test,base_estimator_raw_margin_log_odds,RATCAT_A,code_4,WTFA_A,10,PHSTAT_A,0.05212364904706157,1.41323372004959,252,1789827.5900000003
MEDDL,XGBoost,locked_test,base_estimator_raw_margin_log_odds,RATCAT_A,code_4,WTFA_A,11,CHRONIC_BURDEN_CAT,0.04725413510019869,1.2812061004225574,252,1789827.5900000003
MEDDL,XGBoost,locked_test,base_estimator_raw_margin_log_odds,RATCAT_A,code_4,WTFA_A,12,EMPWRKLSW1_A,0.018696537786894774,0.5069211026412315,252,1789827.5900000003
MEDDL,XGBoost,locked_test,base_estimator_raw_margin_log_odds,RATCAT_A,code_5,Unweighted,1,HISPALLP_A,0.8764207339237143,23.53329504898452,331,2620717.5870000003
MEDDL,XGBoost,locked_test,base_estimator_raw_margin_log_odds,RATCAT_A,code_5,Unweighted,2,K6SPD_A,0.636708931897885,17.09665070062223,331,2620717.5870000003
MEDDL,XGBoost,locked_test,base_estimator_raw_margin_log_odds,RATCAT_A,code_5,Unweighted,3,RATCAT_A,0.5333037348956522,14.320056176486144,331,2620717.5870000003
MEDDL,XGBoost,locked_test,base_estimator_raw_margin_log_odds,RATCAT_A,code_5,Unweighted,4,NOTCOV_A,0.5082303654976482,13.64679620319258,331,2620717.5870000003
MEDDL,XGBoost,locked_test,base_estimator_raw_margin_log_odds,RATCAT_A,code_5,Unweighted,5,AGEP_A,0.303478775033868,8.1488893148414,331,2620717.5870000003
MEDDL,XGBoost,locked_test,base_estimator_raw_margin_log_odds,RATCAT_A,code_5,Unweighted,6,FDSCAT3_A,0.2842254383022421,7.63190650459419,331,2620717.5870000003
MEDDL,XGBoost,locked_test,base_estimator_raw_margin_log_odds,RATCAT_A,code_5,Unweighted,7,DISAB3_A,0.22024476788220562,5.913923421645342,331,2620717.5870000003
MEDDL,XGBoost,locked_test,base_estimator_raw_margin_log_odds,RATCAT_A,code_5,Unweighted,8,EDUCP_A,0.16964806052483336,4.555321101253628,331,2620717.5870000003
MEDDL,XGBoost,locked_test,base_estimator_raw_margin_log_odds,RATCAT_A,code_5,Unweighted,9,PHSTAT_A,0.06481259150762572,1.740321491493863,331,2620717.5870000003
MEDDL,XGBoost,locked_test,base_estimator_raw_margin_log_odds,RATCAT_A,code_5,Unweighted,10,SEX_A,0.06342407703973646,1.7030376626342574,331,2620717.5870000003
MEDDL,XGBoost,locked_test,base_estimator_raw_margin_log_odds,RATCAT_A,code_5,Unweighted,11,CHRONIC_BURDEN_CAT,0.048456777826766134,1.301141798203552,331,2620717.5870000003
MEDDL,XGBoost,locked_test,base_estimator_raw_margin_log_odds,RATCAT_A,code_5,Unweighted,12,EMPWRKLSW1_A,0.015219228809243602,0.40866057604829553,331,2620717.5870000003
MEDDL,XGBoost,locked_test,base_estimator_raw_margin_log_odds,RATCAT_A,code_5,WTFA_A,1,HISPALLP_A,0.9085366861746489,24.465778605459302,331,2620717.5870000003
MEDDL,XGBoost,locked_test,base_estimator_raw_margin_log_odds,RATCAT_A,code_5,WTFA_A,2,K6SPD_A,0.6379730007590035,17.179830413397156,331,2620717.5870000003
MEDDL,XGBoost,locked_test,base_estimator_raw_margin_log_odds,RATCAT_A,code_5,WTFA_A,3,RATCAT_A,0.5338773936811975,14.37666339183242,331,2620717.5870000003
MEDDL,XGBoost,locked_test,base_estimator_raw_margin_log_odds,RATCAT_A,code_5,WTFA_A,4,NOTCOV_A,0.5103726345289576,13.743709057302887,331,2620717.5870000003
MEDDL,XGBoost,locked_test,base_estimator_raw_margin_log_odds,RATCAT_A,code_5,WTFA_A,5,FDSCAT3_A,0.27359804082174505,7.3676596614013645,331,2620717.5870000003
MEDDL,XGBoost,locked_test,base_estimator_raw_margin_log_odds,RATCAT_A,code_5,WTFA_A,6,AGEP_A,0.2599089565241377,6.99902941142558,331,2620717.5870000003
MEDDL,XGBoost,locked_test,base_estimator_raw_margin_log_odds,RATCAT_A,code_5,WTFA_A,7,DISAB3_A,0.2300243792797423,6.194274400752764,331,2620717.5870000003
MEDDL,XGBoost,locked_test,base_estimator_raw_margin_log_odds,RATCAT_A,code_5,WTFA_A,8,EDUCP_A,0.16479715366877018,4.437785218609138,331,2620717.5870000003
MEDDL,XGBoost,locked_test,base_estimator_raw_margin_log_odds,RATCAT_A,code_5,WTFA_A,9,SEX_A,0.06894498560475394,1.8566038988085891,331,2620717.5870000003
MEDDL,XGBoost,locked_test,base_estimator_raw_margin_log_odds,RATCAT_A,code_5,WTFA_A,10,PHSTAT_A,0.0593274272065582,1.5976148474296548,331,2620717.5870000003
MEDDL,XGBoost,locked_test,base_estimator_raw_margin_log_odds,RATCAT_A,code_5,WTFA_A,11,CHRONIC_BURDEN_CAT,0.0482730930472673,1.2999351870620512,331,2620717.5870000003
MEDDL,XGBoost,locked_test,base_estimator_raw_margin_log_odds,RATCAT_A,code_5,WTFA_A,12,EMPWRKLSW1_A,0.01786623914258859,0.481115906519087,331,2620717.5870000003
MEDDL,XGBoost,locked_test,base_estimator_raw_margin_log_odds,RATCAT_A,code_6,Unweighted,1,HISPALLP_A,0.8752396812024933,23.444768313970116,298,2170348.889
MEDDL,XGBoost,locked_test,base_estimator_raw_margin_log_odds,RATCAT_A,code_6,Unweighted,2,K6SPD_A,0.6356311369177122,17.026450077888363,298,2170348.889
MEDDL,XGBoost,locked_test,base_estimator_raw_margin_log_odds,RATCAT_A,code_6,Unweighted,3,RATCAT_A,0.5333625736557285,14.287014443313785,298,2170348.889
MEDDL,XGBoost,locked_test,base_estimator_raw_margin_log_odds,RATCAT_A,code_6,Unweighted,4,NOTCOV_A,0.5112254217567059,13.69403356213311,298,2170348.889
MEDDL,XGBoost,locked_test,base_estimator_raw_margin_log_odds,RATCAT_A,code_6,Unweighted,5,AGEP_A,0.3180464269193327,8.519408971454826,298,2170348.889
MEDDL,XGBoost,locked_test,base_estimator_raw_margin_log_odds,RATCAT_A,code_6,Unweighted,6,FDSCAT3_A,0.2845764574219766,7.622859492273231,298,2170348.889
MEDDL,XGBoost,locked_test,base_estimator_raw_margin_log_odds,RATCAT_A,code_6,Unweighted,7,DISAB3_A,0.2177714197763598,5.833374093649972,298,2170348.889
MEDDL,XGBoost,locked_test,base_estimator_raw_margin_log_odds,RATCAT_A,code_6,Unweighted,8,EDUCP_A,0.16558077449647823,4.4353597976547094,298,2170348.889
MEDDL,XGBoost,locked_test,base_estimator_raw_margin_log_odds,RATCAT_A,code_6,Unweighted,9,PHSTAT_A,0.06526008223327215,1.7481011669941917,298,2170348.889
MEDDL,XGBoost,locked_test,base_estimator_raw_margin_log_odds,RATCAT_A,code_6,Unweighted,10,SEX_A,0.06349861721239435,1.7009173610098647,298,2170348.889
MEDDL,XGBoost,locked_test,base_estimator_raw_margin_log_odds,RATCAT_A,code_6,Unweighted,11,CHRONIC_BURDEN_CAT,0.048999607780711545,1.312536984515913,298,2170348.889
MEDDL,XGBoost,locked_test,base_estimator_raw_margin_log_odds,RATCAT_A,code_6,Unweighted,12,EMPWRKLSW1_A,0.014006053991365753,0.3751757351419215,298,2170348.889
MEDDL,XGBoost,locked_test,base_estimator_raw_margin_log_odds,RATCAT_A,code_6,WTFA_A,1,HISPALLP_A,0.9163878657376829,24.7429133231383,298,2170348.889
MEDDL,XGBoost,locked_test,base_estimator_raw_margin_log_odds,RATCAT_A,code_6,WTFA_A,2,K6SPD_A,0.6374629901886621,17.211807470027736,298,2170348.889
MEDDL,XGBoost,locked_test,base_estimator_raw_margin_log_odds,RATCAT_A,code_6,WTFA_A,3,RATCAT_A,0.5337935171727715,14.41268181484161,298,2170348.889
MEDDL,XGBoost,locked_test,base_estimator_raw_margin_log_odds,RATCAT_A,code_6,WTFA_A,4,NOTCOV_A,0.5124345086233173,13.83597830646212,298,2170348.889
MEDDL,XGBoost,locked_test,base_estimator_raw_margin_log_odds,RATCAT_A,code_6,WTFA_A,5,FDSCAT3_A,0.2713299365264594,7.326038844962779,298,2170348.889
MEDDL,XGBoost,locked_test,base_estimator_raw_margin_log_odds,RATCAT_A,code_6,WTFA_A,6,AGEP_A,0.25659043406657306,6.928065186180673,298,2170348.889
MEDDL,XGBoost,locked_test,base_estimator_raw_margin_log_odds,RATCAT_A,code_6,WTFA_A,7,DISAB3_A,0.22847759926714425,6.169005119240537,298,2170348.889
MEDDL,XGBoost,locked_test,base_estimator_raw_margin_log_odds,RATCAT_A,code_6,WTFA_A,8,EDUCP_A,0.15731028280732187,4.2474533304810445,298,2170348.889
MEDDL,XGBoost,locked_test,base_estimator_raw_margin_log_odds,RATCAT_A,code_6,WTFA_A,9,SEX_A,0.07037568782478061,1.9001774346968872,298,2170348.889
MEDDL,XGBoost,locked_test,base_estimator_raw_margin_log_odds,RATCAT_A,code_6,WTFA_A,10,PHSTAT_A,0.05570789728178536,1.5041400321772356,298,2170348.889
MEDDL,XGBoost,locked_test,base_estimator_raw_margin_log_odds,RATCAT_A,code_6,WTFA_A,11,CHRONIC_BURDEN_CAT,0.046957232346260355,1.2678678682663496,298,2170348.889
MEDDL,XGBoost,locked_test,base_estimator_raw_margin_log_odds,RATCAT_A,code_6,WTFA_A,12,EMPWRKLSW1_A,0.016809747444350577,0.4538712695247211,298,2170348.889
MEDDL,XGBoost,locked_test,base_estimator_raw_margin_log_odds,RATCAT_A,code_7,Unweighted,1,HISPALLP_A,0.9044516434545465,24.38423822628297,274,2014189.3329999999
MEDDL,XGBoost,locked_test,base_estimator_raw_margin_log_odds,RATCAT_A,code_7,Unweighted,2,K6SPD_A,0.6344684855166965,17.105426044466682,274,2014189.3329999999
MEDDL,XGBoost,locked_test,base_estimator_raw_margin_log_odds,RATCAT_A,code_7,Unweighted,3,RATCAT_A,0.5295621349729502,14.277125093695934,274,2014189.3329999999
MEDDL,XGBoost,locked_test,base_estimator_raw_margin_log_odds,RATCAT_A,code_7,Unweighted,4,NOTCOV_A,0.5098687290846213,13.746186038918232,274,2014189.3329999999
MEDDL,XGBoost,locked_test,base_estimator_raw_margin_log_odds,RATCAT_A,code_7,Unweighted,5,AGEP_A,0.2762065867614681,7.446597349898682,274,2014189.3329999999
MEDDL,XGBoost,locked_test,base_estimator_raw_margin_log_odds,RATCAT_A,code_7,Unweighted,6,FDSCAT3_A,0.27537580028543396,7.424199142660742,274,2014189.3329999999
MEDDL,XGBoost,locked_test,base_estimator_raw_margin_log_odds,RATCAT_A,code_7,Unweighted,7,DISAB3_A,0.22574930622397046,6.086256686270306,274,2014189.3329999999
MEDDL,XGBoost,locked_test,base_estimator_raw_margin_log_odds,RATCAT_A,code_7,Unweighted,8,EDUCP_A,0.16866591670822326,4.547274498787957,274,2014189.3329999999
MEDDL,XGBoost,locked_test,base_estimator_raw_margin_log_odds,RATCAT_A,code_7,Unweighted,9,SEX_A,0.06757550510870171,1.8218521982428062,274,2014189.3329999999
MEDDL,XGBoost,locked_test,base_estimator_raw_margin_log_odds,RATCAT_A,code_7,Unweighted,10,PHSTAT_A,0.05655714041505852,1.5247943826058519,274,2014189.3329999999
MEDDL,XGBoost,locked_test,base_estimator_raw_margin_log_odds,RATCAT_A,code_7,Unweighted,11,CHRONIC_BURDEN_CAT,0.044034212741114534,1.187173179856268,274,2014189.3329999999
MEDDL,XGBoost,locked_test,base_estimator_raw_margin_log_odds,RATCAT_A,code_7,Unweighted,12,EMPWRKLSW1_A,0.016649594700412593,0.44887715831357444,274,2014189.3329999999
MEDDL,XGBoost,locked_test,base_estimator_raw_margin_log_odds,RATCAT_A,code_7,WTFA_A,1,HISPALLP_A,0.92985805058285,25.10577052983449,274,2014189.3329999999
MEDDL,XGBoost,locked_test,base_estimator_raw_margin_log_odds,RATCAT_A,code_7,WTFA_A,2,K6SPD_A,0.6362908640478159,17.179581779177436,274,2014189.3329999999
MEDDL,XGBoost,locked_test,base_estimator_raw_margin_log_odds,RATCAT_A,code_7,WTFA_A,3,RATCAT_A,0.5275212026278084,14.242847340510348,274,2014189.3329999999
MEDDL,XGBoost,locked_test,base_estimator_raw_margin_log_odds,RATCAT_A,code_7,WTFA_A,4,NOTCOV_A,0.5114054989137011,13.807730217934951,274,2014189.3329999999
MEDDL,XGBoost,locked_test,base_estimator_raw_margin_log_odds,RATCAT_A,code_7,WTFA_A,5,FDSCAT3_A,0.2663039566443533,7.1900931787485,274,2014189.3329999999
MEDDL,XGBoost,locked_test,base_estimator_raw_margin_log_odds,RATCAT_A,code_7,WTFA_A,6,AGEP_A,0.24862337987951164,6.712725151644789,274,2014189.3329999999
MEDDL,XGBoost,locked_test,base_estimator_raw_margin_log_odds,RATCAT_A,code_7,WTFA_A,7,DISAB3_A,0.23396929834812447,6.3170712042257335,274,2014189.3329999999
MEDDL,XGBoost,locked_test,base_estimator_raw_margin_log_odds,RATCAT_A,code_7,WTFA_A,8,EDUCP_A,0.16187343019690892,4.370513532526199,274,2014189.3329999999
MEDDL,XGBoost,locked_test,base_estimator_raw_margin_log_odds,RATCAT_A,code_7,WTFA_A,9,SEX_A,0.07252716653473953,1.9582025439892938,274,2014189.3329999999
MEDDL,XGBoost,locked_test,base_estimator_raw_margin_log_odds,RATCAT_A,code_7,WTFA_A,10,PHSTAT_A,0.052843649323627416,1.4267559796319975,274,2014189.3329999999
MEDDL,XGBoost,locked_test,base_estimator_raw_margin_log_odds,RATCAT_A,code_7,WTFA_A,11,CHRONIC_BURDEN_CAT,0.04401973658226216,1.1885141014000031,274,2014189.3329999999
MEDDL,XGBoost,locked_test,base_estimator_raw_margin_log_odds,RATCAT_A,code_7,WTFA_A,12,EMPWRKLSW1_A,0.018526012841865287,0.5001944403762473,274,2014189.3329999999
MEDDL,XGBoost,locked_test,base_estimator_raw_margin_log_odds,RATCAT_A,code_8,Unweighted,1,HISPALLP_A,0.8781734990090009,23.544186903237314,530,4181768.7849999997
MEDDL,XGBoost,locked_test,base_estimator_raw_margin_log_odds,RATCAT_A,code_8,Unweighted,2,K6SPD_A,0.6375753996524749,17.093654489988474,530,4181768.7849999997
MEDDL,XGBoost,locked_test,base_estimator_raw_margin_log_odds,RATCAT_A,code_8,Unweighted,3,RATCAT_A,0.5320254562897081,14.26381779261209,530,4181768.7849999997
MEDDL,XGBoost,locked_test,base_estimator_raw_margin_log_odds,RATCAT_A,code_8,Unweighted,4,NOTCOV_A,0.508812625070085,13.641472393434304,530,4181768.7849999997
MEDDL,XGBoost,locked_test,base_estimator_raw_margin_log_odds,RATCAT_A,code_8,Unweighted,5,AGEP_A,0.3005641335867486,8.058246059077975,530,4181768.7849999997
MEDDL,XGBoost,locked_test,base_estimator_raw_margin_log_odds,RATCAT_A,code_8,Unweighted,6,FDSCAT3_A,0.28344977207763017,7.59940310087556,530,4181768.7849999997
MEDDL,XGBoost,locked_test,base_estimator_raw_margin_log_odds,RATCAT_A,code_8,Unweighted,7,DISAB3_A,0.2211424221482374,5.928917833626568,530,4181768.7849999997
MEDDL,XGBoost,locked_test,base_estimator_raw_margin_log_odds,RATCAT_A,code_8,Unweighted,8,EDUCP_A,0.17366233768539047,4.655957554096083,530,4181768.7849999997
MEDDL,XGBoost,locked_test,base_estimator_raw_margin_log_odds,RATCAT_A,code_8,Unweighted,9,PHSTAT_A,0.06591249758483105,1.767140734886301,530,4181768.7849999997
MEDDL,XGBoost,locked_test,base_estimator_raw_margin_log_odds,RATCAT_A,code_8,Unweighted,10,SEX_A,0.062067849396394106,1.6640641610339806,530,4181768.7849999997
MEDDL,XGBoost,locked_test,base_estimator_raw_margin_log_odds,RATCAT_A,code_8,Unweighted,11,CHRONIC_BURDEN_CAT,0.05053803209030895,1.3549450929671512,530,4181768.7849999997
MEDDL,XGBoost,locked_test,base_estimator_raw_margin_log_odds,RATCAT_A,code_8,Unweighted,12,EMPWRKLSW1_A,0.015971183165345553,0.4281938841642031,530,4181768.7849999997
MEDDL,XGBoost,locked_test,base_estimator_raw_margin_log_odds,RATCAT_A,code_8,WTFA_A,1,HISPALLP_A,0.9149569072014311,24.677606950611867,530,4181768.7849999997
MEDDL,XGBoost,locked_test,base_estimator_raw_margin_log_odds,RATCAT_A,code_8,WTFA_A,2,K6SPD_A,0.6405151386219087,17.275546763371565,530,4181768.7849999997
MEDDL,XGBoost,locked_test,base_estimator_raw_margin_log_odds,RATCAT_A,code_8,WTFA_A,3,RATCAT_A,0.5328846407102246,14.372608819018247,530,4181768.7849999997
MEDDL,XGBoost,locked_test,base_estimator_raw_margin_log_odds,RATCAT_A,code_8,WTFA_A,4,NOTCOV_A,0.5102566010267083,13.762300437303688,530,4181768.7849999997
MEDDL,XGBoost,locked_test,base_estimator_raw_margin_log_odds,RATCAT_A,code_8,WTFA_A,5,FDSCAT3_A,0.2709246832223228,7.307199708704549,530,4181768.7849999997
MEDDL,XGBoost,locked_test,base_estimator_raw_margin_log_odds,RATCAT_A,code_8,WTFA_A,6,AGEP_A,0.24327607774155552,6.561479977625786,530,4181768.7849999997
MEDDL,XGBoost,locked_test,base_estimator_raw_margin_log_odds,RATCAT_A,code_8,WTFA_A,7,DISAB3_A,0.23165501695085858,6.2480444832491635,530,4181768.7849999997
MEDDL,XGBoost,locked_test,base_estimator_raw_margin_log_odds,RATCAT_A,code_8,WTFA_A,8,EDUCP_A,0.16813070573267086,4.534709164708678,530,4181768.7849999997
MEDDL,XGBoost,locked_test,base_estimator_raw_margin_log_odds,RATCAT_A,code_8,WTFA_A,9,SEX_A,0.0681140511729343,1.837126720864769,530,4181768.7849999997
MEDDL,XGBoost,locked_test,base_estimator_raw_margin_log_odds,RATCAT_A,code_8,WTFA_A,10,PHSTAT_A,0.05728090967976925,1.5449424598306738,530,4181768.7849999997
MEDDL,XGBoost,locked_test,base_estimator_raw_margin_log_odds,RATCAT_A,code_8,WTFA_A,11,CHRONIC_BURDEN_CAT,0.05009498042506996,1.351128372711779,530,4181768.7849999997
MEDDL,XGBoost,locked_test,base_estimator_raw_margin_log_odds,RATCAT_A,code_8,WTFA_A,12,EMPWRKLSW1_A,0.019550615170972528,0.527306141999225,530,4181768.7849999997
MEDDL,XGBoost,locked_test,base_estimator_raw_margin_log_odds,RATCAT_A,code_9,Unweighted,1,HISPALLP_A,0.8848552826843303,23.86363812613009,531,4234911.856000001
MEDDL,XGBoost,locked_test,base_estimator_raw_margin_log_odds,RATCAT_A,code_9,Unweighted,2,K6SPD_A,0.6362449888568793,17.158873852890558,531,4234911.856000001
MEDDL,XGBoost,locked_test,base_estimator_raw_margin_log_odds,RATCAT_A,code_9,Unweighted,3,RATCAT_A,0.529691974813094,14.285248506296494,531,4234911.856000001
MEDDL,XGBoost,locked_test,base_estimator_raw_margin_log_odds,RATCAT_A,code_9,Unweighted,4,NOTCOV_A,0.5085154858973796,13.714140350922689,531,4234911.856000001
MEDDL,XGBoost,locked_test,base_estimator_raw_margin_log_odds,RATCAT_A,code_9,Unweighted,5,AGEP_A,0.28220080172120404,7.610665769829685,531,4234911.856000001
MEDDL,XGBoost,locked_test,base_estimator_raw_margin_log_odds,RATCAT_A,code_9,Unweighted,6,FDSCAT3_A,0.280487833960287,7.564468788732116,531,4234911.856000001
MEDDL,XGBoost,locked_test,base_estimator_raw_margin_log_odds,RATCAT_A,code_9,Unweighted,7,DISAB3_A,0.22261799117940498,6.00377856789781,531,4234911.856000001
MEDDL,XGBoost,locked_test,base_estimator_raw_margin_log_odds,RATCAT_A,code_9,Unweighted,8,EDUCP_A,0.16851114205820503,4.544572421039033,531,4234911.856000001
MEDDL,XGBoost,locked_test,base_estimator_raw_margin_log_odds,RATCAT_A,code_9,Unweighted,9,PHSTAT_A,0.06602489496467252,1.780623602057177,531,4234911.856000001
MEDDL,XGBoost,locked_test,base_estimator_raw_margin_log_odds,RATCAT_A,code_9,Unweighted,10,SEX_A,0.06456240809569924,1.741181833342726,531,4234911.856000001
MEDDL,XGBoost,locked_test,base_estimator_raw_margin_log_odds,RATCAT_A,code_9,Unweighted,11,CHRONIC_BURDEN_CAT,0.04859252510226872,1.3104904919114502,531,4234911.856000001
MEDDL,XGBoost,locked_test,base_estimator_raw_margin_log_odds,RATCAT_A,code_9,Unweighted,12,EMPWRKLSW1_A,0.015659390913634764,0.4223176889501631,531,4234911.856000001
MEDDL,XGBoost,locked_test,base_estimator_raw_margin_log_odds,RATCAT_A,code_9,WTFA_A,1,HISPALLP_A,0.9106397390358689,24.53231110175598,531,4234911.856000001
MEDDL,XGBoost,locked_test,base_estimator_raw_margin_log_odds,RATCAT_A,code_9,WTFA_A,2,K6SPD_A,0.637078171103123,17.162659633310746,531,4234911.856000001
MEDDL,XGBoost,locked_test,base_estimator_raw_margin_log_odds,RATCAT_A,code_9,WTFA_A,3,RATCAT_A,0.5302105453085781,14.283683754799746,531,4234911.856000001
MEDDL,XGBoost,locked_test,base_estimator_raw_margin_log_odds,RATCAT_A,code_9,WTFA_A,4,NOTCOV_A,0.5109701064078797,13.765353165201272,531,4234911.856000001
MEDDL,XGBoost,locked_test,base_estimator_raw_margin_log_odds,RATCAT_A,code_9,WTFA_A,5,FDSCAT3_A,0.27190452955571925,7.325011443163878,531,4234911.856000001
MEDDL,XGBoost,locked_test,base_estimator_raw_margin_log_odds,RATCAT_A,code_9,WTFA_A,6,AGEP_A,0.26307720734357565,7.087206518317283,531,4234911.856000001
MEDDL,XGBoost,locked_test,base_estimator_raw_margin_log_odds,RATCAT_A,code_9,WTFA_A,7,DISAB3_A,0.229501204795191,6.182680936178286,531,4234911.856000001
MEDDL,XGBoost,locked_test,base_estimator_raw_margin_log_odds,RATCAT_A,code_9,WTFA_A,8,EDUCP_A,0.16286856684371248,4.387621338310291,531,4234911.856000001
MEDDL,XGBoost,locked_test,base_estimator_raw_margin_log_odds,RATCAT_A,code_9,WTFA_A,9,SEX_A,0.07071589977564442,1.9050612209977058,531,4234911.856000001
MEDDL,XGBoost,locked_test,base_estimator_raw_margin_log_odds,RATCAT_A,code_9,WTFA_A,10,PHSTAT_A,0.061509340158596736,1.6570397751717174,531,4234911.856000001
MEDDL,XGBoost,locked_test,base_estimator_raw_margin_log_odds,RATCAT_A,code_9,WTFA_A,11,CHRONIC_BURDEN_CAT,0.04652993410315038,1.2534998968650637,531,4234911.856000001
MEDDL,XGBoost,locked_test,base_estimator_raw_margin_log_odds,RATCAT_A,code_9,WTFA_A,12,EMPWRKLSW1_A,0.01699618608517016,0.4578712159280225,531,4234911.856000001
MEDDL,XGBoost,locked_test,base_estimator_raw_margin_log_odds,NOTCOV_A,code_1,Unweighted,1,HISPALLP_A,0.9680418027924982,26.66355977602753,472,4745382.67
MEDDL,XGBoost,locked_test,base_estimator_raw_margin_log_odds,NOTCOV_A,code_1,Unweighted,2,K6SPD_A,0.64086659357886,17.65190787944917,472,4745382.67
MEDDL,XGBoost,locked_test,base_estimator_raw_margin_log_odds,NOTCOV_A,code_1,Unweighted,3,RATCAT_A,0.5151566129145252,14.189376019546378,472,4745382.67
MEDDL,XGBoost,locked_test,base_estimator_raw_margin_log_odds,NOTCOV_A,code_1,Unweighted,4,NOTCOV_A,0.508702744228639,14.011611884778281,472,4745382.67
MEDDL,XGBoost,locked_test,base_estimator_raw_margin_log_odds,NOTCOV_A,code_1,Unweighted,5,FDSCAT3_A,0.25433893624882575,7.005463411269097,472,4745382.67
MEDDL,XGBoost,locked_test,base_estimator_raw_margin_log_odds,NOTCOV_A,code_1,Unweighted,6,DISAB3_A,0.24478649261892946,6.742352716051043,472,4745382.67
MEDDL,XGBoost,locked_test,base_estimator_raw_margin_log_odds,NOTCOV_A,code_1,Unweighted,7,EDUCP_A,0.15584637329842643,4.292602941662858,472,4745382.67
MEDDL,XGBoost,locked_test,base_estimator_raw_margin_log_odds,NOTCOV_A,code_1,Unweighted,8,AGEP_A,0.1552719269066228,4.276780499221018,472,4745382.67
MEDDL,XGBoost,locked_test,base_estimator_raw_margin_log_odds,NOTCOV_A,code_1,Unweighted,9,SEX_A,0.080070102261774,2.205435707188236,472,4745382.67
MEDDL,XGBoost,locked_test,base_estimator_raw_margin_log_odds,NOTCOV_A,code_1,Unweighted,10,PHSTAT_A,0.04407418382717138,1.213970958346425,472,4745382.67
MEDDL,XGBoost,locked_test,base_estimator_raw_margin_log_odds,NOTCOV_A,code_1,Unweighted,11,CHRONIC_BURDEN_CAT,0.0425182247091794,1.1711139155700119,472,4745382.67
MEDDL,XGBoost,locked_test,base_estimator_raw_margin_log_odds,NOTCOV_A,code_1,Unweighted,12,EMPWRKLSW1_A,0.020905760120821452,0.575824290889946,472,4745382.67
MEDDL,XGBoost,locked_test,base_estimator_raw_margin_log_odds,NOTCOV_A,code_1,WTFA_A,1,HISPALLP_A,0.9735452352867717,26.680226464476423,472,4745382.67
MEDDL,XGBoost,locked_test,base_estimator_raw_margin_log_odds,NOTCOV_A,code_1,WTFA_A,2,K6SPD_A,0.6399351604266362,17.537567217135447,472,4745382.67
MEDDL,XGBoost,locked_test,base_estimator_raw_margin_log_odds,NOTCOV_A,code_1,WTFA_A,3,RATCAT_A,0.5177362860071023,14.188679538324187,472,4745382.67
MEDDL,XGBoost,locked_test,base_estimator_raw_margin_log_odds,NOTCOV_A,code_1,WTFA_A,4,NOTCOV_A,0.511336270724317,14.013285677893526,472,4745382.67
MEDDL,XGBoost,locked_test,base_estimator_raw_margin_log_odds,NOTCOV_A,code_1,WTFA_A,5,FDSCAT3_A,0.25236168054623864,6.9160286999362475,472,4745382.67
MEDDL,XGBoost,locked_test,base_estimator_raw_margin_log_odds,NOTCOV_A,code_1,WTFA_A,6,DISAB3_A,0.2470881004627535,6.771505049872375,472,4745382.67
MEDDL,XGBoost,locked_test,base_estimator_raw_margin_log_odds,NOTCOV_A,code_1,WTFA_A,7,AGEP_A,0.16335345314917127,4.476738178981819,472,4745382.67
MEDDL,XGBoost,locked_test,base_estimator_raw_margin_log_odds,NOTCOV_A,code_1,WTFA_A,8,EDUCP_A,0.15275751491449507,4.186354104921314,472,4745382.67
MEDDL,XGBoost,locked_test,base_estimator_raw_margin_log_odds,NOTCOV_A,code_1,WTFA_A,9,SEX_A,0.08186599089356852,2.2435559207844964,472,4745382.67
MEDDL,XGBoost,locked_test,base_estimator_raw_margin_log_odds,NOTCOV_A,code_1,WTFA_A,10,PHSTAT_A,0.04511330811120559,1.2363403705777665,472,4745382.67
MEDDL,XGBoost,locked_test,base_estimator_raw_margin_log_odds,NOTCOV_A,code_1,WTFA_A,11,CHRONIC_BURDEN_CAT,0.043163686989390646,1.1829105645815128,472,4745382.67
MEDDL,XGBoost,locked_test,base_estimator_raw_margin_log_odds,NOTCOV_A,code_1,WTFA_A,12,EMPWRKLSW1_A,0.020682486910296363,0.5668082125148829,472,4745382.67
MEDDL,XGBoost,locked_test,base_estimator_raw_margin_log_odds,NOTCOV_A,code_2,Unweighted,1,HISPALLP_A,0.8882023095039449,24.043084607676153,5928,45351602.004999995
MEDDL,XGBoost,locked_test,base_estimator_raw_margin_log_odds,NOTCOV_A,code_2,Unweighted,2,K6SPD_A,0.6387578733301534,17.290778720079377,5928,45351602.004999995
MEDDL,XGBoost,locked_test,base_estimator_raw_margin_log_odds,NOTCOV_A,code_2,Unweighted,3,RATCAT_A,0.5260494231650095,14.23983100881521,5928,45351602.004999995
MEDDL,XGBoost,locked_test,base_estimator_raw_margin_log_odds,NOTCOV_A,code_2,Unweighted,4,NOTCOV_A,0.5075520833127211,13.739119512879233,5928,45351602.004999995
MEDDL,XGBoost,locked_test,base_estimator_raw_margin_log_odds,NOTCOV_A,code_2,Unweighted,5,FDSCAT3_A,0.2794079016006455,7.563398278022307,5928,45351602.004999995
MEDDL,XGBoost,locked_test,base_estimator_raw_margin_log_odds,NOTCOV_A,code_2,Unweighted,6,AGEP_A,0.2666550165462696,7.218185603980093,5928,45351602.004999995
MEDDL,XGBoost,locked_test,base_estimator_raw_margin_log_odds,NOTCOV_A,code_2,Unweighted,7,DISAB3_A,0.22356865260138992,6.051864504970083,5928,45351602.004999995
MEDDL,XGBoost,locked_test,base_estimator_raw_margin_log_odds,NOTCOV_A,code_2,Unweighted,8,EDUCP_A,0.17047880520756947,4.614755324955537,5928,45351602.004999995
MEDDL,XGBoost,locked_test,base_estimator_raw_margin_log_odds,NOTCOV_A,code_2,Unweighted,9,SEX_A,0.06457254031529165,1.747938542290225,5928,45351602.004999995
MEDDL,XGBoost,locked_test,base_estimator_raw_margin_log_odds,NOTCOV_A,code_2,Unweighted,10,PHSTAT_A,0.06381416439258478,1.7274097773017063,5928,45351602.004999995
MEDDL,XGBoost,locked_test,base_estimator_raw_margin_log_odds,NOTCOV_A,code_2,Unweighted,11,CHRONIC_BURDEN_CAT,0.048949012303735766,1.3250193471554725,5928,45351602.004999995
MEDDL,XGBoost,locked_test,base_estimator_raw_margin_log_odds,NOTCOV_A,code_2,Unweighted,12,EMPWRKLSW1_A,0.016203355755658216,0.43861477187460135,5928,45351602.004999995
MEDDL,XGBoost,locked_test,base_estimator_raw_margin_log_odds,NOTCOV_A,code_2,WTFA_A,1,HISPALLP_A,0.914851453100824,24.809506465131957,5928,45351602.004999995
MEDDL,XGBoost,locked_test,base_estimator_raw_margin_log_odds,NOTCOV_A,code_2,WTFA_A,2,K6SPD_A,0.6399971616419631,17.355838115144252,5928,45351602.004999995
MEDDL,XGBoost,locked_test,base_estimator_raw_margin_log_odds,NOTCOV_A,code_2,WTFA_A,3,RATCAT_A,0.5264925464609462,14.277749891519374,5928,45351602.004999995
MEDDL,XGBoost,locked_test,base_estimator_raw_margin_log_odds,NOTCOV_A,code_2,WTFA_A,4,NOTCOV_A,0.5092685636751699,13.810659293553252,5928,45351602.004999995
MEDDL,XGBoost,locked_test,base_estimator_raw_margin_log_odds,NOTCOV_A,code_2,WTFA_A,5,FDSCAT3_A,0.27060079660127045,7.338319450654245,5928,45351602.004999995
MEDDL,XGBoost,locked_test,base_estimator_raw_margin_log_odds,NOTCOV_A,code_2,WTFA_A,6,AGEP_A,0.23536935082882016,6.382891354972769,5928,45351602.004999995
MEDDL,XGBoost,locked_test,base_estimator_raw_margin_log_odds,NOTCOV_A,code_2,WTFA_A,7,DISAB3_A,0.23104323381699685,6.26557304322941,5928,45351602.004999995
MEDDL,XGBoost,locked_test,base_estimator_raw_margin_log_odds,NOTCOV_A,code_2,WTFA_A,8,EDUCP_A,0.16522060182659992,4.480554275010017,5928,45351602.004999995
MEDDL,XGBoost,locked_test,base_estimator_raw_margin_log_odds,NOTCOV_A,code_2,WTFA_A,9,SEX_A,0.06997002233472299,1.897490259861264,5928,45351602.004999995
MEDDL,XGBoost,locked_test,base_estimator_raw_margin_log_odds,NOTCOV_A,code_2,WTFA_A,10,PHSTAT_A,0.05855821314425015,1.5880177734480123,5928,45351602.004999995
MEDDL,XGBoost,locked_test,base_estimator_raw_margin_log_odds,NOTCOV_A,code_2,WTFA_A,11,CHRONIC_BURDEN_CAT,0.04791363998652806,1.2993516674042678,5928,45351602.004999995
MEDDL,XGBoost,locked_test,base_estimator_raw_margin_log_odds,NOTCOV_A,code_2,WTFA_A,12,EMPWRKLSW1_A,0.018218053087472246,0.494048410071168,5928,45351602.004999995
MEDDL,XGBoost,locked_test,base_estimator_raw_margin_log_odds,SEX_A,code_1,Unweighted,1,HISPALLP_A,0.8998992830650923,24.436225493944136,2958,24662417.391999997
MEDDL,XGBoost,locked_test,base_estimator_raw_margin_log_odds,SEX_A,code_1,Unweighted,2,K6SPD_A,0.6389406299275759,17.35004972664658,2958,24662417.391999997
MEDDL,XGBoost,locked_test,base_estimator_raw_margin_log_odds,SEX_A,code_1,Unweighted,3,RATCAT_A,0.5244994165281059,14.242467190404298,2958,24662417.391999997
MEDDL,XGBoost,locked_test,base_estimator_raw_margin_log_odds,SEX_A,code_1,Unweighted,4,NOTCOV_A,0.507869899143201,13.790902616101146,2958,24662417.391999997
MEDDL,XGBoost,locked_test,base_estimator_raw_margin_log_odds,SEX_A,code_1,Unweighted,5,FDSCAT3_A,0.2755839347334338,7.483316520397167,2958,24662417.391999997
MEDDL,XGBoost,locked_test,base_estimator_raw_margin_log_odds,SEX_A,code_1,Unweighted,6,AGEP_A,0.24847021231842129,6.747059644342373,2958,24662417.391999997
MEDDL,XGBoost,locked_test,base_estimator_raw_margin_log_odds,SEX_A,code_1,Unweighted,7,DISAB3_A,0.22638800246830737,6.14743047532686,2958,24662417.391999997
MEDDL,XGBoost,locked_test,base_estimator_raw_margin_log_odds,SEX_A,code_1,Unweighted,8,EDUCP_A,0.16790648574967307,4.559399951625417,2958,24662417.391999997
MEDDL,XGBoost,locked_test,base_estimator_raw_margin_log_odds,SEX_A,code_1,Unweighted,9,SEX_A,0.06675742923057285,1.8127579661115245,2958,24662417.391999997
MEDDL,XGBoost,locked_test,base_estimator_raw_margin_log_odds,SEX_A,code_1,Unweighted,10,PHSTAT_A,0.06147738764512128,1.6693816025255517,2958,24662417.391999997
MEDDL,XGBoost,locked_test,base_estimator_raw_margin_log_odds,SEX_A,code_1,Unweighted,11,CHRONIC_BURDEN_CAT,0.04810359044407212,1.3062241578368472,2958,24662417.391999997
MEDDL,XGBoost,locked_test,base_estimator_raw_margin_log_odds,SEX_A,code_1,Unweighted,12,EMPWRKLSW1_A,0.016748101495841092,0.4547846547381159,2958,24662417.391999997
MEDDL,XGBoost,locked_test,base_estimator_raw_margin_log_odds,SEX_A,code_1,WTFA_A,1,HISPALLP_A,0.9253874386841544,25.123938961894734,2958,24662417.391999997
MEDDL,XGBoost,locked_test,base_estimator_raw_margin_log_odds,SEX_A,code_1,WTFA_A,2,K6SPD_A,0.6397828174077225,17.36987534245844,2958,24662417.391999997
MEDDL,XGBoost,locked_test,base_estimator_raw_margin_log_odds,SEX_A,code_1,WTFA_A,3,RATCAT_A,0.5259046855841839,14.278124673033478,2958,24662417.391999997
MEDDL,XGBoost,locked_test,base_estimator_raw_margin_log_odds,SEX_A,code_1,WTFA_A,4,NOTCOV_A,0.5099415230578623,13.844730502997638,2958,24662417.391999997
MEDDL,XGBoost,locked_test,base_estimator_raw_margin_log_odds,SEX_A,code_1,WTFA_A,5,FDSCAT3_A,0.26745659370234,7.261351142488692,2958,24662417.391999997
MEDDL,XGBoost,locked_test,base_estimator_raw_margin_log_odds,SEX_A,code_1,WTFA_A,6,DISAB3_A,0.23363037377148277,6.342981333986735,2958,24662417.391999997
MEDDL,XGBoost,locked_test,base_estimator_raw_margin_log_odds,SEX_A,code_1,WTFA_A,7,AGEP_A,0.2247294744398364,6.1013250912434405,2958,24662417.391999997
MEDDL,XGBoost,locked_test,base_estimator_raw_margin_log_odds,SEX_A,code_1,WTFA_A,8,EDUCP_A,0.16292405811697808,4.423330078237897,2958,24662417.391999997
MEDDL,XGBoost,locked_test,base_estimator_raw_margin_log_odds,SEX_A,code_1,WTFA_A,9,SEX_A,0.07183689337374712,1.9503460376558786,2958,24662417.391999997
MEDDL,XGBoost,locked_test,base_estimator_raw_margin_log_odds,SEX_A,code_1,WTFA_A,10,PHSTAT_A,0.05607627207024221,1.522450789592171,2958,24662417.391999997
MEDDL,XGBoost,locked_test,base_estimator_raw_margin_log_odds,SEX_A,code_1,WTFA_A,11,CHRONIC_BURDEN_CAT,0.0470054266879883,1.2761805721786028,2958,24662417.391999997
MEDDL,XGBoost,locked_test,base_estimator_raw_margin_log_odds,SEX_A,code_1,WTFA_A,12,EMPWRKLSW1_A,0.018614074111089764,0.505365474232271,2958,24662417.391999997
MEDDL,XGBoost,locked_test,base_estimator_raw_margin_log_odds,SEX_A,code_2,Unweighted,1,HISPALLP_A,0.8892722204106193,24.061369932665823,3460,25603154.915
MEDDL,XGBoost,locked_test,base_estimator_raw_margin_log_odds,SEX_A,code_2,Unweighted,2,K6SPD_A,0.6389100613293233,17.28722767506286,3460,25603154.915
MEDDL,XGBoost,locked_test,base_estimator_raw_margin_log_odds,SEX_A,code_2,Unweighted,3,RATCAT_A,0.5258511819950752,14.228151435643332,3460,25603154.915
MEDDL,XGBoost,locked_test,base_estimator_raw_margin_log_odds,SEX_A,code_2,Unweighted,4,NOTCOV_A,0.5074501966126264,13.730269115414957,3460,25603154.915
MEDDL,XGBoost,locked_test,base_estimator_raw_margin_log_odds,SEX_A,code_2,Unweighted,5,FDSCAT3_A,0.2792146816704358,7.554815715711585,3460,25603154.915
MEDDL,XGBoost,locked_test,base_estimator_raw_margin_log_odds,SEX_A,code_2,Unweighted,6,AGEP_A,0.267129183014198,7.227813873852408,3460,25603154.915
MEDDL,XGBoost,locked_test,base_estimator_raw_margin_log_odds,SEX_A,code_2,Unweighted,7,DISAB3_A,0.22409635098836778,6.063458497783577,3460,25603154.915
MEDDL,XGBoost,locked_test,base_estimator_raw_margin_log_odds,SEX_A,code_2,Unweighted,8,EDUCP_A,0.17081526769850017,4.621812367357151,3460,25603154.915
MEDDL,XGBoost,locked_test,base_estimator_raw_margin_log_odds,SEX_A,code_2,Unweighted,9,SEX_A,0.06485664037196234,1.754850293039717,3460,25603154.915
MEDDL,XGBoost,locked_test,base_estimator_raw_margin_log_odds,SEX_A,code_2,Unweighted,10,PHSTAT_A,0.06308471861408453,1.7069067455753073,3460,25603154.915
MEDDL,XGBoost,locked_test,base_estimator_raw_margin_log_odds,SEX_A,code_2,Unweighted,11,CHRONIC_BURDEN_CAT,0.048756109177855965,1.3192122192506381,3460,25603154.915
MEDDL,XGBoost,locked_test,base_estimator_raw_margin_log_odds,SEX_A,code_2,Unweighted,12,EMPWRKLSW1_A,0.016413719578500772,0.4441121286426622,3460,25603154.915
MEDDL,XGBoost,locked_test,base_estimator_raw_margin_log_odds,SEX_A,code_2,WTFA_A,1,HISPALLP_A,0.9157232164286232,24.852858911788957,3460,25603154.915
MEDDL,XGBoost,locked_test,base_estimator_raw_margin_log_odds,SEX_A,code_2,WTFA_A,2,K6SPD_A,0.6402374649822897,17.37613626233372,3460,25603154.915
MEDDL,XGBoost,locked_test,base_estimator_raw_margin_log_odds,SEX_A,code_2,WTFA_A,3,RATCAT_A,0.5253591233302557,14.258321658666489,3460,25603154.915
MEDDL,XGBoost,locked_test,base_estimator_raw_margin_log_odds,SEX_A,code_2,WTFA_A,4,NOTCOV_A,0.5090111500754874,13.814635329101725,3460,25603154.915
MEDDL,XGBoost,locked_test,base_estimator_raw_margin_log_odds,SEX_A,code_2,WTFA_A,5,FDSCAT3_A,0.2702074156107944,7.333467860828922,3460,25603154.915
MEDDL,XGBoost,locked_test,base_estimator_raw_margin_log_odds,SEX_A,code_2,WTFA_A,6,AGEP_A,0.2321850582517255,6.301535650325425,3460,25603154.915
MEDDL,XGBoost,locked_test,base_estimator_raw_margin_log_odds,SEX_A,code_2,WTFA_A,7,DISAB3_A,0.23154922705008762,6.2842791006797265,3460,25603154.915
MEDDL,XGBoost,locked_test,base_estimator_raw_margin_log_odds,SEX_A,code_2,WTFA_A,8,EDUCP_A,0.1652882972645936,4.485948000431602,3460,25603154.915
MEDDL,XGBoost,locked_test,base_estimator_raw_margin_log_odds,SEX_A,code_2,WTFA_A,9,SEX_A,0.07039965782945774,1.9106567706095814,3460,25603154.915
MEDDL,XGBoost,locked_test,base_estimator_raw_margin_log_odds,SEX_A,code_2,WTFA_A,10,PHSTAT_A,0.05840573540809244,1.5851400026721287,3460,25603154.915
MEDDL,XGBoost,locked_test,base_estimator_raw_margin_log_odds,SEX_A,code_2,WTFA_A,11,CHRONIC_BURDEN_CAT,0.047868910702792984,1.2991690749060187,3460,25603154.915
MEDDL,XGBoost,locked_test,base_estimator_raw_margin_log_odds,SEX_A,code_2,WTFA_A,12,EMPWRKLSW1_A,0.018343727233491983,0.4978513776557199,3460,25603154.915
MEDDL,XGBoost,locked_test,base_estimator_raw_margin_log_odds,AGE_GROUP,18-34,Unweighted,1,HISPALLP_A,1.0350405748881095,28.127580213369086,1296,14130183.015999999
MEDDL,XGBoost,locked_test,base_estimator_raw_margin_log_odds,AGE_GROUP,18-34,Unweighted,2,K6SPD_A,0.630638141166002,17.13780631563575,1296,14130183.015999999
MEDDL,XGBoost,locked_test,base_estimator_raw_margin_log_odds,AGE_GROUP,18-34,Unweighted,3,RATCAT_A,0.5261748304488539,14.298980261045262,1296,14130183.015999999
MEDDL,XGBoost,locked_test,base_estimator_raw_margin_log_odds,AGE_GROUP,18-34,Unweighted,4,NOTCOV_A,0.5240218141058712,14.240471308490926,1296,14130183.015999999
MEDDL,XGBoost,locked_test,base_estimator_raw_margin_log_odds,AGE_GROUP,18-34,Unweighted,5,DISAB3_A,0.2582671124492427,7.018496760551238,1296,14130183.015999999
MEDDL,XGBoost,locked_test,base_estimator_raw_margin_log_odds,AGE_GROUP,18-34,Unweighted,6,FDSCAT3_A,0.23083680509992036,6.273068814087556,1296,14130183.015999999
MEDDL,XGBoost,locked_test,base_estimator_raw_margin_log_odds,AGE_GROUP,18-34,Unweighted,7,AGEP_A,0.19648271740448695,5.33948477810435,1296,14130183.015999999
MEDDL,XGBoost,locked_test,base_estimator_raw_margin_log_odds,AGE_GROUP,18-34,Unweighted,8,SEX_A,0.10532130796266835,2.8621424220177536,1296,14130183.015999999
MEDDL,XGBoost,locked_test,base_estimator_raw_margin_log_odds,AGE_GROUP,18-34,Unweighted,9,EDUCP_A,0.09560868655562108,2.598198626637229,1296,14130183.015999999
MEDDL,XGBoost,locked_test,base_estimator_raw_margin_log_odds,AGE_GROUP,18-34,Unweighted,10,CHRONIC_BURDEN_CAT,0.032108854177267075,0.8725690502790994,1296,14130183.015999999
MEDDL,XGBoost,locked_test,base_estimator_raw_margin_log_odds,AGE_GROUP,18-34,Unweighted,11,PHSTAT_A,0.02642069293048095,0.7179913307024054,1296,14130183.015999999
MEDDL,XGBoost,locked_test,base_estimator_raw_margin_log_odds,AGE_GROUP,18-34,Unweighted,12,EMPWRKLSW1_A,0.01888514023107465,0.5132101190793406,1296,14130183.015999999
MEDDL,XGBoost,locked_test,base_estimator_raw_margin_log_odds,AGE_GROUP,18-34,WTFA_A,1,HISPALLP_A,1.037447324502447,28.020218073701066,1296,14130183.015999999
MEDDL,XGBoost,locked_test,base_estimator_raw_margin_log_odds,AGE_GROUP,18-34,WTFA_A,2,K6SPD_A,0.6314184751017962,17.053861868699038,1296,14130183.015999999
MEDDL,XGBoost,locked_test,base_estimator_raw_margin_log_odds,AGE_GROUP,18-34,WTFA_A,3,RATCAT_A,0.53441916021278,14.434025765219433,1296,14130183.015999999
MEDDL,XGBoost,locked_test,base_estimator_raw_margin_log_odds,AGE_GROUP,18-34,WTFA_A,4,NOTCOV_A,0.5279413955966784,14.259069048973311,1296,14130183.015999999
MEDDL,XGBoost,locked_test,base_estimator_raw_margin_log_odds,AGE_GROUP,18-34,WTFA_A,5,DISAB3_A,0.25689573928841275,6.93844831159811,1296,14130183.015999999
MEDDL,XGBoost,locked_test,base_estimator_raw_margin_log_odds,AGE_GROUP,18-34,WTFA_A,6,FDSCAT3_A,0.22993906495142147,6.2103806057736355,1296,14130183.015999999
MEDDL,XGBoost,locked_test,base_estimator_raw_margin_log_odds,AGE_GROUP,18-34,WTFA_A,7,AGEP_A,0.20136634263166622,5.438665366406839,1296,14130183.015999999
MEDDL,XGBoost,locked_test,base_estimator_raw_margin_log_odds,AGE_GROUP,18-34,WTFA_A,8,SEX_A,0.10571559283866008,2.8552524018995236,1296,14130183.015999999
MEDDL,XGBoost,locked_test,base_estimator_raw_margin_log_odds,AGE_GROUP,18-34,WTFA_A,9,EDUCP_A,0.09646904391189091,2.6055141152048455,1296,14130183.015999999
MEDDL,XGBoost,locked_test,base_estimator_raw_margin_log_odds,AGE_GROUP,18-34,WTFA_A,10,CHRONIC_BURDEN_CAT,0.03326875321513854,0.8985494473904024,1296,14130183.015999999
MEDDL,XGBoost,locked_test,base_estimator_raw_margin_log_odds,AGE_GROUP,18-34,WTFA_A,11,PHSTAT_A,0.02889124632201197,0.7803181937473682,1296,14130183.015999999
MEDDL,XGBoost,locked_test,base_estimator_raw_margin_log_odds,AGE_GROUP,18-34,WTFA_A,12,EMPWRKLSW1_A,0.018723401517713796,0.5056968013864387,1296,14130183.015999999
MEDDL,XGBoost,locked_test,base_estimator_raw_margin_log_odds,AGE_GROUP,35-49,Unweighted,1,HISPALLP_A,0.9721823132974933,26.08004209296397,1424,12578947.664
MEDDL,XGBoost,locked_test,base_estimator_raw_margin_log_odds,AGE_GROUP,35-49,Unweighted,2,K6SPD_A,0.6580922347758347,17.65417139280387,1424,12578947.664
MEDDL,XGBoost,locked_test,base_estimator_raw_margin_log_odds,AGE_GROUP,35-49,Unweighted,3,RATCAT_A,0.5327918748673787,14.292827932859552,1424,12578947.664
MEDDL,XGBoost,locked_test,base_estimator_raw_margin_log_odds,AGE_GROUP,35-49,Unweighted,4,NOTCOV_A,0.5078032384927416,13.622475592992533,1424,12578947.664
MEDDL,XGBoost,locked_test,base_estimator_raw_margin_log_odds,AGE_GROUP,35-49,Unweighted,5,DISAB3_A,0.25910826724577235,6.950912831857753,1424,12578947.664
MEDDL,XGBoost,locked_test,base_estimator_raw_margin_log_odds,AGE_GROUP,35-49,Unweighted,6,FDSCAT3_A,0.2501096971047875,6.7095146035178805,1424,12578947.664
MEDDL,XGBoost,locked_test,base_estimator_raw_margin_log_odds,AGE_GROUP,35-49,Unweighted,7,EDUCP_A,0.20307735625649226,5.447811513185255,1424,12578947.664
MEDDL,XGBoost,locked_test,base_estimator_raw_margin_log_odds,AGE_GROUP,35-49,Unweighted,8,AGEP_A,0.1416878733454335,3.8009596043542646,1424,12578947.664
MEDDL,XGBoost,locked_test,base_estimator_raw_margin_log_odds,AGE_GROUP,35-49,Unweighted,9,SEX_A,0.06765451835693394,1.8149195499590565,1424,12578947.664
MEDDL,XGBoost,locked_test,base_estimator_raw_margin_log_odds,AGE_GROUP,35-49,Unweighted,10,CHRONIC_BURDEN_CAT,0.061415299197025805,1.6475444639366483,1424,12578947.664
MEDDL,XGBoost,locked_test,base_estimator_raw_margin_log_odds,AGE_GROUP,35-49,Unweighted,11,PHSTAT_A,0.040413342560170575,1.0841399402872047,1424,12578947.664
MEDDL,XGBoost,locked_test,base_estimator_raw_margin_log_odds,AGE_GROUP,35-49,Unweighted,12,EMPWRKLSW1_A,0.03335088712105716,0.8946804812820116,1424,12578947.664
MEDDL,XGBoost,locked_test,base_estimator_raw_margin_log_odds,AGE_GROUP,35-49,WTFA_A,1,HISPALLP_A,0.9710978324096592,26.042712460083923,1424,12578947.664
MEDDL,XGBoost,locked_test,base_estimator_raw_margin_log_odds,AGE_GROUP,35-49,WTFA_A,2,K6SPD_A,0.6579112114604461,17.643734680999625,1424,12578947.664
MEDDL,XGBoost,locked_test,base_estimator_raw_margin_log_odds,AGE_GROUP,35-49,WTFA_A,3,RATCAT_A,0.533033065808052,14.294776902251494,1424,12578947.664
MEDDL,XGBoost,locked_test,base_estimator_raw_margin_log_odds,AGE_GROUP,35-49,WTFA_A,4,NOTCOV_A,0.5078033810421817,13.618172131972342,1424,12578947.664
MEDDL,XGBoost,locked_test,base_estimator_raw_margin_log_odds,AGE_GROUP,35-49,WTFA_A,5,DISAB3_A,0.2591924861348748,6.9509735918937805,1424,12578947.664
MEDDL,XGBoost,locked_test,base_estimator_raw_margin_log_odds,AGE_GROUP,35-49,WTFA_A,6,FDSCAT3_A,0.2502543644851984,6.711272787003529,1424,12578947.664
MEDDL,XGBoost,locked_test,base_estimator_raw_margin_log_odds,AGE_GROUP,35-49,WTFA_A,7,EDUCP_A,0.20327167628542053,5.451300209006431,1424,12578947.664
MEDDL,XGBoost,locked_test,base_estimator_raw_margin_log_odds,AGE_GROUP,35-49,WTFA_A,8,AGEP_A,0.1432212219205949,3.840878824129091,1424,12578947.664
MEDDL,XGBoost,locked_test,base_estimator_raw_margin_log_odds,AGE_GROUP,35-49,WTFA_A,9,SEX_A,0.06742990408814088,1.8083220297393214,1424,12578947.664
MEDDL,XGBoost,locked_test,base_estimator_raw_margin_log_odds,AGE_GROUP,35-49,WTFA_A,10,CHRONIC_BURDEN_CAT,0.061590954812006056,1.6517342257174845,1424,12578947.664
MEDDL,XGBoost,locked_test,base_estimator_raw_margin_log_odds,AGE_GROUP,35-49,WTFA_A,11,PHSTAT_A,0.040608672309170854,1.0890354617611537,1424,12578947.664
MEDDL,XGBoost,locked_test,base_estimator_raw_margin_log_odds,AGE_GROUP,35-49,WTFA_A,12,EMPWRKLSW1_A,0.03345116015708189,0.8970866954418241,1424,12578947.664
MEDDL,XGBoost,locked_test,base_estimator_raw_margin_log_odds,AGE_GROUP,50-64,Unweighted,1,HISPALLP_A,0.873569858395354,25.34685915115958,1524,11722892.652
MEDDL,XGBoost,locked_test,base_estimator_raw_margin_log_odds,AGE_GROUP,50-64,Unweighted,2,K6SPD_A,0.6414941570433126,18.61312165089597,1524,11722892.652
MEDDL,XGBoost,locked_test,base_estimator_raw_margin_log_odds,AGE_GROUP,50-64,Unweighted,3,NOTCOV_A,0.48662060689244646,14.119424868448775,1524,11722892.652
MEDDL,XGBoost,locked_test,base_estimator_raw_margin_log_odds,AGE_GROUP,50-64,Unweighted,4,RATCAT_A,0.4811064001987688,13.95942871124188,1524,11722892.652
MEDDL,XGBoost,locked_test,base_estimator_raw_margin_log_odds,AGE_GROUP,50-64,Unweighted,5,FDSCAT3_A,0.2893481362559723,8.395512259091088,1524,11722892.652
MEDDL,XGBoost,locked_test,base_estimator_raw_margin_log_odds,AGE_GROUP,50-64,Unweighted,6,DISAB3_A,0.21242970677784442,6.1637038016750205,1524,11722892.652
MEDDL,XGBoost,locked_test,base_estimator_raw_margin_log_odds,AGE_GROUP,50-64,Unweighted,7,EDUCP_A,0.19474260976142066,5.6505080308277,1524,11722892.652
MEDDL,XGBoost,locked_test,base_estimator_raw_margin_log_odds,AGE_GROUP,50-64,Unweighted,8,AGEP_A,0.08786013217525572,2.5492848383518756,1524,11722892.652
MEDDL,XGBoost,locked_test,base_estimator_raw_margin_log_odds,AGE_GROUP,50-64,Unweighted,9,PHSTAT_A,0.06816106945706478,1.9777113536107496,1524,11722892.652
MEDDL,XGBoost,locked_test,base_estimator_raw_margin_log_odds,AGE_GROUP,50-64,Unweighted,10,SEX_A,0.05904945618230996,1.7133354984967968,1524,11722892.652
MEDDL,XGBoost,locked_test,base_estimator_raw_margin_log_odds,AGE_GROUP,50-64,Unweighted,11,CHRONIC_BURDEN_CAT,0.037830163293987605,1.0976521356167372,1524,11722892.652
MEDDL,XGBoost,locked_test,base_estimator_raw_margin_log_odds,AGE_GROUP,50-64,Unweighted,12,EMPWRKLSW1_A,0.01424966236635104,0.41345770058382325,1524,11722892.652
MEDDL,XGBoost,locked_test,base_estimator_raw_margin_log_odds,AGE_GROUP,50-64,WTFA_A,1,HISPALLP_A,0.8722059087965307,25.21391499593332,1524,11722892.652
MEDDL,XGBoost,locked_test,base_estimator_raw_margin_log_odds,AGE_GROUP,50-64,WTFA_A,2,K6SPD_A,0.6417208742281605,18.551004310702755,1524,11722892.652
MEDDL,XGBoost,locked_test,base_estimator_raw_margin_log_odds,AGE_GROUP,50-64,WTFA_A,3,NOTCOV_A,0.48605093341806194,14.050864360466033,1524,11722892.652
MEDDL,XGBoost,locked_test,base_estimator_raw_margin_log_odds,AGE_GROUP,50-64,WTFA_A,4,RATCAT_A,0.48188303040171293,13.930377728461302,1524,11722892.652
MEDDL,XGBoost,locked_test,base_estimator_raw_margin_log_odds,AGE_GROUP,50-64,WTFA_A,5,FDSCAT3_A,0.2894721414163019,8.368122588658226,1524,11722892.652
MEDDL,XGBoost,locked_test,base_estimator_raw_margin_log_odds,AGE_GROUP,50-64,WTFA_A,6,DISAB3_A,0.21516425008328294,6.220014169875587,1524,11722892.652
MEDDL,XGBoost,locked_test,base_estimator_raw_margin_log_odds,AGE_GROUP,50-64,WTFA_A,7,EDUCP_A,0.19453083120626957,5.623538883026933,1524,11722892.652
MEDDL,XGBoost,locked_test,base_estimator_raw_margin_log_odds,AGE_GROUP,50-64,WTFA_A,8,AGEP_A,0.0921064410928938,2.6626327027508454,1524,11722892.652
MEDDL,XGBoost,locked_test,base_estimator_raw_margin_log_odds,AGE_GROUP,50-64,WTFA_A,9,PHSTAT_A,0.07242701091804393,2.093735525383955,1524,11722892.652
MEDDL,XGBoost,locked_test,base_estimator_raw_margin_log_odds,AGE_GROUP,50-64,WTFA_A,10,SEX_A,0.0589772867053563,1.7049280206453432,1524,11722892.652
MEDDL,XGBoost,locked_test,base_estimator_raw_margin_log_odds,AGE_GROUP,50-64,WTFA_A,11,CHRONIC_BURDEN_CAT,0.03977975880949141,1.1499617774490771,1524,11722892.652
MEDDL,XGBoost,locked_test,base_estimator_raw_margin_log_odds,AGE_GROUP,50-64,WTFA_A,12,EMPWRKLSW1_A,0.01490596886415273,0.43090493664661883,1524,11722892.652
MEDDL,XGBoost,locked_test,base_estimator_raw_margin_log_odds,AGE_GROUP,65+,Unweighted,1,HISPALLP_A,0.7730829130495308,20.114243595864377,2161,11750131.791
MEDDL,XGBoost,locked_test,base_estimator_raw_margin_log_odds,AGE_GROUP,65+,Unweighted,2,K6SPD_A,0.629355840798205,16.37472058509212,2161,11750131.791
MEDDL,XGBoost,locked_test,base_estimator_raw_margin_log_odds,AGE_GROUP,65+,Unweighted,3,RATCAT_A,0.5512941885801624,14.343695113301935,2161,11750131.791
MEDDL,XGBoost,locked_test,base_estimator_raw_margin_log_odds,AGE_GROUP,65+,Unweighted,4,NOTCOV_A,0.5127689772971191,13.341337576679432,2161,11750131.791
MEDDL,XGBoost,locked_test,base_estimator_raw_margin_log_odds,AGE_GROUP,65+,Unweighted,5,AGEP_A,0.493843478296764,12.848929724118292,2161,11750131.791
MEDDL,XGBoost,locked_test,base_estimator_raw_margin_log_odds,AGE_GROUP,65+,Unweighted,6,FDSCAT3_A,0.3151852028967605,8.200558881672242,2161,11750131.791
MEDDL,XGBoost,locked_test,base_estimator_raw_margin_log_odds,AGE_GROUP,65+,Unweighted,7,DISAB3_A,0.1918381371732852,4.991287424603939,2161,11750131.791
MEDDL,XGBoost,locked_test,base_estimator_raw_margin_log_odds,AGE_GROUP,65+,Unweighted,8,EDUCP_A,0.17351425880721819,4.514532671841156,2161,11750131.791
MEDDL,XGBoost,locked_test,base_estimator_raw_margin_log_odds,AGE_GROUP,65+,Unweighted,9,PHSTAT_A,0.0940241019471218,2.4463400477790986,2161,11750131.791
MEDDL,XGBoost,locked_test,base_estimator_raw_margin_log_odds,AGE_GROUP,65+,Unweighted,10,CHRONIC_BURDEN_CAT,0.0573325643905476,1.4916914430020125,2161,11750131.791
MEDDL,XGBoost,locked_test,base_estimator_raw_margin_log_odds,AGE_GROUP,65+,Unweighted,11,SEX_A,0.045459850448192764,1.18278452454676,2161,11750131.791
MEDDL,XGBoost,locked_test,base_estimator_raw_margin_log_odds,AGE_GROUP,65+,Unweighted,12,EMPWRKLSW1_A,0.005760516840335342,0.14987841149861303,2161,11750131.791
MEDDL,XGBoost,locked_test,base_estimator_raw_margin_log_odds,AGE_GROUP,65+,WTFA_A,1,HISPALLP_A,0.7742169458701949,20.166924114580976,2161,11750131.791
MEDDL,XGBoost,locked_test,base_estimator_raw_margin_log_odds,AGE_GROUP,65+,WTFA_A,2,K6SPD_A,0.6293879450311238,16.394395645536303,2161,11750131.791
MEDDL,XGBoost,locked_test,base_estimator_raw_margin_log_odds,AGE_GROUP,65+,WTFA_A,3,RATCAT_A,0.5513525640081314,14.361717833796757,2161,11750131.791
MEDDL,XGBoost,locked_test,base_estimator_raw_margin_log_odds,AGE_GROUP,65+,WTFA_A,4,NOTCOV_A,0.5126703640032622,13.354117837123432,2161,11750131.791
MEDDL,XGBoost,locked_test,base_estimator_raw_margin_log_odds,AGE_GROUP,65+,WTFA_A,5,AGEP_A,0.4892940122402433,12.745206969704117,2161,11750131.791
MEDDL,XGBoost,locked_test,base_estimator_raw_margin_log_odds,AGE_GROUP,65+,WTFA_A,6,FDSCAT3_A,0.3148216633764649,8.20052393428727,2161,11750131.791
MEDDL,XGBoost,locked_test,base_estimator_raw_margin_log_odds,AGE_GROUP,65+,WTFA_A,7,DISAB3_A,0.19217009318603492,5.005676647930777,2161,11750131.791
MEDDL,XGBoost,locked_test,base_estimator_raw_margin_log_odds,AGE_GROUP,65+,WTFA_A,8,EDUCP_A,0.17288831015713876,4.503421747399629,2161,11750131.791
MEDDL,XGBoost,locked_test,base_estimator_raw_margin_log_odds,AGE_GROUP,65+,WTFA_A,9,PHSTAT_A,0.09380571960466447,2.4434660580241343,2161,11750131.791
MEDDL,XGBoost,locked_test,base_estimator_raw_margin_log_odds,AGE_GROUP,65+,WTFA_A,10,CHRONIC_BURDEN_CAT,0.05712990961932793,1.488128822433477,2161,11750131.791
MEDDL,XGBoost,locked_test,base_estimator_raw_margin_log_odds,AGE_GROUP,65+,WTFA_A,11,SEX_A,0.04557408571724798,1.1871209137874426,2161,11750131.791
MEDDL,XGBoost,locked_test,base_estimator_raw_margin_log_odds,AGE_GROUP,65+,WTFA_A,12,EMPWRKLSW1_A,0.005731671483669504,0.14929947539568642,2161,11750131.791
