Outcome,Model,Evaluation_weighting,Axis,Group,Metric,Point_estimate,CI95_lower,CI95_upper,Valid_replicates,Requested_replicates
MEDNG,LR,Unweighted,Race_ethnicity,Hispanic,AUROC,0.8088154508919536,0.7558772445970398,0.865362101284061,400,400
MEDNG,LR,Unweighted,Race_ethnicity,Hispanic,AUPRC,0.3638029734523118,0.26276553449023554,0.4868397067115686,400,400
MEDNG,LR,Unweighted,Race_ethnicity,Hispanic,Recall,0.6049382716049383,0.5124781976744186,0.7126847290640393,400,400
MEDNG,LR,Unweighted,Race_ethnicity,Hispanic,FNR,0.3950617283950617,0.2873152709359606,0.48752180232558134,400,400
MEDNG,LR,Unweighted,Race_ethnicity,Hispanic,FPR,0.16627634660421545,0.1413391829689298,0.18965589060179444,400,400
MEDNG,LR,Unweighted,Race_ethnicity,Hispanic,Brier,0.06660641609963934,0.054689025632344644,0.07966120295224205,400,400
MEDNG,LR,Unweighted,Race_ethnicity,Hispanic,Calibration_abs_error,0.011509738261728839,0.000910052430415095,0.02640631182739974,400,400
MEDNG,LR,WTFA_A,Race_ethnicity,Hispanic,AUROC,0.8181354134445673,0.7612066455827612,0.8741105720730298,400,400
MEDNG,LR,WTFA_A,Race_ethnicity,Hispanic,AUPRC,0.39887050472079794,0.2743984224645194,0.5329819971719606,400,400
MEDNG,LR,WTFA_A,Race_ethnicity,Hispanic,Recall,0.6708407194042006,0.5666780936239738,0.7820846497270871,400,400
MEDNG,LR,WTFA_A,Race_ethnicity,Hispanic,FNR,0.3291592805957995,0.2179153502729129,0.4333219063760261,400,400
MEDNG,LR,WTFA_A,Race_ethnicity,Hispanic,FPR,0.17963204734341873,0.14679821830609302,0.21259837649098257,400,400
MEDNG,LR,WTFA_A,Race_ethnicity,Hispanic,Brier,0.07246169104639391,0.058187127936399644,0.08901369960010753,400,400
MEDNG,LR,WTFA_A,Race_ethnicity,Hispanic,Calibration_abs_error,0.007063651589692813,0.0003559314314830472,0.028699996756271894,400,400
MEDNG,LR,Unweighted,Race_ethnicity,NH White,AUROC,0.7953360822946083,0.7714417997464869,0.8220775475529289,400,400
MEDNG,LR,Unweighted,Race_ethnicity,NH White,AUPRC,0.2958220261969692,0.251560617343943,0.3464992474751244,400,400
MEDNG,LR,Unweighted,Race_ethnicity,NH White,Recall,0.3776978417266187,0.32340413943355123,0.4301480993340733,400,400
MEDNG,LR,Unweighted,Race_ethnicity,NH White,FNR,0.6223021582733813,0.5698519006659267,0.6765958605664487,400,400
MEDNG,LR,Unweighted,Race_ethnicity,NH White,FPR,0.06508577194752775,0.05686145196642294,0.07218441347801743,400,400
MEDNG,LR,Unweighted,Race_ethnicity,NH White,Brier,0.053843979077094824,0.04832252760250262,0.05947837048475549,400,400
MEDNG,LR,Unweighted,Race_ethnicity,NH White,Calibration_abs_error,0.004571174787342487,0.0003188477673737473,0.010384981972313839,400,400
MEDNG,LR,WTFA_A,Race_ethnicity,NH White,AUROC,0.7943634602355492,0.7633241953196143,0.827474851368843,400,400
MEDNG,LR,WTFA_A,Race_ethnicity,NH White,AUPRC,0.3235964951293482,0.2562355470634874,0.39135777508519753,400,400
MEDNG,LR,WTFA_A,Race_ethnicity,NH White,Recall,0.40643341018195495,0.3460662907416426,0.47596565584712286,400,400
MEDNG,LR,WTFA_A,Race_ethnicity,NH White,FNR,0.5935665898180451,0.5240343441528772,0.6539337092583574,400,400
MEDNG,LR,WTFA_A,Race_ethnicity,NH White,FPR,0.07403732117159251,0.0648835438921359,0.08436714156895962,400,400
MEDNG,LR,WTFA_A,Race_ethnicity,NH White,Brier,0.05425736779789394,0.0478871789473159,0.060858813396447685,400,400
MEDNG,LR,WTFA_A,Race_ethnicity,NH White,Calibration_abs_error,0.0026526557670479567,0.00020020601203608808,0.010421234968498927,400,400
MEDNG,LR,Unweighted,Race_ethnicity,NH Black,AUROC,0.7197603121516165,0.6283208413221695,0.8087162417692807,400,400
MEDNG,LR,Unweighted,Race_ethnicity,NH Black,AUPRC,0.22712656926786876,0.14781554243049438,0.34733502293695984,400,400
MEDNG,LR,Unweighted,Race_ethnicity,NH Black,Recall,0.4782608695652174,0.34599056603773587,0.6047134551495016,400,400
MEDNG,LR,Unweighted,Race_ethnicity,NH Black,FNR,0.5217391304347826,0.3952865448504983,0.654009433962264,400,400
MEDNG,LR,Unweighted,Race_ethnicity,NH Black,FPR,0.10897435897435898,0.08739455005303091,0.1319663402648595,400,400
MEDNG,LR,Unweighted,Race_ethnicity,NH Black,Brier,0.060004942265926745,0.04622822083254108,0.07360902908467822,400,400
MEDNG,LR,Unweighted,Race_ethnicity,NH Black,Calibration_abs_error,0.009029960766921988,0.0006049111298875796,0.02712228026585733,400,400
MEDNG,LR,WTFA_A,Race_ethnicity,NH Black,AUROC,0.7211787459514261,0.6252198989126874,0.812067770658296,400,400
MEDNG,LR,WTFA_A,Race_ethnicity,NH Black,AUPRC,0.21613912016126074,0.11507085237613651,0.3940307368369966,400,400
MEDNG,LR,WTFA_A,Race_ethnicity,NH Black,Recall,0.5414458580943384,0.366724266489234,0.691827542160429,400,400
MEDNG,LR,WTFA_A,Race_ethnicity,NH Black,FNR,0.45855414190566146,0.3081724578395709,0.633275733510766,400,400
MEDNG,LR,WTFA_A,Race_ethnicity,NH Black,FPR,0.13502097564178261,0.10502937792087119,0.16873673129628725,400,400
MEDNG,LR,WTFA_A,Race_ethnicity,NH Black,Brier,0.056884194057348424,0.04358295801740128,0.07154620064376682,400,400
MEDNG,LR,WTFA_A,Race_ethnicity,NH Black,Calibration_abs_error,0.02531141091161862,0.005905718880023958,0.043923400230496186,400,400
MEDNG,LR,Unweighted,Poverty,<100% FPL,AUROC,0.7022183954619126,0.6373872425556597,0.7627955027316486,400,400
MEDNG,LR,Unweighted,Poverty,<100% FPL,AUPRC,0.29081489828916063,0.21200300472228395,0.38709339968364187,400,400
MEDNG,LR,Unweighted,Poverty,<100% FPL,Recall,0.4625,0.36470588235294116,0.5625679347826086,400,400
MEDNG,LR,Unweighted,Poverty,<100% FPL,FNR,0.5375,0.4374320652173913,0.6352941176470588,400,400
MEDNG,LR,Unweighted,Poverty,<100% FPL,FPR,0.1507293354943274,0.12400278293135436,0.17543174841150852,400,400
MEDNG,LR,Unweighted,Poverty,<100% FPL,Brier,0.09447436596534341,0.07777588828871462,0.11231294085433757,400,400
MEDNG,LR,Unweighted,Poverty,<100% FPL,Calibration_abs_error,0.01946654908124279,0.0013834533601752475,0.04142767577918714,400,400
MEDNG,LR,WTFA_A,Poverty,<100% FPL,AUROC,0.7324062957294626,0.6512189854750798,0.8008661498392505,400,400
MEDNG,LR,WTFA_A,Poverty,<100% FPL,AUPRC,0.3138111367413718,0.2120908724102157,0.4697146651080189,400,400
MEDNG,LR,WTFA_A,Poverty,<100% FPL,Recall,0.5637515516183365,0.43216750864196324,0.6785970904178824,400,400
MEDNG,LR,WTFA_A,Poverty,<100% FPL,FNR,0.43624844838166366,0.32140290958211754,0.5678324913580368,400,400
MEDNG,LR,WTFA_A,Poverty,<100% FPL,FPR,0.16735431038898235,0.1329072772624576,0.20748417784211773,400,400
MEDNG,LR,WTFA_A,Poverty,<100% FPL,Brier,0.09092158360177273,0.0722205404193047,0.10798235965372505,400,400
MEDNG,LR,WTFA_A,Poverty,<100% FPL,Calibration_abs_error,0.008547890451201343,0.00029934358669827035,0.03232868649811265,400,400
MEDNG,LR,Unweighted,Poverty,100-199% FPL,AUROC,0.7796782049746477,0.737949348653223,0.8230296631147593,400,400
MEDNG,LR,Unweighted,Poverty,100-199% FPL,AUPRC,0.346944171179613,0.27504102603237107,0.4297612319371156,400,400
MEDNG,LR,Unweighted,Poverty,100-199% FPL,Recall,0.5371900826446281,0.4562474504364853,0.6283873184981527,400,400
MEDNG,LR,Unweighted,Poverty,100-199% FPL,FNR,0.4628099173553719,0.3716126815018473,0.5437525495635146,400,400
MEDNG,LR,Unweighted,Poverty,100-199% FPL,FPR,0.16135265700483092,0.13814249829923073,0.1828226679090458,400,400
MEDNG,LR,Unweighted,Poverty,100-199% FPL,Brier,0.08192938826402298,0.07049389537579641,0.09403654262598055,400,400
MEDNG,LR,Unweighted,Poverty,100-199% FPL,Calibration_abs_error,0.005190734776894315,0.00041280931006572986,0.021352670524617742,400,400
MEDNG,LR,WTFA_A,Poverty,100-199% FPL,AUROC,0.786945542585398,0.7368511530240224,0.8374247908963763,400,400
MEDNG,LR,WTFA_A,Poverty,100-199% FPL,AUPRC,0.40423690814453456,0.3030581318443665,0.5312962161465165,400,400
MEDNG,LR,WTFA_A,Poverty,100-199% FPL,Recall,0.5874898014065127,0.48293852077179394,0.6876194181998065,400,400
MEDNG,LR,WTFA_A,Poverty,100-199% FPL,FNR,0.41251019859348714,0.3123805818001933,0.517061479228206,400,400
MEDNG,LR,WTFA_A,Poverty,100-199% FPL,FPR,0.18945430941390842,0.15839536806798293,0.2180549371159813,400,400
MEDNG,LR,WTFA_A,Poverty,100-199% FPL,Brier,0.08731571071557796,0.07363356733852242,0.10243234044358307,400,400
MEDNG,LR,WTFA_A,Poverty,100-199% FPL,Calibration_abs_error,0.005264961478641916,0.0003874255921766545,0.025859269472636483,400,400
MEDNG,LR,Unweighted,Poverty,>=200% FPL,AUROC,0.8098598828472773,0.7845254108152754,0.8368443697544063,400,400
MEDNG,LR,Unweighted,Poverty,>=200% FPL,AUPRC,0.28915798615056104,0.23948526824846963,0.34450536872445886,400,400
MEDNG,LR,Unweighted,Poverty,>=200% FPL,Recall,0.38396624472573837,0.333298755186722,0.4472716015410016,400,400
MEDNG,LR,Unweighted,Poverty,>=200% FPL,FNR,0.6160337552742616,0.5527283984589983,0.666701244813278,400,400
MEDNG,LR,Unweighted,Poverty,>=200% FPL,FPR,0.05615900161774902,0.049659760633786215,0.06341629101463186,400,400
MEDNG,LR,Unweighted,Poverty,>=200% FPL,Brier,0.042820035555752596,0.038293101740968186,0.04855456439793747,400,400
MEDNG,LR,Unweighted,Poverty,>=200% FPL,Calibration_abs_error,0.003924157224664035,0.0002111405118045893,0.009683538403394216,400,400
MEDNG,LR,WTFA_A,Poverty,>=200% FPL,AUROC,0.7999786822710511,0.7689202735326016,0.8306818969074793,400,400
MEDNG,LR,WTFA_A,Poverty,>=200% FPL,AUPRC,0.27802304447091625,0.21777441771600548,0.34183200816591996,400,400
MEDNG,LR,WTFA_A,Poverty,>=200% FPL,Recall,0.42623739312650855,0.36061018955672247,0.4998641719223469,400,400
MEDNG,LR,WTFA_A,Poverty,>=200% FPL,FNR,0.5737626068734915,0.5001358280776532,0.6393898104432776,400,400
MEDNG,LR,WTFA_A,Poverty,>=200% FPL,FPR,0.07075209005341562,0.06004984134186171,0.0809502882626956,400,400
MEDNG,LR,WTFA_A,Poverty,>=200% FPL,Brier,0.044210344824711784,0.038425675594290366,0.05070339406671414,400,400
MEDNG,LR,WTFA_A,Poverty,>=200% FPL,Calibration_abs_error,0.007282305077764208,0.0008938140331728615,0.014173341571720621,400,400
MEDNG,LR,Unweighted,Insurance,Uninsured,AUROC,0.7317393959321715,0.6750848047724239,0.7844365290674726,400,400
MEDNG,LR,Unweighted,Insurance,Uninsured,AUPRC,0.513065584557025,0.4279762933595822,0.604623527223258,400,400
MEDNG,LR,Unweighted,Insurance,Uninsured,Recall,0.8442622950819673,0.7824691539365453,0.908298206463344,400,400
MEDNG,LR,Unweighted,Insurance,Uninsured,FNR,0.1557377049180328,0.09170179353665593,0.21753084606345463,400,400
MEDNG,LR,Unweighted,Insurance,Uninsured,FPR,0.5845272206303725,0.5290535316323282,0.6366437976437976,400,400
MEDNG,LR,Unweighted,Insurance,Uninsured,Brier,0.16520087614748638,0.14485203864659404,0.18752554457013293,400,400
MEDNG,LR,Unweighted,Insurance,Uninsured,Calibration_abs_error,0.021864412039532877,0.0027400720394312626,0.059475960799872135,400,400
MEDNG,LR,WTFA_A,Insurance,Uninsured,AUROC,0.7574544628117319,0.7013785525899208,0.817438290159725,400,400
MEDNG,LR,WTFA_A,Insurance,Uninsured,AUPRC,0.5184241656933047,0.42097061298091093,0.6397992880211005,400,400
MEDNG,LR,WTFA_A,Insurance,Uninsured,Recall,0.8808703135345298,0.8245220679877,0.9319679425356298,400,400
MEDNG,LR,WTFA_A,Insurance,Uninsured,FNR,0.11912968646547012,0.06803205746437015,0.17547793201229983,400,400
MEDNG,LR,WTFA_A,Insurance,Uninsured,FPR,0.5851604219384688,0.5231820413854221,0.6466350082345039,400,400
MEDNG,LR,WTFA_A,Insurance,Uninsured,Brier,0.16111119162319568,0.1384799599897961,0.1867929780779984,400,400
MEDNG,LR,WTFA_A,Insurance,Uninsured,Calibration_abs_error,0.015586866052253928,0.0011144557021162175,0.0558979659222859,400,400
MEDNG,LR,Unweighted,Insurance,Insured,AUROC,0.7589586730531149,0.7329762715634465,0.7873339205983817,400,400
MEDNG,LR,Unweighted,Insurance,Insured,AUPRC,0.20396488591060685,0.16925805818164197,0.24514794190967354,400,400
MEDNG,LR,Unweighted,Insurance,Insured,Recall,0.28343949044585987,0.23778010719153556,0.32819379594800374,400,400
MEDNG,LR,Unweighted,Insurance,Insured,FNR,0.7165605095541401,0.6718062040519962,0.7622198928084645,400,400
MEDNG,LR,Unweighted,Insurance,Insured,FPR,0.05255656511669339,0.04679841795477703,0.05804910166896822,400,400
MEDNG,LR,Unweighted,Insurance,Insured,Brier,0.046653777939554116,0.04213886384320189,0.051439475503236166,400,400
MEDNG,LR,Unweighted,Insurance,Insured,Calibration_abs_error,0.0013595420168553904,0.00012968116804588044,0.006488584699999067,400,400
MEDNG,LR,WTFA_A,Insurance,Insured,AUROC,0.7490397465213012,0.7184686734661072,0.7807374704473673,400,400
MEDNG,LR,WTFA_A,Insurance,Insured,AUPRC,0.1968416839359609,0.15525476224953896,0.2487900168484549,400,400
MEDNG,LR,WTFA_A,Insurance,Insured,Recall,0.29695398281957336,0.24299672893544455,0.362128609440283,400,400
MEDNG,LR,WTFA_A,Insurance,Insured,FNR,0.7030460171804266,0.6378713905597169,0.7570032710645553,400,400
MEDNG,LR,WTFA_A,Insurance,Insured,FPR,0.059329379116134395,0.05185712651353216,0.06646829593322824,400,400
MEDNG,LR,WTFA_A,Insurance,Insured,Brier,0.04508245441900089,0.03958745638180027,0.05040180782686608,400,400
MEDNG,LR,WTFA_A,Insurance,Insured,Calibration_abs_error,0.005655067562474914,0.0006675281742397027,0.011897490359778506,400,400
MEDNG,LR,Unweighted,Sex,Male,AUROC,0.7899539844926333,0.7542603266868311,0.8196958902162313,400,400
MEDNG,LR,Unweighted,Sex,Male,AUPRC,0.2868951783072135,0.22821493853016925,0.3516762260990131,400,400
MEDNG,LR,Unweighted,Sex,Male,Recall,0.41899441340782123,0.35427472527472526,0.4811885569780306,400,400
MEDNG,LR,Unweighted,Sex,Male,FNR,0.5810055865921788,0.5188114430219694,0.6457252747252746,400,400
MEDNG,LR,Unweighted,Sex,Male,FPR,0.06908960057574667,0.059599615403490555,0.07763928506892455,400,400
MEDNG,LR,Unweighted,Sex,Male,Brier,0.04983020670322434,0.043780261406647536,0.056179875306581285,400,400
MEDNG,LR,Unweighted,Sex,Male,Calibration_abs_error,0.0014047038804322065,0.00016877208558605097,0.009188696990110726,400,400
MEDNG,LR,WTFA_A,Sex,Male,AUROC,0.8124179110214489,0.7702309416278333,0.8453780537199425,400,400
MEDNG,LR,WTFA_A,Sex,Male,AUPRC,0.34076769477818636,0.24711363396288874,0.43121684711202624,400,400
MEDNG,LR,WTFA_A,Sex,Male,Recall,0.5160967560449605,0.42268277363676837,0.5948367909402178,400,400
MEDNG,LR,WTFA_A,Sex,Male,FNR,0.4839032439550394,0.40516320905978204,0.5773172263632316,400,400
MEDNG,LR,WTFA_A,Sex,Male,FPR,0.08408494918058164,0.07028298587949527,0.09808110221556657,400,400
MEDNG,LR,WTFA_A,Sex,Male,Brier,0.04798761229116536,0.04130790406043271,0.05540303075218087,400,400
MEDNG,LR,WTFA_A,Sex,Male,Calibration_abs_error,0.004487813830737243,0.000287764962604532,0.013925557261945384,400,400
MEDNG,LR,Unweighted,Sex,Female,AUROC,0.7947928949804536,0.7717449560469359,0.8210542039274651,400,400
MEDNG,LR,Unweighted,Sex,Female,AUPRC,0.30859133885632234,0.262899232623686,0.36812217606861897,400,400
MEDNG,LR,Unweighted,Sex,Female,Recall,0.4555984555984556,0.3984163215361446,0.5148290598290598,400,400
MEDNG,LR,Unweighted,Sex,Female,FNR,0.5444015444015444,0.48517094017094015,0.6015836784638554,400,400
MEDNG,LR,Unweighted,Sex,Female,FPR,0.09690528290090654,0.08602771835142986,0.10710725473592249,400,400
MEDNG,LR,Unweighted,Sex,Female,Brier,0.060309630148580595,0.05416722375296592,0.06630753817217028,400,400
MEDNG,LR,Unweighted,Sex,Female,Calibration_abs_error,0.0006631944151203606,0.0001102843830781998,0.00903912935430511,400,400
MEDNG,LR,WTFA_A,Sex,Female,AUROC,0.7793543051526927,0.747308666438654,0.8124314316768486,400,400
MEDNG,LR,WTFA_A,Sex,Female,AUPRC,0.30407290905438983,0.24077019428577812,0.3954924776905134,400,400
MEDNG,LR,WTFA_A,Sex,Female,Recall,0.48048160920245564,0.4183942785348204,0.5514708089509944,400,400
MEDNG,LR,WTFA_A,Sex,Female,FNR,0.5195183907975441,0.44852919104900546,0.5816057214651795,400,400
MEDNG,LR,WTFA_A,Sex,Female,FPR,0.11460155599681451,0.10183965853989205,0.1282204057471031,400,400
MEDNG,LR,WTFA_A,Sex,Female,Brier,0.0645591292410609,0.05719436166657496,0.07245237548806324,400,400
MEDNG,LR,WTFA_A,Sex,Female,Calibration_abs_error,0.002503943242851178,0.00019966273430514707,0.011783787732737241,400,400
MEDNG,LR,Unweighted,Age,18-34,AUROC,0.7876316532228114,0.7400140912860401,0.8340578038380793,400,400
MEDNG,LR,Unweighted,Age,18-34,AUPRC,0.3480922694061638,0.27373896958888877,0.4369741450045256,400,400
MEDNG,LR,Unweighted,Age,18-34,Recall,0.5701754385964912,0.4766355140186916,0.6565730837789662,400,400
MEDNG,LR,Unweighted,Age,18-34,FNR,0.4298245614035088,0.3434269162210339,0.5233644859813084,400,400
MEDNG,LR,Unweighted,Age,18-34,FPR,0.1668077900084674,0.14673690231644537,0.1858167033312382,400,400
MEDNG,LR,Unweighted,Age,18-34,Brier,0.06939773594942908,0.05940562269541064,0.07869620173153699,400,400
MEDNG,LR,Unweighted,Age,18-34,Calibration_abs_error,0.017873031184806765,0.004352980137421821,0.0313430568156451,400,400
MEDNG,LR,WTFA_A,Age,18-34,AUROC,0.7985737841990175,0.7401333597610816,0.8500882764431784,400,400
MEDNG,LR,WTFA_A,Age,18-34,AUPRC,0.3470128800249038,0.26020787888065317,0.465064859901983,400,400
MEDNG,LR,WTFA_A,Age,18-34,Recall,0.5950776736104131,0.49725063886887627,0.6925582840744446,400,400
MEDNG,LR,WTFA_A,Age,18-34,FNR,0.40492232638958714,0.3074417159255554,0.5027493611311233,400,400
MEDNG,LR,WTFA_A,Age,18-34,FPR,0.16547573304844262,0.14044102243333306,0.18808886084812904,400,400
MEDNG,LR,WTFA_A,Age,18-34,Brier,0.06477602033350163,0.05383860861714962,0.07555726475418309,400,400
MEDNG,LR,WTFA_A,Age,18-34,Calibration_abs_error,0.021293664446269303,0.00632141970246827,0.03542141341186434,400,400
MEDNG,LR,Unweighted,Age,35-49,AUROC,0.7796695856812579,0.740698228258356,0.8151380019771204,400,400
MEDNG,LR,Unweighted,Age,35-49,AUPRC,0.3668163425946563,0.28464206600644587,0.45168958148474886,400,400
MEDNG,LR,Unweighted,Age,35-49,Recall,0.5038167938931297,0.4316356670760952,0.5851897018970189,400,400
MEDNG,LR,Unweighted,Age,35-49,FNR,0.4961832061068702,0.41481029810298103,0.5683643329239048,400,400
MEDNG,LR,Unweighted,Age,35-49,FPR,0.12006196746707978,0.103736757352318,0.13785555299716018,400,400
MEDNG,LR,Unweighted,Age,35-49,Brier,0.07049675979542044,0.05941853244917808,0.0814534928427737,400,400
MEDNG,LR,Unweighted,Age,35-49,Calibration_abs_error,0.0074991889110394006,0.00025587398555367534,0.020879939088543662,400,400
MEDNG,LR,WTFA_A,Age,35-49,AUROC,0.7862338712563064,0.7407997133618084,0.829221192380721,400,400
MEDNG,LR,WTFA_A,Age,35-49,AUPRC,0.3875040718921604,0.2861932760977069,0.5002607724181958,400,400
MEDNG,LR,WTFA_A,Age,35-49,Recall,0.5344169812074789,0.444735001385924,0.6270287727313679,400,400
MEDNG,LR,WTFA_A,Age,35-49,FNR,0.465583018792521,0.372971227268632,0.555264998614076,400,400
MEDNG,LR,WTFA_A,Age,35-49,FPR,0.12408170877895774,0.1020645155965783,0.14446380996728098,400,400
MEDNG,LR,WTFA_A,Age,35-49,Brier,0.06840255502795523,0.055433511830249214,0.08052728308331346,400,400
MEDNG,LR,WTFA_A,Age,35-49,Calibration_abs_error,0.004675255638537407,0.000286038088333368,0.020444477909870532,400,400
MEDNG,LR,Unweighted,Age,50-64,AUROC,0.7464933296220451,0.7033800745675719,0.7876244475331372,400,400
MEDNG,LR,Unweighted,Age,50-64,AUPRC,0.2933561321538491,0.23571894363556165,0.3600442320507163,400,400
MEDNG,LR,Unweighted,Age,50-64,Recall,0.3767123287671233,0.30185596251079044,0.4416110298152551,400,400
MEDNG,LR,Unweighted,Age,50-64,FNR,0.6232876712328768,0.5583889701847448,0.6981440374892095,400,400
MEDNG,LR,Unweighted,Age,50-64,FPR,0.08127721335268505,0.06750086092033188,0.09551741295504823,400,400
MEDNG,LR,Unweighted,Age,50-64,Brier,0.07942271112384622,0.06894668130538478,0.09016752353844727,400,400
MEDNG,LR,Unweighted,Age,50-64,Calibration_abs_error,0.02676385662986687,0.014558956462282608,0.04025654430525451,400,400
MEDNG,LR,WTFA_A,Age,50-64,AUROC,0.7485819602295043,0.7011398764755915,0.7920567750539985,400,400
MEDNG,LR,WTFA_A,Age,50-64,AUPRC,0.2884476247308694,0.22046512227492887,0.3765388554598047,400,400
MEDNG,LR,WTFA_A,Age,50-64,Recall,0.4124134266957016,0.3261882789088811,0.49231788320937064,400,400
MEDNG,LR,WTFA_A,Age,50-64,FNR,0.5875865733042983,0.5076821167906296,0.6738117210911189,400,400
MEDNG,LR,WTFA_A,Age,50-64,FPR,0.07917498206477891,0.06280062093073947,0.09755168374484785,400,400
MEDNG,LR,WTFA_A,Age,50-64,Brier,0.07147267454823641,0.059991560379066465,0.08533244042522203,400,400
MEDNG,LR,WTFA_A,Age,50-64,Calibration_abs_error,0.019172785504412204,0.006068586857640848,0.036602012415082236,400,400
MEDNG,LR,Unweighted,Age,65-74,AUROC,0.7871804198711286,0.7122623725949243,0.8648794835539413,400,400
MEDNG,LR,Unweighted,Age,65-74,AUPRC,0.12782691583197875,0.07227753809243488,0.24598128037112393,400,400
MEDNG,LR,Unweighted,Age,65-74,Recall,0.17647058823529413,0.05878151260504202,0.3030934343434343,400,400
MEDNG,LR,Unweighted,Age,65-74,FNR,0.8235294117647058,0.6969065656565657,0.941218487394958,400,400
MEDNG,LR,Unweighted,Age,65-74,FPR,0.023851590106007067,0.015138416654445106,0.03232096770759655,400,400
MEDNG,LR,Unweighted,Age,65-74,Brier,0.027241283955449926,0.020056062219982376,0.03541852291782908,400,400
MEDNG,LR,Unweighted,Age,65-74,Calibration_abs_error,0.009278093577058721,0.0015085375916152454,0.01770535667482467,400,400
MEDNG,LR,WTFA_A,Age,65-74,AUROC,0.7986590413879748,0.7173945607238419,0.8722451493375951,400,400
MEDNG,LR,WTFA_A,Age,65-74,AUPRC,0.15904343066600526,0.06771483133918657,0.36829823720081317,400,400
MEDNG,LR,WTFA_A,Age,65-74,Recall,0.2070868083909933,0.04668212037792126,0.39973156060608084,400,400
MEDNG,LR,WTFA_A,Age,65-74,FNR,0.7929131916090068,0.6002684393939189,0.9533178796220788,400,400
MEDNG,LR,WTFA_A,Age,65-74,FPR,0.024490283542548546,0.01552801601532023,0.03542522163086546,400,400
MEDNG,LR,WTFA_A,Age,65-74,Brier,0.02657959333108354,0.016993472047313607,0.035950766679764164,400,400
MEDNG,LR,WTFA_A,Age,65-74,Calibration_abs_error,0.00831203893428455,0.0008664884746897979,0.019769133046999527,400,400
MEDNG,RF,Unweighted,Race_ethnicity,Hispanic,AUROC,0.8204672275710526,0.7699486404099658,0.8748730975217205,400,400
MEDNG,RF,Unweighted,Race_ethnicity,Hispanic,AUPRC,0.40168540363942007,0.3059790368309597,0.5202000832227195,400,400
MEDNG,RF,Unweighted,Race_ethnicity,Hispanic,Recall,0.7777777777777778,0.6882913961038961,0.8733262589234033,400,400
MEDNG,RF,Unweighted,Race_ethnicity,Hispanic,FNR,0.2222222222222222,0.12667374107659657,0.3117086038961039,400,400
MEDNG,RF,Unweighted,Race_ethnicity,Hispanic,FPR,0.29508196721311475,0.2619751516337312,0.3248590744201385,400,400
MEDNG,RF,Unweighted,Race_ethnicity,Hispanic,Brier,0.06769464001074443,0.055430089472153735,0.08214459180508832,400,400
MEDNG,RF,Unweighted,Race_ethnicity,Hispanic,Calibration_abs_error,0.009962571846257318,0.0006661216132841736,0.024889062298312278,400,400
MEDNG,RF,WTFA_A,Race_ethnicity,Hispanic,AUROC,0.828808186494288,0.7674150531903557,0.8810822620864744,400,400
MEDNG,RF,WTFA_A,Race_ethnicity,Hispanic,AUPRC,0.4615145677068986,0.3319752718620023,0.5911762654259505,400,400
MEDNG,RF,WTFA_A,Race_ethnicity,Hispanic,Recall,0.8020162739356084,0.7017887611949747,0.8958303410985563,400,400
MEDNG,RF,WTFA_A,Race_ethnicity,Hispanic,FNR,0.19798372606439157,0.10416965890144352,0.2982112388050253,400,400
MEDNG,RF,WTFA_A,Race_ethnicity,Hispanic,FPR,0.32113692691846274,0.2841204060135915,0.354282919803243,400,400
MEDNG,RF,WTFA_A,Race_ethnicity,Hispanic,Brier,0.07351282801084892,0.058246186121927127,0.08927107253716597,400,400
MEDNG,RF,WTFA_A,Race_ethnicity,Hispanic,Calibration_abs_error,0.0037875104451300656,0.0002240625302671073,0.024430647844029547,400,400
MEDNG,RF,Unweighted,Race_ethnicity,NH White,AUROC,0.8118207754684243,0.7858167673534601,0.8361818516055806,400,400
MEDNG,RF,Unweighted,Race_ethnicity,NH White,AUPRC,0.2979241618882363,0.25086442749573357,0.34934858078052083,400,400
MEDNG,RF,Unweighted,Race_ethnicity,NH White,Recall,0.46402877697841727,0.40691938243758263,0.518229259589652,400,400
MEDNG,RF,Unweighted,Race_ethnicity,NH White,FNR,0.5359712230215827,0.4817707404103479,0.5930806175624174,400,400
MEDNG,RF,Unweighted,Race_ethnicity,NH White,FPR,0.09788092835519677,0.08858011375271087,0.10774540458704457,400,400
MEDNG,RF,Unweighted,Race_ethnicity,NH White,Brier,0.054666378852677465,0.04911808841247375,0.06012755728773083,400,400
MEDNG,RF,Unweighted,Race_ethnicity,NH White,Calibration_abs_error,0.005725055720887835,0.0005869349404682935,0.011616200510047397,400,400
MEDNG,RF,WTFA_A,Race_ethnicity,NH White,AUROC,0.8101180790899718,0.7860218509077311,0.8401149288523849,400,400
MEDNG,RF,WTFA_A,Race_ethnicity,NH White,AUPRC,0.3139119152619033,0.24843626010514216,0.3811495764691489,400,400
MEDNG,RF,WTFA_A,Race_ethnicity,NH White,Recall,0.47219819279532604,0.40076142479761506,0.544044693582328,400,400
MEDNG,RF,WTFA_A,Race_ethnicity,NH White,FNR,0.5278018072046738,0.45595530641767185,0.599238575202385,400,400
MEDNG,RF,WTFA_A,Race_ethnicity,NH White,FPR,0.10735497803139521,0.09659312762905957,0.11875818447939467,400,400
MEDNG,RF,WTFA_A,Race_ethnicity,NH White,Brier,0.05597701124207111,0.04934843075837633,0.06274522642286105,400,400
MEDNG,RF,WTFA_A,Race_ethnicity,NH White,Calibration_abs_error,0.004644214748211292,0.00020029143459826713,0.012521467044949365,400,400
MEDNG,RF,Unweighted,Race_ethnicity,NH Black,AUROC,0.7548076923076923,0.6731674109617658,0.8236292518150552,400,400
MEDNG,RF,Unweighted,Race_ethnicity,NH Black,AUPRC,0.23238416121974703,0.15055171733924053,0.3579763624249081,400,400
MEDNG,RF,Unweighted,Race_ethnicity,NH Black,Recall,0.5434782608695652,0.3901468957871397,0.6950423728813558,400,400
MEDNG,RF,Unweighted,Race_ethnicity,NH Black,FNR,0.45652173913043476,0.3049576271186441,0.6098531042128602,400,400
MEDNG,RF,Unweighted,Race_ethnicity,NH Black,FPR,0.1875,0.15870570107858242,0.21529630451273096,400,400
MEDNG,RF,Unweighted,Race_ethnicity,NH Black,Brier,0.05905603924644374,0.04518474988113024,0.07244761482606925,400,400
MEDNG,RF,Unweighted,Race_ethnicity,NH Black,Calibration_abs_error,0.009061720661646844,0.0005130914769800092,0.025983715541589347,400,400
MEDNG,RF,WTFA_A,Race_ethnicity,NH Black,AUROC,0.7534143772290325,0.6650056236204566,0.8353650393437414,400,400
MEDNG,RF,WTFA_A,Race_ethnicity,NH Black,AUPRC,0.20380226425875428,0.11333868644504208,0.37350829219133574,400,400
MEDNG,RF,WTFA_A,Race_ethnicity,NH Black,Recall,0.5975459584585932,0.41697438078448773,0.7658807027129267,400,400
MEDNG,RF,WTFA_A,Race_ethnicity,NH Black,FNR,0.4024540415414065,0.23411929728707329,0.5830256192155122,400,400
MEDNG,RF,WTFA_A,Race_ethnicity,NH Black,FPR,0.211647541178268,0.17495738229303143,0.25071024379680446,400,400
MEDNG,RF,WTFA_A,Race_ethnicity,NH Black,Brier,0.05457020344526424,0.04076424181657775,0.06886824404681065,400,400
MEDNG,RF,WTFA_A,Race_ethnicity,NH Black,Calibration_abs_error,0.02087860366005219,0.002695367431705864,0.038632949341768294,400,400
MEDNG,RF,Unweighted,Poverty,<100% FPL,AUROC,0.7262662074554295,0.6711268302302186,0.7791619033185854,400,400
MEDNG,RF,Unweighted,Poverty,<100% FPL,AUPRC,0.3158665426328716,0.23526373352936963,0.4211036342443937,400,400
MEDNG,RF,Unweighted,Poverty,<100% FPL,Recall,0.625,0.5262676508344031,0.7260585305105853,400,400
MEDNG,RF,Unweighted,Poverty,<100% FPL,FNR,0.375,0.27394146948941467,0.47373234916559687,400,400
MEDNG,RF,Unweighted,Poverty,<100% FPL,FPR,0.3371150729335494,0.2959278897136798,0.3705078363076635,400,400
MEDNG,RF,Unweighted,Poverty,<100% FPL,Brier,0.09333301123976302,0.07694291184184295,0.1105343992851288,400,400
MEDNG,RF,Unweighted,Poverty,<100% FPL,Calibration_abs_error,0.012363070217582664,0.001049503054766899,0.03452785155272646,400,400
MEDNG,RF,WTFA_A,Poverty,<100% FPL,AUROC,0.7533938699451108,0.6782640497539839,0.8129256690534838,400,400
MEDNG,RF,WTFA_A,Poverty,<100% FPL,AUPRC,0.3465957034346774,0.24390089328587325,0.5059111973774215,400,400
MEDNG,RF,WTFA_A,Poverty,<100% FPL,Recall,0.6986864709052023,0.5807454574181703,0.7990730519319923,400,400
MEDNG,RF,WTFA_A,Poverty,<100% FPL,FNR,0.30131352909479775,0.2009269480680076,0.41925454258182965,400,400
MEDNG,RF,WTFA_A,Poverty,<100% FPL,FPR,0.37476166434107294,0.3218993319772269,0.4199158719128398,400,400
MEDNG,RF,WTFA_A,Poverty,<100% FPL,Brier,0.09014362030359567,0.07176642544133223,0.10738451612732172,400,400
MEDNG,RF,WTFA_A,Poverty,<100% FPL,Calibration_abs_error,0.005435534547574464,0.0005121745510276,0.031071798824398745,400,400
MEDNG,RF,Unweighted,Poverty,100-199% FPL,AUROC,0.7902543218748752,0.7471891142579257,0.837039412113877,400,400
MEDNG,RF,Unweighted,Poverty,100-199% FPL,AUPRC,0.36311950081202693,0.292511636102611,0.44215389379335795,400,400
MEDNG,RF,Unweighted,Poverty,100-199% FPL,Recall,0.7272727272727273,0.6448131197559115,0.8077,400,400
MEDNG,RF,Unweighted,Poverty,100-199% FPL,FNR,0.2727272727272727,0.1923,0.3551868802440884,400,400
MEDNG,RF,Unweighted,Poverty,100-199% FPL,FPR,0.25217391304347825,0.2273934967514481,0.2764543438468037,400,400
MEDNG,RF,Unweighted,Poverty,100-199% FPL,Brier,0.08185549334841036,0.07004750521986401,0.0939194743365476,400,400
MEDNG,RF,Unweighted,Poverty,100-199% FPL,Calibration_abs_error,0.013613065116728024,0.0011333293698246759,0.030191091164231663,400,400
MEDNG,RF,WTFA_A,Poverty,100-199% FPL,AUROC,0.7908643521923607,0.7392444541402838,0.8420142455379843,400,400
MEDNG,RF,WTFA_A,Poverty,100-199% FPL,AUPRC,0.4431342883950979,0.3377240696401659,0.5741622711228288,400,400
MEDNG,RF,WTFA_A,Poverty,100-199% FPL,Recall,0.7598152488910276,0.6651208757540307,0.8452971299479068,400,400
MEDNG,RF,WTFA_A,Poverty,100-199% FPL,FNR,0.24018475110897242,0.1547028700520932,0.3348791242459692,400,400
MEDNG,RF,WTFA_A,Poverty,100-199% FPL,FPR,0.2951297312133624,0.2646614242084124,0.3300100622453532,400,400
MEDNG,RF,WTFA_A,Poverty,100-199% FPL,Brier,0.08871540172545588,0.07364211839009287,0.10361992713298944,400,400
MEDNG,RF,WTFA_A,Poverty,100-199% FPL,Calibration_abs_error,0.017107568225664116,0.001669451739641544,0.03809754053080752,400,400
MEDNG,RF,Unweighted,Poverty,>=200% FPL,AUROC,0.8101919163256132,0.7797606954586441,0.8377632011037123,400,400
MEDNG,RF,Unweighted,Poverty,>=200% FPL,AUPRC,0.2783786435204899,0.2266829545375812,0.3389932614238876,400,400
MEDNG,RF,Unweighted,Poverty,>=200% FPL,Recall,0.4177215189873418,0.35829616182572616,0.48087524177949703,400,400
MEDNG,RF,Unweighted,Poverty,>=200% FPL,FNR,0.5822784810126582,0.5191247582205029,0.6417038381742739,400,400
MEDNG,RF,Unweighted,Poverty,>=200% FPL,FPR,0.0815807718973885,0.0738009249511074,0.08914768417847668,400,400
MEDNG,RF,Unweighted,Poverty,>=200% FPL,Brier,0.04432806590352963,0.0395078695042782,0.050152880223348045,400,400
MEDNG,RF,Unweighted,Poverty,>=200% FPL,Calibration_abs_error,0.004464363306983882,0.00034004301684085054,0.010422350737991309,400,400
MEDNG,RF,WTFA_A,Poverty,>=200% FPL,AUROC,0.8054546009374743,0.7775179536990711,0.8347207955069792,400,400
MEDNG,RF,WTFA_A,Poverty,>=200% FPL,AUPRC,0.2558897106148201,0.2003187819432904,0.3214544121582669,400,400
MEDNG,RF,WTFA_A,Poverty,>=200% FPL,Recall,0.4549257549984883,0.3854539295724196,0.5293370859654286,400,400
MEDNG,RF,WTFA_A,Poverty,>=200% FPL,FNR,0.5450742450015117,0.4706629140345714,0.6145460704275804,400,400
MEDNG,RF,WTFA_A,Poverty,>=200% FPL,FPR,0.10069215121507644,0.09049216818353366,0.11217885711170493,400,400
MEDNG,RF,WTFA_A,Poverty,>=200% FPL,Brier,0.04567837938043004,0.03975148260233604,0.05193555672806638,400,400
MEDNG,RF,WTFA_A,Poverty,>=200% FPL,Calibration_abs_error,0.007647760801163528,0.0007397554492646919,0.014794328775521058,400,400
MEDNG,RF,Unweighted,Insurance,Uninsured,AUROC,0.7658884870120719,0.7157979941366459,0.8146234634349607,400,400
MEDNG,RF,Unweighted,Insurance,Uninsured,AUPRC,0.5404857890190479,0.45569241887218687,0.6239087928008081,400,400
MEDNG,RF,Unweighted,Insurance,Uninsured,Recall,1.0,1.0,1.0,400,400
MEDNG,RF,Unweighted,Insurance,Uninsured,FNR,0.0,0.0,0.0,400,400
MEDNG,RF,Unweighted,Insurance,Uninsured,FPR,0.9799426934097422,0.962370119507784,0.9940307365250898,400,400
MEDNG,RF,Unweighted,Insurance,Uninsured,Brier,0.17493559865331193,0.15432890949196545,0.1964907015425741,400,400
MEDNG,RF,Unweighted,Insurance,Uninsured,Calibration_abs_error,0.06639425246489011,0.03101165146181316,0.1028773302219554,400,400
MEDNG,RF,WTFA_A,Insurance,Uninsured,AUROC,0.7814752552873319,0.7269499278228332,0.8376819571561416,400,400
MEDNG,RF,WTFA_A,Insurance,Uninsured,AUPRC,0.5509719872456115,0.4538609993141383,0.6641041394694641,400,400
MEDNG,RF,WTFA_A,Insurance,Uninsured,Recall,1.0,1.0,1.0,400,400
MEDNG,RF,WTFA_A,Insurance,Uninsured,FNR,0.0,0.0,0.0,400,400
MEDNG,RF,WTFA_A,Insurance,Uninsured,FPR,0.9748966276745208,0.9516131322873495,0.9916207955737953,400,400
MEDNG,RF,WTFA_A,Insurance,Uninsured,Brier,0.17161271993967495,0.1476580807431951,0.1972573908804477,400,400
MEDNG,RF,WTFA_A,Insurance,Uninsured,Calibration_abs_error,0.06296572494328659,0.02318076957900937,0.10270480213031481,400,400
MEDNG,RF,Unweighted,Insurance,Insured,AUROC,0.7759710453780522,0.748222376492797,0.8022539207135649,400,400
MEDNG,RF,Unweighted,Insurance,Insured,AUPRC,0.19723942373262743,0.16429343244929787,0.2395705383954089,400,400
MEDNG,RF,Unweighted,Insurance,Insured,Recall,0.35987261146496813,0.3041978119540625,0.4124112805798852,400,400
MEDNG,RF,Unweighted,Insurance,Insured,FNR,0.6401273885350318,0.5875887194201148,0.6958021880459374,400,400
MEDNG,RF,Unweighted,Insurance,Insured,FPR,0.08426866203456262,0.07674030158376346,0.09089946752656677,400,400
MEDNG,RF,Unweighted,Insurance,Insured,Brier,0.0468879583669829,0.0422762949534048,0.05185778708036661,400,400
MEDNG,RF,Unweighted,Insurance,Insured,Calibration_abs_error,0.0045378305061923585,0.00035752259235693475,0.009610875737179092,400,400
MEDNG,RF,WTFA_A,Insurance,Insured,AUROC,0.7632352353443848,0.7347847327621067,0.793352997777348,400,400
MEDNG,RF,WTFA_A,Insurance,Insured,AUPRC,0.19216946852784447,0.1505502509993619,0.24287709377673944,400,400
MEDNG,RF,WTFA_A,Insurance,Insured,Recall,0.35872991776936625,0.2959265194101497,0.427971389111282,400,400
MEDNG,RF,WTFA_A,Insurance,Insured,FNR,0.6412700822306336,0.5720286108887183,0.7040734805898504,400,400
MEDNG,RF,WTFA_A,Insurance,Insured,FPR,0.09156585145486874,0.0832202070928463,0.10176118148631036,400,400
MEDNG,RF,WTFA_A,Insurance,Insured,Brier,0.04541781749305782,0.039971519101734444,0.05086300280986085,400,400
MEDNG,RF,WTFA_A,Insurance,Insured,Calibration_abs_error,0.009018489130631212,0.002579964487582899,0.015196846072382027,400,400
MEDNG,RF,Unweighted,Sex,Male,AUROC,0.7995068761923524,0.7646832633800753,0.827448938783326,400,400
MEDNG,RF,Unweighted,Sex,Male,AUPRC,0.2981163057737149,0.23972226871825847,0.35970442764199134,400,400
MEDNG,RF,Unweighted,Sex,Male,Recall,0.5251396648044693,0.44441117764471055,0.5819562146892655,400,400
MEDNG,RF,Unweighted,Sex,Male,FNR,0.4748603351955307,0.41804378531073444,0.5555888223552894,400,400
MEDNG,RF,Unweighted,Sex,Male,FPR,0.13134220942785174,0.11906924949078863,0.14397992794954875,400,400
MEDNG,RF,Unweighted,Sex,Male,Brier,0.05069427451492,0.04463416513837017,0.05701572677544837,400,400
MEDNG,RF,Unweighted,Sex,Male,Calibration_abs_error,0.004046494889009912,0.00025080627423592874,0.01131818978097819,400,400
MEDNG,RF,WTFA_A,Sex,Male,AUROC,0.8196033157633971,0.7782332138581691,0.8489342987217591,400,400
MEDNG,RF,WTFA_A,Sex,Male,AUPRC,0.347680232897569,0.2589787952966323,0.44545740261309746,400,400
MEDNG,RF,WTFA_A,Sex,Male,Recall,0.6084986972215317,0.5050535477158066,0.6842626162938974,400,400
MEDNG,RF,WTFA_A,Sex,Male,FNR,0.3915013027784681,0.3157373837061024,0.49494645228419337,400,400
MEDNG,RF,WTFA_A,Sex,Male,FPR,0.1542088733601912,0.13686998387030958,0.171244174616056,400,400
MEDNG,RF,WTFA_A,Sex,Male,Brier,0.049829363298064956,0.04219351128003998,0.05742414534906196,400,400
MEDNG,RF,WTFA_A,Sex,Male,Calibration_abs_error,0.008951524533052028,0.0005032213790763382,0.018337432123628393,400,400
MEDNG,RF,Unweighted,Sex,Female,AUROC,0.809608094228288,0.784523783802519,0.8346629004084398,400,400
MEDNG,RF,Unweighted,Sex,Female,AUPRC,0.311335847311283,0.26539590506965977,0.3754687151924329,400,400
MEDNG,RF,Unweighted,Sex,Female,Recall,0.5521235521235521,0.49995210727969347,0.6107739596469103,400,400
MEDNG,RF,Unweighted,Sex,Female,FNR,0.44787644787644787,0.38922604035308955,0.5000478927203065,400,400
MEDNG,RF,Unweighted,Sex,Female,FPR,0.14254454517036574,0.13074599272150003,0.15450587444762173,400,400
MEDNG,RF,Unweighted,Sex,Female,Brier,0.06130990340652419,0.05497575077442748,0.0672625267212489,400,400
MEDNG,RF,Unweighted,Sex,Female,Calibration_abs_error,0.004660323373195524,0.00038473837395557254,0.012427242214590309,400,400
MEDNG,RF,WTFA_A,Sex,Female,AUROC,0.7944748361705488,0.7667008495857334,0.8261747433578259,400,400
MEDNG,RF,WTFA_A,Sex,Female,AUPRC,0.3187854579143683,0.2533327987026039,0.41158600469120027,400,400
MEDNG,RF,WTFA_A,Sex,Female,Recall,0.5647322908310116,0.49761295622221297,0.6331040214772745,400,400
MEDNG,RF,WTFA_A,Sex,Female,FNR,0.43526770916898827,0.3668959785227254,0.502387043777787,400,400
MEDNG,RF,WTFA_A,Sex,Female,FPR,0.1641363561710127,0.14898960832651176,0.18126060765927934,400,400
MEDNG,RF,WTFA_A,Sex,Female,Brier,0.06518991982783723,0.057439212944561516,0.07310094106285293,400,400
MEDNG,RF,WTFA_A,Sex,Female,Calibration_abs_error,0.004621041843409057,0.0003909950479511246,0.015671184445610317,400,400
MEDNG,RF,Unweighted,Age,18-34,AUROC,0.7910408960589451,0.7487646367361537,0.8317638702324461,400,400
MEDNG,RF,Unweighted,Age,18-34,AUPRC,0.3441086165897993,0.26618944930446237,0.43180499394335553,400,400
MEDNG,RF,Unweighted,Age,18-34,Recall,0.631578947368421,0.5454545454545454,0.7238245219347581,400,400
MEDNG,RF,Unweighted,Age,18-34,FNR,0.3684210526315789,0.27617547806524184,0.45454545454545453,400,400
MEDNG,RF,Unweighted,Age,18-34,FPR,0.23200677392040644,0.20966351735582506,0.2544421751054758,400,400
MEDNG,RF,Unweighted,Age,18-34,Brier,0.07061342394865149,0.05994243113765626,0.08060868607391497,400,400
MEDNG,RF,Unweighted,Age,18-34,Calibration_abs_error,0.0006346254457046119,0.00025622252479571666,0.015907187482153858,400,400
MEDNG,RF,WTFA_A,Age,18-34,AUROC,0.7982104912077898,0.7486194342255854,0.8501491214861826,400,400
MEDNG,RF,WTFA_A,Age,18-34,AUPRC,0.3425265498126413,0.25238863746539986,0.4558811457720556,400,400
MEDNG,RF,WTFA_A,Age,18-34,Recall,0.6473276809152082,0.5425336856730888,0.7478095403593868,400,400
MEDNG,RF,WTFA_A,Age,18-34,FNR,0.352672319084792,0.25219045964061304,0.4574663143269109,400,400
MEDNG,RF,WTFA_A,Age,18-34,FPR,0.22697783050941567,0.20078974267239194,0.2524920995638611,400,400
MEDNG,RF,WTFA_A,Age,18-34,Brier,0.06597360670496259,0.0545244271584493,0.07789500423916718,400,400
MEDNG,RF,WTFA_A,Age,18-34,Calibration_abs_error,0.0037038547928454207,0.000536606659688043,0.01873530089751199,400,400
MEDNG,RF,Unweighted,Age,35-49,AUROC,0.7795808917875368,0.7392773683075178,0.819649593175868,400,400
MEDNG,RF,Unweighted,Age,35-49,AUPRC,0.3723227552621524,0.29572933102219057,0.45186536495422186,400,400
MEDNG,RF,Unweighted,Age,35-49,Recall,0.5801526717557252,0.5040603138589526,0.6614727988546886,400,400
MEDNG,RF,Unweighted,Age,35-49,FNR,0.4198473282442748,0.3385272011453114,0.49593968614104744,400,400
MEDNG,RF,Unweighted,Age,35-49,FPR,0.18667699457784662,0.1657555324929955,0.20945752459556574,400,400
MEDNG,RF,Unweighted,Age,35-49,Brier,0.07379487500168073,0.062318680409337704,0.08448351931109442,400,400
MEDNG,RF,Unweighted,Age,35-49,Calibration_abs_error,0.009684156489661824,0.0004464879749735751,0.022953700982530162,400,400
MEDNG,RF,WTFA_A,Age,35-49,AUROC,0.7832381175656524,0.7351424012297874,0.8282785052257774,400,400
MEDNG,RF,WTFA_A,Age,35-49,AUPRC,0.39922029712085294,0.3044301834782802,0.5101802071074836,400,400
MEDNG,RF,WTFA_A,Age,35-49,Recall,0.596866150290927,0.5006968070686147,0.6839281366764743,400,400
MEDNG,RF,WTFA_A,Age,35-49,FNR,0.40313384970907273,0.3160718633235255,0.49930319293138525,400,400
MEDNG,RF,WTFA_A,Age,35-49,FPR,0.20225673338193262,0.17630393059433838,0.22902696889807783,400,400
MEDNG,RF,WTFA_A,Age,35-49,Brier,0.07199569691199156,0.05845749253560416,0.08345654514865693,400,400
MEDNG,RF,WTFA_A,Age,35-49,Calibration_abs_error,0.0059179918549660815,0.00022055584439685736,0.021816214385028083,400,400
MEDNG,RF,Unweighted,Age,50-64,AUROC,0.7593121856174324,0.7170235638114895,0.8009305032041326,400,400
MEDNG,RF,Unweighted,Age,50-64,AUPRC,0.2868209013658422,0.23712663580081267,0.36023739481604317,400,400
MEDNG,RF,Unweighted,Age,50-64,Recall,0.5068493150684932,0.42565022213994813,0.5840137243760652,400,400
MEDNG,RF,Unweighted,Age,50-64,FNR,0.4931506849315068,0.4159862756239346,0.5743497778600518,400,400
MEDNG,RF,Unweighted,Age,50-64,FPR,0.15820029027576196,0.1419921210452807,0.17487299293513164,400,400
MEDNG,RF,Unweighted,Age,50-64,Brier,0.07929700961692022,0.06956456397832937,0.09061946689435273,400,400
MEDNG,RF,Unweighted,Age,50-64,Calibration_abs_error,0.018265575993284114,0.006246904774432597,0.032103250673391086,400,400
MEDNG,RF,WTFA_A,Age,50-64,AUROC,0.7648165916404319,0.7151319241720397,0.8064899727073258,400,400
MEDNG,RF,WTFA_A,Age,50-64,AUPRC,0.2924579961432464,0.21971008008538717,0.39579465315295326,400,400
MEDNG,RF,WTFA_A,Age,50-64,Recall,0.5439469964205697,0.4415653138699091,0.6246022829780528,400,400
MEDNG,RF,WTFA_A,Age,50-64,FNR,0.45605300357943024,0.3753977170219471,0.5584346861300907,400,400
MEDNG,RF,WTFA_A,Age,50-64,FPR,0.15757991926747683,0.13669742914500888,0.17751391803629935,400,400
MEDNG,RF,WTFA_A,Age,50-64,Brier,0.07124308616931103,0.060871194809493344,0.08486675190862622,400,400
MEDNG,RF,WTFA_A,Age,50-64,Calibration_abs_error,0.009132051568504135,0.0004594490683117348,0.026096284493955395,400,400
MEDNG,RF,Unweighted,Age,65-74,AUROC,0.7486099563500312,0.6552039068977508,0.8456566729981804,400,400
MEDNG,RF,Unweighted,Age,65-74,AUPRC,0.12221735163108825,0.06843545180550108,0.23069869329317322,400,400
MEDNG,RF,Unweighted,Age,65-74,Recall,0.3235294117647059,0.16666666666666666,0.4828325123152709,400,400
MEDNG,RF,Unweighted,Age,65-74,FNR,0.6764705882352942,0.5171674876847291,0.8333333333333334,400,400
MEDNG,RF,Unweighted,Age,65-74,FPR,0.053886925795053005,0.03931415286253996,0.06780093025934938,400,400
MEDNG,RF,Unweighted,Age,65-74,Brier,0.027181485797237833,0.01989902667777961,0.03518415105291184,400,400
MEDNG,RF,Unweighted,Age,65-74,Calibration_abs_error,0.01319522222696242,0.004111632750527502,0.021683192711238697,400,400
MEDNG,RF,WTFA_A,Age,65-74,AUROC,0.7671654790310168,0.6532380140142114,0.8751898029734964,400,400
MEDNG,RF,WTFA_A,Age,65-74,AUPRC,0.14360429066896854,0.06453494975351187,0.3058659681778847,400,400
MEDNG,RF,WTFA_A,Age,65-74,Recall,0.34053507618599416,0.1638939341276268,0.5383420491740026,400,400
MEDNG,RF,WTFA_A,Age,65-74,FNR,0.6594649238140058,0.46165795082599725,0.836106065872373,400,400
MEDNG,RF,WTFA_A,Age,65-74,FPR,0.05383962541215096,0.036247089791406915,0.07019227462242066,400,400
MEDNG,RF,WTFA_A,Age,65-74,Brier,0.026809482534835605,0.016969309798418236,0.0364108792710021,400,400
MEDNG,RF,WTFA_A,Age,65-74,Calibration_abs_error,0.013230023229370811,0.002396102872934767,0.024817257550779553,400,400
MEDNG,XGBoost,Unweighted,Race_ethnicity,Hispanic,AUROC,0.8011680689276317,0.7515598174680768,0.8505585844080373,400,400
MEDNG,XGBoost,Unweighted,Race_ethnicity,Hispanic,AUPRC,0.348834546819538,0.25834692808768245,0.4569471329407853,400,400
MEDNG,XGBoost,Unweighted,Race_ethnicity,Hispanic,Recall,0.5061728395061729,0.39498248248248247,0.6279235880398671,400,400
MEDNG,XGBoost,Unweighted,Race_ethnicity,Hispanic,FNR,0.49382716049382713,0.3720764119601329,0.6050175175175174,400,400
MEDNG,XGBoost,Unweighted,Race_ethnicity,Hispanic,FPR,0.12295081967213115,0.10045008811663005,0.14240735404492574,400,400
MEDNG,XGBoost,Unweighted,Race_ethnicity,Hispanic,Brier,0.06809398775578866,0.05638894702254564,0.08176206010063253,400,400
MEDNG,XGBoost,Unweighted,Race_ethnicity,Hispanic,Calibration_abs_error,0.012843549951293415,0.0009199497988744352,0.027769433210507972,400,400
MEDNG,XGBoost,WTFA_A,Race_ethnicity,Hispanic,AUROC,0.8030371023096324,0.7490844235169057,0.8535322857056512,400,400
MEDNG,XGBoost,WTFA_A,Race_ethnicity,Hispanic,AUPRC,0.3819069557770443,0.27343512731529596,0.5047223002850142,400,400
MEDNG,XGBoost,WTFA_A,Race_ethnicity,Hispanic,Recall,0.5438769583375356,0.42225450925846847,0.676685495228195,400,400
MEDNG,XGBoost,WTFA_A,Race_ethnicity,Hispanic,FNR,0.4561230416624643,0.32331450477180507,0.5777454907415316,400,400
MEDNG,XGBoost,WTFA_A,Race_ethnicity,Hispanic,FPR,0.12927137892476395,0.09962694965665869,0.15911113196479817,400,400
MEDNG,XGBoost,WTFA_A,Race_ethnicity,Hispanic,Brier,0.07424567165720225,0.0589193691566181,0.09025386664870565,400,400
MEDNG,XGBoost,WTFA_A,Race_ethnicity,Hispanic,Calibration_abs_error,0.004926587489780573,0.0005667210778638359,0.026263602791153726,400,400
MEDNG,XGBoost,Unweighted,Race_ethnicity,NH White,AUROC,0.8148838648556432,0.7918921284729799,0.8392195326450579,400,400
MEDNG,XGBoost,Unweighted,Race_ethnicity,NH White,AUPRC,0.29920391206450037,0.2532454786181873,0.34854507831847836,400,400
MEDNG,XGBoost,Unweighted,Race_ethnicity,NH White,Recall,0.37050359712230213,0.31396121412570516,0.42270662240083867,400,400
MEDNG,XGBoost,Unweighted,Race_ethnicity,NH White,FNR,0.6294964028776978,0.5772933775991612,0.6860387858742948,400,400
MEDNG,XGBoost,Unweighted,Race_ethnicity,NH White,FPR,0.05020181634712412,0.043505235961221876,0.05650123571281747,400,400
MEDNG,XGBoost,Unweighted,Race_ethnicity,NH White,Brier,0.0533074153967431,0.04789473865710559,0.05885510914497032,400,400
MEDNG,XGBoost,Unweighted,Race_ethnicity,NH White,Calibration_abs_error,0.0043385028288045815,0.00030523809761716527,0.01019091130964158,400,400
MEDNG,XGBoost,WTFA_A,Race_ethnicity,NH White,AUROC,0.8131040114137804,0.7862223965775855,0.8411332301982123,400,400
MEDNG,XGBoost,WTFA_A,Race_ethnicity,NH White,AUPRC,0.3039045638500475,0.24387103426352655,0.368830712899859,400,400
MEDNG,XGBoost,WTFA_A,Race_ethnicity,NH White,Recall,0.3885157850721412,0.3199836102639304,0.455513174465034,400,400
MEDNG,XGBoost,WTFA_A,Race_ethnicity,NH White,FNR,0.6114842149278589,0.544486825534966,0.6800163897360694,400,400
MEDNG,XGBoost,WTFA_A,Race_ethnicity,NH White,FPR,0.057310435493898,0.04916614793200471,0.06617278933323115,400,400
MEDNG,XGBoost,WTFA_A,Race_ethnicity,NH White,Brier,0.05479506366071936,0.048181380726030995,0.061316084720535485,400,400
MEDNG,XGBoost,WTFA_A,Race_ethnicity,NH White,Calibration_abs_error,0.002571047454330011,0.00016397167302911503,0.01078528736276137,400,400
MEDNG,XGBoost,Unweighted,Race_ethnicity,NH Black,AUROC,0.7326853400222966,0.64419732266583,0.8029984999472576,400,400
MEDNG,XGBoost,Unweighted,Race_ethnicity,NH Black,AUPRC,0.24110183417759581,0.15473767845425482,0.37662578547817044,400,400
MEDNG,XGBoost,Unweighted,Race_ethnicity,NH Black,Recall,0.3695652173913043,0.24527339237581824,0.5250328947368421,400,400
MEDNG,XGBoost,Unweighted,Race_ethnicity,NH Black,FNR,0.6304347826086957,0.4749671052631579,0.7547266076241818,400,400
MEDNG,XGBoost,Unweighted,Race_ethnicity,NH Black,FPR,0.08012820512820513,0.062482215447154474,0.0993998294789949,400,400
MEDNG,XGBoost,Unweighted,Race_ethnicity,NH Black,Brier,0.059187051124658496,0.04504283934565657,0.07261154943213785,400,400
MEDNG,XGBoost,Unweighted,Race_ethnicity,NH Black,Calibration_abs_error,0.007851126553045942,0.0003599139507974647,0.02597120793839978,400,400
MEDNG,XGBoost,WTFA_A,Race_ethnicity,NH Black,AUROC,0.7342526392026575,0.6388201944448808,0.8195562394892902,400,400
MEDNG,XGBoost,WTFA_A,Race_ethnicity,NH Black,AUPRC,0.22951616960198787,0.13389483875959718,0.40959449456365793,400,400
MEDNG,XGBoost,WTFA_A,Race_ethnicity,NH Black,Recall,0.42642696982024225,0.2666438950500795,0.596664511530403,400,400
MEDNG,XGBoost,WTFA_A,Race_ethnicity,NH Black,FNR,0.5735730301797576,0.4033354884695969,0.7333561049499204,400,400
MEDNG,XGBoost,WTFA_A,Race_ethnicity,NH Black,FPR,0.10559762196642364,0.07684148965845902,0.13883865789967526,400,400
MEDNG,XGBoost,WTFA_A,Race_ethnicity,NH Black,Brier,0.055174088446130344,0.04149126070444876,0.06926261643937877,400,400
MEDNG,XGBoost,WTFA_A,Race_ethnicity,NH Black,Calibration_abs_error,0.022240781473205726,0.0026581127413920947,0.04084900666281039,400,400
MEDNG,XGBoost,Unweighted,Poverty,<100% FPL,AUROC,0.740083063209076,0.6838499093711707,0.7974773762307948,400,400
MEDNG,XGBoost,Unweighted,Poverty,<100% FPL,AUPRC,0.3360523975883999,0.24935748307570957,0.43265692991769195,400,400
MEDNG,XGBoost,Unweighted,Poverty,<100% FPL,Recall,0.425,0.32422903672903675,0.5286147186147185,400,400
MEDNG,XGBoost,Unweighted,Poverty,<100% FPL,FNR,0.575,0.47138528138528135,0.6757709632709632,400,400
MEDNG,XGBoost,Unweighted,Poverty,<100% FPL,FPR,0.11345218800648298,0.08854046340051429,0.13566053789025886,400,400
MEDNG,XGBoost,Unweighted,Poverty,<100% FPL,Brier,0.09109154228301768,0.07530545362838452,0.10779707226049648,400,400
MEDNG,XGBoost,Unweighted,Poverty,<100% FPL,Calibration_abs_error,0.015463554635917878,0.000520383720200144,0.036394880938542894,400,400
MEDNG,XGBoost,WTFA_A,Poverty,<100% FPL,AUROC,0.7533437378878445,0.6825425902659553,0.8108369314725704,400,400
MEDNG,XGBoost,WTFA_A,Poverty,<100% FPL,AUPRC,0.3594451641682524,0.2535610770323303,0.48208849138260546,400,400
MEDNG,XGBoost,WTFA_A,Poverty,<100% FPL,Recall,0.49490979202820157,0.3525667982667878,0.622060877416173,400,400
MEDNG,XGBoost,WTFA_A,Poverty,<100% FPL,FNR,0.5050902079717986,0.37793912258382695,0.6474332017332124,400,400
MEDNG,XGBoost,WTFA_A,Poverty,<100% FPL,FPR,0.12051848034585144,0.0889557449769136,0.15129852680878758,400,400
MEDNG,XGBoost,WTFA_A,Poverty,<100% FPL,Brier,0.08901833952738797,0.06937203071341351,0.10846640322049654,400,400
MEDNG,XGBoost,WTFA_A,Poverty,<100% FPL,Calibration_abs_error,0.01134724331362652,0.0007771588433299231,0.034771314269842236,400,400
MEDNG,XGBoost,Unweighted,Poverty,100-199% FPL,AUROC,0.7834231644508325,0.7387040573923593,0.8290052691806973,400,400
MEDNG,XGBoost,Unweighted,Poverty,100-199% FPL,AUPRC,0.3212336721167626,0.25999371225715984,0.41216574495227587,400,400
MEDNG,XGBoost,Unweighted,Poverty,100-199% FPL,Recall,0.49586776859504134,0.4051271370617212,0.5920148148148148,400,400
MEDNG,XGBoost,Unweighted,Poverty,100-199% FPL,FNR,0.5041322314049587,0.4079851851851852,0.5948728629382788,400,400
MEDNG,XGBoost,Unweighted,Poverty,100-199% FPL,FPR,0.12077294685990338,0.10099891073326249,0.1400639761571876,400,400
MEDNG,XGBoost,Unweighted,Poverty,100-199% FPL,Brier,0.08247190538915587,0.07123249347122919,0.09379736680689733,400,400
MEDNG,XGBoost,Unweighted,Poverty,100-199% FPL,Calibration_abs_error,0.005065770821898019,0.0003382125587383305,0.020871922619539334,400,400
MEDNG,XGBoost,WTFA_A,Poverty,100-199% FPL,AUROC,0.7816151270977241,0.7340741096181527,0.8328408438678918,400,400
MEDNG,XGBoost,WTFA_A,Poverty,100-199% FPL,AUPRC,0.38120103801738225,0.28395690679389224,0.5054662018678766,400,400
MEDNG,XGBoost,WTFA_A,Poverty,100-199% FPL,Recall,0.5507749766257276,0.4558808744603847,0.6561207248974891,400,400
MEDNG,XGBoost,WTFA_A,Poverty,100-199% FPL,FNR,0.4492250233742722,0.3438792751025111,0.5441191255396152,400,400
MEDNG,XGBoost,WTFA_A,Poverty,100-199% FPL,FPR,0.14336697234063472,0.1135929857356861,0.17431105789658843,400,400
MEDNG,XGBoost,WTFA_A,Poverty,100-199% FPL,Brier,0.0885989336595216,0.07499590769928861,0.10216360723252998,400,400
MEDNG,XGBoost,WTFA_A,Poverty,100-199% FPL,Calibration_abs_error,0.007976718788885617,0.0008824225089884345,0.027530194412629622,400,400
MEDNG,XGBoost,Unweighted,Poverty,>=200% FPL,AUROC,0.8188628170285881,0.7943331918678478,0.8438628853623068,400,400
MEDNG,XGBoost,Unweighted,Poverty,>=200% FPL,AUPRC,0.2903630127324821,0.2370889304738033,0.34821637587657334,400,400
MEDNG,XGBoost,Unweighted,Poverty,>=200% FPL,Recall,0.34177215189873417,0.2828507546577177,0.3958384900990099,400,400
MEDNG,XGBoost,Unweighted,Poverty,>=200% FPL,FNR,0.6582278481012658,0.60416150990099,0.7171492453422823,400,400
MEDNG,XGBoost,Unweighted,Poverty,>=200% FPL,FPR,0.042292581465218394,0.03722769324645315,0.048072274024084274,400,400
MEDNG,XGBoost,Unweighted,Poverty,>=200% FPL,Brier,0.042900173205936226,0.038269610475618394,0.048622730431307694,400,400
MEDNG,XGBoost,Unweighted,Poverty,>=200% FPL,Calibration_abs_error,0.0036881236274741783,0.00012371026205226354,0.00960057052275136,400,400
MEDNG,XGBoost,WTFA_A,Poverty,>=200% FPL,AUROC,0.8162189206129384,0.7871711980740896,0.8420297675893821,400,400
MEDNG,XGBoost,WTFA_A,Poverty,>=200% FPL,AUPRC,0.27446271935457384,0.21685057265053342,0.34296930788124935,400,400
MEDNG,XGBoost,WTFA_A,Poverty,>=200% FPL,Recall,0.3611261079689071,0.2846985831469983,0.4303975024240107,400,400
MEDNG,XGBoost,WTFA_A,Poverty,>=200% FPL,FNR,0.638873892031093,0.5696024975759894,0.7153014168530015,400,400
MEDNG,XGBoost,WTFA_A,Poverty,>=200% FPL,FPR,0.05262441500174448,0.04500679142788029,0.06063446636274606,400,400
MEDNG,XGBoost,WTFA_A,Poverty,>=200% FPL,Brier,0.044557154369939796,0.038856744087573114,0.050996890221553216,400,400
MEDNG,XGBoost,WTFA_A,Poverty,>=200% FPL,Calibration_abs_error,0.007438196541836396,0.0006535010902245637,0.014247006537601657,400,400
MEDNG,XGBoost,Unweighted,Insurance,Uninsured,AUROC,0.7304946216355865,0.6775427435405011,0.7837614466512688,400,400
MEDNG,XGBoost,Unweighted,Insurance,Uninsured,AUPRC,0.5123668475508246,0.4286009831184891,0.6092563399121825,400,400
MEDNG,XGBoost,Unweighted,Insurance,Uninsured,Recall,0.7622950819672131,0.6791444928237381,0.8374093605800923,400,400
MEDNG,XGBoost,Unweighted,Insurance,Uninsured,FNR,0.23770491803278687,0.1625906394199077,0.32085550717626177,400,400
MEDNG,XGBoost,Unweighted,Insurance,Uninsured,FPR,0.4269340974212034,0.3831527285422709,0.4697431633407243,400,400
MEDNG,XGBoost,Unweighted,Insurance,Uninsured,Brier,0.16594752253313683,0.14528916818106957,0.18728959765401268,400,400
MEDNG,XGBoost,Unweighted,Insurance,Uninsured,Calibration_abs_error,0.02316366508998563,0.002614599459554069,0.05973084655903654,400,400
MEDNG,XGBoost,WTFA_A,Insurance,Uninsured,AUROC,0.7344926358140621,0.6716959191549037,0.7900554700125056,400,400
MEDNG,XGBoost,WTFA_A,Insurance,Uninsured,AUPRC,0.5045049349512767,0.4184315040851529,0.6092258609791956,400,400
MEDNG,XGBoost,WTFA_A,Insurance,Uninsured,Recall,0.7474875767056445,0.6478127186723999,0.8366288954511981,400,400
MEDNG,XGBoost,WTFA_A,Insurance,Uninsured,FNR,0.2525124232943555,0.16337110454880177,0.3521872813276001,400,400
MEDNG,XGBoost,WTFA_A,Insurance,Uninsured,FPR,0.41307972646311497,0.35663105555794783,0.4648163350827388,400,400
MEDNG,XGBoost,WTFA_A,Insurance,Uninsured,Brier,0.16490593025528733,0.1427745391146878,0.18989334129562963,400,400
MEDNG,XGBoost,WTFA_A,Insurance,Uninsured,Calibration_abs_error,0.028445148416330168,0.002055261307223139,0.06695578495091091,400,400
MEDNG,XGBoost,Unweighted,Insurance,Insured,AUROC,0.7793790234453458,0.7540603811253183,0.8048365191054768,400,400
MEDNG,XGBoost,Unweighted,Insurance,Insured,AUPRC,0.20780592725919605,0.1746516769520168,0.24801649680961282,400,400
MEDNG,XGBoost,Unweighted,Insurance,Insured,Recall,0.25796178343949044,0.21240445379419012,0.30893837526003126,400,400
MEDNG,XGBoost,Unweighted,Insurance,Insured,FNR,0.7420382165605095,0.6910616247399687,0.7875955462058098,400,400
MEDNG,XGBoost,Unweighted,Insurance,Insured,FPR,0.04008551576696953,0.035023174333162696,0.04472690226145222,400,400
MEDNG,XGBoost,Unweighted,Insurance,Insured,Brier,0.046398076386630877,0.0419383319963566,0.05112396862493749,400,400
MEDNG,XGBoost,Unweighted,Insurance,Insured,Calibration_abs_error,0.0017898606109296653,6.68843526727473e-05,0.006802654472742187,400,400
MEDNG,XGBoost,WTFA_A,Insurance,Insured,AUROC,0.7722906124725404,0.7440136256555734,0.7996605219653864,400,400
MEDNG,XGBoost,WTFA_A,Insurance,Insured,AUPRC,0.1996192611848135,0.15918661294631387,0.25242568517648173,400,400
MEDNG,XGBoost,WTFA_A,Insurance,Insured,Recall,0.2785514962411532,0.2216074814735609,0.3449523655847956,400,400
MEDNG,XGBoost,WTFA_A,Insurance,Insured,FNR,0.7214485037588465,0.6550476344152044,0.7783925185264391,400,400
MEDNG,XGBoost,WTFA_A,Insurance,Insured,FPR,0.04578837187737771,0.039022487846115846,0.05258694442958683,400,400
MEDNG,XGBoost,WTFA_A,Insurance,Insured,Brier,0.0450551899355811,0.039773555044522395,0.05043785705614453,400,400
MEDNG,XGBoost,WTFA_A,Insurance,Insured,Calibration_abs_error,0.006294545901885384,0.0008475626613054829,0.012249455823426255,400,400
MEDNG,XGBoost,Unweighted,Sex,Male,AUROC,0.8002848579027463,0.7684438053012651,0.828455898328348,400,400
MEDNG,XGBoost,Unweighted,Sex,Male,AUPRC,0.2942659129152487,0.2327133464146609,0.3571596285727556,400,400
MEDNG,XGBoost,Unweighted,Sex,Male,Recall,0.36312849162011174,0.2916666666666667,0.4255707003546099,400,400
MEDNG,XGBoost,Unweighted,Sex,Male,FNR,0.6368715083798883,0.5744292996453901,0.7083333333333334,400,400
MEDNG,XGBoost,Unweighted,Sex,Male,FPR,0.05109751709247931,0.043718999551689765,0.05828967582599226,400,400
MEDNG,XGBoost,Unweighted,Sex,Male,Brier,0.04967236186058559,0.04375306454300791,0.05580320231442931,400,400
MEDNG,XGBoost,Unweighted,Sex,Male,Calibration_abs_error,0.0010311024141812092,0.00014598959593148302,0.009077899261329271,400,400
MEDNG,XGBoost,WTFA_A,Sex,Male,AUROC,0.8175033115432552,0.779455880963956,0.8496367276568315,400,400
MEDNG,XGBoost,WTFA_A,Sex,Male,AUPRC,0.32513856192347923,0.2504708979374053,0.4029420570192989,400,400
MEDNG,XGBoost,WTFA_A,Sex,Male,Recall,0.43747780541217474,0.34683263792636965,0.5210770214679202,400,400
MEDNG,XGBoost,WTFA_A,Sex,Male,FNR,0.5625221945878252,0.47892297853207966,0.6531673620736302,400,400
MEDNG,XGBoost,WTFA_A,Sex,Male,FPR,0.06150019468039657,0.0501932036911599,0.0731464557719984,400,400
MEDNG,XGBoost,WTFA_A,Sex,Male,Brier,0.048834284405955275,0.041573974699061184,0.05643677748479061,400,400
MEDNG,XGBoost,WTFA_A,Sex,Male,Calibration_abs_error,0.003686196209234223,0.00016687418624938903,0.012797894915680468,400,400
MEDNG,XGBoost,Unweighted,Sex,Female,AUROC,0.8113503133821984,0.7885236655176883,0.8356127554155047,400,400
MEDNG,XGBoost,Unweighted,Sex,Female,AUPRC,0.31160450706279624,0.26705541972212493,0.37242163133971534,400,400
MEDNG,XGBoost,Unweighted,Sex,Female,Recall,0.4247104247104247,0.37348039699782737,0.4811827005906965,400,400
MEDNG,XGBoost,Unweighted,Sex,Female,FNR,0.5752895752895753,0.5188172994093035,0.6265196030021726,400,400
MEDNG,XGBoost,Unweighted,Sex,Female,FPR,0.07377305407939981,0.06506600543830697,0.08343908629441624,400,400
MEDNG,XGBoost,Unweighted,Sex,Female,Brier,0.06005464584145387,0.05370391626255895,0.06568981616872746,400,400
MEDNG,XGBoost,Unweighted,Sex,Female,Calibration_abs_error,0.0008937683281463882,0.00013223962974416443,0.009070814535657428,400,400
MEDNG,XGBoost,WTFA_A,Sex,Female,AUROC,0.7967604633362788,0.769091713940641,0.825381971808538,400,400
MEDNG,XGBoost,WTFA_A,Sex,Female,AUPRC,0.3108699640291175,0.2541300585955829,0.39061155225925603,400,400
MEDNG,XGBoost,WTFA_A,Sex,Female,Recall,0.4382923700970077,0.37469641519906155,0.5115847898245459,400,400
MEDNG,XGBoost,WTFA_A,Sex,Female,FNR,0.5617076299029922,0.4884152101754542,0.6253035848009383,400,400
MEDNG,XGBoost,WTFA_A,Sex,Female,FPR,0.08642530363420775,0.0738878304901191,0.09950044253682143,400,400
MEDNG,XGBoost,WTFA_A,Sex,Female,Brier,0.06428444333756432,0.056742781431011566,0.07188862034381424,400,400
MEDNG,XGBoost,WTFA_A,Sex,Female,Calibration_abs_error,0.0020260784553764594,0.0002650464194511985,0.011622328992784146,400,400
MEDNG,XGBoost,Unweighted,Age,18-34,AUROC,0.7928012240593015,0.7492257440283756,0.8381220307129225,400,400
MEDNG,XGBoost,Unweighted,Age,18-34,AUPRC,0.3399746266812569,0.2640310900728414,0.43301325922844097,400,400
MEDNG,XGBoost,Unweighted,Age,18-34,Recall,0.4649122807017544,0.37583279604556197,0.5491912776873984,400,400
MEDNG,XGBoost,Unweighted,Age,18-34,FNR,0.5350877192982456,0.45080872231260166,0.6241672039544379,400,400
MEDNG,XGBoost,Unweighted,Age,18-34,FPR,0.09568162574089754,0.08019801823276572,0.11344330788713299,400,400
MEDNG,XGBoost,Unweighted,Age,18-34,Brier,0.06887437409200635,0.05835024138721873,0.07895698825461572,400,400
MEDNG,XGBoost,Unweighted,Age,18-34,Calibration_abs_error,0.004109413860883551,0.00027211407005600164,0.018487628144666788,400,400
MEDNG,XGBoost,WTFA_A,Age,18-34,AUROC,0.8067276385094423,0.7587411564339774,0.857824833688953,400,400
MEDNG,XGBoost,WTFA_A,Age,18-34,AUPRC,0.3337976065028756,0.2578696204531975,0.4376464796730101,400,400
MEDNG,XGBoost,WTFA_A,Age,18-34,Recall,0.4613790251674863,0.36554586003310396,0.5640762046129529,400,400
MEDNG,XGBoost,WTFA_A,Age,18-34,FNR,0.5386209748325139,0.43592379538704684,0.6344541399668961,400,400
MEDNG,XGBoost,WTFA_A,Age,18-34,FPR,0.0872313773069414,0.06827600825525476,0.10603567697486768,400,400
MEDNG,XGBoost,WTFA_A,Age,18-34,Brier,0.06424085299516191,0.052619972243486184,0.07575311912056652,400,400
MEDNG,XGBoost,WTFA_A,Age,18-34,Calibration_abs_error,0.002588145293383526,0.00031403098398922157,0.017188104558054643,400,400
MEDNG,XGBoost,Unweighted,Age,35-49,AUROC,0.7801810538017161,0.7414282170906584,0.8158007363092498,400,400
MEDNG,XGBoost,Unweighted,Age,35-49,AUPRC,0.3716927901676509,0.2938518832076306,0.451315156925168,400,400
MEDNG,XGBoost,Unweighted,Age,35-49,Recall,0.5190839694656488,0.44179526189958707,0.600040650406504,400,400
MEDNG,XGBoost,Unweighted,Age,35-49,FNR,0.48091603053435117,0.39995934959349594,0.5582047381004129,400,400
MEDNG,XGBoost,Unweighted,Age,35-49,FPR,0.10844306738962045,0.09207373573522297,0.12367075667744601,400,400
MEDNG,XGBoost,Unweighted,Age,35-49,Brier,0.07112434385992451,0.06024239024757957,0.08196692584831464,400,400
MEDNG,XGBoost,Unweighted,Age,35-49,Calibration_abs_error,0.00520892389794568,0.0002965857384226115,0.019134123982949558,400,400
MEDNG,XGBoost,WTFA_A,Age,35-49,AUROC,0.7847390217742152,0.7361089393540546,0.8266469072582986,400,400
MEDNG,XGBoost,WTFA_A,Age,35-49,AUPRC,0.38126311084984066,0.28787976906982293,0.48233144209591655,400,400
MEDNG,XGBoost,WTFA_A,Age,35-49,Recall,0.5347607445703225,0.4480360241358131,0.6209791035571569,400,400
MEDNG,XGBoost,WTFA_A,Age,35-49,FNR,0.4652392554296774,0.3790208964428429,0.5519639758641868,400,400
MEDNG,XGBoost,WTFA_A,Age,35-49,FPR,0.1206441136616951,0.097753609603548,0.14336325554927404,400,400
MEDNG,XGBoost,WTFA_A,Age,35-49,Brier,0.07003616611587846,0.057792670265441756,0.08122281727344513,400,400
MEDNG,XGBoost,WTFA_A,Age,35-49,Calibration_abs_error,0.008297690497969884,0.00042144937684625755,0.023911153424402868,400,400
MEDNG,XGBoost,Unweighted,Age,50-64,AUROC,0.7519807344374416,0.7123011387398771,0.7901289552885056,400,400
MEDNG,XGBoost,Unweighted,Age,50-64,AUPRC,0.2930922307397574,0.23792864992496057,0.3624634855001784,400,400
MEDNG,XGBoost,Unweighted,Age,50-64,Recall,0.3561643835616438,0.2797406462585034,0.43423961689939133,400,400
MEDNG,XGBoost,Unweighted,Age,50-64,FNR,0.6438356164383562,0.5657603831006086,0.7202593537414965,400,400
MEDNG,XGBoost,Unweighted,Age,50-64,FPR,0.07982583454281568,0.06766685311881636,0.09272922192749777,400,400
MEDNG,XGBoost,Unweighted,Age,50-64,Brier,0.0784345657834424,0.06892169230571672,0.08871594266153125,400,400
MEDNG,XGBoost,Unweighted,Age,50-64,Calibration_abs_error,0.0108065017113423,0.0009590908012328892,0.024100721033511335,400,400
MEDNG,XGBoost,WTFA_A,Age,50-64,AUROC,0.7480314993466949,0.7016793954287676,0.79102769314762,400,400
MEDNG,XGBoost,WTFA_A,Age,50-64,AUPRC,0.2786040790800836,0.21627212282438535,0.36022692538408896,400,400
MEDNG,XGBoost,WTFA_A,Age,50-64,Recall,0.3961948236955495,0.2999266250267568,0.4779921969304338,400,400
MEDNG,XGBoost,WTFA_A,Age,50-64,FNR,0.6038051763044504,0.522007803069566,0.7000733749732431,400,400
MEDNG,XGBoost,WTFA_A,Age,50-64,FPR,0.08003736947008477,0.06485898352938259,0.09636444486968646,400,400
MEDNG,XGBoost,WTFA_A,Age,50-64,Brier,0.07139179248936817,0.061313275327546324,0.08450160771214078,400,400
MEDNG,XGBoost,WTFA_A,Age,50-64,Calibration_abs_error,0.003094321749055648,0.00023524762703783404,0.01987696144442728,400,400
MEDNG,XGBoost,Unweighted,Age,65-74,AUROC,0.7641342756183745,0.6653452710665149,0.8546957044753806,400,400
MEDNG,XGBoost,Unweighted,Age,65-74,AUPRC,0.11200111606975516,0.06422498732198749,0.1993384065261064,400,400
MEDNG,XGBoost,Unweighted,Age,65-74,Recall,0.058823529411764705,0.0,0.16142473118279557,400,400
MEDNG,XGBoost,Unweighted,Age,65-74,FNR,0.9411764705882353,0.8385752688172043,1.0,400,400
MEDNG,XGBoost,Unweighted,Age,65-74,FPR,0.01060070671378092,0.005424832277255865,0.015957800789140816,400,400
MEDNG,XGBoost,Unweighted,Age,65-74,Brier,0.027629570469524103,0.019988457798609,0.03623285959266685,400,400
MEDNG,XGBoost,Unweighted,Age,65-74,Calibration_abs_error,0.0008964569947449083,0.00019192360913283406,0.010395963979908886,400,400
MEDNG,XGBoost,WTFA_A,Age,65-74,AUROC,0.7979739059032451,0.6878153509177497,0.8806773418368716,400,400
MEDNG,XGBoost,WTFA_A,Age,65-74,AUPRC,0.12551196596828837,0.06637707746162502,0.24749358997211207,400,400
MEDNG,XGBoost,WTFA_A,Age,65-74,Recall,0.04748458757982671,0.0,0.14272586638783819,400,400
MEDNG,XGBoost,WTFA_A,Age,65-74,FNR,0.9525154124201732,0.8572741336121615,1.0,400,400
MEDNG,XGBoost,WTFA_A,Age,65-74,FPR,0.011944338180261508,0.005686510225077053,0.020672187519345974,400,400
MEDNG,XGBoost,WTFA_A,Age,65-74,Brier,0.02725757571442685,0.016849051672588163,0.03746880042488924,400,400
MEDNG,XGBoost,WTFA_A,Age,65-74,Calibration_abs_error,0.00027343152099604945,8.800877435950866e-05,0.01337489929899358,400,400
MEDDL,LR,Unweighted,Race_ethnicity,Hispanic,AUROC,0.7445974521635981,0.6857433226558951,0.8030571567201337,400,400
MEDDL,LR,Unweighted,Race_ethnicity,Hispanic,AUPRC,0.3038338702761332,0.2188198219238809,0.4080211810647169,400,400
MEDDL,LR,Unweighted,Race_ethnicity,Hispanic,Recall,0.4782608695652174,0.37634142446502716,0.5883442265795206,400,400
MEDDL,LR,Unweighted,Race_ethnicity,Hispanic,FNR,0.5217391304347826,0.41165577342047927,0.6236585755349728,400,400
MEDDL,LR,Unweighted,Race_ethnicity,Hispanic,FPR,0.14709371293001186,0.1258337823240632,0.17292369065995072,400,400
MEDDL,LR,Unweighted,Race_ethnicity,Hispanic,Brier,0.0797064788096865,0.06455027134898421,0.09358020122974793,400,400
MEDDL,LR,Unweighted,Race_ethnicity,Hispanic,Calibration_abs_error,0.005454800031680931,0.00046846841938687596,0.02559254510361531,400,400
MEDDL,LR,WTFA_A,Race_ethnicity,Hispanic,AUROC,0.7242455218090785,0.6532049702277504,0.7923412456568975,400,400
MEDDL,LR,WTFA_A,Race_ethnicity,Hispanic,AUPRC,0.2756984369295851,0.19142661911900785,0.40530679764801214,400,400
MEDDL,LR,WTFA_A,Race_ethnicity,Hispanic,Recall,0.47706949285711797,0.35911939059772485,0.6042964298836754,400,400
MEDDL,LR,WTFA_A,Race_ethnicity,Hispanic,FNR,0.5229305071428821,0.3957035701163247,0.6408806094022752,400,400
MEDDL,LR,WTFA_A,Race_ethnicity,Hispanic,FPR,0.16337949499686447,0.1345083315408547,0.19326764741699534,400,400
MEDDL,LR,WTFA_A,Race_ethnicity,Hispanic,Brier,0.08895385104920103,0.06982743664151703,0.10681505395348423,400,400
MEDDL,LR,WTFA_A,Race_ethnicity,Hispanic,Calibration_abs_error,0.0010965576828169399,0.0005581041138526058,0.028990891749681134,400,400
MEDDL,LR,Unweighted,Race_ethnicity,NH White,AUROC,0.7977741609845737,0.7706882775220274,0.8239431776418128,400,400
MEDDL,LR,Unweighted,Race_ethnicity,NH White,AUPRC,0.33006636617089824,0.28185636713901896,0.3803669627940876,400,400
MEDDL,LR,Unweighted,Race_ethnicity,NH White,Recall,0.40412979351032446,0.3505678298575263,0.46306116318192736,400,400
MEDDL,LR,Unweighted,Race_ethnicity,NH White,FNR,0.5958702064896755,0.5369388368180726,0.6494321701424737,400,400
MEDDL,LR,Unweighted,Race_ethnicity,NH White,FPR,0.06608606557377049,0.058283559191702417,0.07303322529367197,400,400
MEDDL,LR,Unweighted,Race_ethnicity,NH White,Brier,0.06355511543939432,0.05778117202938576,0.0693823157928709,400,400
MEDDL,LR,Unweighted,Race_ethnicity,NH White,Calibration_abs_error,0.00057341252687379,8.64814289568562e-05,0.008065767976669202,400,400
MEDDL,LR,WTFA_A,Race_ethnicity,NH White,AUROC,0.7983379771293329,0.7638851631598861,0.8297205828944234,400,400
MEDDL,LR,WTFA_A,Race_ethnicity,NH White,AUPRC,0.365072729691015,0.3048651602525488,0.4345430444386101,400,400
MEDDL,LR,WTFA_A,Race_ethnicity,NH White,Recall,0.43786378750499944,0.37219546380692603,0.5162126616778624,400,400
MEDDL,LR,WTFA_A,Race_ethnicity,NH White,FNR,0.5621362124950007,0.4837873383221378,0.6278045361930739,400,400
MEDDL,LR,WTFA_A,Race_ethnicity,NH White,FPR,0.07250214216454794,0.06264998794008482,0.08156208774003013,400,400
MEDDL,LR,WTFA_A,Race_ethnicity,NH White,Brier,0.06713961416902021,0.05934573310385203,0.07474324788607196,400,400
MEDDL,LR,WTFA_A,Race_ethnicity,NH White,Calibration_abs_error,0.002698904830877827,0.00019766303516823084,0.012656323571134232,400,400
MEDDL,LR,Unweighted,Race_ethnicity,NH Black,AUROC,0.7509872241579559,0.6706830854408594,0.821797472341597,400,400
MEDDL,LR,Unweighted,Race_ethnicity,NH Black,AUPRC,0.3344904545349702,0.22768870966680416,0.4769259331187277,400,400
MEDDL,LR,Unweighted,Race_ethnicity,NH Black,Recall,0.5178571428571429,0.39622126436781613,0.6346590909090908,400,400
MEDDL,LR,Unweighted,Race_ethnicity,NH Black,FNR,0.48214285714285715,0.36534090909090905,0.6037787356321835,400,400
MEDDL,LR,Unweighted,Race_ethnicity,NH Black,FPR,0.07804878048780488,0.05948396104356941,0.09864667878536611,400,400
MEDDL,LR,Unweighted,Race_ethnicity,NH Black,Brier,0.0659628001626879,0.052028385028773494,0.0807306996575025,400,400
MEDDL,LR,Unweighted,Race_ethnicity,NH Black,Calibration_abs_error,0.0034536076019367618,0.0002991930558328713,0.022736503189047776,400,400
MEDDL,LR,WTFA_A,Race_ethnicity,NH Black,AUROC,0.776454965451623,0.6879431668512879,0.8489408830953037,400,400
MEDDL,LR,WTFA_A,Race_ethnicity,NH Black,AUPRC,0.3876276767421246,0.21220740712495137,0.5776731127200361,400,400
MEDDL,LR,WTFA_A,Race_ethnicity,NH Black,Recall,0.6029117071543115,0.45868335049045433,0.7386622463847009,400,400
MEDDL,LR,WTFA_A,Race_ethnicity,NH Black,FNR,0.3970882928456886,0.26133775361529915,0.5413166495095455,400,400
MEDDL,LR,WTFA_A,Race_ethnicity,NH Black,FPR,0.09607566527215193,0.06728272965044885,0.1265304566589436,400,400
MEDDL,LR,WTFA_A,Race_ethnicity,NH Black,Brier,0.07109730996047242,0.054298962569677804,0.08910453042411458,400,400
MEDDL,LR,WTFA_A,Race_ethnicity,NH Black,Calibration_abs_error,0.0039257583967365894,0.000436557498252789,0.030069742708015882,400,400
MEDDL,LR,Unweighted,Poverty,<100% FPL,AUROC,0.7197303192544121,0.6569771267891436,0.7816368286250905,400,400
MEDDL,LR,Unweighted,Poverty,<100% FPL,AUPRC,0.2961033718852336,0.2198923546344319,0.4007138854120649,400,400
MEDDL,LR,Unweighted,Poverty,<100% FPL,Recall,0.43902439024390244,0.35059098205165623,0.5295693277310923,400,400
MEDDL,LR,Unweighted,Poverty,<100% FPL,FNR,0.5609756097560976,0.47043067226890756,0.6494090179483437,400,400
MEDDL,LR,Unweighted,Poverty,<100% FPL,FPR,0.13170731707317074,0.10703792434193425,0.15527390043075906,400,400
MEDDL,LR,Unweighted,Poverty,<100% FPL,Brier,0.0951619907264517,0.07869262399802318,0.11196097439266874,400,400
MEDDL,LR,Unweighted,Poverty,<100% FPL,Calibration_abs_error,0.01725295347083046,0.0013952360246180817,0.04081097249948316,400,400
MEDDL,LR,WTFA_A,Poverty,<100% FPL,AUROC,0.7395879627872015,0.6683958133519856,0.8084703224922137,400,400
MEDDL,LR,WTFA_A,Poverty,<100% FPL,AUPRC,0.3408701228515765,0.24849105694731413,0.47679890223668264,400,400
MEDDL,LR,WTFA_A,Poverty,<100% FPL,Recall,0.5408713960263284,0.41912770189177423,0.6594735562024654,400,400
MEDDL,LR,WTFA_A,Poverty,<100% FPL,FNR,0.4591286039736718,0.3405264437975346,0.5808722981082256,400,400
MEDDL,LR,WTFA_A,Poverty,<100% FPL,FPR,0.14545686710546704,0.10876040287040094,0.18324068564901483,400,400
MEDDL,LR,WTFA_A,Poverty,<100% FPL,Brier,0.10382501226991112,0.08223544241087627,0.12910288634761655,400,400
MEDDL,LR,WTFA_A,Poverty,<100% FPL,Calibration_abs_error,0.024825657644374235,0.0014172840928338892,0.0607235248239463,400,400
MEDDL,LR,Unweighted,Poverty,100-199% FPL,AUROC,0.7922541064115931,0.7558082771121929,0.8288669187636626,400,400
MEDDL,LR,Unweighted,Poverty,100-199% FPL,AUPRC,0.35903965745606503,0.28619652218684166,0.435967692651486,400,400
MEDDL,LR,Unweighted,Poverty,100-199% FPL,Recall,0.5426356589147286,0.4552660753880266,0.6379602022297123,400,400
MEDDL,LR,Unweighted,Poverty,100-199% FPL,FNR,0.4573643410852713,0.3620397977702878,0.5447339246119733,400,400
MEDDL,LR,Unweighted,Poverty,100-199% FPL,FPR,0.145224171539961,0.12538836642284917,0.16667095777548918,400,400
MEDDL,LR,Unweighted,Poverty,100-199% FPL,Brier,0.08642014117053065,0.0749051013690849,0.09885411551486509,400,400
MEDDL,LR,Unweighted,Poverty,100-199% FPL,Calibration_abs_error,0.0017032382705562538,0.0002116417020305947,0.01853338324754578,400,400
MEDDL,LR,WTFA_A,Poverty,100-199% FPL,AUROC,0.787008561350326,0.7317900660053859,0.8401874361763041,400,400
MEDDL,LR,WTFA_A,Poverty,100-199% FPL,AUPRC,0.43084641735267504,0.3171907753114094,0.5407019568529099,400,400
MEDDL,LR,WTFA_A,Poverty,100-199% FPL,Recall,0.5859655829669782,0.4748782261657557,0.6987756784313084,400,400
MEDDL,LR,WTFA_A,Poverty,100-199% FPL,FNR,0.4140344170330216,0.3012243215686916,0.5251217738342443,400,400
MEDDL,LR,WTFA_A,Poverty,100-199% FPL,FPR,0.1624071487779835,0.13472627876911814,0.18968527662813783,400,400
MEDDL,LR,WTFA_A,Poverty,100-199% FPL,Brier,0.09362077386317354,0.07752851891195059,0.11277741990990973,400,400
MEDDL,LR,WTFA_A,Poverty,100-199% FPL,Calibration_abs_error,0.0057539108994313914,0.0005127009135512426,0.02960627970887717,400,400
MEDDL,LR,Unweighted,Poverty,>=200% FPL,AUROC,0.7874623369188587,0.7567406822204629,0.8142610282032433,400,400
MEDDL,LR,Unweighted,Poverty,>=200% FPL,AUPRC,0.3145873362237593,0.26421860738617176,0.3747809011137041,400,400
MEDDL,LR,Unweighted,Poverty,>=200% FPL,Recall,0.3782051282051282,0.3279510202430787,0.42768318686999224,400,400
MEDDL,LR,Unweighted,Poverty,>=200% FPL,FNR,0.6217948717948718,0.5723168131300077,0.6720489797569212,400,400
MEDDL,LR,Unweighted,Poverty,>=200% FPL,FPR,0.05499412455934195,0.04813735278641214,0.061230556540672505,400,400
MEDDL,LR,Unweighted,Poverty,>=200% FPL,Brier,0.05518614254675239,0.049556930038361736,0.060602307095234134,400,400
MEDDL,LR,Unweighted,Poverty,>=200% FPL,Calibration_abs_error,0.0033866951955770774,0.00014557180463520595,0.009801341833829478,400,400
MEDDL,LR,WTFA_A,Poverty,>=200% FPL,AUROC,0.7774068480606393,0.7403760959627,0.8084195398250638,400,400
MEDDL,LR,WTFA_A,Poverty,>=200% FPL,AUPRC,0.30560406674681334,0.2516726848453055,0.36712375717562246,400,400
MEDDL,LR,WTFA_A,Poverty,>=200% FPL,Recall,0.39506841988854274,0.3315782615402614,0.45723967510678365,400,400
MEDDL,LR,WTFA_A,Poverty,>=200% FPL,FNR,0.6049315801114571,0.5427603248932162,0.6684217384597386,400,400
MEDDL,LR,WTFA_A,Poverty,>=200% FPL,FPR,0.06705756036098443,0.05670572344011776,0.07674380803740903,400,400
MEDDL,LR,WTFA_A,Poverty,>=200% FPL,Brier,0.05930160711410606,0.05216168131774646,0.06637858711873879,400,400
MEDDL,LR,WTFA_A,Poverty,>=200% FPL,Calibration_abs_error,0.0030973435144893147,0.00018000660563009845,0.011628420391699812,400,400
MEDDL,LR,Unweighted,Insurance,Uninsured,AUROC,0.7231740704760222,0.6648790705436762,0.7801029354142883,400,400
MEDDL,LR,Unweighted,Insurance,Uninsured,AUPRC,0.5308032347873329,0.45188486785718646,0.6211761011617728,400,400
MEDDL,LR,Unweighted,Insurance,Uninsured,Recall,0.835820895522388,0.775992523364486,0.8917327235772358,400,400
MEDDL,LR,Unweighted,Insurance,Uninsured,FNR,0.16417910447761194,0.10826727642276424,0.224007476635514,400,400
MEDDL,LR,Unweighted,Insurance,Uninsured,FPR,0.5502958579881657,0.4952061168150377,0.6032336821311073,400,400
MEDDL,LR,Unweighted,Insurance,Uninsured,Brier,0.17663814079149626,0.1565321925615638,0.19593869194272204,400,400
MEDDL,LR,Unweighted,Insurance,Uninsured,Calibration_abs_error,0.033814125480495394,0.0053499771403620585,0.06600649503597368,400,400
MEDDL,LR,WTFA_A,Insurance,Uninsured,AUROC,0.7341996167687846,0.6709648840350793,0.798171199060958,400,400
MEDDL,LR,WTFA_A,Insurance,Uninsured,AUPRC,0.5292619112411991,0.42531382718039573,0.6361214997468566,400,400
MEDDL,LR,WTFA_A,Insurance,Uninsured,Recall,0.8437239462161162,0.7668418736171758,0.9077434096687055,400,400
MEDDL,LR,WTFA_A,Insurance,Uninsured,FNR,0.15627605378388384,0.09225659033129446,0.23315812638282402,400,400
MEDDL,LR,WTFA_A,Insurance,Uninsured,FPR,0.547656126534446,0.48412032182580755,0.6064621196031865,400,400
MEDDL,LR,WTFA_A,Insurance,Uninsured,Brier,0.17262407996303494,0.15004934733652628,0.1955308586995221,400,400
MEDDL,LR,WTFA_A,Insurance,Uninsured,Calibration_abs_error,0.026016593592683213,0.0011822200669427561,0.06644585472144299,400,400
MEDDL,LR,Unweighted,Insurance,Insured,AUROC,0.7517554131359044,0.7252043413521793,0.7768019887202903,400,400
MEDDL,LR,Unweighted,Insurance,Insured,AUPRC,0.22368472465266298,0.18653785184161578,0.27076197274187364,400,400
MEDDL,LR,Unweighted,Insurance,Insured,Recall,0.2868217054263566,0.23815358690418872,0.33164073715487596,400,400
MEDDL,LR,Unweighted,Insurance,Insured,FNR,0.7131782945736435,0.668359262845124,0.7618464130958111,400,400
MEDDL,LR,Unweighted,Insurance,Insured,FPR,0.0496300306803826,0.04416987860087368,0.05489252488643676,400,400
MEDDL,LR,Unweighted,Insurance,Insured,Brier,0.056202383348555575,0.05127713586935174,0.061114251055329784,400,400
MEDDL,LR,Unweighted,Insurance,Insured,Calibration_abs_error,0.002903451993261169,0.00021484786042295443,0.009120778914901565,400,400
MEDDL,LR,WTFA_A,Insurance,Insured,AUROC,0.7437095069952036,0.7100773208007305,0.7751089248691307,400,400
MEDDL,LR,WTFA_A,Insurance,Insured,AUPRC,0.23668441561345155,0.18945390271804954,0.2938301598982181,400,400
MEDDL,LR,WTFA_A,Insurance,Insured,Recall,0.30841794265118855,0.2480460068271963,0.3621396516312265,400,400
MEDDL,LR,WTFA_A,Insurance,Insured,FNR,0.6915820573488114,0.6378603483687735,0.7519539931728038,400,400
MEDDL,LR,WTFA_A,Insurance,Insured,FPR,0.05293280032179993,0.04542581720343191,0.06009581481179921,400,400
MEDDL,LR,WTFA_A,Insurance,Insured,Brier,0.05869161198833674,0.051531227370203866,0.06519401938032063,400,400
MEDDL,LR,WTFA_A,Insurance,Insured,Calibration_abs_error,0.0015179880485500924,0.0001557407560232011,0.010867512128167315,400,400
MEDDL,LR,Unweighted,Sex,Male,AUROC,0.7714292342956839,0.7296655155694468,0.8066146662251955,400,400
MEDDL,LR,Unweighted,Sex,Male,AUPRC,0.2759609925844164,0.2167516452393591,0.3390969587427585,400,400
MEDDL,LR,Unweighted,Sex,Male,Recall,0.4,0.3367012089810017,0.4666751269035533,400,400
MEDDL,LR,Unweighted,Sex,Male,FNR,0.6,0.5333248730964467,0.6632987910189982,400,400
MEDDL,LR,Unweighted,Sex,Male,FPR,0.06550850524791893,0.05653567220646468,0.07398391560013835,400,400
MEDDL,LR,Unweighted,Sex,Male,Brier,0.05477404322440593,0.04868123200498055,0.06076079236185631,400,400
MEDDL,LR,Unweighted,Sex,Male,Calibration_abs_error,0.006769312109771788,0.0003759460243784454,0.014178424588862633,400,400
MEDDL,LR,WTFA_A,Sex,Male,AUROC,0.768702352549719,0.7162451955601147,0.807736583780244,400,400
MEDDL,LR,WTFA_A,Sex,Male,AUPRC,0.3028940702234339,0.2324374555554496,0.3991526671345175,400,400
MEDDL,LR,WTFA_A,Sex,Male,Recall,0.45816109159352497,0.36779912610008697,0.5364220149875297,400,400
MEDDL,LR,WTFA_A,Sex,Male,FNR,0.5418389084064749,0.46357798501247005,0.6322008738999131,400,400
MEDDL,LR,WTFA_A,Sex,Male,FPR,0.0784187099822406,0.06565311116499349,0.09204903941916992,400,400
MEDDL,LR,WTFA_A,Sex,Male,Brier,0.05887606704988931,0.05149915280789984,0.06708210942463752,400,400
MEDDL,LR,WTFA_A,Sex,Male,Calibration_abs_error,0.006292512466109942,0.0005105183823885653,0.01613787996304079,400,400
MEDDL,LR,Unweighted,Sex,Female,AUROC,0.787722331246301,0.763034436068884,0.8120481117989259,400,400
MEDDL,LR,Unweighted,Sex,Female,AUPRC,0.34298947398598123,0.2934209945055835,0.396335662840362,400,400
MEDDL,LR,Unweighted,Sex,Female,Recall,0.4451219512195122,0.38676770323782905,0.5,400,400
MEDDL,LR,Unweighted,Sex,Female,FNR,0.5548780487804879,0.5,0.613232296762171,400,400
MEDDL,LR,Unweighted,Sex,Female,FPR,0.09003831417624521,0.08076538461538461,0.10009781479378942,400,400
MEDDL,LR,Unweighted,Sex,Female,Brier,0.074015535314088,0.06705215048282974,0.08154776923247462,400,400
MEDDL,LR,Unweighted,Sex,Female,Calibration_abs_error,0.005433514102066869,0.0003474989283649272,0.015007684370170757,400,400
MEDDL,LR,WTFA_A,Sex,Female,AUROC,0.7825509775559489,0.7482780416308401,0.8149358646346624,400,400
MEDDL,LR,WTFA_A,Sex,Female,AUPRC,0.36444388330520083,0.3002911947154291,0.4360961027201491,400,400
MEDDL,LR,WTFA_A,Sex,Female,Recall,0.4693896906376436,0.3942930205817191,0.5360842078008725,400,400
MEDDL,LR,WTFA_A,Sex,Female,FNR,0.5306103093623564,0.4639157921991275,0.6057069794182808,400,400
MEDDL,LR,WTFA_A,Sex,Female,FPR,0.10210592819385633,0.08884625658222836,0.11605915726091369,400,400
MEDDL,LR,WTFA_A,Sex,Female,Brier,0.08027676484176365,0.07048019216453397,0.08944335639452872,400,400
MEDDL,LR,WTFA_A,Sex,Female,Calibration_abs_error,0.008668937149769101,0.0007438490385197789,0.021379627493310027,400,400
MEDDL,LR,Unweighted,Age,18-34,AUROC,0.7893804926385783,0.7533421760799652,0.8198456654398898,400,400
MEDDL,LR,Unweighted,Age,18-34,AUPRC,0.3997478702372874,0.33388554909680285,0.46741043866714616,400,400
MEDDL,LR,Unweighted,Age,18-34,Recall,0.588957055214724,0.5219195812241141,0.6586861570975695,400,400
MEDDL,LR,Unweighted,Age,18-34,FNR,0.4110429447852761,0.34131384290243044,0.4780804187758858,400,400
MEDDL,LR,Unweighted,Age,18-34,FPR,0.1676963812886143,0.14520288405540221,0.187670671003624,400,400
MEDDL,LR,Unweighted,Age,18-34,Brier,0.09261914316191441,0.08243415505669903,0.10379794813239035,400,400
MEDDL,LR,Unweighted,Age,18-34,Calibration_abs_error,0.0011741108773103692,0.0004217587602444826,0.017897568968658264,400,400
MEDDL,LR,WTFA_A,Age,18-34,AUROC,0.8103323160415576,0.7718244559860017,0.8455223398374258,400,400
MEDDL,LR,WTFA_A,Age,18-34,AUPRC,0.41474544965743015,0.33072869697496593,0.5095408337385064,400,400
MEDDL,LR,WTFA_A,Age,18-34,Recall,0.6154193185945822,0.5335800139119884,0.6954379387842669,400,400
MEDDL,LR,WTFA_A,Age,18-34,FNR,0.38458068140541773,0.3045620612157331,0.4664199860880116,400,400
MEDDL,LR,WTFA_A,Age,18-34,FPR,0.15667680381883153,0.13383734356886076,0.17968848290059963,400,400
MEDDL,LR,WTFA_A,Age,18-34,Brier,0.08348868401414804,0.07153271962776227,0.09678654418083993,400,400
MEDDL,LR,WTFA_A,Age,18-34,Calibration_abs_error,0.008148713924973808,0.0003934178625011591,0.025258851867001407,400,400
MEDDL,LR,Unweighted,Age,35-49,AUROC,0.7572949396849114,0.7185764816628039,0.7971815030335578,400,400
MEDDL,LR,Unweighted,Age,35-49,AUPRC,0.3339308883516338,0.26296382552693626,0.42051410756015545,400,400
MEDDL,LR,Unweighted,Age,35-49,Recall,0.4788732394366197,0.39843316344552654,0.5555779569892473,400,400
MEDDL,LR,Unweighted,Age,35-49,FNR,0.5211267605633803,0.44442204301075267,0.6015668365544733,400,400
MEDDL,LR,Unweighted,Age,35-49,FPR,0.11466458658346333,0.0972870148856991,0.13134998447969348,400,400
MEDDL,LR,Unweighted,Age,35-49,Brier,0.07852002691004,0.06810755014359551,0.08786540646833652,400,400
MEDDL,LR,Unweighted,Age,35-49,Calibration_abs_error,0.0012923308901190145,0.0002034045842649646,0.015156104790066174,400,400
MEDDL,LR,WTFA_A,Age,35-49,AUROC,0.7616392471747371,0.7093333613702507,0.8078550571742583,400,400
MEDDL,LR,WTFA_A,Age,35-49,AUPRC,0.3482397403291424,0.247686574209569,0.4481131188928816,400,400
MEDDL,LR,WTFA_A,Age,35-49,Recall,0.4860843839557336,0.38413548915558837,0.5835452633573798,400,400
MEDDL,LR,WTFA_A,Age,35-49,FNR,0.5139156160442663,0.41645473664262017,0.6158645108444117,400,400
MEDDL,LR,WTFA_A,Age,35-49,FPR,0.11835894548319013,0.09722416985918864,0.14060208637243646,400,400
MEDDL,LR,WTFA_A,Age,35-49,Brier,0.07995756570233585,0.06710258799349558,0.09225676733174927,400,400
MEDDL,LR,WTFA_A,Age,35-49,Calibration_abs_error,0.0013184850348619964,0.00040231908804833733,0.019411591422938846,400,400
MEDDL,LR,Unweighted,Age,50-64,AUROC,0.7189632741622471,0.6713152748621559,0.7600735890637108,400,400
MEDDL,LR,Unweighted,Age,50-64,AUPRC,0.294525538115246,0.23264032402216747,0.36501846115882597,400,400
MEDDL,LR,Unweighted,Age,50-64,Recall,0.3216374269005848,0.25580158337456704,0.38996432027092404,400,400
MEDDL,LR,Unweighted,Age,50-64,FNR,0.6783625730994152,0.6100356797290759,0.744198416625433,400,400
MEDDL,LR,Unweighted,Age,50-64,FPR,0.07243163340724317,0.05940200595204029,0.08583406845967523,400,400
MEDDL,LR,Unweighted,Age,50-64,Brier,0.09202832307421195,0.08030690418509609,0.10422445157893039,400,400
MEDDL,LR,Unweighted,Age,50-64,Calibration_abs_error,0.03207083180768233,0.01677275543066269,0.04760561116797334,400,400
MEDDL,LR,WTFA_A,Age,50-64,AUROC,0.6960119617954448,0.640540315626547,0.7435618371835427,400,400
MEDDL,LR,WTFA_A,Age,50-64,AUPRC,0.28491941316950575,0.2248697270806102,0.3649969651938567,400,400
MEDDL,LR,WTFA_A,Age,50-64,Recall,0.31632506837513513,0.23506949831435123,0.3972439774588082,400,400
MEDDL,LR,WTFA_A,Age,50-64,FNR,0.6836749316248649,0.6027560225411918,0.7649305016856487,400,400
MEDDL,LR,WTFA_A,Age,50-64,FPR,0.06513298230345149,0.049351321742939484,0.081111954715251,400,400
MEDDL,LR,WTFA_A,Age,50-64,Brier,0.0915880571343569,0.07636365325157386,0.10873423079034997,400,400
MEDDL,LR,WTFA_A,Age,50-64,Calibration_abs_error,0.03378982255934955,0.016742197546503766,0.05338666920442355,400,400
MEDDL,LR,Unweighted,Age,65-74,AUROC,0.7801388177732264,0.6966477929758483,0.8604397771844302,400,400
MEDDL,LR,Unweighted,Age,65-74,AUPRC,0.11075297956207196,0.06608372945928048,0.1976085137240504,400,400
MEDDL,LR,Unweighted,Age,65-74,Recall,0.12903225806451613,0.03218690702087287,0.2581346423562412,400,400
MEDDL,LR,Unweighted,Age,65-74,FNR,0.8709677419354839,0.7418653576437588,0.9678130929791271,400,400
MEDDL,LR,Unweighted,Age,65-74,FPR,0.020282186948853614,0.012839391476019046,0.02939383976136699,400,400
MEDDL,LR,Unweighted,Age,65-74,Brier,0.02568517621001297,0.01769704973363103,0.03295088510426924,400,400
MEDDL,LR,Unweighted,Age,65-74,Calibration_abs_error,0.022002679621471177,0.013504047228517894,0.030589860605236198,400,400
MEDDL,LR,WTFA_A,Age,65-74,AUROC,0.8008404772722788,0.6941878947054914,0.8908262446152081,400,400
MEDDL,LR,WTFA_A,Age,65-74,AUPRC,0.17907111507173143,0.07352883844632883,0.3587074784988214,400,400
MEDDL,LR,WTFA_A,Age,65-74,Recall,0.20999444985050683,0.017448717965229163,0.42892108040674315,400,400
MEDDL,LR,WTFA_A,Age,65-74,FNR,0.7900055501494931,0.5710789195932565,0.9825512820347707,400,400
MEDDL,LR,WTFA_A,Age,65-74,FPR,0.018816123446176333,0.010280255822891474,0.029029896070203193,400,400
MEDDL,LR,WTFA_A,Age,65-74,Brier,0.02772024143314843,0.01765102975773149,0.03885357878926275,400,400
MEDDL,LR,WTFA_A,Age,65-74,Calibration_abs_error,0.016171186422835666,0.0037927169092968234,0.02757215748246569,400,400
MEDDL,RF,Unweighted,Race_ethnicity,Hispanic,AUROC,0.754977048842127,0.6972571697391339,0.8107288419975639,400,400
MEDDL,RF,Unweighted,Race_ethnicity,Hispanic,AUPRC,0.31284724975880074,0.2403806214877445,0.4070204005909227,400,400
MEDDL,RF,Unweighted,Race_ethnicity,Hispanic,Recall,0.75,0.6463524130190798,0.8367840684660961,400,400
MEDDL,RF,Unweighted,Race_ethnicity,Hispanic,FNR,0.25,0.16321593153390387,0.3536475869809202,400,400
MEDDL,RF,Unweighted,Race_ethnicity,Hispanic,FPR,0.38552787663107946,0.35686275375500004,0.4166666666666667,400,400
MEDDL,RF,Unweighted,Race_ethnicity,Hispanic,Brier,0.07932837878228696,0.06602060351770311,0.09153918906904056,400,400
MEDDL,RF,Unweighted,Race_ethnicity,Hispanic,Calibration_abs_error,0.01949641085117286,0.0030054706849106535,0.039299016247366154,400,400
MEDDL,RF,WTFA_A,Race_ethnicity,Hispanic,AUROC,0.7393443837257334,0.6702899638818656,0.8046693191448526,400,400
MEDDL,RF,WTFA_A,Race_ethnicity,Hispanic,AUPRC,0.32459299202266906,0.23543644226889512,0.44185985828425833,400,400
MEDDL,RF,WTFA_A,Race_ethnicity,Hispanic,Recall,0.7364746644430012,0.6237771948167531,0.8405099608060024,400,400
MEDDL,RF,WTFA_A,Race_ethnicity,Hispanic,FNR,0.2635253355569988,0.1594900391939976,0.37622280518324697,400,400
MEDDL,RF,WTFA_A,Race_ethnicity,Hispanic,FPR,0.4192517126104671,0.38716856306035974,0.4565211049792075,400,400
MEDDL,RF,WTFA_A,Race_ethnicity,Hispanic,Brier,0.08611056719213415,0.06890845109195523,0.10155219058632178,400,400
MEDDL,RF,WTFA_A,Race_ethnicity,Hispanic,Calibration_abs_error,0.015783830417957306,0.0010640789882159745,0.03923027726081077,400,400
MEDDL,RF,Unweighted,Race_ethnicity,NH White,AUROC,0.8122053169882489,0.7905140294512315,0.8367658253852139,400,400
MEDDL,RF,Unweighted,Race_ethnicity,NH White,AUPRC,0.3273419129459667,0.2822459747968556,0.37988311684855064,400,400
MEDDL,RF,Unweighted,Race_ethnicity,NH White,Recall,0.6430678466076696,0.5948160514813017,0.6887478772783878,400,400
MEDDL,RF,Unweighted,Race_ethnicity,NH White,FNR,0.35693215339233036,0.3112521227216121,0.4051839485186984,400,400
MEDDL,RF,Unweighted,Race_ethnicity,NH White,FPR,0.18570696721311475,0.17436538478319677,0.19815946244663507,400,400
MEDDL,RF,Unweighted,Race_ethnicity,NH White,Brier,0.0635108869677605,0.05801182300752678,0.06940003131843332,400,400
MEDDL,RF,Unweighted,Race_ethnicity,NH White,Calibration_abs_error,0.0074156244003239224,0.0007815446013077273,0.014234634869815133,400,400
MEDDL,RF,WTFA_A,Race_ethnicity,NH White,AUROC,0.8150886505975632,0.7878656120989175,0.8440665226496573,400,400
MEDDL,RF,WTFA_A,Race_ethnicity,NH White,AUPRC,0.36801080685601706,0.3105845399750656,0.44162385650773656,400,400
MEDDL,RF,WTFA_A,Race_ethnicity,NH White,Recall,0.6607656893183217,0.6025377125014505,0.7168171880178136,400,400
MEDDL,RF,WTFA_A,Race_ethnicity,NH White,FNR,0.33923431068167836,0.2831828119821863,0.3974622874985495,400,400
MEDDL,RF,WTFA_A,Race_ethnicity,NH White,FPR,0.1960436063363201,0.18172833981216613,0.21099750967997644,400,400
MEDDL,RF,WTFA_A,Race_ethnicity,NH White,Brier,0.06739075308251123,0.059561796884785856,0.0753141571114394,400,400
MEDDL,RF,WTFA_A,Race_ethnicity,NH White,Calibration_abs_error,0.009194068140457826,0.0009257412754702342,0.019038548964843017,400,400
MEDDL,RF,Unweighted,Race_ethnicity,NH Black,AUROC,0.7740998838559815,0.6924695696146991,0.8353565824003375,400,400
MEDDL,RF,Unweighted,Race_ethnicity,NH Black,AUPRC,0.3245253667582713,0.21493522679964763,0.45699935518207435,400,400
MEDDL,RF,Unweighted,Race_ethnicity,NH Black,Recall,0.7678571428571429,0.6595324748040313,0.8571428571428571,400,400
MEDDL,RF,Unweighted,Race_ethnicity,NH Black,FNR,0.23214285714285715,0.14285714285714285,0.3404675251959686,400,400
MEDDL,RF,Unweighted,Race_ethnicity,NH Black,FPR,0.2991869918699187,0.26546720458094747,0.3338702447585618,400,400
MEDDL,RF,Unweighted,Race_ethnicity,NH Black,Brier,0.06673810606104627,0.053856816246658355,0.0816083249536992,400,400
MEDDL,RF,Unweighted,Race_ethnicity,NH Black,Calibration_abs_error,0.005812315966053236,0.0002821020890043831,0.02439584540959957,400,400
MEDDL,RF,WTFA_A,Race_ethnicity,NH Black,AUROC,0.7881822414020678,0.7080646323814368,0.8503093040508103,400,400
MEDDL,RF,WTFA_A,Race_ethnicity,NH Black,AUPRC,0.33906954123263694,0.18993249217768726,0.5115640015278685,400,400
MEDDL,RF,WTFA_A,Race_ethnicity,NH Black,Recall,0.8153448833700255,0.6992490502273935,0.9068843639575864,400,400
MEDDL,RF,WTFA_A,Race_ethnicity,NH Black,FNR,0.1846551166299747,0.0931156360424132,0.3007509497726065,400,400
MEDDL,RF,WTFA_A,Race_ethnicity,NH Black,FPR,0.3209295422561238,0.27826980032758086,0.3652556837472233,400,400
MEDDL,RF,WTFA_A,Race_ethnicity,NH Black,Brier,0.07353971782967791,0.05698404808747795,0.09034140525329606,400,400
MEDDL,RF,WTFA_A,Race_ethnicity,NH Black,Calibration_abs_error,0.0044061995178135555,0.00020100726691744922,0.029750526620827,400,400
MEDDL,RF,Unweighted,Poverty,<100% FPL,AUROC,0.7347213959944476,0.6808310026953649,0.7899317050459628,400,400
MEDDL,RF,Unweighted,Poverty,<100% FPL,AUPRC,0.3122183335125058,0.23417460343830143,0.4124472078728392,400,400
MEDDL,RF,Unweighted,Poverty,<100% FPL,Recall,0.7682926829268293,0.676056338028169,0.85,400,400
MEDDL,RF,Unweighted,Poverty,<100% FPL,FNR,0.23170731707317074,0.15,0.323943661971831,400,400
MEDDL,RF,Unweighted,Poverty,<100% FPL,FPR,0.4666666666666667,0.4292493746361029,0.5039737510905435,400,400
MEDDL,RF,Unweighted,Poverty,<100% FPL,Brier,0.0936597996093513,0.07865253708903319,0.10817312678710729,400,400
MEDDL,RF,Unweighted,Poverty,<100% FPL,Calibration_abs_error,0.00532348366650999,0.00028258206439028653,0.026594521451818075,400,400
MEDDL,RF,WTFA_A,Poverty,<100% FPL,AUROC,0.7585297036801841,0.6820469111327313,0.8239185146262131,400,400
MEDDL,RF,WTFA_A,Poverty,<100% FPL,AUPRC,0.3733533021483279,0.259427352508636,0.512777290930969,400,400
MEDDL,RF,WTFA_A,Poverty,<100% FPL,Recall,0.8253099598600943,0.735504015617616,0.9089840138619357,400,400
MEDDL,RF,WTFA_A,Poverty,<100% FPL,FNR,0.1746900401399056,0.09101598613806404,0.264495984382384,400,400
MEDDL,RF,WTFA_A,Poverty,<100% FPL,FPR,0.47809866965065023,0.4287094194782705,0.5253136767026356,400,400
MEDDL,RF,WTFA_A,Poverty,<100% FPL,Brier,0.10046078753840354,0.07965176197325141,0.12480295281967066,400,400
MEDDL,RF,WTFA_A,Poverty,<100% FPL,Calibration_abs_error,0.0015451144002190664,0.0004109232949795205,0.03791179787827302,400,400
MEDDL,RF,Unweighted,Poverty,100-199% FPL,AUROC,0.7989860525560238,0.7648924229106522,0.8383968580519477,400,400
MEDDL,RF,Unweighted,Poverty,100-199% FPL,AUPRC,0.3631259144425066,0.293507312428243,0.438499981006811,400,400
MEDDL,RF,Unweighted,Poverty,100-199% FPL,Recall,0.8062015503875969,0.7462289615751032,0.8650869963369964,400,400
MEDDL,RF,Unweighted,Poverty,100-199% FPL,FNR,0.1937984496124031,0.13491300366300366,0.2537710384248968,400,400
MEDDL,RF,Unweighted,Poverty,100-199% FPL,FPR,0.36257309941520466,0.3361512137739279,0.3921006435262963,400,400
MEDDL,RF,Unweighted,Poverty,100-199% FPL,Brier,0.08484135337747706,0.07299029680314952,0.09555280501342786,400,400
MEDDL,RF,Unweighted,Poverty,100-199% FPL,Calibration_abs_error,0.001531952726963423,0.0002852937849252738,0.017624968890687067,400,400
MEDDL,RF,WTFA_A,Poverty,100-199% FPL,AUROC,0.7967758321856314,0.7506187986178531,0.8450803262366136,400,400
MEDDL,RF,WTFA_A,Poverty,100-199% FPL,AUPRC,0.44918225789467103,0.3372240634716481,0.561896136431564,400,400
MEDDL,RF,WTFA_A,Poverty,100-199% FPL,Recall,0.8041922056136696,0.7175425141026216,0.8866446316439376,400,400
MEDDL,RF,WTFA_A,Poverty,100-199% FPL,FNR,0.19580779438633028,0.11335536835606225,0.2824574858973784,400,400
MEDDL,RF,WTFA_A,Poverty,100-199% FPL,FPR,0.4168026305166872,0.3821091048626251,0.45122158650531985,400,400
MEDDL,RF,WTFA_A,Poverty,100-199% FPL,Brier,0.09160717553250393,0.07708316092597216,0.10812100800386361,400,400
MEDDL,RF,WTFA_A,Poverty,100-199% FPL,Calibration_abs_error,0.0016891586690015725,0.00035220829685801914,0.026857294039018036,400,400
MEDDL,RF,Unweighted,Poverty,>=200% FPL,AUROC,0.7999009460965982,0.7715920820269005,0.826709125066435,400,400
MEDDL,RF,Unweighted,Poverty,>=200% FPL,AUPRC,0.29607130355734257,0.24923640079228698,0.3523109096533922,400,400
MEDDL,RF,Unweighted,Poverty,>=200% FPL,Recall,0.592948717948718,0.538659497845679,0.6417946557534906,400,400
MEDDL,RF,Unweighted,Poverty,>=200% FPL,FNR,0.40705128205128205,0.35820534424650935,0.461340502154321,400,400
MEDDL,RF,Unweighted,Poverty,>=200% FPL,FPR,0.16310223266745005,0.15223639394224425,0.17372513281504987,400,400
MEDDL,RF,Unweighted,Poverty,>=200% FPL,Brier,0.055943704920034504,0.05039552268694586,0.06148509248242517,400,400
MEDDL,RF,Unweighted,Poverty,>=200% FPL,Calibration_abs_error,0.0016634655836952478,0.0001425104406127715,0.008348102503090522,400,400
MEDDL,RF,WTFA_A,Poverty,>=200% FPL,AUROC,0.7935539281601681,0.7604057341964898,0.8203158168366483,400,400
MEDDL,RF,WTFA_A,Poverty,>=200% FPL,AUPRC,0.28252512800287144,0.2381458377107664,0.3491804379503833,400,400
MEDDL,RF,WTFA_A,Poverty,>=200% FPL,Recall,0.6217946674869503,0.5593680819276171,0.6748415457381285,400,400
MEDDL,RF,WTFA_A,Poverty,>=200% FPL,FNR,0.3782053325130496,0.3251584542618717,0.44063191807238283,400,400
MEDDL,RF,WTFA_A,Poverty,>=200% FPL,FPR,0.18955701386393412,0.17510287623877246,0.20567121653332626,400,400
MEDDL,RF,WTFA_A,Poverty,>=200% FPL,Brier,0.06012532019492395,0.05292779295869055,0.0673186318361989,400,400
MEDDL,RF,WTFA_A,Poverty,>=200% FPL,Calibration_abs_error,0.00010270934246395247,0.0001363609186525533,0.01020518538277659,400,400
MEDDL,RF,Unweighted,Insurance,Uninsured,AUROC,0.7564470546674908,0.7158852317199267,0.8043083809570025,400,400
MEDDL,RF,Unweighted,Insurance,Uninsured,AUPRC,0.5608374193180234,0.4867686357495152,0.6485806812122712,400,400
MEDDL,RF,Unweighted,Insurance,Uninsured,Recall,1.0,1.0,1.0,400,400
MEDDL,RF,Unweighted,Insurance,Uninsured,FNR,0.0,0.0,0.0,400,400
MEDDL,RF,Unweighted,Insurance,Uninsured,FPR,1.0,1.0,1.0,400,400
MEDDL,RF,Unweighted,Insurance,Uninsured,Brier,0.17366823217709731,0.15743575843493066,0.18849418540771434,400,400
MEDDL,RF,Unweighted,Insurance,Uninsured,Calibration_abs_error,0.013443810386257138,0.0004382470126693946,0.0477770517296082,400,400
MEDDL,RF,WTFA_A,Insurance,Uninsured,AUROC,0.768252530162324,0.7176432647670861,0.8201674541031903,400,400
MEDDL,RF,WTFA_A,Insurance,Uninsured,AUPRC,0.5632180472446918,0.46728580539364506,0.6701562850028787,400,400
MEDDL,RF,WTFA_A,Insurance,Uninsured,Recall,1.0,1.0,1.0,400,400
MEDDL,RF,WTFA_A,Insurance,Uninsured,FNR,0.0,0.0,0.0,400,400
MEDDL,RF,WTFA_A,Insurance,Uninsured,FPR,1.0,1.0,1.0,400,400
MEDDL,RF,WTFA_A,Insurance,Uninsured,Brier,0.16936115932679122,0.15021528212811597,0.18779821510136813,400,400
MEDDL,RF,WTFA_A,Insurance,Uninsured,Calibration_abs_error,0.008267241736019948,0.0011103319759017908,0.04953703966529256,400,400
MEDDL,RF,Unweighted,Insurance,Insured,AUROC,0.7700573176140091,0.7436804429772315,0.7940002409769563,400,400
MEDDL,RF,Unweighted,Insurance,Insured,AUPRC,0.2082666119325683,0.1750826459620545,0.2507614337186658,400,400
MEDDL,RF,Unweighted,Insurance,Insured,Recall,0.5581395348837209,0.5074319797521123,0.601737193374799,400,400
MEDDL,RF,Unweighted,Insurance,Insured,FNR,0.4418604651162791,0.3982628066252009,0.4925680202478877,400,400
MEDDL,RF,Unweighted,Insurance,Insured,FPR,0.18029236599891715,0.17086621408973043,0.18988412382968786,400,400
MEDDL,RF,Unweighted,Insurance,Insured,Brier,0.05654343021481124,0.05155307368053932,0.06148997285033748,400,400
MEDDL,RF,Unweighted,Insurance,Insured,Calibration_abs_error,0.0005363384812409194,9.592716703600153e-05,0.007387091924815934,400,400
MEDDL,RF,WTFA_A,Insurance,Insured,AUROC,0.7647321405942482,0.7354770801669834,0.7912262671562028,400,400
MEDDL,RF,WTFA_A,Insurance,Insured,AUPRC,0.2250792145410977,0.18041894857472912,0.28237920730477256,400,400
MEDDL,RF,WTFA_A,Insurance,Insured,Recall,0.5689680369927972,0.5063504138949788,0.6180153120024415,400,400
MEDDL,RF,WTFA_A,Insurance,Insured,FNR,0.4310319630072028,0.38198468799755836,0.4936495861050212,400,400
MEDDL,RF,WTFA_A,Insurance,Insured,FPR,0.1921057570807816,0.17867367985152244,0.20544221416482325,400,400
MEDDL,RF,WTFA_A,Insurance,Insured,Brier,0.05902419187010768,0.051861741464429116,0.06553083126468726,400,400
MEDDL,RF,WTFA_A,Insurance,Insured,Calibration_abs_error,0.0005007689362188095,0.00017785134220591058,0.009750632522163872,400,400
MEDDL,RF,Unweighted,Sex,Male,AUROC,0.7879144742336923,0.7525319017275272,0.8197015892731004,400,400
MEDDL,RF,Unweighted,Sex,Male,AUPRC,0.2784420677452463,0.22106308874975367,0.3517164853569599,400,400
MEDDL,RF,Unweighted,Sex,Male,Recall,0.6461538461538462,0.5806027164685909,0.7077860696517413,400,400
MEDDL,RF,Unweighted,Sex,Male,FNR,0.35384615384615387,0.2922139303482587,0.41939728353140915,400,400
MEDDL,RF,Unweighted,Sex,Male,FPR,0.2124502352515382,0.1969409001650875,0.22761228708747402,400,400
MEDDL,RF,Unweighted,Sex,Male,Brier,0.054338383758352087,0.04804493245043442,0.06015212995806452,400,400
MEDDL,RF,Unweighted,Sex,Male,Calibration_abs_error,0.01010408880476947,0.0031599290818355554,0.017987236813017046,400,400
MEDDL,RF,WTFA_A,Sex,Male,AUROC,0.7877501415507255,0.7471845352819149,0.825030312181696,400,400
MEDDL,RF,WTFA_A,Sex,Male,AUPRC,0.31614622259039826,0.238706760978206,0.41154584160275226,400,400
MEDDL,RF,WTFA_A,Sex,Male,Recall,0.6679849122195799,0.595768996331404,0.7412873695981685,400,400
MEDDL,RF,WTFA_A,Sex,Male,FNR,0.33201508778042005,0.25871263040183123,0.404231003668596,400,400
MEDDL,RF,WTFA_A,Sex,Male,FPR,0.23936641922502042,0.21903462756364173,0.2601774733853503,400,400
MEDDL,RF,WTFA_A,Sex,Male,Brier,0.058179415600815104,0.05081155318505649,0.06625406009271813,400,400
MEDDL,RF,WTFA_A,Sex,Male,Calibration_abs_error,0.011075723430540432,0.0012708053670099195,0.02065294121459409,400,400
MEDDL,RF,Unweighted,Sex,Female,AUROC,0.798886591595801,0.7766552221845099,0.8227170246000193,400,400
MEDDL,RF,Unweighted,Sex,Female,AUPRC,0.33584656132798013,0.2907027718888002,0.390825440078153,400,400
MEDDL,RF,Unweighted,Sex,Female,Recall,0.6890243902439024,0.6412597670647207,0.7333383233532934,400,400
MEDDL,RF,Unweighted,Sex,Female,FNR,0.31097560975609756,0.2666616766467066,0.35874023293527935,400,400
MEDDL,RF,Unweighted,Sex,Female,FPR,0.2442528735632184,0.23006827637071883,0.2586923641559662,400,400
MEDDL,RF,Unweighted,Sex,Female,Brier,0.07455745123468127,0.06777158092200553,0.08212561703733351,400,400
MEDDL,RF,Unweighted,Sex,Female,Calibration_abs_error,0.009324170301074158,0.0011995402049884626,0.019014687167718675,400,400
MEDDL,RF,WTFA_A,Sex,Female,AUROC,0.796668577255849,0.76885581445065,0.8205950570189029,400,400
MEDDL,RF,WTFA_A,Sex,Female,AUPRC,0.3598522156403946,0.3026175743833396,0.42636241944955927,400,400
MEDDL,RF,WTFA_A,Sex,Female,Recall,0.7189219145420744,0.6634085639019804,0.7673376092584883,400,400
MEDDL,RF,WTFA_A,Sex,Female,FNR,0.28107808545792556,0.23266239074151174,0.33659143609801934,400,400
MEDDL,RF,WTFA_A,Sex,Female,FPR,0.2706756995033153,0.2506503086902083,0.28961711098900345,400,400
MEDDL,RF,WTFA_A,Sex,Female,Brier,0.08076133733340853,0.07115579793393173,0.0898349832057315,400,400
MEDDL,RF,WTFA_A,Sex,Female,Calibration_abs_error,0.011449606018881536,0.0008418121401474591,0.024434174331770284,400,400
MEDDL,RF,Unweighted,Age,18-34,AUROC,0.784266213267345,0.7508837948626774,0.8149122089501712,400,400
MEDDL,RF,Unweighted,Age,18-34,AUPRC,0.390833199024424,0.32837581504795066,0.4575761467678538,400,400
MEDDL,RF,Unweighted,Age,18-34,Recall,0.7484662576687117,0.6892524413514424,0.8036838937640755,400,400
MEDDL,RF,Unweighted,Age,18-34,FNR,0.25153374233128833,0.19631610623592452,0.31074755864855763,400,400
MEDDL,RF,Unweighted,Age,18-34,FPR,0.3283318623124448,0.2987401165210154,0.35424677117826026,400,400
MEDDL,RF,Unweighted,Age,18-34,Brier,0.09406015002329834,0.08296444813850992,0.10574089751206488,400,400
MEDDL,RF,Unweighted,Age,18-34,Calibration_abs_error,0.012661369061500463,0.001668870405095661,0.029578012672487775,400,400
MEDDL,RF,WTFA_A,Age,18-34,AUROC,0.8005159999526805,0.7643227359822965,0.8339267633926044,400,400
MEDDL,RF,WTFA_A,Age,18-34,AUPRC,0.4068016838316025,0.3257281738911007,0.4956031552363818,400,400
MEDDL,RF,WTFA_A,Age,18-34,Recall,0.7554234648431087,0.6784017558970689,0.8196102475677679,400,400
MEDDL,RF,WTFA_A,Age,18-34,FNR,0.24457653515689115,0.18038975243223193,0.32159824410293125,400,400
MEDDL,RF,WTFA_A,Age,18-34,FPR,0.315173556106923,0.2871103176966826,0.34719791609062495,400,400
MEDDL,RF,WTFA_A,Age,18-34,Brier,0.08491650592654669,0.07264187015737882,0.09989504832373804,400,400
MEDDL,RF,WTFA_A,Age,18-34,Calibration_abs_error,0.00462799576126241,0.0004388951642997917,0.026324247542287287,400,400
MEDDL,RF,Unweighted,Age,35-49,AUROC,0.748401485355189,0.7098510532985467,0.7860967357845753,400,400
MEDDL,RF,Unweighted,Age,35-49,AUPRC,0.3053080477402615,0.24071430550158934,0.3878596803741798,400,400
MEDDL,RF,Unweighted,Age,35-49,Recall,0.676056338028169,0.6124031007751938,0.7412587412587412,400,400
MEDDL,RF,Unweighted,Age,35-49,FNR,0.323943661971831,0.25874125874125875,0.3875968992248062,400,400
MEDDL,RF,Unweighted,Age,35-49,FPR,0.33229329173166927,0.30781496055558283,0.35733030429330853,400,400
MEDDL,RF,Unweighted,Age,35-49,Brier,0.08058364412233769,0.07040890835914553,0.09037886838642366,400,400
MEDDL,RF,Unweighted,Age,35-49,Calibration_abs_error,0.0045946906900327655,0.0003785495734020983,0.01763079013752864,400,400
MEDDL,RF,WTFA_A,Age,35-49,AUROC,0.7634993124704526,0.7184291656924265,0.8042335601290349,400,400
MEDDL,RF,WTFA_A,Age,35-49,AUPRC,0.34384159630342465,0.24433781675781577,0.44678911454891235,400,400
MEDDL,RF,WTFA_A,Age,35-49,Recall,0.7205405093616724,0.6426482786085875,0.791898332793905,400,400
MEDDL,RF,WTFA_A,Age,35-49,FNR,0.27945949063832737,0.2081016672060949,0.3573517213914123,400,400
MEDDL,RF,WTFA_A,Age,35-49,FPR,0.3447643837914229,0.31623592218958196,0.3728646500349182,400,400
MEDDL,RF,WTFA_A,Age,35-49,Brier,0.08099163794968209,0.06821617587513515,0.09284514373049527,400,400
MEDDL,RF,WTFA_A,Age,35-49,Calibration_abs_error,0.004423324249540728,0.0002216218840705824,0.021294359325107145,400,400
MEDDL,RF,Unweighted,Age,50-64,AUROC,0.7299373711440464,0.6816821310379139,0.7752225136597797,400,400
MEDDL,RF,Unweighted,Age,50-64,AUPRC,0.30426407862794846,0.2497950655628775,0.37865738654933484,400,400
MEDDL,RF,Unweighted,Age,50-64,Recall,0.672514619883041,0.5929465207516003,0.7400135135135135,400,400
MEDDL,RF,Unweighted,Age,50-64,FNR,0.32748538011695905,0.2599864864864865,0.4070534792483996,400,400
MEDDL,RF,Unweighted,Age,50-64,FPR,0.30155210643015523,0.27944241602421344,0.32338594787113484,400,400
MEDDL,RF,Unweighted,Age,50-64,Brier,0.08984280112972845,0.07883783589210755,0.1012618900495722,400,400
MEDDL,RF,Unweighted,Age,50-64,Calibration_abs_error,0.01455363538516724,0.0016007581958384766,0.030482486770426146,400,400
MEDDL,RF,WTFA_A,Age,50-64,AUROC,0.7206844648341924,0.6646527168969892,0.7707940789718767,400,400
MEDDL,RF,WTFA_A,Age,50-64,AUPRC,0.3002736067790507,0.24037393050452657,0.3861224191502391,400,400
MEDDL,RF,WTFA_A,Age,50-64,Recall,0.6504280871693968,0.562708947229395,0.7288792455848635,400,400
MEDDL,RF,WTFA_A,Age,50-64,FNR,0.34957191283060307,0.2711207544151364,0.43729105277060504,400,400
MEDDL,RF,WTFA_A,Age,50-64,FPR,0.2982149968415049,0.27068961267095093,0.3288977601741874,400,400
MEDDL,RF,WTFA_A,Age,50-64,Brier,0.08865115353816158,0.074799089374425,0.10401494347684224,400,400
MEDDL,RF,WTFA_A,Age,50-64,Calibration_abs_error,0.01432420182437448,0.000620439795442274,0.03419179080671615,400,400
MEDDL,RF,Unweighted,Age,65-74,AUROC,0.7297604824486545,0.6346491501307491,0.8311308266383426,400,400
MEDDL,RF,Unweighted,Age,65-74,AUPRC,0.10558286322776995,0.05696992858753735,0.1752078085641073,400,400
MEDDL,RF,Unweighted,Age,65-74,Recall,0.4838709677419355,0.32134740259740263,0.6768665158371038,400,400
MEDDL,RF,Unweighted,Age,65-74,FNR,0.5161290322580645,0.32313348416289595,0.6786525974025973,400,400
MEDDL,RF,Unweighted,Age,65-74,FPR,0.09171075837742504,0.07657825314140229,0.10798731418352518,400,400
MEDDL,RF,Unweighted,Age,65-74,Brier,0.025382893685823436,0.017500606454250438,0.03266944836334346,400,400
MEDDL,RF,Unweighted,Age,65-74,Calibration_abs_error,0.014852601129741537,0.006403434132521841,0.023544671778614253,400,400
MEDDL,RF,WTFA_A,Age,65-74,AUROC,0.750643544491906,0.6322226385747453,0.8591801907491349,400,400
MEDDL,RF,WTFA_A,Age,65-74,AUPRC,0.15047489456874175,0.06292832269930748,0.29960728465960423,400,400
MEDDL,RF,WTFA_A,Age,65-74,Recall,0.5408442599052591,0.31053878743300317,0.7598503217619276,400,400
MEDDL,RF,WTFA_A,Age,65-74,FNR,0.45915574009474086,0.24014967823807232,0.6894612125669963,400,400
MEDDL,RF,WTFA_A,Age,65-74,FPR,0.0785391513997157,0.06219684051197469,0.09691787672123817,400,400
MEDDL,RF,WTFA_A,Age,65-74,Brier,0.027562384143979195,0.017459511034670003,0.03890045609571568,400,400
MEDDL,RF,WTFA_A,Age,65-74,Calibration_abs_error,0.010961776766358733,0.0011748250635947855,0.022324549125024035,400,400
MEDDL,XGBoost,Unweighted,Race_ethnicity,Hispanic,AUROC,0.7518438289751921,0.6994385979581444,0.8033907715682388,400,400
MEDDL,XGBoost,Unweighted,Race_ethnicity,Hispanic,AUPRC,0.2755616538211994,0.2085136317319701,0.36429217332509645,400,400
MEDDL,XGBoost,Unweighted,Race_ethnicity,Hispanic,Recall,0.5652173913043478,0.46313555114200594,0.6705956813104988,400,400
MEDDL,XGBoost,Unweighted,Race_ethnicity,Hispanic,FNR,0.43478260869565216,0.3294043186895011,0.536864448857994,400,400
MEDDL,XGBoost,Unweighted,Race_ethnicity,Hispanic,FPR,0.19217081850533807,0.16797385139020893,0.2205531815149384,400,400
MEDDL,XGBoost,Unweighted,Race_ethnicity,Hispanic,Brier,0.08127110227248405,0.06607840271153591,0.09484938887840026,400,400
MEDDL,XGBoost,Unweighted,Race_ethnicity,Hispanic,Calibration_abs_error,0.004435144825939111,0.00037585260709394676,0.02577964927929836,400,400
MEDDL,XGBoost,WTFA_A,Race_ethnicity,Hispanic,AUROC,0.7444117382605029,0.6843850626128615,0.8042073312208792,400,400
MEDDL,XGBoost,WTFA_A,Race_ethnicity,Hispanic,AUPRC,0.28645155762401575,0.2039205556148277,0.38895358834686133,400,400
MEDDL,XGBoost,WTFA_A,Race_ethnicity,Hispanic,Recall,0.5777640894058726,0.4617862170099126,0.6926301153623273,400,400
MEDDL,XGBoost,WTFA_A,Race_ethnicity,Hispanic,FNR,0.4222359105941273,0.30736988463767256,0.5382137829900874,400,400
MEDDL,XGBoost,WTFA_A,Race_ethnicity,Hispanic,FPR,0.20651369041574136,0.17248952148321034,0.24030187549529727,400,400
MEDDL,XGBoost,WTFA_A,Race_ethnicity,Hispanic,Brier,0.0885191183533224,0.06939614914522352,0.10598597001614814,400,400
MEDDL,XGBoost,WTFA_A,Race_ethnicity,Hispanic,Calibration_abs_error,0.0039273839355897094,0.0005714281790629061,0.02836101059814794,400,400
MEDDL,XGBoost,Unweighted,Race_ethnicity,NH White,AUROC,0.8202403404419943,0.7962658571730051,0.8439739195523687,400,400
MEDDL,XGBoost,Unweighted,Race_ethnicity,NH White,AUPRC,0.3374311561218313,0.2901845366049319,0.39724016728638334,400,400
MEDDL,XGBoost,Unweighted,Race_ethnicity,NH White,Recall,0.5162241887905604,0.46704441712689704,0.5688499764761232,400,400
MEDDL,XGBoost,Unweighted,Race_ethnicity,NH White,FNR,0.4837758112094395,0.43115002352387677,0.532955582873103,400,400
MEDDL,XGBoost,Unweighted,Race_ethnicity,NH White,FPR,0.10373975409836066,0.09404466855136218,0.11239399350553679,400,400
MEDDL,XGBoost,Unweighted,Race_ethnicity,NH White,Brier,0.06258216700789285,0.057087634979973066,0.06817157486770191,400,400
MEDDL,XGBoost,Unweighted,Race_ethnicity,NH White,Calibration_abs_error,0.0012890070325165537,0.00013131913474627723,0.008479850070053902,400,400
MEDDL,XGBoost,WTFA_A,Race_ethnicity,NH White,AUROC,0.8201786500320353,0.7927126056496191,0.8469278313295489,400,400
MEDDL,XGBoost,WTFA_A,Race_ethnicity,NH White,AUPRC,0.3615086124087206,0.3067074210848275,0.4369387538414097,400,400
MEDDL,XGBoost,WTFA_A,Race_ethnicity,NH White,Recall,0.5169723951424898,0.4461564165348254,0.5922528133807559,400,400
MEDDL,XGBoost,WTFA_A,Race_ethnicity,NH White,FNR,0.4830276048575103,0.40774718661924414,0.5538435834651747,400,400
MEDDL,XGBoost,WTFA_A,Race_ethnicity,NH White,FPR,0.11025629432263538,0.09805712998315681,0.12059166966988862,400,400
MEDDL,XGBoost,WTFA_A,Race_ethnicity,NH White,Brier,0.06694721499575122,0.05897926325996826,0.07431185659260246,400,400
MEDDL,XGBoost,WTFA_A,Race_ethnicity,NH White,Calibration_abs_error,0.0034269908344952554,0.0002256512005110938,0.013340712858707185,400,400
MEDDL,XGBoost,Unweighted,Race_ethnicity,NH Black,AUROC,0.766260162601626,0.6912776140390123,0.8247774164893823,400,400
MEDDL,XGBoost,Unweighted,Race_ethnicity,NH Black,AUPRC,0.3017100400450959,0.20388139861450394,0.43546353338282806,400,400
MEDDL,XGBoost,Unweighted,Race_ethnicity,NH Black,Recall,0.5178571428571429,0.3952865448504983,0.631654858299595,400,400
MEDDL,XGBoost,Unweighted,Race_ethnicity,NH Black,FNR,0.48214285714285715,0.36834514170040483,0.6047134551495016,400,400
MEDDL,XGBoost,Unweighted,Race_ethnicity,NH Black,FPR,0.10569105691056911,0.08187211232837809,0.12829634329785528,400,400
MEDDL,XGBoost,Unweighted,Race_ethnicity,NH Black,Brier,0.06775352030814079,0.05376113064175735,0.08252779756304265,400,400
MEDDL,XGBoost,Unweighted,Race_ethnicity,NH Black,Calibration_abs_error,0.00465424296572059,0.00035770895752696466,0.024629933602446454,400,400
MEDDL,XGBoost,WTFA_A,Race_ethnicity,NH Black,AUROC,0.7684193878679852,0.6796801500593911,0.835640346649578,400,400
MEDDL,XGBoost,WTFA_A,Race_ethnicity,NH Black,AUPRC,0.29985448815074206,0.18606836778888972,0.4496061613883522,400,400
MEDDL,XGBoost,WTFA_A,Race_ethnicity,NH Black,Recall,0.5513846135027713,0.37913045745983054,0.6912437624420834,400,400
MEDDL,XGBoost,WTFA_A,Race_ethnicity,NH Black,FNR,0.44861538649722865,0.3087562375579166,0.6208695425401696,400,400
MEDDL,XGBoost,WTFA_A,Race_ethnicity,NH Black,FPR,0.118100258226779,0.08546902558070105,0.150716706371618,400,400
MEDDL,XGBoost,WTFA_A,Race_ethnicity,NH Black,Brier,0.07569241109565214,0.057735668608024475,0.09330850627036152,400,400
MEDDL,XGBoost,WTFA_A,Race_ethnicity,NH Black,Calibration_abs_error,0.008833216677153075,0.0003998671099730695,0.034708778832103555,400,400
MEDDL,XGBoost,Unweighted,Poverty,<100% FPL,AUROC,0.7283363077533215,0.6707671594019062,0.7862805127619596,400,400
MEDDL,XGBoost,Unweighted,Poverty,<100% FPL,AUPRC,0.30716785789540335,0.2236274210023102,0.4066844877606505,400,400
MEDDL,XGBoost,Unweighted,Poverty,<100% FPL,Recall,0.5487804878048781,0.44437229437229436,0.6463593974175036,400,400
MEDDL,XGBoost,Unweighted,Poverty,<100% FPL,FNR,0.45121951219512196,0.3536406025824964,0.5556277056277056,400,400
MEDDL,XGBoost,Unweighted,Poverty,<100% FPL,FPR,0.18699186991869918,0.1592029802754715,0.21407192394607652,400,400
MEDDL,XGBoost,Unweighted,Poverty,<100% FPL,Brier,0.0948261154977217,0.07837383793981893,0.11116801234998973,400,400
MEDDL,XGBoost,Unweighted,Poverty,<100% FPL,Calibration_abs_error,0.014370363141644707,0.0007593960570765859,0.03656385478781908,400,400
MEDDL,XGBoost,WTFA_A,Poverty,<100% FPL,AUROC,0.7255831196312706,0.6412660884442147,0.8048095607262465,400,400
MEDDL,XGBoost,WTFA_A,Poverty,<100% FPL,AUPRC,0.333905229573802,0.24470971861160054,0.44525045448433376,400,400
MEDDL,XGBoost,WTFA_A,Poverty,<100% FPL,Recall,0.5626224166483164,0.4078625011518037,0.6896943475847693,400,400
MEDDL,XGBoost,WTFA_A,Poverty,<100% FPL,FNR,0.43737758335168386,0.3103056524152302,0.5921374988481962,400,400
MEDDL,XGBoost,WTFA_A,Poverty,<100% FPL,FPR,0.19763228089050805,0.15851989519105736,0.23404561022229098,400,400
MEDDL,XGBoost,WTFA_A,Poverty,<100% FPL,Brier,0.10564777179276977,0.08129212575389226,0.13440069862795365,400,400
MEDDL,XGBoost,WTFA_A,Poverty,<100% FPL,Calibration_abs_error,0.029839961539566626,0.0010705986086758722,0.06687535705589047,400,400
MEDDL,XGBoost,Unweighted,Poverty,100-199% FPL,AUROC,0.8025824682291431,0.7668705242608513,0.8384630602132245,400,400
MEDDL,XGBoost,Unweighted,Poverty,100-199% FPL,AUPRC,0.32962140998513834,0.2703110325013116,0.40887410645514427,400,400
MEDDL,XGBoost,Unweighted,Poverty,100-199% FPL,Recall,0.6356589147286822,0.5661614030858245,0.7226389668725435,400,400
MEDDL,XGBoost,Unweighted,Poverty,100-199% FPL,FNR,0.3643410852713178,0.27736103312745647,0.4338385969141755,400,400
MEDDL,XGBoost,Unweighted,Poverty,100-199% FPL,FPR,0.18323586744639375,0.16180005642352666,0.2060305711821952,400,400
MEDDL,XGBoost,Unweighted,Poverty,100-199% FPL,Brier,0.08638380052005797,0.07475870663713823,0.09821186980296695,400,400
MEDDL,XGBoost,Unweighted,Poverty,100-199% FPL,Calibration_abs_error,0.0038788672283229936,0.00016071338240899492,0.01935625022726,400,400
MEDDL,XGBoost,WTFA_A,Poverty,100-199% FPL,AUROC,0.8082779848787183,0.7666191921385008,0.8510559862213178,400,400
MEDDL,XGBoost,WTFA_A,Poverty,100-199% FPL,AUPRC,0.39706278040041976,0.30029519650123054,0.5174309778853017,400,400
MEDDL,XGBoost,WTFA_A,Poverty,100-199% FPL,Recall,0.6543708390079529,0.54903064644377,0.7535851602084055,400,400
MEDDL,XGBoost,WTFA_A,Poverty,100-199% FPL,FNR,0.34562916099204716,0.24641483979159462,0.4509693535562301,400,400
MEDDL,XGBoost,WTFA_A,Poverty,100-199% FPL,FPR,0.19219177786941796,0.16332832981747006,0.22395607762085384,400,400
MEDDL,XGBoost,WTFA_A,Poverty,100-199% FPL,Brier,0.09377155823267089,0.07845437248400441,0.10982231390475339,400,400
MEDDL,XGBoost,WTFA_A,Poverty,100-199% FPL,Calibration_abs_error,0.013724205990052502,0.0008339428315697038,0.03806715940286825,400,400
MEDDL,XGBoost,Unweighted,Poverty,>=200% FPL,AUROC,0.8104978306065262,0.78161710082546,0.8344232162494953,400,400
MEDDL,XGBoost,Unweighted,Poverty,>=200% FPL,AUPRC,0.3158198172799541,0.2660010576658579,0.3714508707756266,400,400
MEDDL,XGBoost,Unweighted,Poverty,>=200% FPL,Recall,0.46474358974358976,0.4074045930428909,0.5161736891877692,400,400
MEDDL,XGBoost,Unweighted,Poverty,>=200% FPL,FNR,0.5352564102564102,0.48382631081223076,0.5925954069571091,400,400
MEDDL,XGBoost,Unweighted,Poverty,>=200% FPL,FPR,0.08836662749706228,0.07954261478015799,0.09658902251307394,400,400
MEDDL,XGBoost,Unweighted,Poverty,>=200% FPL,Brier,0.054920524380164724,0.04961554836370927,0.06035263849010202,400,400
MEDDL,XGBoost,Unweighted,Poverty,>=200% FPL,Calibration_abs_error,0.002698967275629252,0.00016096766199874963,0.009099902440160951,400,400
MEDDL,XGBoost,WTFA_A,Poverty,>=200% FPL,AUROC,0.8051028579921968,0.77325093397006,0.8302885392329656,400,400
MEDDL,XGBoost,WTFA_A,Poverty,>=200% FPL,AUPRC,0.3033865231919783,0.2563466715442957,0.3694922141063697,400,400
MEDDL,XGBoost,WTFA_A,Poverty,>=200% FPL,Recall,0.47445442273070704,0.4100929966718365,0.5328371530522563,400,400
MEDDL,XGBoost,WTFA_A,Poverty,>=200% FPL,FNR,0.5255455772692929,0.4671628469477434,0.5899070033281633,400,400
MEDDL,XGBoost,WTFA_A,Poverty,>=200% FPL,FPR,0.10128489830345219,0.09093271676794369,0.11160079155229735,400,400
MEDDL,XGBoost,WTFA_A,Poverty,>=200% FPL,Brier,0.059222487558354665,0.05214108640436986,0.06587434691782554,400,400
MEDDL,XGBoost,WTFA_A,Poverty,>=200% FPL,Calibration_abs_error,0.003087383890278156,0.00013691208327397538,0.011991325230908526,400,400
MEDDL,XGBoost,Unweighted,Insurance,Uninsured,AUROC,0.7226662545261857,0.671592881586641,0.7749767423969308,400,400
MEDDL,XGBoost,Unweighted,Insurance,Uninsured,AUPRC,0.5202124139982787,0.44096098410593887,0.6148156531327579,400,400
MEDDL,XGBoost,Unweighted,Insurance,Uninsured,Recall,0.9253731343283582,0.8826896551724138,0.9682663690476191,400,400
MEDDL,XGBoost,Unweighted,Insurance,Uninsured,FNR,0.07462686567164178,0.03173363095238095,0.11731034482758615,400,400
MEDDL,XGBoost,Unweighted,Insurance,Uninsured,FPR,0.6568047337278107,0.6033870519588775,0.7042897904940587,400,400
MEDDL,XGBoost,Unweighted,Insurance,Uninsured,Brier,0.17883296269402804,0.15918199838494584,0.19690628032299692,400,400
MEDDL,XGBoost,Unweighted,Insurance,Uninsured,Calibration_abs_error,0.04293144681965441,0.012877411828530147,0.07606683695948126,400,400
MEDDL,XGBoost,WTFA_A,Insurance,Uninsured,AUROC,0.7115181574494207,0.648863733841278,0.7767710572490801,400,400
MEDDL,XGBoost,WTFA_A,Insurance,Uninsured,AUPRC,0.5037893883099759,0.41546241029560294,0.6084736541325362,400,400
MEDDL,XGBoost,WTFA_A,Insurance,Uninsured,Recall,0.9149175868876215,0.8586256016621678,0.9642894757775394,400,400
MEDDL,XGBoost,WTFA_A,Insurance,Uninsured,FNR,0.08508241311237866,0.03571052422246059,0.14137439833783202,400,400
MEDDL,XGBoost,WTFA_A,Insurance,Uninsured,FPR,0.6539347720143472,0.598636597565327,0.7075011720478905,400,400
MEDDL,XGBoost,WTFA_A,Insurance,Uninsured,Brier,0.17858106654425351,0.15552539507392507,0.20203595765195068,400,400
MEDDL,XGBoost,WTFA_A,Insurance,Uninsured,Calibration_abs_error,0.04522386824003402,0.009611341081045227,0.08700649251704158,400,400
MEDDL,XGBoost,Unweighted,Insurance,Insured,AUROC,0.7773377877947198,0.7513483615876121,0.8019041515559325,400,400
MEDDL,XGBoost,Unweighted,Insurance,Insured,AUPRC,0.22820393742605802,0.19079929533124554,0.27596614540602293,400,400
MEDDL,XGBoost,Unweighted,Insurance,Insured,Recall,0.3798449612403101,0.3323768903346368,0.4257049922173126,400,400
MEDDL,XGBoost,Unweighted,Insurance,Insured,FNR,0.6201550387596899,0.5742950077826873,0.6676231096653632,400,400
MEDDL,XGBoost,Unweighted,Insurance,Insured,FPR,0.08193466883234073,0.07456715712530325,0.08854942487530208,400,400
MEDDL,XGBoost,Unweighted,Insurance,Insured,Brier,0.05579623695490276,0.05085306591688935,0.06070440500814274,400,400
MEDDL,XGBoost,Unweighted,Insurance,Insured,Calibration_abs_error,0.003065303684801318,0.00017266230166433988,0.00962313812603189,400,400
MEDDL,XGBoost,WTFA_A,Insurance,Insured,AUROC,0.773922839609084,0.7448065047624152,0.8008229955536191,400,400
MEDDL,XGBoost,WTFA_A,Insurance,Insured,AUPRC,0.24212975685333554,0.19541587204459973,0.3033324622835938,400,400
MEDDL,XGBoost,WTFA_A,Insurance,Insured,Recall,0.37525662517113795,0.31539887670153866,0.43009233225398547,400,400
MEDDL,XGBoost,WTFA_A,Insurance,Insured,FNR,0.6247433748288621,0.5699076677460145,0.6846011232984615,400,400
MEDDL,XGBoost,WTFA_A,Insurance,Insured,FPR,0.08272434579830394,0.0735754175494228,0.09054965920719694,400,400
MEDDL,XGBoost,WTFA_A,Insurance,Insured,Brier,0.0583121235569021,0.051035927078056056,0.06495651897468965,400,400
MEDDL,XGBoost,WTFA_A,Insurance,Insured,Calibration_abs_error,0.0014483772406329587,0.00017184250815552548,0.010485208954592172,400,400
MEDDL,XGBoost,Unweighted,Sex,Male,AUROC,0.7991452991452991,0.7630323564493939,0.8298663081367673,400,400
MEDDL,XGBoost,Unweighted,Sex,Male,AUPRC,0.2877710849290911,0.23138966969876193,0.3568894069619756,400,400
MEDDL,XGBoost,Unweighted,Sex,Male,Recall,0.5282051282051282,0.45681761069507965,0.5942162471395881,400,400
MEDDL,XGBoost,Unweighted,Sex,Male,FNR,0.4717948717948718,0.4057837528604119,0.5431823893049202,400,400
MEDDL,XGBoost,Unweighted,Sex,Male,FPR,0.09663409337676439,0.08637824881464137,0.10762467728330054,400,400
MEDDL,XGBoost,Unweighted,Sex,Male,Brier,0.054070025112435006,0.04780328859379707,0.0597775678530458,400,400
MEDDL,XGBoost,Unweighted,Sex,Male,Calibration_abs_error,0.006333150589384606,0.00044962208340884233,0.013586651722889816,400,400
MEDDL,XGBoost,WTFA_A,Sex,Male,AUROC,0.8005400861035107,0.7597896460007403,0.8342908769285207,400,400
MEDDL,XGBoost,WTFA_A,Sex,Male,AUPRC,0.3115250493445892,0.24378058092760116,0.39579752741305885,400,400
MEDDL,XGBoost,WTFA_A,Sex,Male,Recall,0.5663786184331362,0.4809793726868394,0.6386762201442538,400,400
MEDDL,XGBoost,WTFA_A,Sex,Male,FNR,0.43362138156686364,0.361323779855746,0.5190206273131606,400,400
MEDDL,XGBoost,WTFA_A,Sex,Male,FPR,0.10935538398343611,0.09640293622529185,0.12443639576455749,400,400
MEDDL,XGBoost,WTFA_A,Sex,Male,Brier,0.05845208592735686,0.05067986072966757,0.06628826207808433,400,400
MEDDL,XGBoost,WTFA_A,Sex,Male,Calibration_abs_error,0.004313575788816637,0.00021327816977030072,0.014399213969806493,400,400
MEDDL,XGBoost,Unweighted,Sex,Female,AUROC,0.8009930925458679,0.7800819247421521,0.823058642033738,400,400
MEDDL,XGBoost,Unweighted,Sex,Female,AUPRC,0.33457440985057835,0.28717206194672473,0.39165795576445955,400,400
MEDDL,XGBoost,Unweighted,Sex,Female,Recall,0.5152439024390244,0.4600592138997357,0.5666812865497076,400,400
MEDDL,XGBoost,Unweighted,Sex,Female,FNR,0.4847560975609756,0.43331871345029244,0.5399407861002643,400,400
MEDDL,XGBoost,Unweighted,Sex,Female,FPR,0.13122605363984674,0.11944691287784488,0.1423467126745343,400,400
MEDDL,XGBoost,Unweighted,Sex,Female,Brier,0.07418465840764238,0.06726593000381768,0.08146920958179706,400,400
MEDDL,XGBoost,Unweighted,Sex,Female,Calibration_abs_error,0.00611852855617992,0.0005355946436269466,0.015445329028916523,400,400
MEDDL,XGBoost,WTFA_A,Sex,Female,AUROC,0.7950043997542593,0.7672533104416078,0.8216686730277798,400,400
MEDDL,XGBoost,WTFA_A,Sex,Female,AUPRC,0.3486158369076381,0.2964862250407384,0.42377876097575695,400,400
MEDDL,XGBoost,WTFA_A,Sex,Female,Recall,0.5099983944659028,0.44471943427666916,0.5747887819662189,400,400
MEDDL,XGBoost,WTFA_A,Sex,Female,FNR,0.49000160553409716,0.42521121803378115,0.5552805657233307,400,400
MEDDL,XGBoost,WTFA_A,Sex,Female,FPR,0.14169801401330792,0.12570365289423108,0.15628804669802615,400,400
MEDDL,XGBoost,WTFA_A,Sex,Female,Brier,0.08099189269000241,0.07085948353279642,0.09011911328550003,400,400
MEDDL,XGBoost,WTFA_A,Sex,Female,Calibration_abs_error,0.010474046598418302,0.0008116699424796744,0.023927507409210666,400,400
MEDDL,XGBoost,Unweighted,Age,18-34,AUROC,0.7920662338435881,0.7594096213266714,0.8261965821360477,400,400
MEDDL,XGBoost,Unweighted,Age,18-34,AUPRC,0.39896260236201514,0.33101450792301723,0.4751999320839457,400,400
MEDDL,XGBoost,Unweighted,Age,18-34,Recall,0.6134969325153374,0.5514930955120828,0.6771112399910199,400,400
MEDDL,XGBoost,Unweighted,Age,18-34,FNR,0.38650306748466257,0.32288876000898004,0.44850690448791714,400,400
MEDDL,XGBoost,Unweighted,Age,18-34,FPR,0.18005295675198588,0.15450566721732747,0.20162441626978417,400,400
MEDDL,XGBoost,Unweighted,Age,18-34,Brier,0.0933193036518544,0.08171449840135417,0.1047694156956271,400,400
MEDDL,XGBoost,Unweighted,Age,18-34,Calibration_abs_error,0.014277328999246539,0.0011507679470116872,0.03121890439487207,400,400
MEDDL,XGBoost,WTFA_A,Age,18-34,AUROC,0.8036243115010255,0.7628356331100082,0.8445602975895925,400,400
MEDDL,XGBoost,WTFA_A,Age,18-34,AUPRC,0.400947593008467,0.3305543951229301,0.4976599277750907,400,400
MEDDL,XGBoost,WTFA_A,Age,18-34,Recall,0.6033910559110667,0.5265253436056427,0.6869060348640406,400,400
MEDDL,XGBoost,WTFA_A,Age,18-34,FNR,0.3966089440889332,0.3130939651359595,0.4734746563943571,400,400
MEDDL,XGBoost,WTFA_A,Age,18-34,FPR,0.16608602748575743,0.14311788708066342,0.18757669464260648,400,400
MEDDL,XGBoost,WTFA_A,Age,18-34,Brier,0.08534573211462015,0.07204582962391497,0.10132609452567963,400,400
MEDDL,XGBoost,WTFA_A,Age,18-34,Calibration_abs_error,0.012306088981496238,0.0004267634809476364,0.03417479607411948,400,400
MEDDL,XGBoost,Unweighted,Age,35-49,AUROC,0.7581958207905781,0.7186159208826172,0.7991094044436124,400,400
MEDDL,XGBoost,Unweighted,Age,35-49,AUPRC,0.320176270959011,0.2519652263274866,0.4094877021731176,400,400
MEDDL,XGBoost,Unweighted,Age,35-49,Recall,0.5352112676056338,0.4485294117647059,0.6085664335664335,400,400
MEDDL,XGBoost,Unweighted,Age,35-49,FNR,0.4647887323943662,0.39143356643356647,0.5514705882352942,400,400
MEDDL,XGBoost,Unweighted,Age,35-49,FPR,0.18174726989079562,0.1599263439213697,0.20343013569801238,400,400
MEDDL,XGBoost,Unweighted,Age,35-49,Brier,0.07971457241073211,0.06998252842433304,0.08923785049591405,400,400
MEDDL,XGBoost,Unweighted,Age,35-49,Calibration_abs_error,0.009791870250239698,0.0007382952240235247,0.023141106531268642,400,400
MEDDL,XGBoost,WTFA_A,Age,35-49,AUROC,0.7719514347379338,0.7264518949217142,0.8170307505591975,400,400
MEDDL,XGBoost,WTFA_A,Age,35-49,AUPRC,0.3257817888688327,0.23658472537598066,0.4298020212655649,400,400
MEDDL,XGBoost,WTFA_A,Age,35-49,Recall,0.5408959976558734,0.43967603454452037,0.6368730489126737,400,400
MEDDL,XGBoost,WTFA_A,Age,35-49,FNR,0.45910400234412657,0.3631269510873261,0.5603239654554795,400,400
MEDDL,XGBoost,WTFA_A,Age,35-49,FPR,0.17646425974538707,0.15095507229729496,0.2034800922322063,400,400
MEDDL,XGBoost,WTFA_A,Age,35-49,Brier,0.0811547863021694,0.06889460741815497,0.09341027559054813,400,400
MEDDL,XGBoost,WTFA_A,Age,35-49,Calibration_abs_error,0.007172419779221922,0.0005779689546849799,0.024216625729997332,400,400
MEDDL,XGBoost,Unweighted,Age,50-64,AUROC,0.731929911005649,0.6870356654978661,0.770605157267934,400,400
MEDDL,XGBoost,Unweighted,Age,50-64,AUPRC,0.299835697819142,0.24191242833866905,0.38060373678236337,400,400
MEDDL,XGBoost,Unweighted,Age,50-64,Recall,0.47953216374269003,0.4026803427461905,0.5494055445978523,400,400
MEDDL,XGBoost,Unweighted,Age,50-64,FNR,0.52046783625731,0.4505944554021477,0.5973196572538095,400,400
MEDDL,XGBoost,Unweighted,Age,50-64,FPR,0.14560236511456023,0.12639384597631037,0.16212324134199133,400,400
MEDDL,XGBoost,Unweighted,Age,50-64,Brier,0.09030523441740945,0.07945590552283367,0.10182229400751037,400,400
MEDDL,XGBoost,Unweighted,Age,50-64,Calibration_abs_error,0.013632456256702605,0.0016826005612613141,0.029681280338109732,400,400
MEDDL,XGBoost,WTFA_A,Age,50-64,AUROC,0.7266311522924243,0.6743945908451454,0.7710158054282261,400,400
MEDDL,XGBoost,WTFA_A,Age,50-64,AUPRC,0.2994855405188709,0.24138009554258252,0.38928681244444446,400,400
MEDDL,XGBoost,WTFA_A,Age,50-64,Recall,0.47647926648394606,0.38689401283939473,0.5576173278993605,400,400
MEDDL,XGBoost,WTFA_A,Age,50-64,FNR,0.5235207335160539,0.4423826721006395,0.6131059871606053,400,400
MEDDL,XGBoost,WTFA_A,Age,50-64,FPR,0.13972672933365937,0.11779236991658266,0.1581341060063886,400,400
MEDDL,XGBoost,WTFA_A,Age,50-64,Brier,0.08928580259128913,0.07562790468608932,0.10470000794523844,400,400
MEDDL,XGBoost,WTFA_A,Age,50-64,Calibration_abs_error,0.015971728314350175,0.0011193293630978878,0.03561718724103471,400,400
MEDDL,XGBoost,Unweighted,Age,65-74,AUROC,0.7673664447857995,0.6813058013483491,0.8641051695637739,400,400
MEDDL,XGBoost,Unweighted,Age,65-74,AUPRC,0.11506737376579036,0.06490227683628129,0.20427965079705315,400,400
MEDDL,XGBoost,Unweighted,Age,65-74,Recall,0.3870967741935484,0.23326923076923078,0.5641666666666666,400,400
MEDDL,XGBoost,Unweighted,Age,65-74,FNR,0.6129032258064516,0.43583333333333335,0.7667307692307692,400,400
MEDDL,XGBoost,Unweighted,Age,65-74,FPR,0.03439153439153439,0.024935589774528054,0.046321184645331345,400,400
MEDDL,XGBoost,Unweighted,Age,65-74,Brier,0.025265015646601593,0.017450129767080314,0.0325706551428963,400,400
MEDDL,XGBoost,Unweighted,Age,65-74,Calibration_abs_error,0.016081125462567153,0.008193203282370257,0.024833331519723393,400,400
MEDDL,XGBoost,WTFA_A,Age,65-74,AUROC,0.8020946867202516,0.6915820623343606,0.8897542838626729,400,400
MEDDL,XGBoost,WTFA_A,Age,65-74,AUPRC,0.15622545657161874,0.07807679891171918,0.30627010654232534,400,400
MEDDL,XGBoost,WTFA_A,Age,65-74,Recall,0.3903492424835024,0.18755402528721063,0.6135632802830694,400,400
MEDDL,XGBoost,WTFA_A,Age,65-74,FNR,0.6096507575164974,0.3864367197169306,0.8124459747127891,400,400
MEDDL,XGBoost,WTFA_A,Age,65-74,FPR,0.031162607737093683,0.02151402962676842,0.0429409760758358,400,400
MEDDL,XGBoost,WTFA_A,Age,65-74,Brier,0.02752891380840667,0.017595978909171004,0.038591241994795064,400,400
MEDDL,XGBoost,WTFA_A,Age,65-74,Calibration_abs_error,0.010578647059782884,0.0010577575762494,0.022031956649782337,400,400
