Outcome,Model,Split,Explained_output,Subgroup,Level,Aggregation,Rank,Feature_construct,Mean_abs_SHAP,Importance_share_pct,N,Weight_sum
MEDNG,LR,locked_test,base_estimator_log_odds,HISPALLP_A,code_1,Unweighted,1,NOTCOV_A,0.4272719455308397,16.464343115778014,935,9073456.936
MEDNG,LR,locked_test,base_estimator_log_odds,HISPALLP_A,code_1,Unweighted,2,FDSCAT3_A,0.3343726652364355,12.884595739489047,935,9073456.936
MEDNG,LR,locked_test,base_estimator_log_odds,HISPALLP_A,code_1,Unweighted,3,PHSTAT_A,0.3298875692948597,12.71176866937204,935,9073456.936
MEDNG,LR,locked_test,base_estimator_log_odds,HISPALLP_A,code_1,Unweighted,4,AGEP_A,0.30232861439704983,11.649821836457306,935,9073456.936
MEDNG,LR,locked_test,base_estimator_log_odds,HISPALLP_A,code_1,Unweighted,5,EMPWRKLSW1_A,0.2987203070991762,11.51078062385078,935,9073456.936
MEDNG,LR,locked_test,base_estimator_log_odds,HISPALLP_A,code_1,Unweighted,6,EDUCP_A,0.2343608319450762,9.030775810120248,935,9073456.936
MEDNG,LR,locked_test,base_estimator_log_odds,HISPALLP_A,code_1,Unweighted,7,RATCAT_A,0.21770393571033014,8.388924975490678,935,9073456.936
MEDNG,LR,locked_test,base_estimator_log_odds,HISPALLP_A,code_1,Unweighted,8,CHRONIC_BURDEN_CAT,0.18301222474969908,7.052127091839314,935,9073456.936
MEDNG,LR,locked_test,base_estimator_log_odds,HISPALLP_A,code_1,Unweighted,9,SEX_A,0.11502304705343531,4.432256628871855,935,9073456.936
MEDNG,LR,locked_test,base_estimator_log_odds,HISPALLP_A,code_1,Unweighted,10,DISAB3_A,0.07722660342947682,2.975822096040827,935,9073456.936
MEDNG,LR,locked_test,base_estimator_log_odds,HISPALLP_A,code_1,Unweighted,11,K6SPD_A,0.063345815081115,2.4409448019067868,935,9073456.936
MEDNG,LR,locked_test,base_estimator_log_odds,HISPALLP_A,code_1,Unweighted,12,HISPALLP_A,0.011881530443870275,0.45783861078312443,935,9073456.936
MEDNG,LR,locked_test,base_estimator_log_odds,HISPALLP_A,code_1,WTFA_A,1,NOTCOV_A,0.48085843469573214,18.10098010636279,935,9073456.936
MEDNG,LR,locked_test,base_estimator_log_odds,HISPALLP_A,code_1,WTFA_A,2,FDSCAT3_A,0.3314338066178386,12.476180736980707,935,9073456.936
MEDNG,LR,locked_test,base_estimator_log_odds,HISPALLP_A,code_1,WTFA_A,3,PHSTAT_A,0.3281282217165654,12.351748425471603,935,9073456.936
MEDNG,LR,locked_test,base_estimator_log_odds,HISPALLP_A,code_1,WTFA_A,4,AGEP_A,0.3152978697945616,11.868774793024503,935,9073456.936
MEDNG,LR,locked_test,base_estimator_log_odds,HISPALLP_A,code_1,WTFA_A,5,EMPWRKLSW1_A,0.29718253911194337,11.186858418793195,935,9073456.936
MEDNG,LR,locked_test,base_estimator_log_odds,HISPALLP_A,code_1,WTFA_A,6,EDUCP_A,0.24359735784042336,9.169748537367553,935,9073456.936
MEDNG,LR,locked_test,base_estimator_log_odds,HISPALLP_A,code_1,WTFA_A,7,RATCAT_A,0.21543839962814856,8.109759347952986,935,9073456.936
MEDNG,LR,locked_test,base_estimator_log_odds,HISPALLP_A,code_1,WTFA_A,8,CHRONIC_BURDEN_CAT,0.18455553153975812,6.9472338715118775,935,9073456.936
MEDNG,LR,locked_test,base_estimator_log_odds,HISPALLP_A,code_1,WTFA_A,9,SEX_A,0.11582396732817467,4.3599678765620515,935,9073456.936
MEDNG,LR,locked_test,base_estimator_log_odds,HISPALLP_A,code_1,WTFA_A,10,DISAB3_A,0.07383195745106409,2.7792603739626087,935,9073456.936
MEDNG,LR,locked_test,base_estimator_log_odds,HISPALLP_A,code_1,WTFA_A,11,K6SPD_A,0.05850296864318427,2.2022304178640693,935,9073456.936
MEDNG,LR,locked_test,base_estimator_log_odds,HISPALLP_A,code_1,WTFA_A,12,HISPALLP_A,0.011881530443870277,0.4472570941460675,935,9073456.936
MEDNG,LR,locked_test,base_estimator_log_odds,HISPALLP_A,code_2,Unweighted,1,AGEP_A,0.3092094400137569,13.64206319134093,4242,30279142.281999998
MEDNG,LR,locked_test,base_estimator_log_odds,HISPALLP_A,code_2,Unweighted,2,EMPWRKLSW1_A,0.30385761909369025,13.405945305751663,4242,30279142.281999998
MEDNG,LR,locked_test,base_estimator_log_odds,HISPALLP_A,code_2,Unweighted,3,PHSTAT_A,0.302470168258344,13.344732129433922,4242,30279142.281999998
MEDNG,LR,locked_test,base_estimator_log_odds,HISPALLP_A,code_2,Unweighted,4,RATCAT_A,0.23202600761257494,10.23679438035421,4242,30279142.281999998
MEDNG,LR,locked_test,base_estimator_log_odds,HISPALLP_A,code_2,Unweighted,5,FDSCAT3_A,0.22812588938342657,10.064724409484707,4242,30279142.281999998
MEDNG,LR,locked_test,base_estimator_log_odds,HISPALLP_A,code_2,Unweighted,6,EDUCP_A,0.2070411601830112,9.134483702371817,4242,30279142.281999998
MEDNG,LR,locked_test,base_estimator_log_odds,HISPALLP_A,code_2,Unweighted,7,NOTCOV_A,0.20217955398987103,8.919993682612779,4242,30279142.281999998
MEDNG,LR,locked_test,base_estimator_log_odds,HISPALLP_A,code_2,Unweighted,8,CHRONIC_BURDEN_CAT,0.17219030974437669,7.596893181414012,4242,30279142.281999998
MEDNG,LR,locked_test,base_estimator_log_odds,HISPALLP_A,code_2,Unweighted,9,SEX_A,0.11578890958997297,5.108510339828551,4242,30279142.281999998
MEDNG,LR,locked_test,base_estimator_log_odds,HISPALLP_A,code_2,Unweighted,10,DISAB3_A,0.0869522372728307,3.8362603530204367,4242,30279142.281999998
MEDNG,LR,locked_test,base_estimator_log_odds,HISPALLP_A,code_2,Unweighted,11,K6SPD_A,0.06373051762543862,2.811737405638133,4242,30279142.281999998
MEDNG,LR,locked_test,base_estimator_log_odds,HISPALLP_A,code_2,Unweighted,12,HISPALLP_A,0.043016720630076576,1.8978619187488424,4242,30279142.281999998
MEDNG,LR,locked_test,base_estimator_log_odds,HISPALLP_A,code_2,WTFA_A,1,AGEP_A,0.31140717863406325,13.629318553744861,4242,30279142.281999998
MEDNG,LR,locked_test,base_estimator_log_odds,HISPALLP_A,code_2,WTFA_A,2,PHSTAT_A,0.30482376060784505,13.341182930650465,4242,30279142.281999998
MEDNG,LR,locked_test,base_estimator_log_odds,HISPALLP_A,code_2,WTFA_A,3,EMPWRKLSW1_A,0.29924266779305586,13.096915948160106,4242,30279142.281999998
MEDNG,LR,locked_test,base_estimator_log_odds,HISPALLP_A,code_2,WTFA_A,4,RATCAT_A,0.23502870593799793,10.286471611072262,4242,30279142.281999998
MEDNG,LR,locked_test,base_estimator_log_odds,HISPALLP_A,code_2,WTFA_A,5,FDSCAT3_A,0.2314232289425782,10.128671155975754,4242,30279142.281999998
MEDNG,LR,locked_test,base_estimator_log_odds,HISPALLP_A,code_2,WTFA_A,6,EDUCP_A,0.2106452323529731,9.219283210358963,4242,30279142.281999998
MEDNG,LR,locked_test,base_estimator_log_odds,HISPALLP_A,code_2,WTFA_A,7,NOTCOV_A,0.21054353505499307,9.214832237596212,4242,30279142.281999998
MEDNG,LR,locked_test,base_estimator_log_odds,HISPALLP_A,code_2,WTFA_A,8,CHRONIC_BURDEN_CAT,0.1757536919840485,7.692189581352608,4242,30279142.281999998
MEDNG,LR,locked_test,base_estimator_log_odds,HISPALLP_A,code_2,WTFA_A,9,SEX_A,0.11653761021900286,5.100486829282114,4242,30279142.281999998
MEDNG,LR,locked_test,base_estimator_log_odds,HISPALLP_A,code_2,WTFA_A,10,DISAB3_A,0.08188544642183578,3.583869964379584,4242,30279142.281999998
MEDNG,LR,locked_test,base_estimator_log_odds,HISPALLP_A,code_2,WTFA_A,11,K6SPD_A,0.06452529951037851,2.824070612823532,4242,30279142.281999998
MEDNG,LR,locked_test,base_estimator_log_odds,HISPALLP_A,code_2,WTFA_A,12,HISPALLP_A,0.04301672063007659,1.8827073646035435,4242,30279142.281999998
MEDNG,LR,locked_test,base_estimator_log_odds,HISPALLP_A,code_3,Unweighted,1,FDSCAT3_A,0.3577345460575767,14.373854450170251,670,6129295.214
MEDNG,LR,locked_test,base_estimator_log_odds,HISPALLP_A,code_3,Unweighted,2,PHSTAT_A,0.33533098492097174,13.47367432920642,670,6129295.214
MEDNG,LR,locked_test,base_estimator_log_odds,HISPALLP_A,code_3,Unweighted,3,EMPWRKLSW1_A,0.30778392511396135,12.366827275826303,670,6129295.214
MEDNG,LR,locked_test,base_estimator_log_odds,HISPALLP_A,code_3,Unweighted,4,AGEP_A,0.29289174164523274,11.768455997503398,670,6129295.214
MEDNG,LR,locked_test,base_estimator_log_odds,HISPALLP_A,code_3,Unweighted,5,NOTCOV_A,0.23373697860386303,9.391604325330514,670,6129295.214
MEDNG,LR,locked_test,base_estimator_log_odds,HISPALLP_A,code_3,Unweighted,6,EDUCP_A,0.22622155690126672,9.089632992465772,670,6129295.214
MEDNG,LR,locked_test,base_estimator_log_odds,HISPALLP_A,code_3,Unweighted,7,RATCAT_A,0.2143411170173494,8.612274248175137,670,6129295.214
MEDNG,LR,locked_test,base_estimator_log_odds,HISPALLP_A,code_3,Unweighted,8,CHRONIC_BURDEN_CAT,0.16494439115939968,6.627502702843717,670,6129295.214
MEDNG,LR,locked_test,base_estimator_log_odds,HISPALLP_A,code_3,Unweighted,9,SEX_A,0.11511723181350282,4.625436243240205,670,6129295.214
MEDNG,LR,locked_test,base_estimator_log_odds,HISPALLP_A,code_3,Unweighted,10,DISAB3_A,0.08926155207772658,3.5865492212067,670,6129295.214
MEDNG,LR,locked_test,base_estimator_log_odds,HISPALLP_A,code_3,Unweighted,11,HISPALLP_A,0.08391555917638469,3.371746025087183,670,6129295.214
MEDNG,LR,locked_test,base_estimator_log_odds,HISPALLP_A,code_3,Unweighted,12,K6SPD_A,0.06750689444736623,2.7124421889444106,670,6129295.214
MEDNG,LR,locked_test,base_estimator_log_odds,HISPALLP_A,code_3,WTFA_A,1,FDSCAT3_A,0.3517567520305036,13.883563324263802,670,6129295.214
MEDNG,LR,locked_test,base_estimator_log_odds,HISPALLP_A,code_3,WTFA_A,2,PHSTAT_A,0.34162449665373334,13.483651145381724,670,6129295.214
MEDNG,LR,locked_test,base_estimator_log_odds,HISPALLP_A,code_3,WTFA_A,3,AGEP_A,0.3196928120180225,12.618024741083818,670,6129295.214
MEDNG,LR,locked_test,base_estimator_log_odds,HISPALLP_A,code_3,WTFA_A,4,EMPWRKLSW1_A,0.29918225425867223,11.808489100832011,670,6129295.214
MEDNG,LR,locked_test,base_estimator_log_odds,HISPALLP_A,code_3,WTFA_A,5,NOTCOV_A,0.2599457641653049,10.2598555872218,670,6129295.214
MEDNG,LR,locked_test,base_estimator_log_odds,HISPALLP_A,code_3,WTFA_A,6,EDUCP_A,0.22773364333974175,8.988468423481553,670,6129295.214
MEDNG,LR,locked_test,base_estimator_log_odds,HISPALLP_A,code_3,WTFA_A,7,RATCAT_A,0.21565888255413965,8.51188707849089,670,6129295.214
MEDNG,LR,locked_test,base_estimator_log_odds,HISPALLP_A,code_3,WTFA_A,8,CHRONIC_BURDEN_CAT,0.16897746984463227,6.669408303947463,670,6129295.214
MEDNG,LR,locked_test,base_estimator_log_odds,HISPALLP_A,code_3,WTFA_A,9,SEX_A,0.11577746452552402,4.569645787846677,670,6129295.214
MEDNG,LR,locked_test,base_estimator_log_odds,HISPALLP_A,code_3,WTFA_A,10,DISAB3_A,0.0851278324535372,3.3599288306582755,670,6129295.214
MEDNG,LR,locked_test,base_estimator_log_odds,HISPALLP_A,code_3,WTFA_A,11,HISPALLP_A,0.08391555917638469,3.312081354490426,670,6129295.214
MEDNG,LR,locked_test,base_estimator_log_odds,HISPALLP_A,code_3,WTFA_A,12,K6SPD_A,0.06422717654794523,2.5349963223015606,670,6129295.214
MEDNG,LR,locked_test,base_estimator_log_odds,HISPALLP_A,code_4,Unweighted,1,HISPALLP_A,0.47921000360646554,17.721528881677614,384,3311289.384
MEDNG,LR,locked_test,base_estimator_log_odds,HISPALLP_A,code_4,Unweighted,2,PHSTAT_A,0.3315475371594314,12.26086519730715,384,3311289.384
MEDNG,LR,locked_test,base_estimator_log_odds,HISPALLP_A,code_4,Unweighted,3,EMPWRKLSW1_A,0.30222490257706075,11.176493185605366,384,3311289.384
MEDNG,LR,locked_test,base_estimator_log_odds,HISPALLP_A,code_4,Unweighted,4,AGEP_A,0.28476750424806396,10.530906101951063,384,3311289.384
MEDNG,LR,locked_test,base_estimator_log_odds,HISPALLP_A,code_4,Unweighted,5,RATCAT_A,0.2380386551638376,8.802839821152538,384,3311289.384
MEDNG,LR,locked_test,base_estimator_log_odds,HISPALLP_A,code_4,Unweighted,6,NOTCOV_A,0.22235394088499497,8.222807862300456,384,3311289.384
MEDNG,LR,locked_test,base_estimator_log_odds,HISPALLP_A,code_4,Unweighted,7,FDSCAT3_A,0.21408336170891099,7.916955925500036,384,3311289.384
MEDNG,LR,locked_test,base_estimator_log_odds,HISPALLP_A,code_4,Unweighted,8,CHRONIC_BURDEN_CAT,0.19997042579617105,7.395049455475104,384,3311289.384
MEDNG,LR,locked_test,base_estimator_log_odds,HISPALLP_A,code_4,Unweighted,9,EDUCP_A,0.1986817960070608,7.347395003661403,384,3311289.384
MEDNG,LR,locked_test,base_estimator_log_odds,HISPALLP_A,code_4,Unweighted,10,SEX_A,0.11510329340839698,4.256602164315917,384,3311289.384
MEDNG,LR,locked_test,base_estimator_log_odds,HISPALLP_A,code_4,Unweighted,11,DISAB3_A,0.06372119658083777,2.3564554518559673,384,3311289.384
MEDNG,LR,locked_test,base_estimator_log_odds,HISPALLP_A,code_4,Unweighted,12,K6SPD_A,0.05440946486949901,2.0121009491973822,384,3311289.384
MEDNG,LR,locked_test,base_estimator_log_odds,HISPALLP_A,code_4,WTFA_A,1,HISPALLP_A,0.47921000360646565,17.46369882639974,384,3311289.384
MEDNG,LR,locked_test,base_estimator_log_odds,HISPALLP_A,code_4,WTFA_A,2,PHSTAT_A,0.33868953870037705,12.342755900339974,384,3311289.384
MEDNG,LR,locked_test,base_estimator_log_odds,HISPALLP_A,code_4,WTFA_A,3,EMPWRKLSW1_A,0.3054094929793461,11.129941704002405,384,3311289.384
MEDNG,LR,locked_test,base_estimator_log_odds,HISPALLP_A,code_4,WTFA_A,4,AGEP_A,0.280633779727792,10.227048210172713,384,3311289.384
MEDNG,LR,locked_test,base_estimator_log_odds,HISPALLP_A,code_4,WTFA_A,5,NOTCOV_A,0.24451208088760673,8.910676546610894,384,3311289.384
MEDNG,LR,locked_test,base_estimator_log_odds,HISPALLP_A,code_4,WTFA_A,6,RATCAT_A,0.23563581262847103,8.587201505578202,384,3311289.384
MEDNG,LR,locked_test,base_estimator_log_odds,HISPALLP_A,code_4,WTFA_A,7,FDSCAT3_A,0.21652501311907255,7.89075267426808,384,3311289.384
MEDNG,LR,locked_test,base_estimator_log_odds,HISPALLP_A,code_4,WTFA_A,8,EDUCP_A,0.20680539953635252,7.536543865937358,384,3311289.384
MEDNG,LR,locked_test,base_estimator_log_odds,HISPALLP_A,code_4,WTFA_A,9,CHRONIC_BURDEN_CAT,0.20009771923032987,7.2920979908375765,384,3311289.384
MEDNG,LR,locked_test,base_estimator_log_odds,HISPALLP_A,code_4,WTFA_A,10,SEX_A,0.11561729017684252,4.213404393851014,384,3311289.384
MEDNG,LR,locked_test,base_estimator_log_odds,HISPALLP_A,code_4,WTFA_A,11,DISAB3_A,0.06282962127366079,2.289680046414552,384,3311289.384
MEDNG,LR,locked_test,base_estimator_log_odds,HISPALLP_A,code_4,WTFA_A,12,K6SPD_A,0.05806922245451562,2.1161983355874736,384,3311289.384
MEDNG,LR,locked_test,base_estimator_log_odds,RATCAT_A,code_1,Unweighted,1,FDSCAT3_A,0.48343640079110517,16.548440769423998,188,1438230.0329999998
MEDNG,LR,locked_test,base_estimator_log_odds,RATCAT_A,code_1,Unweighted,2,NOTCOV_A,0.39937914932441554,13.671089281491348,188,1438230.0329999998
MEDNG,LR,locked_test,base_estimator_log_odds,RATCAT_A,code_1,Unweighted,3,PHSTAT_A,0.36973527215511837,12.656354055286966,188,1438230.0329999998
MEDNG,LR,locked_test,base_estimator_log_odds,RATCAT_A,code_1,Unweighted,4,EMPWRKLSW1_A,0.32333246636349283,11.067946393139053,188,1438230.0329999998
MEDNG,LR,locked_test,base_estimator_log_odds,RATCAT_A,code_1,Unweighted,5,AGEP_A,0.30210144288111856,10.34119033174736,188,1438230.0329999998
MEDNG,LR,locked_test,base_estimator_log_odds,RATCAT_A,code_1,Unweighted,6,EDUCP_A,0.24386405831168126,8.347674933369372,188,1438230.0329999998
MEDNG,LR,locked_test,base_estimator_log_odds,RATCAT_A,code_1,Unweighted,7,RATCAT_A,0.18881314640806618,6.463235215034214,188,1438230.0329999998
MEDNG,LR,locked_test,base_estimator_log_odds,RATCAT_A,code_1,Unweighted,8,CHRONIC_BURDEN_CAT,0.17003984483660606,5.82060907311884,188,1438230.0329999998
MEDNG,LR,locked_test,base_estimator_log_odds,RATCAT_A,code_1,Unweighted,9,K6SPD_A,0.1224434862299113,4.191345079025235,188,1438230.0329999998
MEDNG,LR,locked_test,base_estimator_log_odds,RATCAT_A,code_1,Unweighted,10,DISAB3_A,0.11899084060189809,4.073158071221337,188,1438230.0329999998
MEDNG,LR,locked_test,base_estimator_log_odds,RATCAT_A,code_1,Unweighted,11,SEX_A,0.11365603169595669,3.890543007374884,188,1438230.0329999998
MEDNG,LR,locked_test,base_estimator_log_odds,RATCAT_A,code_1,Unweighted,12,HISPALLP_A,0.08554895547427832,2.9284137897673874,188,1438230.0329999998
MEDNG,LR,locked_test,base_estimator_log_odds,RATCAT_A,code_1,WTFA_A,1,FDSCAT3_A,0.5258308684592242,17.375737395215737,188,1438230.0329999998
MEDNG,LR,locked_test,base_estimator_log_odds,RATCAT_A,code_1,WTFA_A,2,NOTCOV_A,0.43590540332842487,14.404209170115793,188,1438230.0329999998
MEDNG,LR,locked_test,base_estimator_log_odds,RATCAT_A,code_1,WTFA_A,3,PHSTAT_A,0.3704613508428413,12.241653226224122,188,1438230.0329999998
MEDNG,LR,locked_test,base_estimator_log_odds,RATCAT_A,code_1,WTFA_A,4,AGEP_A,0.3504183176219657,11.579344292421908,188,1438230.0329999998
MEDNG,LR,locked_test,base_estimator_log_odds,RATCAT_A,code_1,WTFA_A,5,EMPWRKLSW1_A,0.3159505585501416,10.44037972005196,188,1438230.0329999998
MEDNG,LR,locked_test,base_estimator_log_odds,RATCAT_A,code_1,WTFA_A,6,EDUCP_A,0.2394318723488766,7.911869742773589,188,1438230.0329999998
MEDNG,LR,locked_test,base_estimator_log_odds,RATCAT_A,code_1,WTFA_A,7,RATCAT_A,0.1888131464080662,6.239207025567363,188,1438230.0329999998
MEDNG,LR,locked_test,base_estimator_log_odds,RATCAT_A,code_1,WTFA_A,8,CHRONIC_BURDEN_CAT,0.18822368071828072,6.219728517089505,188,1438230.0329999998
MEDNG,LR,locked_test,base_estimator_log_odds,RATCAT_A,code_1,WTFA_A,9,SEX_A,0.11481940748033331,3.794132280781552,188,1438230.0329999998
MEDNG,LR,locked_test,base_estimator_log_odds,RATCAT_A,code_1,WTFA_A,10,K6SPD_A,0.1116189041821737,3.6883737409600057,188,1438230.0329999998
MEDNG,LR,locked_test,base_estimator_log_odds,RATCAT_A,code_1,WTFA_A,11,DISAB3_A,0.09873196017622003,3.2625330984537464,188,1438230.0329999998
MEDNG,LR,locked_test,base_estimator_log_odds,RATCAT_A,code_1,WTFA_A,12,HISPALLP_A,0.08603080693496502,2.8428317903447233,188,1438230.0329999998
MEDNG,LR,locked_test,base_estimator_log_odds,RATCAT_A,code_10,Unweighted,1,AGEP_A,0.3110155512740043,13.139623369670003,470,3697012.5979999998
MEDNG,LR,locked_test,base_estimator_log_odds,RATCAT_A,code_10,Unweighted,2,RATCAT_A,0.2971883977716224,12.555460974729666,470,3697012.5979999998
MEDNG,LR,locked_test,base_estimator_log_odds,RATCAT_A,code_10,Unweighted,3,EMPWRKLSW1_A,0.2971727643549554,12.554800502267295,470,3697012.5979999998
MEDNG,LR,locked_test,base_estimator_log_odds,RATCAT_A,code_10,Unweighted,4,PHSTAT_A,0.2946548973106834,12.448426963963124,470,3697012.5979999998
MEDNG,LR,locked_test,base_estimator_log_odds,RATCAT_A,code_10,Unweighted,5,NOTCOV_A,0.24520041984886537,10.359099902565998,470,3697012.5979999998
MEDNG,LR,locked_test,base_estimator_log_odds,RATCAT_A,code_10,Unweighted,6,FDSCAT3_A,0.21695850150427043,9.165950014192655,470,3697012.5979999998
MEDNG,LR,locked_test,base_estimator_log_odds,RATCAT_A,code_10,Unweighted,7,EDUCP_A,0.20926388916594932,8.8408720311561,470,3697012.5979999998
MEDNG,LR,locked_test,base_estimator_log_odds,RATCAT_A,code_10,Unweighted,8,CHRONIC_BURDEN_CAT,0.17798695245468954,7.519500264183276,470,3697012.5979999998
MEDNG,LR,locked_test,base_estimator_log_odds,RATCAT_A,code_10,Unweighted,9,SEX_A,0.11483329732116904,4.851417464228942,470,3697012.5979999998
MEDNG,LR,locked_test,base_estimator_log_odds,RATCAT_A,code_10,Unweighted,10,DISAB3_A,0.08112787707756293,3.4274483871095107,470,3697012.5979999998
MEDNG,LR,locked_test,base_estimator_log_odds,RATCAT_A,code_10,Unweighted,11,HISPALLP_A,0.074895795979963,3.164158663826316,470,3697012.5979999998
MEDNG,LR,locked_test,base_estimator_log_odds,RATCAT_A,code_10,Unweighted,12,K6SPD_A,0.046706725441657354,1.9732414621070984,470,3697012.5979999998
MEDNG,LR,locked_test,base_estimator_log_odds,RATCAT_A,code_10,WTFA_A,1,AGEP_A,0.3212166259246497,13.293203468024116,470,3697012.5979999998
MEDNG,LR,locked_test,base_estimator_log_odds,RATCAT_A,code_10,WTFA_A,2,PHSTAT_A,0.29995190283164,12.413185847663211,470,3697012.5979999998
MEDNG,LR,locked_test,base_estimator_log_odds,RATCAT_A,code_10,WTFA_A,3,RATCAT_A,0.29718839777162254,12.298821172603258,470,3697012.5979999998
MEDNG,LR,locked_test,base_estimator_log_odds,RATCAT_A,code_10,WTFA_A,4,EMPWRKLSW1_A,0.2931538501705269,12.131855773448068,470,3697012.5979999998
MEDNG,LR,locked_test,base_estimator_log_odds,RATCAT_A,code_10,WTFA_A,5,NOTCOV_A,0.259831432292707,10.752843464787889,470,3697012.5979999998
MEDNG,LR,locked_test,base_estimator_log_odds,RATCAT_A,code_10,WTFA_A,6,FDSCAT3_A,0.22451889404229275,9.291472171867156,470,3697012.5979999998
MEDNG,LR,locked_test,base_estimator_log_odds,RATCAT_A,code_10,WTFA_A,7,EDUCP_A,0.2152063876416395,8.906084142761216,470,3697012.5979999998
MEDNG,LR,locked_test,base_estimator_log_odds,RATCAT_A,code_10,WTFA_A,8,CHRONIC_BURDEN_CAT,0.17732423966320476,7.338372323880275,470,3697012.5979999998
MEDNG,LR,locked_test,base_estimator_log_odds,RATCAT_A,code_10,WTFA_A,9,SEX_A,0.11581093473127577,4.792710572727458,470,3697012.5979999998
MEDNG,LR,locked_test,base_estimator_log_odds,RATCAT_A,code_10,WTFA_A,10,HISPALLP_A,0.08167186958306194,3.379902197952384,470,3697012.5979999998
MEDNG,LR,locked_test,base_estimator_log_odds,RATCAT_A,code_10,WTFA_A,11,DISAB3_A,0.07954723767364913,3.291976598879855,470,3697012.5979999998
MEDNG,LR,locked_test,base_estimator_log_odds,RATCAT_A,code_10,WTFA_A,12,K6SPD_A,0.05097564983998323,2.109572265405107,470,3697012.5979999998
MEDNG,LR,locked_test,base_estimator_log_odds,RATCAT_A,code_11,Unweighted,1,AGEP_A,0.3039225419472398,13.362397986968913,388,3303098.671
MEDNG,LR,locked_test,base_estimator_log_odds,RATCAT_A,code_11,Unweighted,2,EMPWRKLSW1_A,0.30351694562998416,13.34456535310604,388,3303098.671
MEDNG,LR,locked_test,base_estimator_log_odds,RATCAT_A,code_11,Unweighted,3,PHSTAT_A,0.2983671198416711,13.118145748603848,388,3303098.671
MEDNG,LR,locked_test,base_estimator_log_odds,RATCAT_A,code_11,Unweighted,4,NOTCOV_A,0.22642732791913686,9.955207834852418,388,3303098.671
MEDNG,LR,locked_test,base_estimator_log_odds,RATCAT_A,code_11,Unweighted,5,FDSCAT3_A,0.21559427403379516,9.478916815098625,388,3303098.671
MEDNG,LR,locked_test,base_estimator_log_odds,RATCAT_A,code_11,Unweighted,6,RATCAT_A,0.210137140920748,9.23898599569576,388,3303098.671
MEDNG,LR,locked_test,base_estimator_log_odds,RATCAT_A,code_11,Unweighted,7,EDUCP_A,0.208031430573285,9.146405367987784,388,3303098.671
MEDNG,LR,locked_test,base_estimator_log_odds,RATCAT_A,code_11,Unweighted,8,CHRONIC_BURDEN_CAT,0.17067079015214714,7.50379030180442,388,3303098.671
MEDNG,LR,locked_test,base_estimator_log_odds,RATCAT_A,code_11,Unweighted,9,SEX_A,0.1157420949029169,5.088770072891751,388,3303098.671
MEDNG,LR,locked_test,base_estimator_log_odds,RATCAT_A,code_11,Unweighted,10,DISAB3_A,0.07912041509394573,3.4786444881835026,388,3303098.671
MEDNG,LR,locked_test,base_estimator_log_odds,RATCAT_A,code_11,Unweighted,11,HISPALLP_A,0.07578945716980744,3.332194063101475,388,3303098.671
MEDNG,LR,locked_test,base_estimator_log_odds,RATCAT_A,code_11,Unweighted,12,K6SPD_A,0.067141544651104,2.9519759717054566,388,3303098.671
MEDNG,LR,locked_test,base_estimator_log_odds,RATCAT_A,code_11,WTFA_A,1,PHSTAT_A,0.31369161148916386,13.428614362382888,388,3303098.671
MEDNG,LR,locked_test,base_estimator_log_odds,RATCAT_A,code_11,WTFA_A,2,AGEP_A,0.30777721821171133,13.175429056810497,388,3303098.671
MEDNG,LR,locked_test,base_estimator_log_odds,RATCAT_A,code_11,WTFA_A,3,EMPWRKLSW1_A,0.29856913606769553,12.781246427756026,388,3303098.671
MEDNG,LR,locked_test,base_estimator_log_odds,RATCAT_A,code_11,WTFA_A,4,FDSCAT3_A,0.23502764428305545,10.061141209972964,388,3303098.671
MEDNG,LR,locked_test,base_estimator_log_odds,RATCAT_A,code_11,WTFA_A,5,NOTCOV_A,0.23324538039251452,9.984845467270576,388,3303098.671
MEDNG,LR,locked_test,base_estimator_log_odds,RATCAT_A,code_11,WTFA_A,6,EDUCP_A,0.21411767444108293,9.166020298055926,388,3303098.671
MEDNG,LR,locked_test,base_estimator_log_odds,RATCAT_A,code_11,WTFA_A,7,RATCAT_A,0.2101371409207481,8.995620301233055,388,3303098.671
MEDNG,LR,locked_test,base_estimator_log_odds,RATCAT_A,code_11,WTFA_A,8,CHRONIC_BURDEN_CAT,0.17105044212169612,7.322383958127289,388,3303098.671
MEDNG,LR,locked_test,base_estimator_log_odds,RATCAT_A,code_11,WTFA_A,9,SEX_A,0.11642928409323781,4.984143341143885,388,3303098.671
MEDNG,LR,locked_test,base_estimator_log_odds,RATCAT_A,code_11,WTFA_A,10,HISPALLP_A,0.08544823805263248,3.6578964649602366,388,3303098.671
MEDNG,LR,locked_test,base_estimator_log_odds,RATCAT_A,code_11,WTFA_A,11,DISAB3_A,0.07624889405504766,3.2640879013712305,388,3303098.671
MEDNG,LR,locked_test,base_estimator_log_odds,RATCAT_A,code_11,WTFA_A,12,K6SPD_A,0.07425122938806233,3.1785712109154174,388,3303098.671
MEDNG,LR,locked_test,base_estimator_log_odds,RATCAT_A,code_12,Unweighted,1,AGEP_A,0.3127353317953497,15.137701420081337,394,3100767.9
MEDNG,LR,locked_test,base_estimator_log_odds,RATCAT_A,code_12,Unweighted,2,EMPWRKLSW1_A,0.2974002131212583,14.395417373065447,394,3100767.9
MEDNG,LR,locked_test,base_estimator_log_odds,RATCAT_A,code_12,Unweighted,3,PHSTAT_A,0.27844137756095055,13.477730233794071,394,3100767.9
MEDNG,LR,locked_test,base_estimator_log_odds,RATCAT_A,code_12,Unweighted,4,EDUCP_A,0.20997105016084935,10.163479277985187,394,3100767.9
MEDNG,LR,locked_test,base_estimator_log_odds,RATCAT_A,code_12,Unweighted,5,FDSCAT3_A,0.19499526678279497,9.438588566061556,394,3100767.9
MEDNG,LR,locked_test,base_estimator_log_odds,RATCAT_A,code_12,Unweighted,6,NOTCOV_A,0.18902805124591332,9.149750312359874,394,3100767.9
MEDNG,LR,locked_test,base_estimator_log_odds,RATCAT_A,code_12,Unweighted,7,CHRONIC_BURDEN_CAT,0.1779061726862501,8.611404753832582,394,3100767.9
MEDNG,LR,locked_test,base_estimator_log_odds,RATCAT_A,code_12,Unweighted,8,SEX_A,0.11716796149521096,5.671420644836984,394,3100767.9
MEDNG,LR,locked_test,base_estimator_log_odds,RATCAT_A,code_12,Unweighted,9,HISPALLP_A,0.08289840857973875,4.012630584705345,394,3100767.9
MEDNG,LR,locked_test,base_estimator_log_odds,RATCAT_A,code_12,Unweighted,10,RATCAT_A,0.07874360911240576,3.8115208685893642,394,3100767.9
MEDNG,LR,locked_test,base_estimator_log_odds,RATCAT_A,code_12,Unweighted,11,DISAB3_A,0.07783992212321982,3.767778628974235,394,3100767.9
MEDNG,LR,locked_test,base_estimator_log_odds,RATCAT_A,code_12,Unweighted,12,K6SPD_A,0.0488093526535367,2.3625773357140067,394,3100767.9
MEDNG,LR,locked_test,base_estimator_log_odds,RATCAT_A,code_12,WTFA_A,1,AGEP_A,0.3061121937153374,14.587325503392726,394,3100767.9
MEDNG,LR,locked_test,base_estimator_log_odds,RATCAT_A,code_12,WTFA_A,2,EMPWRKLSW1_A,0.2948564751576048,14.050950821994347,394,3100767.9
MEDNG,LR,locked_test,base_estimator_log_odds,RATCAT_A,code_12,WTFA_A,3,PHSTAT_A,0.28342390819539026,13.50614869048487,394,3100767.9
MEDNG,LR,locked_test,base_estimator_log_odds,RATCAT_A,code_12,WTFA_A,4,EDUCP_A,0.21852867123621553,10.413661803067379,394,3100767.9
MEDNG,LR,locked_test,base_estimator_log_odds,RATCAT_A,code_12,WTFA_A,5,NOTCOV_A,0.20435061160723397,9.738027264291725,394,3100767.9
MEDNG,LR,locked_test,base_estimator_log_odds,RATCAT_A,code_12,WTFA_A,6,FDSCAT3_A,0.20097454218901517,9.577145651155451,394,3100767.9
MEDNG,LR,locked_test,base_estimator_log_odds,RATCAT_A,code_12,WTFA_A,7,CHRONIC_BURDEN_CAT,0.17937937379507218,8.548059724065702,394,3100767.9
MEDNG,LR,locked_test,base_estimator_log_odds,RATCAT_A,code_12,WTFA_A,8,SEX_A,0.11804454579133723,5.625238878787297,394,3100767.9
MEDNG,LR,locked_test,base_estimator_log_odds,RATCAT_A,code_12,WTFA_A,9,HISPALLP_A,0.0862032930110384,4.107890898935308,394,3100767.9
MEDNG,LR,locked_test,base_estimator_log_odds,RATCAT_A,code_12,WTFA_A,10,RATCAT_A,0.07874360911240577,3.7524106553649923,394,3100767.9
MEDNG,LR,locked_test,base_estimator_log_odds,RATCAT_A,code_12,WTFA_A,11,DISAB3_A,0.0753114073639018,3.588854138745796,394,3100767.9
MEDNG,LR,locked_test,base_estimator_log_odds,RATCAT_A,code_12,WTFA_A,12,K6SPD_A,0.052551954894098,2.504285969714413,394,3100767.9
MEDNG,LR,locked_test,base_estimator_log_odds,RATCAT_A,code_13,Unweighted,1,PHSTAT_A,0.297696754318562,14.841572485626847,322,2593253.9520000005
MEDNG,LR,locked_test,base_estimator_log_odds,RATCAT_A,code_13,Unweighted,2,EMPWRKLSW1_A,0.2961982429832031,14.766864702348618,322,2593253.9520000005
MEDNG,LR,locked_test,base_estimator_log_odds,RATCAT_A,code_13,Unweighted,3,AGEP_A,0.28536043752166684,14.226549522525097,322,2593253.9520000005
MEDNG,LR,locked_test,base_estimator_log_odds,RATCAT_A,code_13,Unweighted,4,EDUCP_A,0.19560046844849965,9.751596174926672,322,2593253.9520000005
MEDNG,LR,locked_test,base_estimator_log_odds,RATCAT_A,code_13,Unweighted,5,CHRONIC_BURDEN_CAT,0.1893247047900688,9.43872006899643,322,2593253.9520000005
MEDNG,LR,locked_test,base_estimator_log_odds,RATCAT_A,code_13,Unweighted,6,NOTCOV_A,0.17670264601368443,8.809451534724504,322,2593253.9520000005
MEDNG,LR,locked_test,base_estimator_log_odds,RATCAT_A,code_13,Unweighted,7,FDSCAT3_A,0.1578912736090328,7.871616831968559,322,2593253.9520000005
MEDNG,LR,locked_test,base_estimator_log_odds,RATCAT_A,code_13,Unweighted,8,SEX_A,0.11558849357203133,5.7626258296990445,322,2593253.9520000005
MEDNG,LR,locked_test,base_estimator_log_odds,RATCAT_A,code_13,Unweighted,9,RATCAT_A,0.0985688511321877,4.914117227283824,322,2593253.9520000005
MEDNG,LR,locked_test,base_estimator_log_odds,RATCAT_A,code_13,Unweighted,10,HISPALLP_A,0.07900223408910934,3.938630054747855,322,2593253.9520000005
MEDNG,LR,locked_test,base_estimator_log_odds,RATCAT_A,code_13,Unweighted,11,DISAB3_A,0.06674868596095647,3.3277334960454055,322,2593253.9520000005
MEDNG,LR,locked_test,base_estimator_log_odds,RATCAT_A,code_13,Unweighted,12,K6SPD_A,0.047147483341161533,2.3505220711071177,322,2593253.9520000005
MEDNG,LR,locked_test,base_estimator_log_odds,RATCAT_A,code_13,WTFA_A,1,PHSTAT_A,0.3089460999676611,15.112950705331633,322,2593253.9520000005
MEDNG,LR,locked_test,base_estimator_log_odds,RATCAT_A,code_13,WTFA_A,2,AGEP_A,0.2950253922220092,14.431980885789041,322,2593253.9520000005
MEDNG,LR,locked_test,base_estimator_log_odds,RATCAT_A,code_13,WTFA_A,3,EMPWRKLSW1_A,0.29258546605468916,14.312625166797229,322,2593253.9520000005
MEDNG,LR,locked_test,base_estimator_log_odds,RATCAT_A,code_13,WTFA_A,4,EDUCP_A,0.19913498814378677,9.741237257369066,322,2593253.9520000005
MEDNG,LR,locked_test,base_estimator_log_odds,RATCAT_A,code_13,WTFA_A,5,NOTCOV_A,0.191743602959103,9.379667261981727,322,2593253.9520000005
MEDNG,LR,locked_test,base_estimator_log_odds,RATCAT_A,code_13,WTFA_A,6,CHRONIC_BURDEN_CAT,0.1904959219910174,9.318633505709572,322,2593253.9520000005
MEDNG,LR,locked_test,base_estimator_log_odds,RATCAT_A,code_13,WTFA_A,7,FDSCAT3_A,0.15169201408945202,7.42043331042641,322,2593253.9520000005
MEDNG,LR,locked_test,base_estimator_log_odds,RATCAT_A,code_13,WTFA_A,8,SEX_A,0.1160693532398061,5.677852590133132,322,2593253.9520000005
MEDNG,LR,locked_test,base_estimator_log_odds,RATCAT_A,code_13,WTFA_A,9,RATCAT_A,0.09856885113218769,4.821767254540049,322,2593253.9520000005
MEDNG,LR,locked_test,base_estimator_log_odds,RATCAT_A,code_13,WTFA_A,10,HISPALLP_A,0.07476425812253074,3.657299922688036,322,2593253.9520000005
MEDNG,LR,locked_test,base_estimator_log_odds,RATCAT_A,code_13,WTFA_A,11,DISAB3_A,0.07168171717622192,3.5065089291341187,322,2593253.9520000005
MEDNG,LR,locked_test,base_estimator_log_odds,RATCAT_A,code_13,WTFA_A,12,K6SPD_A,0.053539722399922905,2.619043210099987,322,2593253.9520000005
MEDNG,LR,locked_test,base_estimator_log_odds,RATCAT_A,code_14,Unweighted,1,PHSTAT_A,0.3053736704835567,13.787386631425719,1930,15348993.286000002
MEDNG,LR,locked_test,base_estimator_log_odds,RATCAT_A,code_14,Unweighted,2,RATCAT_A,0.3030577683050852,13.68282542716542,1930,15348993.286000002
MEDNG,LR,locked_test,base_estimator_log_odds,RATCAT_A,code_14,Unweighted,3,EMPWRKLSW1_A,0.29339485567726514,13.24655234515911,1930,15348993.286000002
MEDNG,LR,locked_test,base_estimator_log_odds,RATCAT_A,code_14,Unweighted,4,AGEP_A,0.27358087788338137,12.351966469048127,1930,15348993.286000002
MEDNG,LR,locked_test,base_estimator_log_odds,RATCAT_A,code_14,Unweighted,5,EDUCP_A,0.19236057172292614,8.684932040101634,1930,15348993.286000002
MEDNG,LR,locked_test,base_estimator_log_odds,RATCAT_A,code_14,Unweighted,6,NOTCOV_A,0.18153737457393274,8.196273003305755,1930,15348993.286000002
MEDNG,LR,locked_test,base_estimator_log_odds,RATCAT_A,code_14,Unweighted,7,CHRONIC_BURDEN_CAT,0.17950301769723156,8.104423353134658,1930,15348993.286000002
MEDNG,LR,locked_test,base_estimator_log_odds,RATCAT_A,code_14,Unweighted,8,FDSCAT3_A,0.17053528054619338,7.699536909864752,1930,15348993.286000002
MEDNG,LR,locked_test,base_estimator_log_odds,RATCAT_A,code_14,Unweighted,9,SEX_A,0.11691833686716645,5.27877309179378,1930,15348993.286000002
MEDNG,LR,locked_test,base_estimator_log_odds,RATCAT_A,code_14,Unweighted,10,HISPALLP_A,0.08862292832318706,4.001257132830326,1930,15348993.286000002
MEDNG,LR,locked_test,base_estimator_log_odds,RATCAT_A,code_14,Unweighted,11,DISAB3_A,0.06578020468673092,2.9699257086380557,1930,15348993.286000002
MEDNG,LR,locked_test,base_estimator_log_odds,RATCAT_A,code_14,Unweighted,12,K6SPD_A,0.04421222263067938,1.9961478875326608,1930,15348993.286000002
MEDNG,LR,locked_test,base_estimator_log_odds,RATCAT_A,code_14,WTFA_A,1,PHSTAT_A,0.31299999492577896,14.0274033207671,1930,15348993.286000002
MEDNG,LR,locked_test,base_estimator_log_odds,RATCAT_A,code_14,WTFA_A,2,RATCAT_A,0.3030577683050852,13.581832633943256,1930,15348993.286000002
MEDNG,LR,locked_test,base_estimator_log_odds,RATCAT_A,code_14,WTFA_A,3,EMPWRKLSW1_A,0.2907000490955903,13.028009265615465,1930,15348993.286000002
MEDNG,LR,locked_test,base_estimator_log_odds,RATCAT_A,code_14,WTFA_A,4,AGEP_A,0.279171434467755,12.511343036426906,1930,15348993.286000002
MEDNG,LR,locked_test,base_estimator_log_odds,RATCAT_A,code_14,WTFA_A,5,EDUCP_A,0.19723777659815708,8.839405390692667,1930,15348993.286000002
MEDNG,LR,locked_test,base_estimator_log_odds,RATCAT_A,code_14,WTFA_A,6,NOTCOV_A,0.18567675952758722,8.321287014091377,1930,15348993.286000002
MEDNG,LR,locked_test,base_estimator_log_odds,RATCAT_A,code_14,WTFA_A,7,CHRONIC_BURDEN_CAT,0.1806061008542545,8.094040447107723,1930,15348993.286000002
MEDNG,LR,locked_test,base_estimator_log_odds,RATCAT_A,code_14,WTFA_A,8,FDSCAT3_A,0.1709596702388297,7.661726149848882,1930,15348993.286000002
MEDNG,LR,locked_test,base_estimator_log_odds,RATCAT_A,code_14,WTFA_A,9,SEX_A,0.11740985423594193,5.261838357507233,1930,15348993.286000002
MEDNG,LR,locked_test,base_estimator_log_odds,RATCAT_A,code_14,WTFA_A,10,HISPALLP_A,0.08629184234106778,3.867253979020788,1930,15348993.286000002
MEDNG,LR,locked_test,base_estimator_log_odds,RATCAT_A,code_14,WTFA_A,11,DISAB3_A,0.0639928331096853,2.8679018984679314,1930,15348993.286000002
MEDNG,LR,locked_test,base_estimator_log_odds,RATCAT_A,code_14,WTFA_A,12,K6SPD_A,0.04324257233027551,1.9379585065106963,1930,15348993.286000002
MEDNG,LR,locked_test,base_estimator_log_odds,RATCAT_A,code_2,Unweighted,1,FDSCAT3_A,0.4745109943192673,15.52903008612792,187,1384944.663
MEDNG,LR,locked_test,base_estimator_log_odds,RATCAT_A,code_2,Unweighted,2,RATCAT_A,0.38643945534484575,12.646766882874998,187,1384944.663
MEDNG,LR,locked_test,base_estimator_log_odds,RATCAT_A,code_2,Unweighted,3,PHSTAT_A,0.3710387409636986,12.142757155311587,187,1384944.663
MEDNG,LR,locked_test,base_estimator_log_odds,RATCAT_A,code_2,Unweighted,4,NOTCOV_A,0.33149579971521614,10.848659586039021,187,1384944.663
MEDNG,LR,locked_test,base_estimator_log_odds,RATCAT_A,code_2,Unweighted,5,EMPWRKLSW1_A,0.3281419540670998,10.738900337892316,187,1384944.663
MEDNG,LR,locked_test,base_estimator_log_odds,RATCAT_A,code_2,Unweighted,6,AGEP_A,0.3126368269073718,10.231473557406279,187,1384944.663
MEDNG,LR,locked_test,base_estimator_log_odds,RATCAT_A,code_2,Unweighted,7,EDUCP_A,0.254107443667374,8.31601835375952,187,1384944.663
MEDNG,LR,locked_test,base_estimator_log_odds,RATCAT_A,code_2,Unweighted,8,CHRONIC_BURDEN_CAT,0.1639117420793258,5.364238984327651,187,1384944.663
MEDNG,LR,locked_test,base_estimator_log_odds,RATCAT_A,code_2,Unweighted,9,DISAB3_A,0.13466463232057577,4.407086773286725,187,1384944.663
MEDNG,LR,locked_test,base_estimator_log_odds,RATCAT_A,code_2,Unweighted,10,SEX_A,0.1124099217433566,3.6787705187655955,187,1384944.663
MEDNG,LR,locked_test,base_estimator_log_odds,RATCAT_A,code_2,Unweighted,11,K6SPD_A,0.11019049630417624,3.606136744561073,187,1384944.663
MEDNG,LR,locked_test,base_estimator_log_odds,RATCAT_A,code_2,Unweighted,12,HISPALLP_A,0.07609031439146083,2.490161019647314,187,1384944.663
MEDNG,LR,locked_test,base_estimator_log_odds,RATCAT_A,code_2,WTFA_A,1,FDSCAT3_A,0.4605696177321096,14.693313982960415,187,1384944.663
MEDNG,LR,locked_test,base_estimator_log_odds,RATCAT_A,code_2,WTFA_A,2,RATCAT_A,0.38643945534484564,12.328377804739786,187,1384944.663
MEDNG,LR,locked_test,base_estimator_log_odds,RATCAT_A,code_2,WTFA_A,3,NOTCOV_A,0.3803544930181139,12.134252403065636,187,1384944.663
MEDNG,LR,locked_test,base_estimator_log_odds,RATCAT_A,code_2,WTFA_A,4,PHSTAT_A,0.37612987923884983,11.999476737616567,187,1384944.663
MEDNG,LR,locked_test,base_estimator_log_odds,RATCAT_A,code_2,WTFA_A,5,AGEP_A,0.3493341680654679,11.144627041698877,187,1384944.663
MEDNG,LR,locked_test,base_estimator_log_odds,RATCAT_A,code_2,WTFA_A,6,EMPWRKLSW1_A,0.323307521411999,10.314312412857209,187,1384944.663
MEDNG,LR,locked_test,base_estimator_log_odds,RATCAT_A,code_2,WTFA_A,7,EDUCP_A,0.26039773746430256,8.30733415689818,187,1384944.663
MEDNG,LR,locked_test,base_estimator_log_odds,RATCAT_A,code_2,WTFA_A,8,CHRONIC_BURDEN_CAT,0.16941501024995922,5.404759331035576,187,1384944.663
MEDNG,LR,locked_test,base_estimator_log_odds,RATCAT_A,code_2,WTFA_A,9,K6SPD_A,0.11859135038590124,3.7833584322464926,187,1384944.663
MEDNG,LR,locked_test,base_estimator_log_odds,RATCAT_A,code_2,WTFA_A,10,DISAB3_A,0.11770385368811763,3.7550450847365404,187,1384944.663
MEDNG,LR,locked_test,base_estimator_log_odds,RATCAT_A,code_2,WTFA_A,11,SEX_A,0.11292105335107,3.6024618826224026,187,1384944.663
MEDNG,LR,locked_test,base_estimator_log_odds,RATCAT_A,code_2,WTFA_A,12,HISPALLP_A,0.07938820315051559,2.532680729522314,187,1384944.663
MEDNG,LR,locked_test,base_estimator_log_odds,RATCAT_A,code_3,Unweighted,1,FDSCAT3_A,0.4346238265338252,16.61741924189441,322,2378042.798
MEDNG,LR,locked_test,base_estimator_log_odds,RATCAT_A,code_3,Unweighted,2,PHSTAT_A,0.36680078376426845,14.02427117417119,322,2378042.798
MEDNG,LR,locked_test,base_estimator_log_odds,RATCAT_A,code_3,Unweighted,3,EMPWRKLSW1_A,0.31922474919921107,12.20524777055462,322,2378042.798
MEDNG,LR,locked_test,base_estimator_log_odds,RATCAT_A,code_3,Unweighted,4,AGEP_A,0.31499518642303764,12.043534551971756,322,2378042.798
MEDNG,LR,locked_test,base_estimator_log_odds,RATCAT_A,code_3,Unweighted,5,NOTCOV_A,0.2735314101591419,10.458207399007577,322,2378042.798
MEDNG,LR,locked_test,base_estimator_log_odds,RATCAT_A,code_3,Unweighted,6,EDUCP_A,0.237713039896983,9.088726853142072,322,2378042.798
MEDNG,LR,locked_test,base_estimator_log_odds,RATCAT_A,code_3,Unweighted,7,CHRONIC_BURDEN_CAT,0.16003977145463355,6.118964988293471,322,2378042.798
MEDNG,LR,locked_test,base_estimator_log_odds,RATCAT_A,code_3,Unweighted,8,DISAB3_A,0.12300139186251696,4.702838572419843,322,2378042.798
MEDNG,LR,locked_test,base_estimator_log_odds,RATCAT_A,code_3,Unweighted,9,SEX_A,0.11423400910876774,4.367626221005264,322,2378042.798
MEDNG,LR,locked_test,base_estimator_log_odds,RATCAT_A,code_3,Unweighted,10,K6SPD_A,0.09686416996777984,3.703507317373093,322,2378042.798
MEDNG,LR,locked_test,base_estimator_log_odds,RATCAT_A,code_3,Unweighted,11,RATCAT_A,0.0910928603470257,3.4828469078697815,322,2378042.798
MEDNG,LR,locked_test,base_estimator_log_odds,RATCAT_A,code_3,Unweighted,12,HISPALLP_A,0.08335007397050098,3.1868090022969118,322,2378042.798
MEDNG,LR,locked_test,base_estimator_log_odds,RATCAT_A,code_3,WTFA_A,1,FDSCAT3_A,0.4319892611998034,16.20763973196069,322,2378042.798
MEDNG,LR,locked_test,base_estimator_log_odds,RATCAT_A,code_3,WTFA_A,2,PHSTAT_A,0.3579009638536127,13.427949263715352,322,2378042.798
MEDNG,LR,locked_test,base_estimator_log_odds,RATCAT_A,code_3,WTFA_A,3,NOTCOV_A,0.3370645703384581,12.646196591278454,322,2378042.798
MEDNG,LR,locked_test,base_estimator_log_odds,RATCAT_A,code_3,WTFA_A,4,AGEP_A,0.32969689295213656,12.369771523657194,322,2378042.798
MEDNG,LR,locked_test,base_estimator_log_odds,RATCAT_A,code_3,WTFA_A,5,EMPWRKLSW1_A,0.3105121607567609,11.649986900045961,322,2378042.798
MEDNG,LR,locked_test,base_estimator_log_odds,RATCAT_A,code_3,WTFA_A,6,EDUCP_A,0.24218529471476347,9.086457367513367,322,2378042.798
MEDNG,LR,locked_test,base_estimator_log_odds,RATCAT_A,code_3,WTFA_A,7,CHRONIC_BURDEN_CAT,0.1695118713268026,6.359851013714375,322,2378042.798
MEDNG,LR,locked_test,base_estimator_log_odds,RATCAT_A,code_3,WTFA_A,8,SEX_A,0.11509256041103466,4.318113718359766,322,2378042.798
MEDNG,LR,locked_test,base_estimator_log_odds,RATCAT_A,code_3,WTFA_A,9,DISAB3_A,0.10630864802926303,3.9885534720576796,322,2378042.798
MEDNG,LR,locked_test,base_estimator_log_odds,RATCAT_A,code_3,WTFA_A,10,RATCAT_A,0.09109286034702573,3.4176781583825915,322,2378042.798
MEDNG,LR,locked_test,base_estimator_log_odds,RATCAT_A,code_3,WTFA_A,11,K6SPD_A,0.08780754016819205,3.294417488164105,322,2378042.798
MEDNG,LR,locked_test,base_estimator_log_odds,RATCAT_A,code_3,WTFA_A,12,HISPALLP_A,0.08618080865343926,3.233384771150462,322,2378042.798
MEDNG,LR,locked_test,base_estimator_log_odds,RATCAT_A,code_4,Unweighted,1,FDSCAT3_A,0.37535468422267226,14.577742207367296,252,1789827.5900000003
MEDNG,LR,locked_test,base_estimator_log_odds,RATCAT_A,code_4,Unweighted,2,PHSTAT_A,0.3391258537252638,13.17071420514761,252,1789827.5900000003
MEDNG,LR,locked_test,base_estimator_log_odds,RATCAT_A,code_4,Unweighted,3,AGEP_A,0.32722786586906594,12.708629123904437,252,1789827.5900000003
MEDNG,LR,locked_test,base_estimator_log_odds,RATCAT_A,code_4,Unweighted,4,EMPWRKLSW1_A,0.31842497246901924,12.36674898743946,252,1789827.5900000003
MEDNG,LR,locked_test,base_estimator_log_odds,RATCAT_A,code_4,Unweighted,5,NOTCOV_A,0.3042263150494832,11.815312236406589,252,1789827.5900000003
MEDNG,LR,locked_test,base_estimator_log_odds,RATCAT_A,code_4,Unweighted,6,EDUCP_A,0.2336149702696108,9.072962068995691,252,1789827.5900000003
MEDNG,LR,locked_test,base_estimator_log_odds,RATCAT_A,code_4,Unweighted,7,CHRONIC_BURDEN_CAT,0.15913324572498153,6.180297010558242,252,1789827.5900000003
MEDNG,LR,locked_test,base_estimator_log_odds,RATCAT_A,code_4,Unweighted,8,DISAB3_A,0.12113726710554518,4.704637842009824,252,1789827.5900000003
MEDNG,LR,locked_test,base_estimator_log_odds,RATCAT_A,code_4,Unweighted,9,SEX_A,0.11408769134267445,4.430851733931125,252,1789827.5900000003
MEDNG,LR,locked_test,base_estimator_log_odds,RATCAT_A,code_4,Unweighted,10,K6SPD_A,0.1042818246712898,4.050018877798553,252,1789827.5900000003
MEDNG,LR,locked_test,base_estimator_log_odds,RATCAT_A,code_4,Unweighted,11,RATCAT_A,0.09120237685301563,3.542049145372348,252,1789827.5900000003
MEDNG,LR,locked_test,base_estimator_log_odds,RATCAT_A,code_4,Unweighted,12,HISPALLP_A,0.08703079928247706,3.3800365610688283,252,1789827.5900000003
MEDNG,LR,locked_test,base_estimator_log_odds,RATCAT_A,code_4,WTFA_A,1,FDSCAT3_A,0.3954750024565393,14.801254612022143,252,1789827.5900000003
MEDNG,LR,locked_test,base_estimator_log_odds,RATCAT_A,code_4,WTFA_A,2,NOTCOV_A,0.36643581658226876,13.71441882927719,252,1789827.5900000003
MEDNG,LR,locked_test,base_estimator_log_odds,RATCAT_A,code_4,WTFA_A,3,AGEP_A,0.33862347689716643,12.673499634692982,252,1789827.5900000003
MEDNG,LR,locked_test,base_estimator_log_odds,RATCAT_A,code_4,WTFA_A,4,PHSTAT_A,0.333059649735225,12.465264924712217,252,1789827.5900000003
MEDNG,LR,locked_test,base_estimator_log_odds,RATCAT_A,code_4,WTFA_A,5,EMPWRKLSW1_A,0.3149444887242363,11.78727741906479,252,1789827.5900000003
MEDNG,LR,locked_test,base_estimator_log_odds,RATCAT_A,code_4,WTFA_A,6,EDUCP_A,0.24490681971414005,9.166010929370819,252,1789827.5900000003
MEDNG,LR,locked_test,base_estimator_log_odds,RATCAT_A,code_4,WTFA_A,7,CHRONIC_BURDEN_CAT,0.165075126036681,6.178188141863832,252,1789827.5900000003
MEDNG,LR,locked_test,base_estimator_log_odds,RATCAT_A,code_4,WTFA_A,8,SEX_A,0.11476917979400951,4.295411444951601,252,1789827.5900000003
MEDNG,LR,locked_test,base_estimator_log_odds,RATCAT_A,code_4,WTFA_A,9,K6SPD_A,0.10809280493515416,4.045537942056608,252,1789827.5900000003
MEDNG,LR,locked_test,base_estimator_log_odds,RATCAT_A,code_4,WTFA_A,10,DISAB3_A,0.10655543925746667,3.9879996888525078,252,1789827.5900000003
MEDNG,LR,locked_test,base_estimator_log_odds,RATCAT_A,code_4,WTFA_A,11,HISPALLP_A,0.09276171397453847,3.4717485005530806,252,1789827.5900000003
MEDNG,LR,locked_test,base_estimator_log_odds,RATCAT_A,code_4,WTFA_A,12,RATCAT_A,0.09120237685301562,3.4133879325822294,252,1789827.5900000003
MEDNG,LR,locked_test,base_estimator_log_odds,RATCAT_A,code_5,Unweighted,1,FDSCAT3_A,0.39228175350740285,15.181155412967975,331,2620717.5870000003
MEDNG,LR,locked_test,base_estimator_log_odds,RATCAT_A,code_5,Unweighted,2,NOTCOV_A,0.3443536544055666,13.326356114740161,331,2620717.5870000003
MEDNG,LR,locked_test,base_estimator_log_odds,RATCAT_A,code_5,Unweighted,3,AGEP_A,0.331821428903576,12.841363730274109,331,2620717.5870000003
MEDNG,LR,locked_test,base_estimator_log_odds,RATCAT_A,code_5,Unweighted,4,PHSTAT_A,0.3277789575051297,12.68492161691149,331,2620717.5870000003
MEDNG,LR,locked_test,base_estimator_log_odds,RATCAT_A,code_5,Unweighted,5,EMPWRKLSW1_A,0.3163115055424206,12.241135565482653,331,2620717.5870000003
MEDNG,LR,locked_test,base_estimator_log_odds,RATCAT_A,code_5,Unweighted,6,EDUCP_A,0.2379009823870741,9.206677991582326,331,2620717.5870000003
MEDNG,LR,locked_test,base_estimator_log_odds,RATCAT_A,code_5,Unweighted,7,CHRONIC_BURDEN_CAT,0.17478502096149431,6.764114168836141,331,2620717.5870000003
MEDNG,LR,locked_test,base_estimator_log_odds,RATCAT_A,code_5,Unweighted,8,SEX_A,0.11447839829943715,4.430270693124674,331,2620717.5870000003
MEDNG,LR,locked_test,base_estimator_log_odds,RATCAT_A,code_5,Unweighted,9,DISAB3_A,0.10944135017913877,4.23533883699539,331,2620717.5870000003
MEDNG,LR,locked_test,base_estimator_log_odds,RATCAT_A,code_5,Unweighted,10,RATCAT_A,0.08720757145211078,3.374900013994709,331,2620717.5870000003
MEDNG,LR,locked_test,base_estimator_log_odds,RATCAT_A,code_5,Unweighted,11,K6SPD_A,0.07951770091361508,3.0773049341656806,331,2620717.5870000003
MEDNG,LR,locked_test,base_estimator_log_odds,RATCAT_A,code_5,Unweighted,12,HISPALLP_A,0.0681262713528786,2.636460920924686,331,2620717.5870000003
MEDNG,LR,locked_test,base_estimator_log_odds,RATCAT_A,code_5,WTFA_A,1,NOTCOV_A,0.4037247256294592,15.20200942107938,331,2620717.5870000003
MEDNG,LR,locked_test,base_estimator_log_odds,RATCAT_A,code_5,WTFA_A,2,FDSCAT3_A,0.3956635103125218,14.89846925270756,331,2620717.5870000003
MEDNG,LR,locked_test,base_estimator_log_odds,RATCAT_A,code_5,WTFA_A,3,PHSTAT_A,0.33452306123845743,12.59626276440342,331,2620717.5870000003
MEDNG,LR,locked_test,base_estimator_log_odds,RATCAT_A,code_5,WTFA_A,4,AGEP_A,0.3298888147298623,12.421763025816869,331,2620717.5870000003
MEDNG,LR,locked_test,base_estimator_log_odds,RATCAT_A,code_5,WTFA_A,5,EMPWRKLSW1_A,0.3137154890412481,11.812766266688085,331,2620717.5870000003
MEDNG,LR,locked_test,base_estimator_log_odds,RATCAT_A,code_5,WTFA_A,6,EDUCP_A,0.24805410746311835,9.340326809839073,331,2620717.5870000003
MEDNG,LR,locked_test,base_estimator_log_odds,RATCAT_A,code_5,WTFA_A,7,CHRONIC_BURDEN_CAT,0.18014447843021208,6.783230960109634,331,2620717.5870000003
MEDNG,LR,locked_test,base_estimator_log_odds,RATCAT_A,code_5,WTFA_A,8,SEX_A,0.11546513939447421,4.347769718944751,331,2620717.5870000003
MEDNG,LR,locked_test,base_estimator_log_odds,RATCAT_A,code_5,WTFA_A,9,DISAB3_A,0.09755725608252865,3.6734592456505144,331,2620717.5870000003
MEDNG,LR,locked_test,base_estimator_log_odds,RATCAT_A,code_5,WTFA_A,10,RATCAT_A,0.08720757145211076,3.2837481547295755,331,2620717.5870000003
MEDNG,LR,locked_test,base_estimator_log_odds,RATCAT_A,code_5,WTFA_A,11,K6SPD_A,0.0823427416885522,3.1005659436765893,331,2620717.5870000003
MEDNG,LR,locked_test,base_estimator_log_odds,RATCAT_A,code_5,WTFA_A,12,HISPALLP_A,0.06744574123512223,2.5396284363545423,331,2620717.5870000003
MEDNG,LR,locked_test,base_estimator_log_odds,RATCAT_A,code_6,Unweighted,1,AGEP_A,0.3535403770424308,13.366227827360662,299,2176686.528
MEDNG,LR,locked_test,base_estimator_log_odds,RATCAT_A,code_6,Unweighted,2,FDSCAT3_A,0.35055337487032673,13.25329885475742,299,2176686.528
MEDNG,LR,locked_test,base_estimator_log_odds,RATCAT_A,code_6,Unweighted,3,PHSTAT_A,0.34180317191378373,12.922481743480871,299,2176686.528
MEDNG,LR,locked_test,base_estimator_log_odds,RATCAT_A,code_6,Unweighted,4,EMPWRKLSW1_A,0.31471014957331245,11.898181457997357,299,2176686.528
MEDNG,LR,locked_test,base_estimator_log_odds,RATCAT_A,code_6,Unweighted,5,NOTCOV_A,0.29411226381173045,11.119441456206243,299,2176686.528
MEDNG,LR,locked_test,base_estimator_log_odds,RATCAT_A,code_6,Unweighted,6,EDUCP_A,0.22976095117609838,8.686524704594756,299,2176686.528
MEDNG,LR,locked_test,base_estimator_log_odds,RATCAT_A,code_6,Unweighted,7,RATCAT_A,0.20139077179271325,7.613939207250262,299,2176686.528
MEDNG,LR,locked_test,base_estimator_log_odds,RATCAT_A,code_6,Unweighted,8,CHRONIC_BURDEN_CAT,0.16505240588592077,6.240102131984908,299,2176686.528
MEDNG,LR,locked_test,base_estimator_log_odds,RATCAT_A,code_6,Unweighted,9,SEX_A,0.11466813874442916,4.335234577219152,299,2176686.528
MEDNG,LR,locked_test,base_estimator_log_odds,RATCAT_A,code_6,Unweighted,10,DISAB3_A,0.10645201279836018,4.024609204886455,299,2176686.528
MEDNG,LR,locked_test,base_estimator_log_odds,RATCAT_A,code_6,Unweighted,11,K6SPD_A,0.10271486393735786,3.883319591748651,299,2176686.528
MEDNG,LR,locked_test,base_estimator_log_odds,RATCAT_A,code_6,Unweighted,12,HISPALLP_A,0.07026883363017804,2.6566392425132785,299,2176686.528
MEDNG,LR,locked_test,base_estimator_log_odds,RATCAT_A,code_6,WTFA_A,1,FDSCAT3_A,0.40211284275017783,14.557893812249704,299,2176686.528
MEDNG,LR,locked_test,base_estimator_log_odds,RATCAT_A,code_6,WTFA_A,2,NOTCOV_A,0.39083965868014675,14.149765050444856,299,2176686.528
MEDNG,LR,locked_test,base_estimator_log_odds,RATCAT_A,code_6,WTFA_A,3,AGEP_A,0.35256416727109346,12.764058153510819,299,2176686.528
MEDNG,LR,locked_test,base_estimator_log_odds,RATCAT_A,code_6,WTFA_A,4,PHSTAT_A,0.31766547003930135,11.500603037251523,299,2176686.528
MEDNG,LR,locked_test,base_estimator_log_odds,RATCAT_A,code_6,WTFA_A,5,EMPWRKLSW1_A,0.30972883879677265,11.213269178264335,299,2176686.528
MEDNG,LR,locked_test,base_estimator_log_odds,RATCAT_A,code_6,WTFA_A,6,EDUCP_A,0.24202471442506143,8.762142657376106,299,2176686.528
MEDNG,LR,locked_test,base_estimator_log_odds,RATCAT_A,code_6,WTFA_A,7,RATCAT_A,0.20139077179271325,7.291051562724642,299,2176686.528
MEDNG,LR,locked_test,base_estimator_log_odds,RATCAT_A,code_6,WTFA_A,8,CHRONIC_BURDEN_CAT,0.17097119868354954,6.189756433455917,299,2176686.528
MEDNG,LR,locked_test,base_estimator_log_odds,RATCAT_A,code_6,WTFA_A,9,SEX_A,0.11543719647300264,4.179230975922455,299,2176686.528
MEDNG,LR,locked_test,base_estimator_log_odds,RATCAT_A,code_6,WTFA_A,10,DISAB3_A,0.10065631493156797,3.644111275541902,299,2176686.528
MEDNG,LR,locked_test,base_estimator_log_odds,RATCAT_A,code_6,WTFA_A,11,HISPALLP_A,0.08359193741643775,3.026321020104214,299,2176686.528
MEDNG,LR,locked_test,base_estimator_log_odds,RATCAT_A,code_6,WTFA_A,12,K6SPD_A,0.0751804814696475,2.721796843153552,299,2176686.528
MEDNG,LR,locked_test,base_estimator_log_odds,RATCAT_A,code_7,Unweighted,1,NOTCOV_A,0.35066277023137365,13.656215641013334,274,2014189.3329999999
MEDNG,LR,locked_test,base_estimator_log_odds,RATCAT_A,code_7,Unweighted,2,AGEP_A,0.3380050800722855,13.1632743851863,274,2014189.3329999999
MEDNG,LR,locked_test,base_estimator_log_odds,RATCAT_A,code_7,Unweighted,3,FDSCAT3_A,0.3075485636811206,11.977175401147095,274,2014189.3329999999
MEDNG,LR,locked_test,base_estimator_log_odds,RATCAT_A,code_7,Unweighted,4,EMPWRKLSW1_A,0.30524618303028794,11.887511458109397,274,2014189.3329999999
MEDNG,LR,locked_test,base_estimator_log_odds,RATCAT_A,code_7,Unweighted,5,PHSTAT_A,0.29922106163202034,11.652869049325208,274,2014189.3329999999
MEDNG,LR,locked_test,base_estimator_log_odds,RATCAT_A,code_7,Unweighted,6,RATCAT_A,0.2370349820977999,9.231093531416121,274,2014189.3329999999
MEDNG,LR,locked_test,base_estimator_log_odds,RATCAT_A,code_7,Unweighted,7,EDUCP_A,0.21539368032138986,8.388294383916376,274,2014189.3329999999
MEDNG,LR,locked_test,base_estimator_log_odds,RATCAT_A,code_7,Unweighted,8,CHRONIC_BURDEN_CAT,0.17698824502118277,6.8926325949544145,274,2014189.3329999999
MEDNG,LR,locked_test,base_estimator_log_odds,RATCAT_A,code_7,Unweighted,9,SEX_A,0.11481128533378399,4.47121224048263,274,2014189.3329999999
MEDNG,LR,locked_test,base_estimator_log_odds,RATCAT_A,code_7,Unweighted,10,HISPALLP_A,0.09054131781518993,3.526042298958406,274,2014189.3329999999
MEDNG,LR,locked_test,base_estimator_log_odds,RATCAT_A,code_7,Unweighted,11,DISAB3_A,0.07583239221551759,2.95321770254,274,2014189.3329999999
MEDNG,LR,locked_test,base_estimator_log_odds,RATCAT_A,code_7,Unweighted,12,K6SPD_A,0.05650319825566339,2.2004613129507278,274,2014189.3329999999
MEDNG,LR,locked_test,base_estimator_log_odds,RATCAT_A,code_7,WTFA_A,1,NOTCOV_A,0.4216829461629118,15.829951418802196,274,2014189.3329999999
MEDNG,LR,locked_test,base_estimator_log_odds,RATCAT_A,code_7,WTFA_A,2,AGEP_A,0.337061987260129,12.653285915412376,274,2014189.3329999999
MEDNG,LR,locked_test,base_estimator_log_odds,RATCAT_A,code_7,WTFA_A,3,FDSCAT3_A,0.31685281408248805,11.894634818593717,274,2014189.3329999999
MEDNG,LR,locked_test,base_estimator_log_odds,RATCAT_A,code_7,WTFA_A,4,EMPWRKLSW1_A,0.305807553552113,11.47999642926625,274,2014189.3329999999
MEDNG,LR,locked_test,base_estimator_log_odds,RATCAT_A,code_7,WTFA_A,5,PHSTAT_A,0.29204734797034754,10.963439172554416,274,2014189.3329999999
MEDNG,LR,locked_test,base_estimator_log_odds,RATCAT_A,code_7,WTFA_A,6,RATCAT_A,0.2370349820977999,8.898278399229326,274,2014189.3329999999
MEDNG,LR,locked_test,base_estimator_log_odds,RATCAT_A,code_7,WTFA_A,7,EDUCP_A,0.22245151260783794,8.350815866906537,274,2014189.3329999999
MEDNG,LR,locked_test,base_estimator_log_odds,RATCAT_A,code_7,WTFA_A,8,CHRONIC_BURDEN_CAT,0.18599305237078825,6.982167550420296,274,2014189.3329999999
MEDNG,LR,locked_test,base_estimator_log_odds,RATCAT_A,code_7,WTFA_A,9,SEX_A,0.11556535743704871,4.338316288508925,274,2014189.3329999999
MEDNG,LR,locked_test,base_estimator_log_odds,RATCAT_A,code_7,WTFA_A,10,HISPALLP_A,0.0957887362747428,3.595903167285829,274,2014189.3329999999
MEDNG,LR,locked_test,base_estimator_log_odds,RATCAT_A,code_7,WTFA_A,11,DISAB3_A,0.07991400531207772,2.9999667600580677,274,2014189.3329999999
MEDNG,LR,locked_test,base_estimator_log_odds,RATCAT_A,code_7,WTFA_A,12,K6SPD_A,0.05362939712240161,2.013244212962045,274,2014189.3329999999
MEDNG,LR,locked_test,base_estimator_log_odds,RATCAT_A,code_8,Unweighted,1,RATCAT_A,0.33268659166997844,13.182771312642894,530,4181768.7849999997
MEDNG,LR,locked_test,base_estimator_log_odds,RATCAT_A,code_8,Unweighted,2,AGEP_A,0.3233724928777777,12.813698324926131,530,4181768.7849999997
MEDNG,LR,locked_test,base_estimator_log_odds,RATCAT_A,code_8,Unweighted,3,PHSTAT_A,0.30827699281333865,12.215536180186339,530,4181768.7849999997
MEDNG,LR,locked_test,base_estimator_log_odds,RATCAT_A,code_8,Unweighted,4,EMPWRKLSW1_A,0.3031797340634073,12.01355630451894,530,4181768.7849999997
MEDNG,LR,locked_test,base_estimator_log_odds,RATCAT_A,code_8,Unweighted,5,FDSCAT3_A,0.26633221652743627,10.553466209883668,530,4181768.7849999997
MEDNG,LR,locked_test,base_estimator_log_odds,RATCAT_A,code_8,Unweighted,6,NOTCOV_A,0.2484631809150202,9.845402176183057,530,4181768.7849999997
MEDNG,LR,locked_test,base_estimator_log_odds,RATCAT_A,code_8,Unweighted,7,EDUCP_A,0.21956150386795434,8.700167566183259,530,4181768.7849999997
MEDNG,LR,locked_test,base_estimator_log_odds,RATCAT_A,code_8,Unweighted,8,CHRONIC_BURDEN_CAT,0.17684520091702702,7.007525700765805,530,4181768.7849999997
MEDNG,LR,locked_test,base_estimator_log_odds,RATCAT_A,code_8,Unweighted,9,SEX_A,0.11420561320807039,4.525419777168618,530,4181768.7849999997
MEDNG,LR,locked_test,base_estimator_log_odds,RATCAT_A,code_8,Unweighted,10,DISAB3_A,0.08936893989316956,3.5412617357109353,530,4181768.7849999997
MEDNG,LR,locked_test,base_estimator_log_odds,RATCAT_A,code_8,Unweighted,11,HISPALLP_A,0.07305572189862096,2.894847279643057,530,4181768.7849999997
MEDNG,LR,locked_test,base_estimator_log_odds,RATCAT_A,code_8,Unweighted,12,K6SPD_A,0.06829865145469789,2.706347432187289,530,4181768.7849999997
MEDNG,LR,locked_test,base_estimator_log_odds,RATCAT_A,code_8,WTFA_A,1,RATCAT_A,0.3326865916699785,12.757291169382068,530,4181768.7849999997
MEDNG,LR,locked_test,base_estimator_log_odds,RATCAT_A,code_8,WTFA_A,2,PHSTAT_A,0.3205949478063807,12.293621681801968,530,4181768.7849999997
MEDNG,LR,locked_test,base_estimator_log_odds,RATCAT_A,code_8,WTFA_A,3,AGEP_A,0.3173098678236973,12.167651104979402,530,4181768.7849999997
MEDNG,LR,locked_test,base_estimator_log_odds,RATCAT_A,code_8,WTFA_A,4,EMPWRKLSW1_A,0.29847613548580276,11.44544764605831,530,4181768.7849999997
MEDNG,LR,locked_test,base_estimator_log_odds,RATCAT_A,code_8,WTFA_A,5,NOTCOV_A,0.2981087363629049,11.431359258658457,530,4181768.7849999997
MEDNG,LR,locked_test,base_estimator_log_odds,RATCAT_A,code_8,WTFA_A,6,FDSCAT3_A,0.2912518602461392,11.168423608938204,530,4181768.7849999997
MEDNG,LR,locked_test,base_estimator_log_odds,RATCAT_A,code_8,WTFA_A,7,EDUCP_A,0.22802584362222542,8.743941457425496,530,4181768.7849999997
MEDNG,LR,locked_test,base_estimator_log_odds,RATCAT_A,code_8,WTFA_A,8,CHRONIC_BURDEN_CAT,0.18223554277256218,6.988054038757787,530,4181768.7849999997
MEDNG,LR,locked_test,base_estimator_log_odds,RATCAT_A,code_8,WTFA_A,9,SEX_A,0.11471782275184683,4.399001053263481,530,4181768.7849999997
MEDNG,LR,locked_test,base_estimator_log_odds,RATCAT_A,code_8,WTFA_A,10,DISAB3_A,0.0850975251267256,3.2631730073220453,530,4181768.7849999997
MEDNG,LR,locked_test,base_estimator_log_odds,RATCAT_A,code_8,WTFA_A,11,HISPALLP_A,0.07692979002712583,2.949970799992513,530,4181768.7849999997
MEDNG,LR,locked_test,base_estimator_log_odds,RATCAT_A,code_8,WTFA_A,12,K6SPD_A,0.06238064170767032,2.392065173420281,530,4181768.7849999997
MEDNG,LR,locked_test,base_estimator_log_odds,RATCAT_A,code_9,Unweighted,1,AGEP_A,0.31951412952475133,13.543494149586385,530,4222353.769
MEDNG,LR,locked_test,base_estimator_log_odds,RATCAT_A,code_9,Unweighted,2,EMPWRKLSW1_A,0.3055132806822398,12.950029270052443,530,4222353.769
MEDNG,LR,locked_test,base_estimator_log_odds,RATCAT_A,code_9,Unweighted,3,PHSTAT_A,0.29431755756528155,12.475467438435018,530,4222353.769
MEDNG,LR,locked_test,base_estimator_log_odds,RATCAT_A,code_9,Unweighted,4,FDSCAT3_A,0.27237758847507226,11.54548088836498,530,4222353.769
MEDNG,LR,locked_test,base_estimator_log_odds,RATCAT_A,code_9,Unweighted,5,NOTCOV_A,0.25334960898832365,10.738927108597732,530,4222353.769
MEDNG,LR,locked_test,base_estimator_log_odds,RATCAT_A,code_9,Unweighted,6,EDUCP_A,0.22189979525432918,9.405839370207309,530,4222353.769
MEDNG,LR,locked_test,base_estimator_log_odds,RATCAT_A,code_9,Unweighted,7,RATCAT_A,0.19693523109647518,8.347646954360867,530,4222353.769
MEDNG,LR,locked_test,base_estimator_log_odds,RATCAT_A,code_9,Unweighted,8,CHRONIC_BURDEN_CAT,0.17179691977711004,7.282089782317465,530,4222353.769
MEDNG,LR,locked_test,base_estimator_log_odds,RATCAT_A,code_9,Unweighted,9,SEX_A,0.11580572221236607,4.908747302051029,530,4222353.769
MEDNG,LR,locked_test,base_estimator_log_odds,RATCAT_A,code_9,Unweighted,10,DISAB3_A,0.08337312019760434,3.5340013517040583,530,4222353.769
MEDNG,LR,locked_test,base_estimator_log_odds,RATCAT_A,code_9,Unweighted,11,HISPALLP_A,0.06297175677326808,2.6692328777963037,530,4222353.769
MEDNG,LR,locked_test,base_estimator_log_odds,RATCAT_A,code_9,Unweighted,12,K6SPD_A,0.06131586977575546,2.5990435065264146,530,4222353.769
MEDNG,LR,locked_test,base_estimator_log_odds,RATCAT_A,code_9,WTFA_A,1,AGEP_A,0.3376638353346431,13.822295463720646,530,4222353.769
MEDNG,LR,locked_test,base_estimator_log_odds,RATCAT_A,code_9,WTFA_A,2,EMPWRKLSW1_A,0.30121667003353797,12.330327906378693,530,4222353.769
MEDNG,LR,locked_test,base_estimator_log_odds,RATCAT_A,code_9,WTFA_A,3,PHSTAT_A,0.30074565237839884,12.311046761889207,530,4222353.769
MEDNG,LR,locked_test,base_estimator_log_odds,RATCAT_A,code_9,WTFA_A,4,FDSCAT3_A,0.2857866444319129,11.698698603622402,530,4222353.769
MEDNG,LR,locked_test,base_estimator_log_odds,RATCAT_A,code_9,WTFA_A,5,NOTCOV_A,0.282645485935314,11.57011503530708,530,4222353.769
MEDNG,LR,locked_test,base_estimator_log_odds,RATCAT_A,code_9,WTFA_A,6,EDUCP_A,0.22809913028699302,9.33725570794361,530,4222353.769
MEDNG,LR,locked_test,base_estimator_log_odds,RATCAT_A,code_9,WTFA_A,7,RATCAT_A,0.19693523109647518,8.061559061348222,530,4222353.769
MEDNG,LR,locked_test,base_estimator_log_odds,RATCAT_A,code_9,WTFA_A,8,CHRONIC_BURDEN_CAT,0.17322312340411483,7.090902081554858,530,4222353.769
MEDNG,LR,locked_test,base_estimator_log_odds,RATCAT_A,code_9,WTFA_A,9,SEX_A,0.11681587971254087,4.781867156845421,530,4222353.769
MEDNG,LR,locked_test,base_estimator_log_odds,RATCAT_A,code_9,WTFA_A,10,DISAB3_A,0.0816487836387165,3.342299333268136,530,4222353.769
MEDNG,LR,locked_test,base_estimator_log_odds,RATCAT_A,code_9,WTFA_A,11,K6SPD_A,0.0704158705458638,2.882479158762832,530,4222353.769
MEDNG,LR,locked_test,base_estimator_log_odds,RATCAT_A,code_9,WTFA_A,12,HISPALLP_A,0.06769630985050214,2.7711537293588915,530,4222353.769
MEDNG,LR,locked_test,base_estimator_log_odds,NOTCOV_A,code_1,Unweighted,1,NOTCOV_A,1.439434571416093,38.64933190841318,471,4739806.264
MEDNG,LR,locked_test,base_estimator_log_odds,NOTCOV_A,code_1,Unweighted,2,FDSCAT3_A,0.38060396484826964,10.219352275669777,471,4739806.264
MEDNG,LR,locked_test,base_estimator_log_odds,NOTCOV_A,code_1,Unweighted,3,PHSTAT_A,0.3330989993179021,8.943826998911529,471,4739806.264
MEDNG,LR,locked_test,base_estimator_log_odds,NOTCOV_A,code_1,Unweighted,4,AGEP_A,0.29898654519619944,8.02789543262772,471,4739806.264
MEDNG,LR,locked_test,base_estimator_log_odds,NOTCOV_A,code_1,Unweighted,5,EMPWRKLSW1_A,0.29755735274724743,7.989521105362395,471,4739806.264
MEDNG,LR,locked_test,base_estimator_log_odds,NOTCOV_A,code_1,Unweighted,6,EDUCP_A,0.23484107925998243,6.305566781767483,471,4739806.264
MEDNG,LR,locked_test,base_estimator_log_odds,NOTCOV_A,code_1,Unweighted,7,RATCAT_A,0.21315791065259362,5.723365966965178,471,4739806.264
MEDNG,LR,locked_test,base_estimator_log_odds,NOTCOV_A,code_1,Unweighted,8,CHRONIC_BURDEN_CAT,0.19005142696768862,5.102948634417955,471,4739806.264
MEDNG,LR,locked_test,base_estimator_log_odds,NOTCOV_A,code_1,Unweighted,9,SEX_A,0.11739175685781289,3.1520105631795476,471,4739806.264
MEDNG,LR,locked_test,base_estimator_log_odds,NOTCOV_A,code_1,Unweighted,10,HISPALLP_A,0.07531164053273842,2.0221444234546673,471,4739806.264
MEDNG,LR,locked_test,base_estimator_log_odds,NOTCOV_A,code_1,Unweighted,11,K6SPD_A,0.07364752354669712,1.9774622885350754,471,4739806.264
MEDNG,LR,locked_test,base_estimator_log_odds,NOTCOV_A,code_1,Unweighted,12,DISAB3_A,0.07026251572953089,1.8865736206955055,471,4739806.264
MEDNG,LR,locked_test,base_estimator_log_odds,NOTCOV_A,code_1,WTFA_A,1,NOTCOV_A,1.4394345714160932,38.378406984694,471,4739806.264
MEDNG,LR,locked_test,base_estimator_log_odds,NOTCOV_A,code_1,WTFA_A,2,FDSCAT3_A,0.3940420228857255,10.506003832117914,471,4739806.264
MEDNG,LR,locked_test,base_estimator_log_odds,NOTCOV_A,code_1,WTFA_A,3,PHSTAT_A,0.32767463284598913,8.736507144990858,471,4739806.264
MEDNG,LR,locked_test,base_estimator_log_odds,NOTCOV_A,code_1,WTFA_A,4,AGEP_A,0.31594724945272074,8.423829999624248,471,4739806.264
MEDNG,LR,locked_test,base_estimator_log_odds,NOTCOV_A,code_1,WTFA_A,5,EMPWRKLSW1_A,0.2956825555035139,7.883529879530696,471,4739806.264
MEDNG,LR,locked_test,base_estimator_log_odds,NOTCOV_A,code_1,WTFA_A,6,EDUCP_A,0.24850538288441398,6.625685468178427,471,4739806.264
MEDNG,LR,locked_test,base_estimator_log_odds,NOTCOV_A,code_1,WTFA_A,7,RATCAT_A,0.2110975828522341,5.628313442699925,471,4739806.264
MEDNG,LR,locked_test,base_estimator_log_odds,NOTCOV_A,code_1,WTFA_A,8,CHRONIC_BURDEN_CAT,0.18893746243086912,5.037477195433546,471,4739806.264
MEDNG,LR,locked_test,base_estimator_log_odds,NOTCOV_A,code_1,WTFA_A,9,SEX_A,0.1178995295296754,3.143453837670724,471,4739806.264
MEDNG,LR,locked_test,base_estimator_log_odds,NOTCOV_A,code_1,WTFA_A,10,HISPALLP_A,0.0711761599599989,1.897708787044893,471,4739806.264
MEDNG,LR,locked_test,base_estimator_log_odds,NOTCOV_A,code_1,WTFA_A,11,DISAB3_A,0.0707493039553354,1.8863278922156683,471,4739806.264
MEDNG,LR,locked_test,base_estimator_log_odds,NOTCOV_A,code_1,WTFA_A,12,K6SPD_A,0.06949012687460907,1.8527555357990984,471,4739806.264
MEDNG,LR,locked_test,base_estimator_log_odds,NOTCOV_A,code_2,Unweighted,1,PHSTAT_A,0.3102092249165132,13.658578437118969,5927,45336881.842
MEDNG,LR,locked_test,base_estimator_log_odds,NOTCOV_A,code_2,Unweighted,2,AGEP_A,0.3050479065656796,13.431324487618355,5927,45336881.842
MEDNG,LR,locked_test,base_estimator_log_odds,NOTCOV_A,code_2,Unweighted,3,EMPWRKLSW1_A,0.3036364198508261,13.36917642605453,5927,45336881.842
MEDNG,LR,locked_test,base_estimator_log_odds,NOTCOV_A,code_2,Unweighted,4,FDSCAT3_A,0.24877907786692566,10.953795940381946,5927,45336881.842
MEDNG,LR,locked_test,base_estimator_log_odds,NOTCOV_A,code_2,Unweighted,5,RATCAT_A,0.22937493689347366,10.099427468386514,5927,45336881.842
MEDNG,LR,locked_test,base_estimator_log_odds,NOTCOV_A,code_2,Unweighted,6,EDUCP_A,0.21096857877091088,9.288991588452944,5927,45336881.842
MEDNG,LR,locked_test,base_estimator_log_odds,NOTCOV_A,code_2,Unweighted,7,CHRONIC_BURDEN_CAT,0.17349234525137291,7.638905021258957,5927,45336881.842
MEDNG,LR,locked_test,base_estimator_log_odds,NOTCOV_A,code_2,Unweighted,8,NOTCOV_A,0.14453113199069315,6.363736614962901,5927,45336881.842
MEDNG,LR,locked_test,base_estimator_log_odds,NOTCOV_A,code_2,Unweighted,9,SEX_A,0.11538497818092851,5.080425236785338,5927,45336881.842
MEDNG,LR,locked_test,base_estimator_log_odds,NOTCOV_A,code_2,Unweighted,10,DISAB3_A,0.0862791757466933,3.7988905382918268,5927,45336881.842
MEDNG,LR,locked_test,base_estimator_log_odds,NOTCOV_A,code_2,Unweighted,11,HISPALLP_A,0.08032653542766781,3.536794513496793,5927,45336881.842
MEDNG,LR,locked_test,base_estimator_log_odds,NOTCOV_A,code_2,Unweighted,12,K6SPD_A,0.06313741177281527,2.7799537271909482,5927,45336881.842
MEDNG,LR,locked_test,base_estimator_log_odds,NOTCOV_A,code_2,WTFA_A,1,PHSTAT_A,0.3146890460055459,13.75552606703776,5927,45336881.842
MEDNG,LR,locked_test,base_estimator_log_odds,NOTCOV_A,code_2,WTFA_A,2,AGEP_A,0.310917559404061,13.59066878040283,5927,45336881.842
MEDNG,LR,locked_test,base_estimator_log_odds,NOTCOV_A,code_2,WTFA_A,3,EMPWRKLSW1_A,0.29947814649784965,13.090635034645357,5927,45336881.842
MEDNG,LR,locked_test,base_estimator_log_odds,NOTCOV_A,code_2,WTFA_A,4,FDSCAT3_A,0.25181489401556745,11.007203404971536,5927,45336881.842
MEDNG,LR,locked_test,base_estimator_log_odds,NOTCOV_A,code_2,WTFA_A,5,RATCAT_A,0.23084627725642123,10.090633991191947,5927,45336881.842
MEDNG,LR,locked_test,base_estimator_log_odds,NOTCOV_A,code_2,WTFA_A,6,EDUCP_A,0.215431951424545,9.416850891724131,5927,45336881.842
MEDNG,LR,locked_test,base_estimator_log_odds,NOTCOV_A,code_2,WTFA_A,7,CHRONIC_BURDEN_CAT,0.17694573670372118,7.7345612266285935,5927,45336881.842
MEDNG,LR,locked_test,base_estimator_log_odds,NOTCOV_A,code_2,WTFA_A,8,NOTCOV_A,0.14453113199069315,6.31767066198236,5927,45336881.842
MEDNG,LR,locked_test,base_estimator_log_odds,NOTCOV_A,code_2,WTFA_A,9,SEX_A,0.11610028028726305,5.0749158642582435,5927,45336881.842
MEDNG,LR,locked_test,base_estimator_log_odds,NOTCOV_A,code_2,WTFA_A,10,HISPALLP_A,0.08328209462433758,3.6403841762652003,5927,45336881.842
MEDNG,LR,locked_test,base_estimator_log_odds,NOTCOV_A,code_2,WTFA_A,11,DISAB3_A,0.08124051361598031,3.551143635055092,5927,45336881.842
MEDNG,LR,locked_test,base_estimator_log_odds,NOTCOV_A,code_2,WTFA_A,12,K6SPD_A,0.0624505471757056,2.7298062658369444,5927,45336881.842
MEDNG,LR,locked_test,base_estimator_log_odds,SEX_A,code_1,Unweighted,1,PHSTAT_A,0.30835361463856203,12.961780309887368,2958,24662417.391999997
MEDNG,LR,locked_test,base_estimator_log_odds,SEX_A,code_1,Unweighted,2,AGEP_A,0.3044306318502642,12.796875996633288,2958,24662417.391999997
MEDNG,LR,locked_test,base_estimator_log_odds,SEX_A,code_1,Unweighted,3,EMPWRKLSW1_A,0.30069110135606514,12.639683181544195,2958,24662417.391999997
MEDNG,LR,locked_test,base_estimator_log_odds,SEX_A,code_1,Unweighted,4,NOTCOV_A,0.2574090709497415,10.82030392714426,2958,24662417.391999997
MEDNG,LR,locked_test,base_estimator_log_odds,SEX_A,code_1,Unweighted,5,FDSCAT3_A,0.24632284863934722,10.35428967846312,2958,24662417.391999997
MEDNG,LR,locked_test,base_estimator_log_odds,SEX_A,code_1,Unweighted,6,RATCAT_A,0.22931951755528515,9.639547150452783,2958,24662417.391999997
MEDNG,LR,locked_test,base_estimator_log_odds,SEX_A,code_1,Unweighted,7,EDUCP_A,0.21407377539535943,8.998685648732504,2958,24662417.391999997
MEDNG,LR,locked_test,base_estimator_log_odds,SEX_A,code_1,Unweighted,8,CHRONIC_BURDEN_CAT,0.17411906098995425,7.3191715912300666,2958,24662417.391999997
MEDNG,LR,locked_test,base_estimator_log_odds,SEX_A,code_1,Unweighted,9,SEX_A,0.12860659424673143,5.406034960812455,2958,24662417.391999997
MEDNG,LR,locked_test,base_estimator_log_odds,SEX_A,code_1,Unweighted,10,DISAB3_A,0.08011940492535241,3.3678545536707802,2958,24662417.391999997
MEDNG,LR,locked_test,base_estimator_log_odds,SEX_A,code_1,Unweighted,11,HISPALLP_A,0.0784993028605641,3.2997528482051393,2958,24662417.391999997
MEDNG,LR,locked_test,base_estimator_log_odds,SEX_A,code_1,Unweighted,12,K6SPD_A,0.056999999794001464,2.3960201532240344,2958,24662417.391999997
MEDNG,LR,locked_test,base_estimator_log_odds,SEX_A,code_1,WTFA_A,1,AGEP_A,0.3155289106194013,12.957804410443035,2958,24662417.391999997
MEDNG,LR,locked_test,base_estimator_log_odds,SEX_A,code_1,WTFA_A,2,PHSTAT_A,0.3134956468946578,12.87430450671518,2958,24662417.391999997
MEDNG,LR,locked_test,base_estimator_log_odds,SEX_A,code_1,WTFA_A,3,EMPWRKLSW1_A,0.2965528977296964,12.17851777381709,2958,24662417.391999997
MEDNG,LR,locked_test,base_estimator_log_odds,SEX_A,code_1,WTFA_A,4,NOTCOV_A,0.28529361050084323,11.716133387466954,2958,24662417.391999997
MEDNG,LR,locked_test,base_estimator_log_odds,SEX_A,code_1,WTFA_A,5,FDSCAT3_A,0.2538660298038341,10.4254990586955,2958,24662417.391999997
MEDNG,LR,locked_test,base_estimator_log_odds,SEX_A,code_1,WTFA_A,6,RATCAT_A,0.22904253971432376,9.40607447179152,2958,24662417.391999997
MEDNG,LR,locked_test,base_estimator_log_odds,SEX_A,code_1,WTFA_A,7,EDUCP_A,0.21929296361044764,9.00568929000023,2958,24662417.391999997
MEDNG,LR,locked_test,base_estimator_log_odds,SEX_A,code_1,WTFA_A,8,CHRONIC_BURDEN_CAT,0.17635819535831598,7.2424900689631055,2958,24662417.391999997
MEDNG,LR,locked_test,base_estimator_log_odds,SEX_A,code_1,WTFA_A,9,SEX_A,0.12860659424673146,5.281478298996439,2958,24662417.391999997
MEDNG,LR,locked_test,base_estimator_log_odds,SEX_A,code_1,WTFA_A,10,HISPALLP_A,0.08148734174280511,3.346435146489153,2958,24662417.391999997
MEDNG,LR,locked_test,base_estimator_log_odds,SEX_A,code_1,WTFA_A,11,DISAB3_A,0.07662837472425858,3.1468922769006817,2958,24662417.391999997
MEDNG,LR,locked_test,base_estimator_log_odds,SEX_A,code_1,WTFA_A,12,K6SPD_A,0.05889607950686037,2.4186813097210798,2958,24662417.391999997
MEDNG,LR,locked_test,base_estimator_log_odds,SEX_A,code_2,Unweighted,1,PHSTAT_A,0.3156408302159349,13.24803191155966,3458,25582858.346
MEDNG,LR,locked_test,base_estimator_log_odds,SEX_A,code_2,Unweighted,2,EMPWRKLSW1_A,0.30557739097600073,12.825650674951321,3458,25582858.346
MEDNG,LR,locked_test,base_estimator_log_odds,SEX_A,code_2,Unweighted,3,AGEP_A,0.3048884847815787,12.796736002405533,3458,25582858.346
MEDNG,LR,locked_test,base_estimator_log_odds,SEX_A,code_2,Unweighted,4,FDSCAT3_A,0.2692487575007798,11.300870451639183,3458,25582858.346
MEDNG,LR,locked_test,base_estimator_log_odds,SEX_A,code_2,Unweighted,5,NOTCOV_A,0.22818334845541347,9.577278959619345,3458,25582858.346
MEDNG,LR,locked_test,base_estimator_log_odds,SEX_A,code_2,Unweighted,6,RATCAT_A,0.22702652658700603,9.528724997135571,3458,25582858.346
MEDNG,LR,locked_test,base_estimator_log_odds,SEX_A,code_2,Unweighted,7,EDUCP_A,0.2116308123432086,8.882538274513063,3458,25582858.346
MEDNG,LR,locked_test,base_estimator_log_odds,SEX_A,code_2,Unweighted,8,CHRONIC_BURDEN_CAT,0.17552796555241051,7.367234737719566,3458,25582858.346
MEDNG,LR,locked_test,base_estimator_log_odds,SEX_A,code_2,Unweighted,9,SEX_A,0.10437637218168268,4.380870207855484,3458,25582858.346
MEDNG,LR,locked_test,base_estimator_log_odds,SEX_A,code_2,Unweighted,10,DISAB3_A,0.08935125413235558,3.7502380958557113,3458,25582858.346
MEDNG,LR,locked_test,base_estimator_log_odds,SEX_A,code_2,Unweighted,11,HISPALLP_A,0.08128487496532072,3.4116771798217793,3458,25582858.346
MEDNG,LR,locked_test,base_estimator_log_odds,SEX_A,code_2,Unweighted,12,K6SPD_A,0.06981221917003363,2.930148506923776,3458,25582858.346
MEDNG,LR,locked_test,base_estimator_log_odds,SEX_A,code_2,WTFA_A,1,PHSTAT_A,0.3191623692915527,13.167347996082938,3458,25582858.346
MEDNG,LR,locked_test,base_estimator_log_odds,SEX_A,code_2,WTFA_A,2,AGEP_A,0.30728105603183103,12.677173083894846,3458,25582858.346
MEDNG,LR,locked_test,base_estimator_log_odds,SEX_A,code_2,WTFA_A,3,EMPWRKLSW1_A,0.3020112186593157,12.459760916161233,3458,25582858.346
MEDNG,LR,locked_test,base_estimator_log_odds,SEX_A,code_2,WTFA_A,4,FDSCAT3_A,0.276909308535621,11.424157669140742,3458,25582858.346
MEDNG,LR,locked_test,base_estimator_log_odds,SEX_A,code_2,WTFA_A,5,NOTCOV_A,0.25346926364991923,10.457116257777185,3458,25582858.346
MEDNG,LR,locked_test,base_estimator_log_odds,SEX_A,code_2,WTFA_A,6,RATCAT_A,0.2285834199781377,9.430427038337498,3458,25582858.346
MEDNG,LR,locked_test,base_estimator_log_odds,SEX_A,code_2,WTFA_A,7,EDUCP_A,0.21795587836166672,8.991977671272247,3458,25582858.346
MEDNG,LR,locked_test,base_estimator_log_odds,SEX_A,code_2,WTFA_A,8,CHRONIC_BURDEN_CAT,0.1801735257881843,7.433230675033206,3458,25582858.346
MEDNG,LR,locked_test,base_estimator_log_odds,SEX_A,code_2,WTFA_A,9,SEX_A,0.10437637218168269,4.306146799622915,3458,25582858.346
MEDNG,LR,locked_test,base_estimator_log_odds,SEX_A,code_2,WTFA_A,10,DISAB3_A,0.08374328109594076,3.45490894484731,3458,25582858.346
MEDNG,LR,locked_test,base_estimator_log_odds,SEX_A,code_2,WTFA_A,11,HISPALLP_A,0.0830229538316889,3.4251911564359623,3458,25582858.346
MEDNG,LR,locked_test,base_estimator_log_odds,SEX_A,code_2,WTFA_A,12,K6SPD_A,0.06720391916517669,2.7725617913939007,3458,25582858.346
MEDNG,LR,locked_test,base_estimator_log_odds,AGE_GROUP,18-34,Unweighted,1,AGEP_A,0.48617958126768357,18.07518738958762,1295,14117624.929
MEDNG,LR,locked_test,base_estimator_log_odds,AGE_GROUP,18-34,Unweighted,2,NOTCOV_A,0.33621218019264937,12.499698452572348,1295,14117624.929
MEDNG,LR,locked_test,base_estimator_log_odds,AGE_GROUP,18-34,Unweighted,3,PHSTAT_A,0.31348192633416094,11.654632938233387,1295,14117624.929
MEDNG,LR,locked_test,base_estimator_log_odds,AGE_GROUP,18-34,Unweighted,4,FDSCAT3_A,0.29469468558813655,10.95616078904883,1295,14117624.929
MEDNG,LR,locked_test,base_estimator_log_odds,AGE_GROUP,18-34,Unweighted,5,EMPWRKLSW1_A,0.28714590191577105,10.675512064382747,1295,14117624.929
MEDNG,LR,locked_test,base_estimator_log_odds,AGE_GROUP,18-34,Unweighted,6,RATCAT_A,0.22497694144236596,8.364194078870803,1295,14117624.929
MEDNG,LR,locked_test,base_estimator_log_odds,AGE_GROUP,18-34,Unweighted,7,EDUCP_A,0.20917348469293048,7.776653069014994,1295,14117624.929
MEDNG,LR,locked_test,base_estimator_log_odds,AGE_GROUP,18-34,Unweighted,8,CHRONIC_BURDEN_CAT,0.19143282992460786,7.117090899589251,1295,14117624.929
MEDNG,LR,locked_test,base_estimator_log_odds,AGE_GROUP,18-34,Unweighted,9,SEX_A,0.11625452719918047,4.322111509771817,1295,14117624.929
MEDNG,LR,locked_test,base_estimator_log_odds,AGE_GROUP,18-34,Unweighted,10,HISPALLP_A,0.08817849210527672,3.278300508586357,1295,14117624.929
MEDNG,LR,locked_test,base_estimator_log_odds,AGE_GROUP,18-34,Unweighted,11,K6SPD_A,0.07587522593670795,2.8208896051481624,1295,14117624.929
MEDNG,LR,locked_test,base_estimator_log_odds,AGE_GROUP,18-34,Unweighted,12,DISAB3_A,0.06615655221462426,2.45956869519369,1295,14117624.929
MEDNG,LR,locked_test,base_estimator_log_odds,AGE_GROUP,18-34,WTFA_A,1,AGEP_A,0.5079564255638804,18.686918801051338,1295,14117624.929
MEDNG,LR,locked_test,base_estimator_log_odds,AGE_GROUP,18-34,WTFA_A,2,NOTCOV_A,0.3357687011976869,12.352402961042113,1295,14117624.929
MEDNG,LR,locked_test,base_estimator_log_odds,AGE_GROUP,18-34,WTFA_A,3,PHSTAT_A,0.3225341552391575,11.865524809198122,1295,14117624.929
MEDNG,LR,locked_test,base_estimator_log_odds,AGE_GROUP,18-34,WTFA_A,4,FDSCAT3_A,0.29056408593741306,10.689396190601583,1295,14117624.929
MEDNG,LR,locked_test,base_estimator_log_odds,AGE_GROUP,18-34,WTFA_A,5,EMPWRKLSW1_A,0.2878829708598461,10.590762179435862,1295,14117624.929
MEDNG,LR,locked_test,base_estimator_log_odds,AGE_GROUP,18-34,WTFA_A,6,RATCAT_A,0.22550655383560297,8.296031802241412,1295,14117624.929
MEDNG,LR,locked_test,base_estimator_log_odds,AGE_GROUP,18-34,WTFA_A,7,EDUCP_A,0.21816665010981745,8.026008276544248,1295,14117624.929
MEDNG,LR,locked_test,base_estimator_log_odds,AGE_GROUP,18-34,WTFA_A,8,CHRONIC_BURDEN_CAT,0.19122656090389217,7.034924722624534,1295,14117624.929
MEDNG,LR,locked_test,base_estimator_log_odds,AGE_GROUP,18-34,WTFA_A,9,SEX_A,0.11679207920131489,4.296597091410274,1295,14117624.929
MEDNG,LR,locked_test,base_estimator_log_odds,AGE_GROUP,18-34,WTFA_A,10,HISPALLP_A,0.08018382493472362,2.949836935421263,1295,14117624.929
MEDNG,LR,locked_test,base_estimator_log_odds,AGE_GROUP,18-34,WTFA_A,11,K6SPD_A,0.07426640747467282,2.7321444444459977,1295,14117624.929
MEDNG,LR,locked_test,base_estimator_log_odds,AGE_GROUP,18-34,WTFA_A,12,DISAB3_A,0.06739759935678545,2.4794517859832665,1295,14117624.929
MEDNG,LR,locked_test,base_estimator_log_odds,AGE_GROUP,35-49,Unweighted,1,PHSTAT_A,0.31399121492979604,13.369033233174783,1422,12564871.543
MEDNG,LR,locked_test,base_estimator_log_odds,AGE_GROUP,35-49,Unweighted,2,EMPWRKLSW1_A,0.2876148494368082,12.245987459664969,1422,12564871.543
MEDNG,LR,locked_test,base_estimator_log_odds,AGE_GROUP,35-49,Unweighted,3,FDSCAT3_A,0.2830152605063183,12.05014740317036,1422,12564871.543
MEDNG,LR,locked_test,base_estimator_log_odds,AGE_GROUP,35-49,Unweighted,4,NOTCOV_A,0.27818618273332185,11.844536232656528,1422,12564871.543
MEDNG,LR,locked_test,base_estimator_log_odds,AGE_GROUP,35-49,Unweighted,5,RATCAT_A,0.23458418586324167,9.988062173918241,1422,12564871.543
MEDNG,LR,locked_test,base_estimator_log_odds,AGE_GROUP,35-49,Unweighted,6,AGEP_A,0.21565086653962232,9.181924412043688,1422,12564871.543
MEDNG,LR,locked_test,base_estimator_log_odds,AGE_GROUP,35-49,Unweighted,7,EDUCP_A,0.20452663887453812,8.708280047881575,1422,12564871.543
MEDNG,LR,locked_test,base_estimator_log_odds,AGE_GROUP,35-49,Unweighted,8,CHRONIC_BURDEN_CAT,0.18241812919760136,7.766949887822736,1422,12564871.543
MEDNG,LR,locked_test,base_estimator_log_odds,AGE_GROUP,35-49,Unweighted,9,SEX_A,0.11562246681103021,4.922942196468527,1422,12564871.543
MEDNG,LR,locked_test,base_estimator_log_odds,AGE_GROUP,35-49,Unweighted,10,HISPALLP_A,0.096508709277487,4.109121785174798,1422,12564871.543
MEDNG,LR,locked_test,base_estimator_log_odds,AGE_GROUP,35-49,Unweighted,11,K6SPD_A,0.06864025592355877,2.922546297293234,1422,12564871.543
MEDNG,LR,locked_test,base_estimator_log_odds,AGE_GROUP,35-49,Unweighted,12,DISAB3_A,0.067886870846077,2.8904688707305715,1422,12564871.543
MEDNG,LR,locked_test,base_estimator_log_odds,AGE_GROUP,35-49,WTFA_A,1,PHSTAT_A,0.3155822591426637,13.272162387405805,1422,12564871.543
MEDNG,LR,locked_test,base_estimator_log_odds,AGE_GROUP,35-49,WTFA_A,2,NOTCOV_A,0.29538857703301363,12.422894659596787,1422,12564871.543
MEDNG,LR,locked_test,base_estimator_log_odds,AGE_GROUP,35-49,WTFA_A,3,FDSCAT3_A,0.2909154234985437,12.234771219912414,1422,12564871.543
MEDNG,LR,locked_test,base_estimator_log_odds,AGE_GROUP,35-49,WTFA_A,4,EMPWRKLSW1_A,0.288537600754797,12.134769243663152,1422,12564871.543
MEDNG,LR,locked_test,base_estimator_log_odds,AGE_GROUP,35-49,WTFA_A,5,RATCAT_A,0.23262547550502483,9.78332272142857,1422,12564871.543
MEDNG,LR,locked_test,base_estimator_log_odds,AGE_GROUP,35-49,WTFA_A,6,AGEP_A,0.2140424733862216,9.001793929422659,1422,12564871.543
MEDNG,LR,locked_test,base_estimator_log_odds,AGE_GROUP,35-49,WTFA_A,7,EDUCP_A,0.21208815159126418,8.919602755906165,1422,12564871.543
MEDNG,LR,locked_test,base_estimator_log_odds,AGE_GROUP,35-49,WTFA_A,8,CHRONIC_BURDEN_CAT,0.1825995122134934,7.679425277398115,1422,12564871.543
MEDNG,LR,locked_test,base_estimator_log_odds,AGE_GROUP,35-49,WTFA_A,9,SEX_A,0.11644785102930086,4.897343699623648,1422,12564871.543
MEDNG,LR,locked_test,base_estimator_log_odds,AGE_GROUP,35-49,WTFA_A,10,HISPALLP_A,0.09364348763930797,3.9382808712009183,1422,12564871.543
MEDNG,LR,locked_test,base_estimator_log_odds,AGE_GROUP,35-49,WTFA_A,11,K6SPD_A,0.06877329114230836,2.892337137191297,1422,12564871.543
MEDNG,LR,locked_test,base_estimator_log_odds,AGE_GROUP,35-49,WTFA_A,12,DISAB3_A,0.0671316500349963,2.823296097250466,1422,12564871.543
MEDNG,LR,locked_test,base_estimator_log_odds,AGE_GROUP,50-64,Unweighted,1,PHSTAT_A,0.3128267721490649,14.285385566173739,1524,11722892.652
MEDNG,LR,locked_test,base_estimator_log_odds,AGE_GROUP,50-64,Unweighted,2,EMPWRKLSW1_A,0.2970006045777878,13.562675984006527,1524,11722892.652
MEDNG,LR,locked_test,base_estimator_log_odds,AGE_GROUP,50-64,Unweighted,3,FDSCAT3_A,0.2682893014752406,12.251560467551542,1524,11722892.652
MEDNG,LR,locked_test,base_estimator_log_odds,AGE_GROUP,50-64,Unweighted,4,NOTCOV_A,0.25211450098692323,11.512930394926412,1524,11722892.652
MEDNG,LR,locked_test,base_estimator_log_odds,AGE_GROUP,50-64,Unweighted,5,RATCAT_A,0.2339037534911379,10.681327819359241,1524,11722892.652
MEDNG,LR,locked_test,base_estimator_log_odds,AGE_GROUP,50-64,Unweighted,6,EDUCP_A,0.21342453701769354,9.746134512832123,1524,11722892.652
MEDNG,LR,locked_test,base_estimator_log_odds,AGE_GROUP,50-64,Unweighted,7,CHRONIC_BURDEN_CAT,0.1709685246407872,7.807360212155109,1524,11722892.652
MEDNG,LR,locked_test,base_estimator_log_odds,AGE_GROUP,50-64,Unweighted,8,SEX_A,0.11566473023036025,5.281885742697316,1524,11722892.652
MEDNG,LR,locked_test,base_estimator_log_odds,AGE_GROUP,50-64,Unweighted,9,AGEP_A,0.09933364970123297,4.5361190665649795,1524,11722892.652
MEDNG,LR,locked_test,base_estimator_log_odds,AGE_GROUP,50-64,Unweighted,10,DISAB3_A,0.08553067106443371,3.905799383777798,1524,11722892.652
MEDNG,LR,locked_test,base_estimator_log_odds,AGE_GROUP,50-64,Unweighted,11,HISPALLP_A,0.07630457207476317,3.484485119548755,1524,11722892.652
MEDNG,LR,locked_test,base_estimator_log_odds,AGE_GROUP,50-64,Unweighted,12,K6SPD_A,0.06447617660717593,2.9443357304064843,1524,11722892.652
MEDNG,LR,locked_test,base_estimator_log_odds,AGE_GROUP,50-64,WTFA_A,1,PHSTAT_A,0.31126583187305984,14.195099086277073,1524,11722892.652
MEDNG,LR,locked_test,base_estimator_log_odds,AGE_GROUP,50-64,WTFA_A,2,EMPWRKLSW1_A,0.2956004961667067,13.48069046894395,1524,11722892.652
MEDNG,LR,locked_test,base_estimator_log_odds,AGE_GROUP,50-64,WTFA_A,3,NOTCOV_A,0.27252996144312985,12.428572013140792,1524,11722892.652
MEDNG,LR,locked_test,base_estimator_log_odds,AGE_GROUP,50-64,WTFA_A,4,FDSCAT3_A,0.2591363099655608,11.817762247394676,1524,11722892.652
MEDNG,LR,locked_test,base_estimator_log_odds,AGE_GROUP,50-64,WTFA_A,5,RATCAT_A,0.2346979869372041,10.70326659330231,1524,11722892.652
MEDNG,LR,locked_test,base_estimator_log_odds,AGE_GROUP,50-64,WTFA_A,6,EDUCP_A,0.22016952678364216,10.040704531125996,1524,11722892.652
MEDNG,LR,locked_test,base_estimator_log_odds,AGE_GROUP,50-64,WTFA_A,7,CHRONIC_BURDEN_CAT,0.17300671948189356,7.889871852811531,1524,11722892.652
MEDNG,LR,locked_test,base_estimator_log_odds,AGE_GROUP,50-64,WTFA_A,8,SEX_A,0.1160505866680046,5.292420201921588,1524,11722892.652
MEDNG,LR,locked_test,base_estimator_log_odds,AGE_GROUP,50-64,WTFA_A,9,AGEP_A,0.0933366302481729,4.256563294400875,1524,11722892.652
MEDNG,LR,locked_test,base_estimator_log_odds,AGE_GROUP,50-64,WTFA_A,10,HISPALLP_A,0.08044121521918278,3.668475315088602,1524,11722892.652
MEDNG,LR,locked_test,base_estimator_log_odds,AGE_GROUP,50-64,WTFA_A,11,DISAB3_A,0.08025585455266283,3.660022048592515,1524,11722892.652
MEDNG,LR,locked_test,base_estimator_log_odds,AGE_GROUP,50-64,WTFA_A,12,K6SPD_A,0.056278582240193324,2.566552347000091,1524,11722892.652
MEDNG,LR,locked_test,base_estimator_log_odds,AGE_GROUP,65+,Unweighted,1,AGEP_A,0.4010605179141894,17.04102283118848,2162,11756469.43
MEDNG,LR,locked_test,base_estimator_log_odds,AGE_GROUP,65+,Unweighted,2,EMPWRKLSW1_A,0.3278350772904067,13.92968090208664,2162,11756469.43
MEDNG,LR,locked_test,base_estimator_log_odds,AGE_GROUP,65+,Unweighted,3,PHSTAT_A,0.31029608682836257,13.184450884297556,2162,11756469.43
MEDNG,LR,locked_test,base_estimator_log_odds,AGE_GROUP,65+,Unweighted,4,RATCAT_A,0.22145520550523892,9.409610381812149,2162,11756469.43
MEDNG,LR,locked_test,base_estimator_log_odds,AGE_GROUP,65+,Unweighted,5,EDUCP_A,0.2198285782761955,9.340495147303095,2162,11756469.43
MEDNG,LR,locked_test,base_estimator_log_odds,AGE_GROUP,65+,Unweighted,6,FDSCAT3_A,0.2149959040316697,9.135155283471668,2162,11756469.43
MEDNG,LR,locked_test,base_estimator_log_odds,AGE_GROUP,65+,Unweighted,7,CHRONIC_BURDEN_CAT,0.1624731592404774,6.903468909060473,2162,11756469.43
MEDNG,LR,locked_test,base_estimator_log_odds,AGE_GROUP,65+,Unweighted,8,NOTCOV_A,0.15328592807515654,6.513104340496442,2162,11756469.43
MEDNG,LR,locked_test,base_estimator_log_odds,AGE_GROUP,65+,Unweighted,9,SEX_A,0.11496728793166933,4.884949006380571,2162,11756469.43
MEDNG,LR,locked_test,base_estimator_log_odds,AGE_GROUP,65+,Unweighted,10,DISAB3_A,0.10752612338567856,4.568774640530902,2162,11756469.43
MEDNG,LR,locked_test,base_estimator_log_odds,AGE_GROUP,65+,Unweighted,11,HISPALLP_A,0.06642911234345789,2.8225665941583826,2162,11756469.43
MEDNG,LR,locked_test,base_estimator_log_odds,AGE_GROUP,65+,Unweighted,12,K6SPD_A,0.05334728666243007,2.266721079213627,2162,11756469.43
MEDNG,LR,locked_test,base_estimator_log_odds,AGE_GROUP,65+,WTFA_A,1,AGEP_A,0.39866573053249216,16.7802455220354,2162,11756469.43
MEDNG,LR,locked_test,base_estimator_log_odds,AGE_GROUP,65+,WTFA_A,2,EMPWRKLSW1_A,0.3282714318524657,13.817277991255716,2162,11756469.43
MEDNG,LR,locked_test,base_estimator_log_odds,AGE_GROUP,65+,WTFA_A,3,PHSTAT_A,0.31573967856648244,13.289803766973893,2162,11756469.43
MEDNG,LR,locked_test,base_estimator_log_odds,AGE_GROUP,65+,WTFA_A,4,EDUCP_A,0.22426749483256453,9.439646645513523,2162,11756469.43
MEDNG,LR,locked_test,base_estimator_log_odds,AGE_GROUP,65+,WTFA_A,5,RATCAT_A,0.22253140806021865,9.366572989925894,2162,11756469.43
MEDNG,LR,locked_test,base_estimator_log_odds,AGE_GROUP,65+,WTFA_A,6,FDSCAT3_A,0.2159756721513918,9.090635406876546,2162,11756469.43
MEDNG,LR,locked_test,base_estimator_log_odds,AGE_GROUP,65+,WTFA_A,7,CHRONIC_BURDEN_CAT,0.16320667273140566,6.869534623930412,2162,11756469.43
MEDNG,LR,locked_test,base_estimator_log_odds,AGE_GROUP,65+,WTFA_A,8,NOTCOV_A,0.15767532880007284,6.636714739686511,2162,11756469.43
MEDNG,LR,locked_test,base_estimator_log_odds,AGE_GROUP,65+,WTFA_A,9,SEX_A,0.11566389388595005,4.868410773227236,2162,11756469.43
MEDNG,LR,locked_test,base_estimator_log_odds,AGE_GROUP,65+,WTFA_A,10,DISAB3_A,0.10912066849801724,4.592999770709227,2162,11756469.43
MEDNG,LR,locked_test,base_estimator_log_odds,AGE_GROUP,65+,WTFA_A,11,HISPALLP_A,0.07396387199953089,3.1132144974055462,2162,11756469.43
MEDNG,LR,locked_test,base_estimator_log_odds,AGE_GROUP,65+,WTFA_A,12,K6SPD_A,0.050722065910362116,2.1349432724601076,2162,11756469.43
MEDNG,RF,locked_test,base_estimator_positive_class_probability,HISPALLP_A,code_1,Unweighted,1,NOTCOV_A,0.02992566326615961,28.634500640096313,935,9073456.936
MEDNG,RF,locked_test,base_estimator_positive_class_probability,HISPALLP_A,code_1,Unweighted,2,FDSCAT3_A,0.024097649086987475,23.05794000517438,935,9073456.936
MEDNG,RF,locked_test,base_estimator_positive_class_probability,HISPALLP_A,code_1,Unweighted,3,AGEP_A,0.008446549268984107,8.082117288368758,935,9073456.936
MEDNG,RF,locked_test,base_estimator_positive_class_probability,HISPALLP_A,code_1,Unweighted,4,EMPWRKLSW1_A,0.007619446951632519,7.290700850076777,935,9073456.936
MEDNG,RF,locked_test,base_estimator_positive_class_probability,HISPALLP_A,code_1,Unweighted,5,PHSTAT_A,0.0074155551189244336,7.095606065969113,935,9073456.936
MEDNG,RF,locked_test,base_estimator_positive_class_probability,HISPALLP_A,code_1,Unweighted,6,K6SPD_A,0.006935308129734063,6.636079652232896,935,9073456.936
MEDNG,RF,locked_test,base_estimator_positive_class_probability,HISPALLP_A,code_1,Unweighted,7,RATCAT_A,0.004922999527409286,4.710593441656592,935,9073456.936
MEDNG,RF,locked_test,base_estimator_positive_class_probability,HISPALLP_A,code_1,Unweighted,8,DISAB3_A,0.0047443353650989456,4.539637863344551,935,9073456.936
MEDNG,RF,locked_test,base_estimator_positive_class_probability,HISPALLP_A,code_1,Unweighted,9,CHRONIC_BURDEN_CAT,0.003772383417682179,3.6096214285235266,935,9073456.936
MEDNG,RF,locked_test,base_estimator_positive_class_probability,HISPALLP_A,code_1,Unweighted,10,HISPALLP_A,0.0023973405078834445,2.293905658730845,935,9073456.936
MEDNG,RF,locked_test,base_estimator_positive_class_probability,HISPALLP_A,code_1,Unweighted,11,SEX_A,0.0021895038217998185,2.0950362245677296,935,9073456.936
MEDNG,RF,locked_test,base_estimator_positive_class_probability,HISPALLP_A,code_1,Unweighted,12,EDUCP_A,0.0020423807560617617,1.9542608812585236,935,9073456.936
MEDNG,RF,locked_test,base_estimator_positive_class_probability,HISPALLP_A,code_1,WTFA_A,1,NOTCOV_A,0.03386088908665503,31.46747659329332,935,9073456.936
MEDNG,RF,locked_test,base_estimator_positive_class_probability,HISPALLP_A,code_1,WTFA_A,2,FDSCAT3_A,0.02406753723912606,22.366354964639516,935,9073456.936
MEDNG,RF,locked_test,base_estimator_positive_class_probability,HISPALLP_A,code_1,WTFA_A,3,AGEP_A,0.008094251949887173,7.522120376740961,935,9073456.936
MEDNG,RF,locked_test,base_estimator_positive_class_probability,HISPALLP_A,code_1,WTFA_A,4,PHSTAT_A,0.00758571226136707,7.0495261485057155,935,9073456.936
MEDNG,RF,locked_test,base_estimator_positive_class_probability,HISPALLP_A,code_1,WTFA_A,5,EMPWRKLSW1_A,0.0073502458182306,6.8307033417878875,935,9073456.936
MEDNG,RF,locked_test,base_estimator_positive_class_probability,HISPALLP_A,code_1,WTFA_A,6,K6SPD_A,0.006494494436036041,6.035439622634734,935,9073456.936
MEDNG,RF,locked_test,base_estimator_positive_class_probability,HISPALLP_A,code_1,WTFA_A,7,RATCAT_A,0.004804438721950588,4.46484327803653,935,9073456.936
MEDNG,RF,locked_test,base_estimator_positive_class_probability,HISPALLP_A,code_1,WTFA_A,8,DISAB3_A,0.00464145938874786,4.313383925046043,935,9073456.936
MEDNG,RF,locked_test,base_estimator_positive_class_probability,HISPALLP_A,code_1,WTFA_A,9,CHRONIC_BURDEN_CAT,0.0040392510812130526,3.7537419211653265,935,9073456.936
MEDNG,RF,locked_test,base_estimator_positive_class_probability,HISPALLP_A,code_1,WTFA_A,10,HISPALLP_A,0.0023452562906613244,2.179484928549744,935,9073456.936
MEDNG,RF,locked_test,base_estimator_positive_class_probability,HISPALLP_A,code_1,WTFA_A,11,SEX_A,0.0022189634289462887,2.062118911970925,935,9073456.936
MEDNG,RF,locked_test,base_estimator_positive_class_probability,HISPALLP_A,code_1,WTFA_A,12,EDUCP_A,0.0021034882964575544,1.95480598762929,935,9073456.936
MEDNG,RF,locked_test,base_estimator_positive_class_probability,HISPALLP_A,code_2,Unweighted,1,FDSCAT3_A,0.01615711958552514,21.38146552100867,4242,30279142.281999998
MEDNG,RF,locked_test,base_estimator_positive_class_probability,HISPALLP_A,code_2,Unweighted,2,NOTCOV_A,0.012913441481605427,17.08895588319281,4242,30279142.281999998
MEDNG,RF,locked_test,base_estimator_positive_class_probability,HISPALLP_A,code_2,Unweighted,3,AGEP_A,0.009560098061399565,12.651321047372996,4242,30279142.281999998
MEDNG,RF,locked_test,base_estimator_positive_class_probability,HISPALLP_A,code_2,Unweighted,4,EMPWRKLSW1_A,0.008003614548811539,10.591554244122111,4242,30279142.281999998
MEDNG,RF,locked_test,base_estimator_positive_class_probability,HISPALLP_A,code_2,Unweighted,5,K6SPD_A,0.006902510255737847,9.134411877082773,4242,30279142.281999998
MEDNG,RF,locked_test,base_estimator_positive_class_probability,HISPALLP_A,code_2,Unweighted,6,PHSTAT_A,0.005814884759225286,7.695106626517752,4242,30279142.281999998
MEDNG,RF,locked_test,base_estimator_positive_class_probability,HISPALLP_A,code_2,Unweighted,7,RATCAT_A,0.005207035593281593,6.89071164046823,4242,30279142.281999998
MEDNG,RF,locked_test,base_estimator_positive_class_probability,HISPALLP_A,code_2,Unweighted,8,DISAB3_A,0.004769999331843244,6.312361291205103,4242,30279142.281999998
MEDNG,RF,locked_test,base_estimator_positive_class_probability,HISPALLP_A,code_2,Unweighted,9,CHRONIC_BURDEN_CAT,0.0022259630953174944,2.945720177512806,4242,30279142.281999998
MEDNG,RF,locked_test,base_estimator_positive_class_probability,HISPALLP_A,code_2,Unweighted,10,EDUCP_A,0.0017705156375630623,2.3430054384740693,4242,30279142.281999998
MEDNG,RF,locked_test,base_estimator_positive_class_probability,HISPALLP_A,code_2,Unweighted,11,SEX_A,0.0016533557048793498,2.187962267080777,4242,30279142.281999998
MEDNG,RF,locked_test,base_estimator_positive_class_probability,HISPALLP_A,code_2,Unweighted,12,HISPALLP_A,0.0005874682583146496,0.7774239859618789,4242,30279142.281999998
MEDNG,RF,locked_test,base_estimator_positive_class_probability,HISPALLP_A,code_2,WTFA_A,1,FDSCAT3_A,0.01661306626220846,21.713701659735964,4242,30279142.281999998
MEDNG,RF,locked_test,base_estimator_positive_class_probability,HISPALLP_A,code_2,WTFA_A,2,NOTCOV_A,0.01350632316314708,17.653109128427136,4242,30279142.281999998
MEDNG,RF,locked_test,base_estimator_positive_class_probability,HISPALLP_A,code_2,WTFA_A,3,AGEP_A,0.008946278226678905,11.69301399952846,4242,30279142.281999998
MEDNG,RF,locked_test,base_estimator_positive_class_probability,HISPALLP_A,code_2,WTFA_A,4,EMPWRKLSW1_A,0.007752116862379911,10.132214614952678,4242,30279142.281999998
MEDNG,RF,locked_test,base_estimator_positive_class_probability,HISPALLP_A,code_2,WTFA_A,5,K6SPD_A,0.007024983282468204,9.181832465638376,4242,30279142.281999998
MEDNG,RF,locked_test,base_estimator_positive_class_probability,HISPALLP_A,code_2,WTFA_A,6,PHSTAT_A,0.006027821450862282,7.878516498782747,4242,30279142.281999998
MEDNG,RF,locked_test,base_estimator_positive_class_probability,HISPALLP_A,code_2,WTFA_A,7,RATCAT_A,0.005430833171433943,7.098237579210026,4242,30279142.281999998
MEDNG,RF,locked_test,base_estimator_positive_class_probability,HISPALLP_A,code_2,WTFA_A,8,DISAB3_A,0.00471966646595978,6.168724542346325,4242,30279142.281999998
MEDNG,RF,locked_test,base_estimator_positive_class_probability,HISPALLP_A,code_2,WTFA_A,9,CHRONIC_BURDEN_CAT,0.0023241520163771985,3.037726010296402,4242,30279142.281999998
MEDNG,RF,locked_test,base_estimator_positive_class_probability,HISPALLP_A,code_2,WTFA_A,10,EDUCP_A,0.0018416213635485288,2.4070461302652406,4242,30279142.281999998
MEDNG,RF,locked_test,base_estimator_positive_class_probability,HISPALLP_A,code_2,WTFA_A,11,SEX_A,0.0017406694097632253,2.27509934982965,4242,30279142.281999998
MEDNG,RF,locked_test,base_estimator_positive_class_probability,HISPALLP_A,code_2,WTFA_A,12,HISPALLP_A,0.0005820682199445172,0.7607780209869982,4242,30279142.281999998
MEDNG,RF,locked_test,base_estimator_positive_class_probability,HISPALLP_A,code_3,Unweighted,1,FDSCAT3_A,0.02349241900111551,26.517245552615815,670,6129295.214
MEDNG,RF,locked_test,base_estimator_positive_class_probability,HISPALLP_A,code_3,Unweighted,2,NOTCOV_A,0.016054741253089887,18.121910564922253,670,6129295.214
MEDNG,RF,locked_test,base_estimator_positive_class_probability,HISPALLP_A,code_3,Unweighted,3,AGEP_A,0.009515990050080523,10.741245710893038,670,6129295.214
MEDNG,RF,locked_test,base_estimator_positive_class_probability,HISPALLP_A,code_3,Unweighted,4,EMPWRKLSW1_A,0.008548167752546987,9.648808975715832,670,6129295.214
MEDNG,RF,locked_test,base_estimator_positive_class_probability,HISPALLP_A,code_3,Unweighted,5,K6SPD_A,0.007185723850298324,8.11094012083646,670,6129295.214
MEDNG,RF,locked_test,base_estimator_positive_class_probability,HISPALLP_A,code_3,Unweighted,6,PHSTAT_A,0.006651654685550807,7.508105513509823,670,6129295.214
MEDNG,RF,locked_test,base_estimator_positive_class_probability,HISPALLP_A,code_3,Unweighted,7,DISAB3_A,0.004879694113863948,5.507991622013899,670,6129295.214
MEDNG,RF,locked_test,base_estimator_positive_class_probability,HISPALLP_A,code_3,Unweighted,8,RATCAT_A,0.004628729923801763,5.224713895166088,670,6129295.214
MEDNG,RF,locked_test,base_estimator_positive_class_probability,HISPALLP_A,code_3,Unweighted,9,CHRONIC_BURDEN_CAT,0.0025511202647594726,2.8795962855791473,670,6129295.214
MEDNG,RF,locked_test,base_estimator_positive_class_probability,HISPALLP_A,code_3,Unweighted,10,EDUCP_A,0.002149436894215083,2.4261931443095244,670,6129295.214
MEDNG,RF,locked_test,base_estimator_positive_class_probability,HISPALLP_A,code_3,Unweighted,11,SEX_A,0.0017738624915718613,2.0022606979448305,670,6129295.214
MEDNG,RF,locked_test,base_estimator_positive_class_probability,HISPALLP_A,code_3,Unweighted,12,HISPALLP_A,0.0011614433097340239,1.3109879164932958,670,6129295.214
MEDNG,RF,locked_test,base_estimator_positive_class_probability,HISPALLP_A,code_3,WTFA_A,1,FDSCAT3_A,0.024092086550446746,26.484367930515987,670,6129295.214
MEDNG,RF,locked_test,base_estimator_positive_class_probability,HISPALLP_A,code_3,WTFA_A,2,NOTCOV_A,0.017803362283127986,19.571189739806467,670,6129295.214
MEDNG,RF,locked_test,base_estimator_positive_class_probability,HISPALLP_A,code_3,WTFA_A,3,AGEP_A,0.008964234269521748,9.854359360374778,670,6129295.214
MEDNG,RF,locked_test,base_estimator_positive_class_probability,HISPALLP_A,code_3,WTFA_A,4,EMPWRKLSW1_A,0.008303504129758828,9.128020440430216,670,6129295.214
MEDNG,RF,locked_test,base_estimator_positive_class_probability,HISPALLP_A,code_3,WTFA_A,5,PHSTAT_A,0.007101723978206963,7.806906653185388,670,6129295.214
MEDNG,RF,locked_test,base_estimator_positive_class_probability,HISPALLP_A,code_3,WTFA_A,6,K6SPD_A,0.006984961944807924,7.678550454299078,670,6129295.214
MEDNG,RF,locked_test,base_estimator_positive_class_probability,HISPALLP_A,code_3,WTFA_A,7,DISAB3_A,0.004963569014635358,5.4564384764620515,670,6129295.214
MEDNG,RF,locked_test,base_estimator_positive_class_probability,HISPALLP_A,code_3,WTFA_A,8,RATCAT_A,0.004802020623439534,5.2788487512195195,670,6129295.214
MEDNG,RF,locked_test,base_estimator_positive_class_probability,HISPALLP_A,code_3,WTFA_A,9,CHRONIC_BURDEN_CAT,0.0026456363087605946,2.90834109635259,670,6129295.214
MEDNG,RF,locked_test,base_estimator_positive_class_probability,HISPALLP_A,code_3,WTFA_A,10,EDUCP_A,0.002202532467138041,2.4212381985448794,670,6129295.214
MEDNG,RF,locked_test,base_estimator_positive_class_probability,HISPALLP_A,code_3,WTFA_A,11,SEX_A,0.0018881325764163873,2.0756192183975624,670,6129295.214
MEDNG,RF,locked_test,base_estimator_positive_class_probability,HISPALLP_A,code_3,WTFA_A,12,HISPALLP_A,0.0012154305916109215,1.3361196804114692,670,6129295.214
MEDNG,RF,locked_test,base_estimator_positive_class_probability,HISPALLP_A,code_4,Unweighted,1,NOTCOV_A,0.013644021483383562,19.089697767987296,384,3311289.384
MEDNG,RF,locked_test,base_estimator_positive_class_probability,HISPALLP_A,code_4,Unweighted,2,FDSCAT3_A,0.013306202985269702,18.61704730805635,384,3311289.384
MEDNG,RF,locked_test,base_estimator_positive_class_probability,HISPALLP_A,code_4,Unweighted,3,AGEP_A,0.007895784695065562,11.047193355233743,384,3311289.384
MEDNG,RF,locked_test,base_estimator_positive_class_probability,HISPALLP_A,code_4,Unweighted,4,EMPWRKLSW1_A,0.006835359484422393,9.563525449742269,384,3311289.384
MEDNG,RF,locked_test,base_estimator_positive_class_probability,HISPALLP_A,code_4,Unweighted,5,PHSTAT_A,0.006608622342325977,9.246291742607678,384,3311289.384
MEDNG,RF,locked_test,base_estimator_positive_class_probability,HISPALLP_A,code_4,Unweighted,6,RATCAT_A,0.005569390559703913,7.792276101742377,384,3311289.384
MEDNG,RF,locked_test,base_estimator_positive_class_probability,HISPALLP_A,code_4,Unweighted,7,K6SPD_A,0.005542975550434481,7.755318189875547,384,3311289.384
MEDNG,RF,locked_test,base_estimator_positive_class_probability,HISPALLP_A,code_4,Unweighted,8,DISAB3_A,0.0035798773945553003,5.008697589031006,384,3311289.384
MEDNG,RF,locked_test,base_estimator_positive_class_probability,HISPALLP_A,code_4,Unweighted,9,HISPALLP_A,0.002948712381534494,4.125618552914815,384,3311289.384
MEDNG,RF,locked_test,base_estimator_positive_class_probability,HISPALLP_A,code_4,Unweighted,10,CHRONIC_BURDEN_CAT,0.0022679972764414534,3.1732127216754367,384,3311289.384
MEDNG,RF,locked_test,base_estimator_positive_class_probability,HISPALLP_A,code_4,Unweighted,11,SEX_A,0.0018617514548931742,2.6048238516997517,384,3311289.384
MEDNG,RF,locked_test,base_estimator_positive_class_probability,HISPALLP_A,code_4,Unweighted,12,EDUCP_A,0.0014125233460388828,1.9762973694337431,384,3311289.384
MEDNG,RF,locked_test,base_estimator_positive_class_probability,HISPALLP_A,code_4,WTFA_A,1,NOTCOV_A,0.015183315212032734,20.642342943575922,384,3311289.384
MEDNG,RF,locked_test,base_estimator_positive_class_probability,HISPALLP_A,code_4,WTFA_A,2,FDSCAT3_A,0.013256812464499028,18.023183040683545,384,3311289.384
MEDNG,RF,locked_test,base_estimator_positive_class_probability,HISPALLP_A,code_4,WTFA_A,3,AGEP_A,0.00784482744164324,10.665366299926484,384,3311289.384
MEDNG,RF,locked_test,base_estimator_positive_class_probability,HISPALLP_A,code_4,WTFA_A,4,PHSTAT_A,0.0069593944103880645,9.461583593086907,384,3311289.384
MEDNG,RF,locked_test,base_estimator_positive_class_probability,HISPALLP_A,code_4,WTFA_A,5,EMPWRKLSW1_A,0.006855257691240914,9.32000543050284,384,3311289.384
MEDNG,RF,locked_test,base_estimator_positive_class_probability,HISPALLP_A,code_4,WTFA_A,6,K6SPD_A,0.005834988267066244,7.932907089030769,384,3311289.384
MEDNG,RF,locked_test,base_estimator_positive_class_probability,HISPALLP_A,code_4,WTFA_A,7,RATCAT_A,0.00533682950004923,7.255639709310905,384,3311289.384
MEDNG,RF,locked_test,base_estimator_positive_class_probability,HISPALLP_A,code_4,WTFA_A,8,DISAB3_A,0.0035954130142905687,4.888112209246938,384,3311289.384
MEDNG,RF,locked_test,base_estimator_positive_class_probability,HISPALLP_A,code_4,WTFA_A,9,HISPALLP_A,0.0030227270114868646,4.1095219801847644,384,3311289.384
MEDNG,RF,locked_test,base_estimator_positive_class_probability,HISPALLP_A,code_4,WTFA_A,10,CHRONIC_BURDEN_CAT,0.002382120294412377,3.2385907401265848,384,3311289.384
MEDNG,RF,locked_test,base_estimator_positive_class_probability,HISPALLP_A,code_4,WTFA_A,11,SEX_A,0.00189161659080221,2.571730734678563,384,3311289.384
MEDNG,RF,locked_test,base_estimator_positive_class_probability,HISPALLP_A,code_4,WTFA_A,12,EDUCP_A,0.0013909223175035416,1.891016229645776,384,3311289.384
MEDNG,RF,locked_test,base_estimator_positive_class_probability,RATCAT_A,code_1,Unweighted,1,FDSCAT3_A,0.034015376759788184,26.332026713570524,188,1438230.0329999998
MEDNG,RF,locked_test,base_estimator_positive_class_probability,RATCAT_A,code_1,Unweighted,2,NOTCOV_A,0.028981787158232547,22.435417930156913,188,1438230.0329999998
MEDNG,RF,locked_test,base_estimator_positive_class_probability,RATCAT_A,code_1,Unweighted,3,K6SPD_A,0.013539796010768927,10.481444105988587,188,1438230.0329999998
MEDNG,RF,locked_test,base_estimator_positive_class_probability,RATCAT_A,code_1,Unweighted,4,AGEP_A,0.009734271219039973,7.535506414849348,188,1438230.0329999998
MEDNG,RF,locked_test,base_estimator_positive_class_probability,RATCAT_A,code_1,Unweighted,5,EMPWRKLSW1_A,0.009248509481324909,7.15946792072146,188,1438230.0329999998
MEDNG,RF,locked_test,base_estimator_positive_class_probability,RATCAT_A,code_1,Unweighted,6,PHSTAT_A,0.008637127723116304,6.686184296582089,188,1438230.0329999998
MEDNG,RF,locked_test,base_estimator_positive_class_probability,RATCAT_A,code_1,Unweighted,7,DISAB3_A,0.007416134772942373,5.740987681295166,188,1438230.0329999998
MEDNG,RF,locked_test,base_estimator_positive_class_probability,RATCAT_A,code_1,Unweighted,8,RATCAT_A,0.007203036749896005,5.576023968704467,188,1438230.0329999998
MEDNG,RF,locked_test,base_estimator_positive_class_probability,RATCAT_A,code_1,Unweighted,9,CHRONIC_BURDEN_CAT,0.003918651202273013,3.033511251928899,188,1438230.0329999998
MEDNG,RF,locked_test,base_estimator_positive_class_probability,RATCAT_A,code_1,Unweighted,10,EDUCP_A,0.0025703655265000877,1.9897746300271328,188,1438230.0329999998
MEDNG,RF,locked_test,base_estimator_positive_class_probability,RATCAT_A,code_1,Unweighted,11,SEX_A,0.0019928127925778216,1.542678773187607,188,1438230.0329999998
MEDNG,RF,locked_test,base_estimator_positive_class_probability,RATCAT_A,code_1,Unweighted,12,HISPALLP_A,0.0019208570638846074,1.486976312987782,188,1438230.0329999998
MEDNG,RF,locked_test,base_estimator_positive_class_probability,RATCAT_A,code_1,WTFA_A,1,FDSCAT3_A,0.03816999291693199,28.69844473562851,188,1438230.0329999998
MEDNG,RF,locked_test,base_estimator_positive_class_probability,RATCAT_A,code_1,WTFA_A,2,NOTCOV_A,0.031424511610173456,23.62679531409163,188,1438230.0329999998
MEDNG,RF,locked_test,base_estimator_positive_class_probability,RATCAT_A,code_1,WTFA_A,3,K6SPD_A,0.012542220014945522,9.429978379727169,188,1438230.0329999998
MEDNG,RF,locked_test,base_estimator_positive_class_probability,RATCAT_A,code_1,WTFA_A,4,AGEP_A,0.009147446230843261,6.877587865926415,188,1438230.0329999998
MEDNG,RF,locked_test,base_estimator_positive_class_probability,RATCAT_A,code_1,WTFA_A,5,EMPWRKLSW1_A,0.008854050736530608,6.656995884221355,188,1438230.0329999998
MEDNG,RF,locked_test,base_estimator_positive_class_probability,RATCAT_A,code_1,WTFA_A,6,PHSTAT_A,0.00868303750047102,6.528418079273952,188,1438230.0329999998
MEDNG,RF,locked_test,base_estimator_positive_class_probability,RATCAT_A,code_1,WTFA_A,7,RATCAT_A,0.006953922821489095,5.228368006843511,188,1438230.0329999998
MEDNG,RF,locked_test,base_estimator_positive_class_probability,RATCAT_A,code_1,WTFA_A,8,DISAB3_A,0.006326406052068331,4.756564007112787,188,1438230.0329999998
MEDNG,RF,locked_test,base_estimator_positive_class_probability,RATCAT_A,code_1,WTFA_A,9,CHRONIC_BURDEN_CAT,0.0040402117177094545,3.03766869837405,188,1438230.0329999998
MEDNG,RF,locked_test,base_estimator_positive_class_probability,RATCAT_A,code_1,WTFA_A,10,EDUCP_A,0.002622556374652971,1.9717920657685575,188,1438230.0329999998
MEDNG,RF,locked_test,base_estimator_positive_class_probability,RATCAT_A,code_1,WTFA_A,11,SEX_A,0.0021261383528701026,1.5985558119681005,188,1438230.0329999998
MEDNG,RF,locked_test,base_estimator_positive_class_probability,RATCAT_A,code_1,WTFA_A,12,HISPALLP_A,0.002113204194198784,1.5888311510639581,188,1438230.0329999998
MEDNG,RF,locked_test,base_estimator_positive_class_probability,RATCAT_A,code_10,Unweighted,1,NOTCOV_A,0.015980907679778746,20.861087089764045,470,3697012.5979999998
MEDNG,RF,locked_test,base_estimator_positive_class_probability,RATCAT_A,code_10,Unweighted,2,FDSCAT3_A,0.015933432947385535,20.799114732069295,470,3697012.5979999998
MEDNG,RF,locked_test,base_estimator_positive_class_probability,RATCAT_A,code_10,Unweighted,3,AGEP_A,0.00915638355274284,11.952519753477233,470,3697012.5979999998
MEDNG,RF,locked_test,base_estimator_positive_class_probability,RATCAT_A,code_10,Unweighted,4,EMPWRKLSW1_A,0.008190384672391356,10.691528377053373,470,3697012.5979999998
MEDNG,RF,locked_test,base_estimator_positive_class_probability,RATCAT_A,code_10,Unweighted,5,PHSTAT_A,0.006099805425225368,7.962537219788466,470,3697012.5979999998
MEDNG,RF,locked_test,base_estimator_positive_class_probability,RATCAT_A,code_10,Unweighted,6,K6SPD_A,0.005223534457437272,6.8186744718427015,470,3697012.5979999998
MEDNG,RF,locked_test,base_estimator_positive_class_probability,RATCAT_A,code_10,Unweighted,7,DISAB3_A,0.0046466959660150745,6.065683574991893,470,3697012.5979999998
MEDNG,RF,locked_test,base_estimator_positive_class_probability,RATCAT_A,code_10,Unweighted,8,RATCAT_A,0.004174879400492766,5.449785738587489,470,3697012.5979999998
MEDNG,RF,locked_test,base_estimator_positive_class_probability,RATCAT_A,code_10,Unweighted,9,CHRONIC_BURDEN_CAT,0.002446550765030236,3.1936676940700037,470,3697012.5979999998
MEDNG,RF,locked_test,base_estimator_positive_class_probability,RATCAT_A,code_10,Unweighted,10,SEX_A,0.0019503998925700639,2.54600444693476,470,3697012.5979999998
MEDNG,RF,locked_test,base_estimator_positive_class_probability,RATCAT_A,code_10,Unweighted,11,EDUCP_A,0.0018045959422733186,2.3556755265680698,470,3697012.5979999998
MEDNG,RF,locked_test,base_estimator_positive_class_probability,RATCAT_A,code_10,Unweighted,12,HISPALLP_A,0.000998732752613721,1.3037213748526613,470,3697012.5979999998
MEDNG,RF,locked_test,base_estimator_positive_class_probability,RATCAT_A,code_10,WTFA_A,1,NOTCOV_A,0.016934736259669226,21.460826289208356,470,3697012.5979999998
MEDNG,RF,locked_test,base_estimator_positive_class_probability,RATCAT_A,code_10,WTFA_A,2,FDSCAT3_A,0.01651803791951919,20.932758384527798,470,3697012.5979999998
MEDNG,RF,locked_test,base_estimator_positive_class_probability,RATCAT_A,code_10,WTFA_A,3,AGEP_A,0.008573832591589366,10.865332005143756,470,3697012.5979999998
MEDNG,RF,locked_test,base_estimator_positive_class_probability,RATCAT_A,code_10,WTFA_A,4,EMPWRKLSW1_A,0.008032773043057358,10.17966528998998,470,3697012.5979999998
MEDNG,RF,locked_test,base_estimator_positive_class_probability,RATCAT_A,code_10,WTFA_A,5,PHSTAT_A,0.006429976087479,8.148494180318917,470,3697012.5979999998
MEDNG,RF,locked_test,base_estimator_positive_class_probability,RATCAT_A,code_10,WTFA_A,6,K6SPD_A,0.0057136786914122675,7.240754387228057,470,3697012.5979999998
MEDNG,RF,locked_test,base_estimator_positive_class_probability,RATCAT_A,code_10,WTFA_A,7,DISAB3_A,0.004752945800640232,6.023249646496396,470,3697012.5979999998
MEDNG,RF,locked_test,base_estimator_positive_class_probability,RATCAT_A,code_10,WTFA_A,8,RATCAT_A,0.004306751094110061,5.457801980753101,470,3697012.5979999998
MEDNG,RF,locked_test,base_estimator_positive_class_probability,RATCAT_A,code_10,WTFA_A,9,CHRONIC_BURDEN_CAT,0.002545520669501335,3.2258534213998167,470,3697012.5979999998
MEDNG,RF,locked_test,base_estimator_positive_class_probability,RATCAT_A,code_10,WTFA_A,10,SEX_A,0.002055482034727184,2.604843808103703,470,3697012.5979999998
MEDNG,RF,locked_test,base_estimator_positive_class_probability,RATCAT_A,code_10,WTFA_A,11,EDUCP_A,0.0019235758805861015,2.4376835395826615,470,3697012.5979999998
MEDNG,RF,locked_test,base_estimator_positive_class_probability,RATCAT_A,code_10,WTFA_A,12,HISPALLP_A,0.0011226817027453517,1.4227370672474382,470,3697012.5979999998
MEDNG,RF,locked_test,base_estimator_positive_class_probability,RATCAT_A,code_11,Unweighted,1,FDSCAT3_A,0.01543863197423696,20.590377139516484,388,3303098.671
MEDNG,RF,locked_test,base_estimator_positive_class_probability,RATCAT_A,code_11,Unweighted,2,NOTCOV_A,0.014922766194445427,19.902371170010664,388,3303098.671
MEDNG,RF,locked_test,base_estimator_positive_class_probability,RATCAT_A,code_11,Unweighted,3,AGEP_A,0.00915955760298308,12.216027028254135,388,3303098.671
MEDNG,RF,locked_test,base_estimator_positive_class_probability,RATCAT_A,code_11,Unweighted,4,EMPWRKLSW1_A,0.00800522183516469,10.676498859911442,388,3303098.671
MEDNG,RF,locked_test,base_estimator_positive_class_probability,RATCAT_A,code_11,Unweighted,5,K6SPD_A,0.007111603780871992,9.484687772810444,388,3303098.671
MEDNG,RF,locked_test,base_estimator_positive_class_probability,RATCAT_A,code_11,Unweighted,6,PHSTAT_A,0.005819754393967414,7.761758815879137,388,3303098.671
MEDNG,RF,locked_test,base_estimator_positive_class_probability,RATCAT_A,code_11,Unweighted,7,DISAB3_A,0.004445521501585078,5.928955651784063,388,3303098.671
MEDNG,RF,locked_test,base_estimator_positive_class_probability,RATCAT_A,code_11,Unweighted,8,RATCAT_A,0.0032991820418919746,4.400092094159351,388,3303098.671
MEDNG,RF,locked_test,base_estimator_positive_class_probability,RATCAT_A,code_11,Unweighted,9,CHRONIC_BURDEN_CAT,0.0023951847463950706,3.194438297991045,388,3303098.671
MEDNG,RF,locked_test,base_estimator_positive_class_probability,RATCAT_A,code_11,Unweighted,10,SEX_A,0.0017288968012574377,2.3058155173722086,388,3303098.671
MEDNG,RF,locked_test,base_estimator_positive_class_probability,RATCAT_A,code_11,Unweighted,11,EDUCP_A,0.0016380960974256484,2.1847153616362607,388,3303098.671
MEDNG,RF,locked_test,base_estimator_positive_class_probability,RATCAT_A,code_11,Unweighted,12,HISPALLP_A,0.0010154237079120438,1.3542622906747903,388,3303098.671
MEDNG,RF,locked_test,base_estimator_positive_class_probability,RATCAT_A,code_11,WTFA_A,1,FDSCAT3_A,0.017248089770508294,21.85422174754743,388,3303098.671
MEDNG,RF,locked_test,base_estimator_positive_class_probability,RATCAT_A,code_11,WTFA_A,2,NOTCOV_A,0.015504765332336405,19.645339526000164,388,3303098.671
MEDNG,RF,locked_test,base_estimator_positive_class_probability,RATCAT_A,code_11,WTFA_A,3,AGEP_A,0.008769981237973921,11.112019779965722,388,3303098.671
MEDNG,RF,locked_test,base_estimator_positive_class_probability,RATCAT_A,code_11,WTFA_A,4,K6SPD_A,0.007979563389864587,10.11051948888209,388,3303098.671
MEDNG,RF,locked_test,base_estimator_positive_class_probability,RATCAT_A,code_11,WTFA_A,5,EMPWRKLSW1_A,0.007930081077627703,10.047822840233191,388,3303098.671
MEDNG,RF,locked_test,base_estimator_positive_class_probability,RATCAT_A,code_11,WTFA_A,6,PHSTAT_A,0.0063161584540988545,8.002899410028691,388,3303098.671
MEDNG,RF,locked_test,base_estimator_positive_class_probability,RATCAT_A,code_11,WTFA_A,7,DISAB3_A,0.004433750346466987,5.617790986375373,388,3303098.671
MEDNG,RF,locked_test,base_estimator_positive_class_probability,RATCAT_A,code_11,WTFA_A,8,RATCAT_A,0.0034971786032889714,4.4311061516931725,388,3303098.671
MEDNG,RF,locked_test,base_estimator_positive_class_probability,RATCAT_A,code_11,WTFA_A,9,CHRONIC_BURDEN_CAT,0.0025525219135828373,3.2341772716358905,388,3303098.671
MEDNG,RF,locked_test,base_estimator_positive_class_probability,RATCAT_A,code_11,WTFA_A,10,SEX_A,0.0018109353080379266,2.294548690255202,388,3303098.671
MEDNG,RF,locked_test,base_estimator_positive_class_probability,RATCAT_A,code_11,WTFA_A,11,EDUCP_A,0.0017194705035310613,2.1786580527188115,388,3303098.671
MEDNG,RF,locked_test,base_estimator_positive_class_probability,RATCAT_A,code_11,WTFA_A,12,HISPALLP_A,0.0011608808351540976,1.470896054664264,388,3303098.671
MEDNG,RF,locked_test,base_estimator_positive_class_probability,RATCAT_A,code_12,Unweighted,1,FDSCAT3_A,0.013803022014010582,20.765965956660203,394,3100767.9
MEDNG,RF,locked_test,base_estimator_positive_class_probability,RATCAT_A,code_12,Unweighted,2,NOTCOV_A,0.011453091961299618,17.23061207360501,394,3100767.9
MEDNG,RF,locked_test,base_estimator_positive_class_probability,RATCAT_A,code_12,Unweighted,3,AGEP_A,0.009247861043866452,13.912950904079286,394,3100767.9
MEDNG,RF,locked_test,base_estimator_positive_class_probability,RATCAT_A,code_12,Unweighted,4,EMPWRKLSW1_A,0.007905898004001523,11.894033686339203,394,3100767.9
MEDNG,RF,locked_test,base_estimator_positive_class_probability,RATCAT_A,code_12,Unweighted,5,PHSTAT_A,0.005389603415576577,8.108392563176343,394,3100767.9
MEDNG,RF,locked_test,base_estimator_positive_class_probability,RATCAT_A,code_12,Unweighted,6,K6SPD_A,0.005232339019903334,7.871796035008058,394,3100767.9
MEDNG,RF,locked_test,base_estimator_positive_class_probability,RATCAT_A,code_12,Unweighted,7,DISAB3_A,0.0046813703510122226,7.042890842379533,394,3100767.9
MEDNG,RF,locked_test,base_estimator_positive_class_probability,RATCAT_A,code_12,Unweighted,8,CHRONIC_BURDEN_CAT,0.0021313415369237482,3.2064982402295295,394,3100767.9
MEDNG,RF,locked_test,base_estimator_positive_class_probability,RATCAT_A,code_12,Unweighted,9,RATCAT_A,0.0020369415566620645,3.0644781250378177,394,3100767.9
MEDNG,RF,locked_test,base_estimator_positive_class_probability,RATCAT_A,code_12,Unweighted,10,EDUCP_A,0.0017391047295700303,2.6163973057972916,394,3100767.9
MEDNG,RF,locked_test,base_estimator_positive_class_probability,RATCAT_A,code_12,Unweighted,11,SEX_A,0.0017235735098444936,2.593031351605627,394,3100767.9
MEDNG,RF,locked_test,base_estimator_positive_class_probability,RATCAT_A,code_12,Unweighted,12,HISPALLP_A,0.0011252963824622832,1.692952916082101,394,3100767.9
MEDNG,RF,locked_test,base_estimator_positive_class_probability,RATCAT_A,code_12,WTFA_A,1,FDSCAT3_A,0.014301533534812842,20.82487325702502,394,3100767.9
MEDNG,RF,locked_test,base_estimator_positive_class_probability,RATCAT_A,code_12,WTFA_A,2,NOTCOV_A,0.012603360077968424,18.35211416995612,394,3100767.9
MEDNG,RF,locked_test,base_estimator_positive_class_probability,RATCAT_A,code_12,WTFA_A,3,AGEP_A,0.008588507656112299,12.505972381923883,394,3100767.9
MEDNG,RF,locked_test,base_estimator_positive_class_probability,RATCAT_A,code_12,WTFA_A,4,EMPWRKLSW1_A,0.007767943136181611,11.311124844408265,394,3100767.9
MEDNG,RF,locked_test,base_estimator_positive_class_probability,RATCAT_A,code_12,WTFA_A,5,PHSTAT_A,0.005654275954339496,8.23335342484341,394,3100767.9
MEDNG,RF,locked_test,base_estimator_positive_class_probability,RATCAT_A,code_12,WTFA_A,6,K6SPD_A,0.0055817487744118195,8.127744517518419,394,3100767.9
MEDNG,RF,locked_test,base_estimator_positive_class_probability,RATCAT_A,code_12,WTFA_A,7,DISAB3_A,0.004945451474257176,7.201213764906994,394,3100767.9
MEDNG,RF,locked_test,base_estimator_positive_class_probability,RATCAT_A,code_12,WTFA_A,8,CHRONIC_BURDEN_CAT,0.002282998666371823,3.3243398519061356,394,3100767.9
MEDNG,RF,locked_test,base_estimator_positive_class_probability,RATCAT_A,code_12,WTFA_A,9,RATCAT_A,0.0020797570650023397,3.028393925633854,394,3100767.9
MEDNG,RF,locked_test,base_estimator_positive_class_probability,RATCAT_A,code_12,WTFA_A,10,EDUCP_A,0.001860801836094681,2.709566935516632,394,3100767.9
MEDNG,RF,locked_test,base_estimator_positive_class_probability,RATCAT_A,code_12,WTFA_A,11,SEX_A,0.0018074289725521233,2.6318491777717945,394,3100767.9
MEDNG,RF,locked_test,base_estimator_positive_class_probability,RATCAT_A,code_12,WTFA_A,12,HISPALLP_A,0.0012014417155992163,1.7494537485894728,394,3100767.9
MEDNG,RF,locked_test,base_estimator_positive_class_probability,RATCAT_A,code_13,Unweighted,1,FDSCAT3_A,0.010942353501775323,18.13308027791098,322,2593253.9520000005
MEDNG,RF,locked_test,base_estimator_positive_class_probability,RATCAT_A,code_13,Unweighted,2,NOTCOV_A,0.010685139783620809,17.706839524574043,322,2593253.9520000005
MEDNG,RF,locked_test,base_estimator_positive_class_probability,RATCAT_A,code_13,Unweighted,3,AGEP_A,0.008182282861498934,13.55923951461295,322,2593253.9520000005
MEDNG,RF,locked_test,base_estimator_positive_class_probability,RATCAT_A,code_13,Unweighted,4,EMPWRKLSW1_A,0.007213351502467278,11.953578528221325,322,2593253.9520000005
MEDNG,RF,locked_test,base_estimator_positive_class_probability,RATCAT_A,code_13,Unweighted,5,PHSTAT_A,0.005727301989896301,9.490977123137117,322,2593253.9520000005
MEDNG,RF,locked_test,base_estimator_positive_class_probability,RATCAT_A,code_13,Unweighted,6,K6SPD_A,0.0050672851420138,8.397232666290115,322,2593253.9520000005
MEDNG,RF,locked_test,base_estimator_positive_class_probability,RATCAT_A,code_13,Unweighted,7,DISAB3_A,0.004211497216792225,6.9790668990818086,322,2593253.9520000005
MEDNG,RF,locked_test,base_estimator_positive_class_probability,RATCAT_A,code_13,Unweighted,8,RATCAT_A,0.0022211287261433153,3.680735181165222,322,2593253.9520000005
MEDNG,RF,locked_test,base_estimator_positive_class_probability,RATCAT_A,code_13,Unweighted,9,CHRONIC_BURDEN_CAT,0.002128678593588908,3.527531788947944,322,2593253.9520000005
MEDNG,RF,locked_test,base_estimator_positive_class_probability,RATCAT_A,code_13,Unweighted,10,SEX_A,0.0015474835520493072,2.564406594386141,322,2593253.9520000005
MEDNG,RF,locked_test,base_estimator_positive_class_probability,RATCAT_A,code_13,Unweighted,11,EDUCP_A,0.0015043622104489599,2.4929482240452945,322,2593253.9520000005
MEDNG,RF,locked_test,base_estimator_positive_class_probability,RATCAT_A,code_13,Unweighted,12,HISPALLP_A,0.000913838268891882,1.514363677627049,322,2593253.9520000005
MEDNG,RF,locked_test,base_estimator_positive_class_probability,RATCAT_A,code_13,WTFA_A,1,NOTCOV_A,0.01166016087650451,18.412943042835124,322,2593253.9520000005
MEDNG,RF,locked_test,base_estimator_positive_class_probability,RATCAT_A,code_13,WTFA_A,2,FDSCAT3_A,0.010953955889485296,17.297751551030505,322,2593253.9520000005
MEDNG,RF,locked_test,base_estimator_positive_class_probability,RATCAT_A,code_13,WTFA_A,3,AGEP_A,0.007901559276326459,12.477611796742204,322,2593253.9520000005
MEDNG,RF,locked_test,base_estimator_positive_class_probability,RATCAT_A,code_13,WTFA_A,4,EMPWRKLSW1_A,0.0072563706871920045,11.458773303050581,322,2593253.9520000005
MEDNG,RF,locked_test,base_estimator_positive_class_probability,RATCAT_A,code_13,WTFA_A,5,PHSTAT_A,0.006211567501054127,9.808890273040745,322,2593253.9520000005
MEDNG,RF,locked_test,base_estimator_positive_class_probability,RATCAT_A,code_13,WTFA_A,6,K6SPD_A,0.005860282386303983,9.25416440963317,322,2593253.9520000005
MEDNG,RF,locked_test,base_estimator_positive_class_probability,RATCAT_A,code_13,WTFA_A,7,DISAB3_A,0.00487797782469069,7.702975010510157,322,2593253.9520000005
MEDNG,RF,locked_test,base_estimator_positive_class_probability,RATCAT_A,code_13,WTFA_A,8,CHRONIC_BURDEN_CAT,0.002216583962846229,3.500280544138133,322,2593253.9520000005
MEDNG,RF,locked_test,base_estimator_positive_class_probability,RATCAT_A,code_13,WTFA_A,9,RATCAT_A,0.0021897220559612654,3.4578620246397085,322,2593253.9520000005
MEDNG,RF,locked_test,base_estimator_positive_class_probability,RATCAT_A,code_13,WTFA_A,10,SEX_A,0.0016386244359954823,2.587605670980038,322,2593253.9520000005
MEDNG,RF,locked_test,base_estimator_positive_class_probability,RATCAT_A,code_13,WTFA_A,11,EDUCP_A,0.0015668289451265496,2.474231053073536,322,2593253.9520000005
MEDNG,RF,locked_test,base_estimator_positive_class_probability,RATCAT_A,code_13,WTFA_A,12,HISPALLP_A,0.0009922606088399203,1.5669113203260947,322,2593253.9520000005
MEDNG,RF,locked_test,base_estimator_positive_class_probability,RATCAT_A,code_14,Unweighted,1,NOTCOV_A,0.01079854206697461,16.933608072550026,1930,15348993.286000002
MEDNG,RF,locked_test,base_estimator_positive_class_probability,RATCAT_A,code_14,Unweighted,2,FDSCAT3_A,0.010777398464196349,16.900451977915385,1930,15348993.286000002
MEDNG,RF,locked_test,base_estimator_positive_class_probability,RATCAT_A,code_14,Unweighted,3,RATCAT_A,0.007988857488194426,12.527633898493654,1930,15348993.286000002
MEDNG,RF,locked_test,base_estimator_positive_class_probability,RATCAT_A,code_14,Unweighted,4,AGEP_A,0.007763526446337889,12.174283647532695,1930,15348993.286000002
MEDNG,RF,locked_test,base_estimator_positive_class_probability,RATCAT_A,code_14,Unweighted,5,EMPWRKLSW1_A,0.006244983983739636,9.792998957092248,1930,15348993.286000002
MEDNG,RF,locked_test,base_estimator_positive_class_probability,RATCAT_A,code_14,Unweighted,6,PHSTAT_A,0.005628135127292311,8.825694601532502,1930,15348993.286000002
MEDNG,RF,locked_test,base_estimator_positive_class_probability,RATCAT_A,code_14,Unweighted,7,K6SPD_A,0.004514631315489004,7.079566557633478,1930,15348993.286000002
MEDNG,RF,locked_test,base_estimator_positive_class_probability,RATCAT_A,code_14,Unweighted,8,DISAB3_A,0.003762622188331813,5.900312196509522,1930,15348993.286000002
MEDNG,RF,locked_test,base_estimator_positive_class_probability,RATCAT_A,code_14,Unweighted,9,CHRONIC_BURDEN_CAT,0.002140860642624062,3.3571657021196555,1930,15348993.286000002
MEDNG,RF,locked_test,base_estimator_positive_class_probability,RATCAT_A,code_14,Unweighted,10,SEX_A,0.0017879452771088578,2.8037455787965153,1930,15348993.286000002
MEDNG,RF,locked_test,base_estimator_positive_class_probability,RATCAT_A,code_14,Unweighted,11,EDUCP_A,0.0014250885474892275,2.2347360210472487,1930,15348993.286000002
MEDNG,RF,locked_test,base_estimator_positive_class_probability,RATCAT_A,code_14,Unweighted,12,HISPALLP_A,0.0009372915197260587,1.4698027887770775,1930,15348993.286000002
MEDNG,RF,locked_test,base_estimator_positive_class_probability,RATCAT_A,code_14,WTFA_A,1,NOTCOV_A,0.011084264351248178,17.294405330131937,1930,15348993.286000002
MEDNG,RF,locked_test,base_estimator_positive_class_probability,RATCAT_A,code_14,WTFA_A,2,FDSCAT3_A,0.010863118940467154,16.94935957429746,1930,15348993.286000002
MEDNG,RF,locked_test,base_estimator_positive_class_probability,RATCAT_A,code_14,WTFA_A,3,RATCAT_A,0.008068121588523935,12.588419094227783,1930,15348993.286000002
MEDNG,RF,locked_test,base_estimator_positive_class_probability,RATCAT_A,code_14,WTFA_A,4,AGEP_A,0.007376726244135675,11.5096581633889,1930,15348993.286000002
MEDNG,RF,locked_test,base_estimator_positive_class_probability,RATCAT_A,code_14,WTFA_A,5,EMPWRKLSW1_A,0.006095844871827335,9.511141984909129,1930,15348993.286000002
MEDNG,RF,locked_test,base_estimator_positive_class_probability,RATCAT_A,code_14,WTFA_A,6,PHSTAT_A,0.005893064406576123,9.19475043667866,1930,15348993.286000002
MEDNG,RF,locked_test,base_estimator_positive_class_probability,RATCAT_A,code_14,WTFA_A,7,K6SPD_A,0.004424770098640455,6.903820150222121,1930,15348993.286000002
MEDNG,RF,locked_test,base_estimator_positive_class_probability,RATCAT_A,code_14,WTFA_A,8,DISAB3_A,0.0037925194064481194,5.917340633446663,1930,15348993.286000002
MEDNG,RF,locked_test,base_estimator_positive_class_probability,RATCAT_A,code_14,WTFA_A,9,CHRONIC_BURDEN_CAT,0.002192998907052871,3.421662528540998,1930,15348993.286000002
MEDNG,RF,locked_test,base_estimator_positive_class_probability,RATCAT_A,code_14,WTFA_A,10,SEX_A,0.0018321157872260776,2.8585887192823507,1930,15348993.286000002
MEDNG,RF,locked_test,base_estimator_positive_class_probability,RATCAT_A,code_14,WTFA_A,11,EDUCP_A,0.0015140018411749913,2.3622462151850274,1930,15348993.286000002
MEDNG,RF,locked_test,base_estimator_positive_class_probability,RATCAT_A,code_14,WTFA_A,12,HISPALLP_A,0.0009540724337741645,1.4886071696889664,1930,15348993.286000002
MEDNG,RF,locked_test,base_estimator_positive_class_probability,RATCAT_A,code_2,Unweighted,1,FDSCAT3_A,0.03271684642321186,28.512877793458024,187,1384944.663
MEDNG,RF,locked_test,base_estimator_positive_class_probability,RATCAT_A,code_2,Unweighted,2,NOTCOV_A,0.02402926032515331,20.94160770434745,187,1384944.663
MEDNG,RF,locked_test,base_estimator_positive_class_probability,RATCAT_A,code_2,Unweighted,3,K6SPD_A,0.011444195355034851,9.97366736945225,187,1384944.663
MEDNG,RF,locked_test,base_estimator_positive_class_probability,RATCAT_A,code_2,Unweighted,4,EMPWRKLSW1_A,0.010200744346197556,8.889994261154873,187,1384944.663
MEDNG,RF,locked_test,base_estimator_positive_class_probability,RATCAT_A,code_2,Unweighted,5,AGEP_A,0.009967303938800442,8.68654990340508,187,1384944.663
MEDNG,RF,locked_test,base_estimator_positive_class_probability,RATCAT_A,code_2,Unweighted,6,PHSTAT_A,0.008117917814690916,7.074801635630707,187,1384944.663
MEDNG,RF,locked_test,base_estimator_positive_class_probability,RATCAT_A,code_2,Unweighted,7,DISAB3_A,0.007479726598255268,6.518615139912164,187,1384944.663
MEDNG,RF,locked_test,base_estimator_positive_class_probability,RATCAT_A,code_2,Unweighted,8,CHRONIC_BURDEN_CAT,0.0030711859828278306,2.676552302034326,187,1384944.663
MEDNG,RF,locked_test,base_estimator_positive_class_probability,RATCAT_A,code_2,Unweighted,9,EDUCP_A,0.0024530630943079847,2.13785544373317,187,1384944.663
MEDNG,RF,locked_test,base_estimator_positive_class_probability,RATCAT_A,code_2,Unweighted,10,RATCAT_A,0.0020223494370480034,1.7624865675717376,187,1384944.663
MEDNG,RF,locked_test,base_estimator_positive_class_probability,RATCAT_A,code_2,Unweighted,11,SEX_A,0.001795429673659348,1.564724980200935,187,1384944.663
MEDNG,RF,locked_test,base_estimator_positive_class_probability,RATCAT_A,code_2,Unweighted,12,HISPALLP_A,0.0014460819735126233,1.2602668990992631,187,1384944.663
MEDNG,RF,locked_test,base_estimator_positive_class_probability,RATCAT_A,code_2,WTFA_A,1,FDSCAT3_A,0.032957697671633056,27.970880519565313,187,1384944.663
MEDNG,RF,locked_test,base_estimator_positive_class_probability,RATCAT_A,code_2,WTFA_A,2,NOTCOV_A,0.02736115844058569,23.22115158781954,187,1384944.663
MEDNG,RF,locked_test,base_estimator_positive_class_probability,RATCAT_A,code_2,WTFA_A,3,K6SPD_A,0.01240654041097215,10.529311329751808,187,1384944.663
MEDNG,RF,locked_test,base_estimator_positive_class_probability,RATCAT_A,code_2,WTFA_A,4,EMPWRKLSW1_A,0.009537442668781227,8.09433571509139,187,1384944.663
MEDNG,RF,locked_test,base_estimator_positive_class_probability,RATCAT_A,code_2,WTFA_A,5,AGEP_A,0.009494080200369523,8.05753440587794,187,1384944.663
MEDNG,RF,locked_test,base_estimator_positive_class_probability,RATCAT_A,code_2,WTFA_A,6,PHSTAT_A,0.008447741808160275,7.16951709219558,187,1384944.663
MEDNG,RF,locked_test,base_estimator_positive_class_probability,RATCAT_A,code_2,WTFA_A,7,DISAB3_A,0.006713623357825071,5.697787468835141,187,1384944.663
MEDNG,RF,locked_test,base_estimator_positive_class_probability,RATCAT_A,code_2,WTFA_A,8,CHRONIC_BURDEN_CAT,0.003155889184797337,2.6783727492267135,187,1384944.663
MEDNG,RF,locked_test,base_estimator_positive_class_probability,RATCAT_A,code_2,WTFA_A,9,EDUCP_A,0.0023395731891929623,1.985573227647493,187,1384944.663
MEDNG,RF,locked_test,base_estimator_positive_class_probability,RATCAT_A,code_2,WTFA_A,10,RATCAT_A,0.0020194925040439935,1.7139238336235814,187,1384944.663
MEDNG,RF,locked_test,base_estimator_positive_class_probability,RATCAT_A,code_2,WTFA_A,11,SEX_A,0.0018967404133410977,1.6097453167627764,187,1384944.663
MEDNG,RF,locked_test,base_estimator_positive_class_probability,RATCAT_A,code_2,WTFA_A,12,HISPALLP_A,0.0014986228236368508,1.2718667536027226,187,1384944.663
MEDNG,RF,locked_test,base_estimator_positive_class_probability,RATCAT_A,code_3,Unweighted,1,FDSCAT3_A,0.030069678811112704,29.011513147081157,322,2378042.798
MEDNG,RF,locked_test,base_estimator_positive_class_probability,RATCAT_A,code_3,Unweighted,2,NOTCOV_A,0.018522275159409213,17.870467878175866,322,2378042.798
MEDNG,RF,locked_test,base_estimator_positive_class_probability,RATCAT_A,code_3,Unweighted,3,AGEP_A,0.011363069309428406,10.963197735914818,322,2378042.798
MEDNG,RF,locked_test,base_estimator_positive_class_probability,RATCAT_A,code_3,Unweighted,4,K6SPD_A,0.010550970328534168,10.179676887257221,322,2378042.798
MEDNG,RF,locked_test,base_estimator_positive_class_probability,RATCAT_A,code_3,Unweighted,5,EMPWRKLSW1_A,0.009229097086983737,8.904320965868315,322,2378042.798
MEDNG,RF,locked_test,base_estimator_positive_class_probability,RATCAT_A,code_3,Unweighted,6,PHSTAT_A,0.0069449919324710155,6.700594509868648,322,2378042.798
MEDNG,RF,locked_test,base_estimator_positive_class_probability,RATCAT_A,code_3,Unweighted,7,DISAB3_A,0.006214342215694865,5.995656688706134,322,2378042.798
MEDNG,RF,locked_test,base_estimator_positive_class_probability,RATCAT_A,code_3,Unweighted,8,RATCAT_A,0.0029785982916916776,2.873780064034176,322,2378042.798
MEDNG,RF,locked_test,base_estimator_positive_class_probability,RATCAT_A,code_3,Unweighted,9,CHRONIC_BURDEN_CAT,0.00255176219930384,2.461964527734463,322,2378042.798
MEDNG,RF,locked_test,base_estimator_positive_class_probability,RATCAT_A,code_3,Unweighted,10,EDUCP_A,0.002347854680966869,2.2652326076437337,322,2378042.798
MEDNG,RF,locked_test,base_estimator_positive_class_probability,RATCAT_A,code_3,Unweighted,11,SEX_A,0.001488057325819991,1.435691912202357,322,2378042.798
MEDNG,RF,locked_test,base_estimator_positive_class_probability,RATCAT_A,code_3,Unweighted,12,HISPALLP_A,0.0013867017399996164,1.3379030755131134,322,2378042.798
MEDNG,RF,locked_test,base_estimator_positive_class_probability,RATCAT_A,code_3,WTFA_A,1,FDSCAT3_A,0.030087469908257652,28.467478767694637,322,2378042.798
MEDNG,RF,locked_test,base_estimator_positive_class_probability,RATCAT_A,code_3,WTFA_A,2,NOTCOV_A,0.02295200660553775,21.71620819934108,322,2378042.798
MEDNG,RF,locked_test,base_estimator_positive_class_probability,RATCAT_A,code_3,WTFA_A,3,AGEP_A,0.010415297465054402,9.854509546656326,322,2378042.798
MEDNG,RF,locked_test,base_estimator_positive_class_probability,RATCAT_A,code_3,WTFA_A,4,K6SPD_A,0.009510809705047094,8.998721865533264,322,2378042.798
MEDNG,RF,locked_test,base_estimator_positive_class_probability,RATCAT_A,code_3,WTFA_A,5,EMPWRKLSW1_A,0.008448024109271219,7.993159534283276,322,2378042.798
MEDNG,RF,locked_test,base_estimator_positive_class_probability,RATCAT_A,code_3,WTFA_A,6,PHSTAT_A,0.007078873121903917,6.69772735665276,322,2378042.798
MEDNG,RF,locked_test,base_estimator_positive_class_probability,RATCAT_A,code_3,WTFA_A,7,DISAB3_A,0.005742239295880083,5.433061528035752,322,2378042.798
MEDNG,RF,locked_test,base_estimator_positive_class_probability,RATCAT_A,code_3,WTFA_A,8,CHRONIC_BURDEN_CAT,0.0030578296695110015,2.8931878106553652,322,2378042.798
MEDNG,RF,locked_test,base_estimator_positive_class_probability,RATCAT_A,code_3,WTFA_A,9,RATCAT_A,0.003004406086018988,2.842640698073604,322,2378042.798
MEDNG,RF,locked_test,base_estimator_positive_class_probability,RATCAT_A,code_3,WTFA_A,10,EDUCP_A,0.002359003735669763,2.2319885641052295,322,2378042.798
MEDNG,RF,locked_test,base_estimator_positive_class_probability,RATCAT_A,code_3,WTFA_A,11,SEX_A,0.0015683508719394027,1.4839065991047897,322,2378042.798
MEDNG,RF,locked_test,base_estimator_positive_class_probability,RATCAT_A,code_3,WTFA_A,12,HISPALLP_A,0.001466362469990902,1.387409529863909,322,2378042.798
MEDNG,RF,locked_test,base_estimator_positive_class_probability,RATCAT_A,code_4,Unweighted,1,FDSCAT3_A,0.025884856688061272,24.78600680788929,252,1789827.5900000003
MEDNG,RF,locked_test,base_estimator_positive_class_probability,RATCAT_A,code_4,Unweighted,2,NOTCOV_A,0.02108495740375371,20.189870241566236,252,1789827.5900000003
MEDNG,RF,locked_test,base_estimator_positive_class_probability,RATCAT_A,code_4,Unweighted,3,AGEP_A,0.011352210845850379,10.87029295548001,252,1789827.5900000003
MEDNG,RF,locked_test,base_estimator_positive_class_probability,RATCAT_A,code_4,Unweighted,4,K6SPD_A,0.011018788075381567,10.551024467408492,252,1789827.5900000003
MEDNG,RF,locked_test,base_estimator_positive_class_probability,RATCAT_A,code_4,Unweighted,5,EMPWRKLSW1_A,0.009249030615025678,8.856395789749032,252,1789827.5900000003
MEDNG,RF,locked_test,base_estimator_positive_class_probability,RATCAT_A,code_4,Unweighted,6,PHSTAT_A,0.007193898114513233,6.888506658173886,252,1789827.5900000003
MEDNG,RF,locked_test,base_estimator_positive_class_probability,RATCAT_A,code_4,Unweighted,7,DISAB3_A,0.006953278492966636,6.658101690140339,252,1789827.5900000003
MEDNG,RF,locked_test,base_estimator_positive_class_probability,RATCAT_A,code_4,Unweighted,8,RATCAT_A,0.0030116186956026334,2.8837710941008257,252,1789827.5900000003
MEDNG,RF,locked_test,base_estimator_positive_class_probability,RATCAT_A,code_4,Unweighted,9,CHRONIC_BURDEN_CAT,0.002754835986330161,2.6378891849646906,252,1789827.5900000003
MEDNG,RF,locked_test,base_estimator_positive_class_probability,RATCAT_A,code_4,Unweighted,10,EDUCP_A,0.0023807959722678715,2.2797277144688195,252,1789827.5900000003
MEDNG,RF,locked_test,base_estimator_positive_class_probability,RATCAT_A,code_4,Unweighted,11,SEX_A,0.0019500382728825474,1.8672563070285089,252,1789827.5900000003
MEDNG,RF,locked_test,base_estimator_positive_class_probability,RATCAT_A,code_4,Unweighted,12,HISPALLP_A,0.001599038607696657,1.5311570890298658,252,1789827.5900000003
MEDNG,RF,locked_test,base_estimator_positive_class_probability,RATCAT_A,code_4,WTFA_A,1,FDSCAT3_A,0.0283442900687891,25.408899553477223,252,1789827.5900000003
MEDNG,RF,locked_test,base_estimator_positive_class_probability,RATCAT_A,code_4,WTFA_A,2,NOTCOV_A,0.025777406019076864,23.10784707249168,252,1789827.5900000003
MEDNG,RF,locked_test,base_estimator_positive_class_probability,RATCAT_A,code_4,WTFA_A,3,K6SPD_A,0.011276839002756738,10.108987341238466,252,1789827.5900000003
MEDNG,RF,locked_test,base_estimator_positive_class_probability,RATCAT_A,code_4,WTFA_A,4,AGEP_A,0.010589013240796115,9.49239417014346,252,1789827.5900000003
MEDNG,RF,locked_test,base_estimator_positive_class_probability,RATCAT_A,code_4,WTFA_A,5,EMPWRKLSW1_A,0.008993799352896225,8.062383774907204,252,1789827.5900000003
MEDNG,RF,locked_test,base_estimator_positive_class_probability,RATCAT_A,code_4,WTFA_A,6,PHSTAT_A,0.007513750568432814,6.7356117581303,252,1789827.5900000003
MEDNG,RF,locked_test,base_estimator_positive_class_probability,RATCAT_A,code_4,WTFA_A,7,DISAB3_A,0.006519049417291363,5.843923817675877,252,1789827.5900000003
MEDNG,RF,locked_test,base_estimator_positive_class_probability,RATCAT_A,code_4,WTFA_A,8,CHRONIC_BURDEN_CAT,0.0029678900542820055,2.6605295137750886,252,1789827.5900000003
MEDNG,RF,locked_test,base_estimator_positive_class_probability,RATCAT_A,code_4,WTFA_A,9,RATCAT_A,0.002919431598031673,2.617089510712988,252,1789827.5900000003
MEDNG,RF,locked_test,base_estimator_positive_class_probability,RATCAT_A,code_4,WTFA_A,10,EDUCP_A,0.0025693211812560786,2.3032372183857674,252,1789827.5900000003
MEDNG,RF,locked_test,base_estimator_positive_class_probability,RATCAT_A,code_4,WTFA_A,11,SEX_A,0.002185907940286194,1.959531007941487,252,1789827.5900000003
MEDNG,RF,locked_test,base_estimator_positive_class_probability,RATCAT_A,code_4,WTFA_A,12,HISPALLP_A,0.0018959093702837241,1.6995652611204526,252,1789827.5900000003
MEDNG,RF,locked_test,base_estimator_positive_class_probability,RATCAT_A,code_5,Unweighted,1,FDSCAT3_A,0.028638049897971925,26.93783028170567,331,2620717.5870000003
MEDNG,RF,locked_test,base_estimator_positive_class_probability,RATCAT_A,code_5,Unweighted,2,NOTCOV_A,0.024209797325148608,22.77247975413051,331,2620717.5870000003
MEDNG,RF,locked_test,base_estimator_positive_class_probability,RATCAT_A,code_5,Unweighted,3,AGEP_A,0.010647759020128352,10.015609526018409,331,2620717.5870000003
MEDNG,RF,locked_test,base_estimator_positive_class_probability,RATCAT_A,code_5,Unweighted,4,EMPWRKLSW1_A,0.00925691570021844,8.707339534393368,331,2620717.5870000003
MEDNG,RF,locked_test,base_estimator_positive_class_probability,RATCAT_A,code_5,Unweighted,5,K6SPD_A,0.008711077001299652,8.19390687102956,331,2620717.5870000003
MEDNG,RF,locked_test,base_estimator_positive_class_probability,RATCAT_A,code_5,Unweighted,6,PHSTAT_A,0.006866449565861745,6.458793587623932,331,2620717.5870000003
MEDNG,RF,locked_test,base_estimator_positive_class_probability,RATCAT_A,code_5,Unweighted,7,DISAB3_A,0.005613128762734329,5.279881503754412,331,2620717.5870000003
MEDNG,RF,locked_test,base_estimator_positive_class_probability,RATCAT_A,code_5,Unweighted,8,RATCAT_A,0.003707997056759301,3.487856043128126,331,2620717.5870000003
MEDNG,RF,locked_test,base_estimator_positive_class_probability,RATCAT_A,code_5,Unweighted,9,CHRONIC_BURDEN_CAT,0.0031164557415679214,2.9314340936583467,331,2620717.5870000003
MEDNG,RF,locked_test,base_estimator_positive_class_probability,RATCAT_A,code_5,Unweighted,10,EDUCP_A,0.002173028053615818,2.044017002352996,331,2620717.5870000003
MEDNG,RF,locked_test,base_estimator_positive_class_probability,RATCAT_A,code_5,Unweighted,11,SEX_A,0.0019361235329568094,1.8211773260057202,331,2620717.5870000003
MEDNG,RF,locked_test,base_estimator_positive_class_probability,RATCAT_A,code_5,Unweighted,12,HISPALLP_A,0.001434861107639178,1.3496744761989405,331,2620717.5870000003
MEDNG,RF,locked_test,base_estimator_positive_class_probability,RATCAT_A,code_5,WTFA_A,1,FDSCAT3_A,0.029163273514251246,26.335938768561356,331,2620717.5870000003
MEDNG,RF,locked_test,base_estimator_positive_class_probability,RATCAT_A,code_5,WTFA_A,2,NOTCOV_A,0.028664426760319574,25.885454444158604,331,2620717.5870000003
MEDNG,RF,locked_test,base_estimator_positive_class_probability,RATCAT_A,code_5,WTFA_A,3,AGEP_A,0.009817313670454419,8.865540131168846,331,2620717.5870000003
MEDNG,RF,locked_test,base_estimator_positive_class_probability,RATCAT_A,code_5,WTFA_A,4,K6SPD_A,0.00911120850737728,8.227890783269775,331,2620717.5870000003
MEDNG,RF,locked_test,base_estimator_positive_class_probability,RATCAT_A,code_5,WTFA_A,5,EMPWRKLSW1_A,0.00869463682677707,7.851705089724684,331,2620717.5870000003
MEDNG,RF,locked_test,base_estimator_positive_class_probability,RATCAT_A,code_5,WTFA_A,6,PHSTAT_A,0.007319860468536535,6.610211195927209,331,2620717.5870000003
MEDNG,RF,locked_test,base_estimator_positive_class_probability,RATCAT_A,code_5,WTFA_A,7,DISAB3_A,0.00513835848927358,4.6402024957279835,331,2620717.5870000003
MEDNG,RF,locked_test,base_estimator_positive_class_probability,RATCAT_A,code_5,WTFA_A,8,RATCAT_A,0.0035905805525074936,3.242479261740462,331,2620717.5870000003
MEDNG,RF,locked_test,base_estimator_positive_class_probability,RATCAT_A,code_5,WTFA_A,9,CHRONIC_BURDEN_CAT,0.0034489291244525467,3.11456072290046,331,2620717.5870000003
MEDNG,RF,locked_test,base_estimator_positive_class_probability,RATCAT_A,code_5,WTFA_A,10,EDUCP_A,0.002137272342281618,1.9300670588492932,331,2620717.5870000003
MEDNG,RF,locked_test,base_estimator_positive_class_probability,RATCAT_A,code_5,WTFA_A,11,SEX_A,0.0020890288837400193,1.8865007297979852,331,2620717.5870000003
MEDNG,RF,locked_test,base_estimator_positive_class_probability,RATCAT_A,code_5,WTFA_A,12,HISPALLP_A,0.0015607628925471426,1.4094493181733472,331,2620717.5870000003
MEDNG,RF,locked_test,base_estimator_positive_class_probability,RATCAT_A,code_6,Unweighted,1,FDSCAT3_A,0.024383423586750285,24.067854078080853,299,2176686.528
MEDNG,RF,locked_test,base_estimator_positive_class_probability,RATCAT_A,code_6,Unweighted,2,NOTCOV_A,0.020068690353152577,19.808961987615564,299,2176686.528
MEDNG,RF,locked_test,base_estimator_positive_class_probability,RATCAT_A,code_6,Unweighted,3,K6SPD_A,0.011277179136002834,11.131230234837892,299,2176686.528
MEDNG,RF,locked_test,base_estimator_positive_class_probability,RATCAT_A,code_6,Unweighted,4,AGEP_A,0.011148478957261367,11.004195689801495,299,2176686.528
MEDNG,RF,locked_test,base_estimator_positive_class_probability,RATCAT_A,code_6,Unweighted,5,EMPWRKLSW1_A,0.009005544837694458,8.8889953568711,299,2176686.528
MEDNG,RF,locked_test,base_estimator_positive_class_probability,RATCAT_A,code_6,Unweighted,6,PHSTAT_A,0.007118902772202273,7.02677015423348,299,2176686.528
MEDNG,RF,locked_test,base_estimator_positive_class_probability,RATCAT_A,code_6,Unweighted,7,DISAB3_A,0.005872790838865664,5.796785362729564,299,2176686.528
MEDNG,RF,locked_test,base_estimator_positive_class_probability,RATCAT_A,code_6,Unweighted,8,RATCAT_A,0.004421583498938586,4.364359502999841,299,2176686.528
MEDNG,RF,locked_test,base_estimator_positive_class_probability,RATCAT_A,code_6,Unweighted,9,CHRONIC_BURDEN_CAT,0.00273571802924816,2.7003124517140416,299,2176686.528
MEDNG,RF,locked_test,base_estimator_positive_class_probability,RATCAT_A,code_6,Unweighted,10,EDUCP_A,0.0020713724261522434,2.044564788723205,299,2176686.528
MEDNG,RF,locked_test,base_estimator_positive_class_probability,RATCAT_A,code_6,Unweighted,11,SEX_A,0.001729483981420684,1.7071010535956865,299,2176686.528
MEDNG,RF,locked_test,base_estimator_positive_class_probability,RATCAT_A,code_6,Unweighted,12,HISPALLP_A,0.001477997536889376,1.4588693387972815,299,2176686.528
MEDNG,RF,locked_test,base_estimator_positive_class_probability,RATCAT_A,code_6,WTFA_A,1,FDSCAT3_A,0.027708797284464154,25.39888934309271,299,2176686.528
MEDNG,RF,locked_test,base_estimator_positive_class_probability,RATCAT_A,code_6,WTFA_A,2,NOTCOV_A,0.027328130687191605,25.049956522895634,299,2176686.528
MEDNG,RF,locked_test,base_estimator_positive_class_probability,RATCAT_A,code_6,WTFA_A,3,AGEP_A,0.010389646313721091,9.52352692637544,299,2176686.528
MEDNG,RF,locked_test,base_estimator_positive_class_probability,RATCAT_A,code_6,WTFA_A,4,EMPWRKLSW1_A,0.008800234956291359,8.066614784950707,299,2176686.528
MEDNG,RF,locked_test,base_estimator_positive_class_probability,RATCAT_A,code_6,WTFA_A,5,K6SPD_A,0.008486055955186679,7.778626908715626,299,2176686.528
MEDNG,RF,locked_test,base_estimator_positive_class_probability,RATCAT_A,code_6,WTFA_A,6,PHSTAT_A,0.007156420137978819,6.559834456586712,299,2176686.528
MEDNG,RF,locked_test,base_estimator_positive_class_probability,RATCAT_A,code_6,WTFA_A,7,DISAB3_A,0.005860820718517425,5.372241002058631,299,2176686.528
MEDNG,RF,locked_test,base_estimator_positive_class_probability,RATCAT_A,code_6,WTFA_A,8,RATCAT_A,0.004390495420322315,4.024487465020562,299,2176686.528
MEDNG,RF,locked_test,base_estimator_positive_class_probability,RATCAT_A,code_6,WTFA_A,9,CHRONIC_BURDEN_CAT,0.00324446081775499,2.9739905504437947,299,2176686.528
MEDNG,RF,locked_test,base_estimator_positive_class_probability,RATCAT_A,code_6,WTFA_A,10,EDUCP_A,0.0020329298885304087,1.8634573255187814,299,2176686.528
MEDNG,RF,locked_test,base_estimator_positive_class_probability,RATCAT_A,code_6,WTFA_A,11,SEX_A,0.0018726198830559245,1.716511355694247,299,2176686.528
MEDNG,RF,locked_test,base_estimator_positive_class_probability,RATCAT_A,code_6,WTFA_A,12,HISPALLP_A,0.001823911363457944,1.6718633586471643,299,2176686.528
MEDNG,RF,locked_test,base_estimator_positive_class_probability,RATCAT_A,code_7,Unweighted,1,NOTCOV_A,0.024531537387957096,25.387021876707163,274,2014189.3329999999
MEDNG,RF,locked_test,base_estimator_positive_class_probability,RATCAT_A,code_7,Unweighted,2,FDSCAT3_A,0.02350703143828059,24.326788490355177,274,2014189.3329999999
MEDNG,RF,locked_test,base_estimator_positive_class_probability,RATCAT_A,code_7,Unweighted,3,AGEP_A,0.009502384298276668,9.83375946831834,274,2014189.3329999999
MEDNG,RF,locked_test,base_estimator_positive_class_probability,RATCAT_A,code_7,Unweighted,4,EMPWRKLSW1_A,0.008563493668784375,8.862127051898426,274,2014189.3329999999
MEDNG,RF,locked_test,base_estimator_positive_class_probability,RATCAT_A,code_7,Unweighted,5,PHSTAT_A,0.006534836232311132,6.7627245600931705,274,2014189.3329999999
MEDNG,RF,locked_test,base_estimator_positive_class_probability,RATCAT_A,code_7,Unweighted,6,K6SPD_A,0.006445749839604345,6.670531471466185,274,2014189.3329999999
MEDNG,RF,locked_test,base_estimator_positive_class_probability,RATCAT_A,code_7,Unweighted,7,RATCAT_A,0.005189154048561724,5.370114610799395,274,2014189.3329999999
MEDNG,RF,locked_test,base_estimator_positive_class_probability,RATCAT_A,code_7,Unweighted,8,DISAB3_A,0.0042295859777636315,4.377083671878305,274,2014189.3329999999
MEDNG,RF,locked_test,base_estimator_positive_class_probability,RATCAT_A,code_7,Unweighted,9,CHRONIC_BURDEN_CAT,0.0029926145982349093,3.096975581776601,274,2014189.3329999999
MEDNG,RF,locked_test,base_estimator_positive_class_probability,RATCAT_A,code_7,Unweighted,10,EDUCP_A,0.002062447479171632,2.1343708894084146,274,2014189.3329999999
MEDNG,RF,locked_test,base_estimator_positive_class_probability,RATCAT_A,code_7,Unweighted,11,SEX_A,0.0016777773179919738,1.7362861855129894,274,2014189.3329999999
MEDNG,RF,locked_test,base_estimator_positive_class_probability,RATCAT_A,code_7,Unweighted,12,HISPALLP_A,0.0013936167611765357,1.442216141785837,274,2014189.3329999999
MEDNG,RF,locked_test,base_estimator_positive_class_probability,RATCAT_A,code_7,WTFA_A,1,NOTCOV_A,0.030002330675219523,29.044921809916058,274,2014189.3329999999
MEDNG,RF,locked_test,base_estimator_positive_class_probability,RATCAT_A,code_7,WTFA_A,2,FDSCAT3_A,0.023617179181228225,22.863527841059373,274,2014189.3329999999
MEDNG,RF,locked_test,base_estimator_positive_class_probability,RATCAT_A,code_7,WTFA_A,3,AGEP_A,0.009282617025473186,8.986398044034342,274,2014189.3329999999
MEDNG,RF,locked_test,base_estimator_positive_class_probability,RATCAT_A,code_7,WTFA_A,4,EMPWRKLSW1_A,0.00823495258267616,7.972165778099014,274,2014189.3329999999
MEDNG,RF,locked_test,base_estimator_positive_class_probability,RATCAT_A,code_7,WTFA_A,5,PHSTAT_A,0.006768548677327308,6.552556507283546,274,2014189.3329999999
MEDNG,RF,locked_test,base_estimator_positive_class_probability,RATCAT_A,code_7,WTFA_A,6,K6SPD_A,0.006173989072524039,5.97696998303032,274,2014189.3329999999
MEDNG,RF,locked_test,base_estimator_positive_class_probability,RATCAT_A,code_7,WTFA_A,7,RATCAT_A,0.005430271761612078,5.25698554655584,274,2014189.3329999999
MEDNG,RF,locked_test,base_estimator_positive_class_probability,RATCAT_A,code_7,WTFA_A,8,DISAB3_A,0.004746171068653067,4.594715293214647,274,2014189.3329999999
MEDNG,RF,locked_test,base_estimator_positive_class_probability,RATCAT_A,code_7,WTFA_A,9,CHRONIC_BURDEN_CAT,0.0033983417733071406,3.2898967802725605,274,2014189.3329999999
MEDNG,RF,locked_test,base_estimator_positive_class_probability,RATCAT_A,code_7,WTFA_A,10,EDUCP_A,0.00216069246344412,2.0917422828035073,274,2014189.3329999999
MEDNG,RF,locked_test,base_estimator_positive_class_probability,RATCAT_A,code_7,WTFA_A,11,SEX_A,0.0017840163268086544,1.727086314749842,274,2014189.3329999999
MEDNG,RF,locked_test,base_estimator_positive_class_probability,RATCAT_A,code_7,WTFA_A,12,HISPALLP_A,0.0016971932054162448,1.6430338189809632,274,2014189.3329999999
MEDNG,RF,locked_test,base_estimator_positive_class_probability,RATCAT_A,code_8,Unweighted,1,FDSCAT3_A,0.02011581366207909,22.310809271429783,530,4181768.7849999997
MEDNG,RF,locked_test,base_estimator_positive_class_probability,RATCAT_A,code_8,Unweighted,2,NOTCOV_A,0.01686435568241459,18.704558982130507,530,4181768.7849999997
MEDNG,RF,locked_test,base_estimator_positive_class_probability,RATCAT_A,code_8,Unweighted,3,AGEP_A,0.010422940494808582,11.56027001112623,530,4181768.7849999997
MEDNG,RF,locked_test,base_estimator_positive_class_probability,RATCAT_A,code_8,Unweighted,4,EMPWRKLSW1_A,0.00933179697501222,10.350063187435806,530,4181768.7849999997
MEDNG,RF,locked_test,base_estimator_positive_class_probability,RATCAT_A,code_8,Unweighted,5,K6SPD_A,0.0075991619021637475,8.428366591081636,530,4181768.7849999997
MEDNG,RF,locked_test,base_estimator_positive_class_probability,RATCAT_A,code_8,Unweighted,6,RATCAT_A,0.006678092407064393,7.406791914754578,530,4181768.7849999997
MEDNG,RF,locked_test,base_estimator_positive_class_probability,RATCAT_A,code_8,Unweighted,7,PHSTAT_A,0.006592695578945151,7.312076762956113,530,4181768.7849999997
MEDNG,RF,locked_test,base_estimator_positive_class_probability,RATCAT_A,code_8,Unweighted,8,DISAB3_A,0.004852934979782225,5.382477117725523,530,4181768.7849999997
MEDNG,RF,locked_test,base_estimator_positive_class_probability,RATCAT_A,code_8,Unweighted,9,CHRONIC_BURDEN_CAT,0.002733722533609944,3.032020631775797,530,4181768.7849999997
MEDNG,RF,locked_test,base_estimator_positive_class_probability,RATCAT_A,code_8,Unweighted,10,EDUCP_A,0.002088675889212201,2.316587843617509,530,4181768.7849999997
MEDNG,RF,locked_test,base_estimator_positive_class_probability,RATCAT_A,code_8,Unweighted,11,SEX_A,0.0016582983259886682,1.8392483788021181,530,4181768.7849999997
MEDNG,RF,locked_test,base_estimator_positive_class_probability,RATCAT_A,code_8,Unweighted,12,HISPALLP_A,0.0012232507391719352,1.3567293071643907,530,4181768.7849999997
MEDNG,RF,locked_test,base_estimator_positive_class_probability,RATCAT_A,code_8,WTFA_A,1,FDSCAT3_A,0.0226182475257463,23.36789891925297,530,4181768.7849999997
MEDNG,RF,locked_test,base_estimator_positive_class_probability,RATCAT_A,code_8,WTFA_A,2,NOTCOV_A,0.020625083327255368,21.308673974137633,530,4181768.7849999997
MEDNG,RF,locked_test,base_estimator_positive_class_probability,RATCAT_A,code_8,WTFA_A,3,AGEP_A,0.009608458239508042,9.92691766482376,530,4181768.7849999997
MEDNG,RF,locked_test,base_estimator_positive_class_probability,RATCAT_A,code_8,WTFA_A,4,EMPWRKLSW1_A,0.009144349976416569,9.447427157561139,530,4181768.7849999997
MEDNG,RF,locked_test,base_estimator_positive_class_probability,RATCAT_A,code_8,WTFA_A,5,PHSTAT_A,0.0072176395959395595,7.456858552879791,530,4181768.7849999997
MEDNG,RF,locked_test,base_estimator_positive_class_probability,RATCAT_A,code_8,WTFA_A,6,K6SPD_A,0.00711897257051753,7.354921341603769,530,4181768.7849999997
MEDNG,RF,locked_test,base_estimator_positive_class_probability,RATCAT_A,code_8,WTFA_A,7,RATCAT_A,0.0070142664835789095,7.246744912239511,530,4181768.7849999997
MEDNG,RF,locked_test,base_estimator_positive_class_probability,RATCAT_A,code_8,WTFA_A,8,DISAB3_A,0.004969910285577858,5.134631277641704,530,4181768.7849999997
MEDNG,RF,locked_test,base_estimator_positive_class_probability,RATCAT_A,code_8,WTFA_A,9,CHRONIC_BURDEN_CAT,0.003122216564918073,3.2256982336926394,530,4181768.7849999997
MEDNG,RF,locked_test,base_estimator_positive_class_probability,RATCAT_A,code_8,WTFA_A,10,EDUCP_A,0.002178983968591329,2.251203461574762,530,4181768.7849999997
MEDNG,RF,locked_test,base_estimator_positive_class_probability,RATCAT_A,code_8,WTFA_A,11,SEX_A,0.0018385300565382425,1.8994656625050144,530,4181768.7849999997
MEDNG,RF,locked_test,base_estimator_positive_class_probability,RATCAT_A,code_8,WTFA_A,12,HISPALLP_A,0.0013353020515230842,1.3795588420873022,530,4181768.7849999997
MEDNG,RF,locked_test,base_estimator_positive_class_probability,RATCAT_A,code_9,Unweighted,1,FDSCAT3_A,0.019338777690726464,23.13038274800981,530,4222353.769
MEDNG,RF,locked_test,base_estimator_positive_class_probability,RATCAT_A,code_9,Unweighted,2,NOTCOV_A,0.017335573512191848,20.734425769087757,530,4222353.769
MEDNG,RF,locked_test,base_estimator_positive_class_probability,RATCAT_A,code_9,Unweighted,3,AGEP_A,0.009960477975467997,11.913352105814607,530,4222353.769
MEDNG,RF,locked_test,base_estimator_positive_class_probability,RATCAT_A,code_9,Unweighted,4,EMPWRKLSW1_A,0.008494436171628593,10.159874787356724,530,4222353.769
MEDNG,RF,locked_test,base_estimator_positive_class_probability,RATCAT_A,code_9,Unweighted,5,K6SPD_A,0.006962101007643334,8.327106480691219,530,4222353.769
MEDNG,RF,locked_test,base_estimator_positive_class_probability,RATCAT_A,code_9,Unweighted,6,PHSTAT_A,0.0058717481191178315,7.022976506950073,530,4222353.769
MEDNG,RF,locked_test,base_estimator_positive_class_probability,RATCAT_A,code_9,Unweighted,7,DISAB3_A,0.004503689717742326,5.3866934413135095,530,4222353.769
MEDNG,RF,locked_test,base_estimator_positive_class_probability,RATCAT_A,code_9,Unweighted,8,RATCAT_A,0.003453822539756298,4.1309868992689935,530,4222353.769
MEDNG,RF,locked_test,base_estimator_positive_class_probability,RATCAT_A,code_9,Unweighted,9,CHRONIC_BURDEN_CAT,0.0026303149904310422,3.1460205732481485,530,4222353.769
MEDNG,RF,locked_test,base_estimator_positive_class_probability,RATCAT_A,code_9,Unweighted,10,EDUCP_A,0.002124547672169678,2.54109135590523,530,4222353.769
MEDNG,RF,locked_test,base_estimator_positive_class_probability,RATCAT_A,code_9,Unweighted,11,SEX_A,0.0017558496619016748,2.100105569093168,530,4222353.769
MEDNG,RF,locked_test,base_estimator_positive_class_probability,RATCAT_A,code_9,Unweighted,12,HISPALLP_A,0.0011763465615156152,1.4069837632607547,530,4222353.769
MEDNG,RF,locked_test,base_estimator_positive_class_probability,RATCAT_A,code_9,WTFA_A,1,FDSCAT3_A,0.02033576456160394,23.00219461130054,530,4222353.769
MEDNG,RF,locked_test,base_estimator_positive_class_probability,RATCAT_A,code_9,WTFA_A,2,NOTCOV_A,0.01945405998685043,22.00488073324517,530,4222353.769
MEDNG,RF,locked_test,base_estimator_positive_class_probability,RATCAT_A,code_9,WTFA_A,3,AGEP_A,0.009468219558097677,10.709694648466517,530,4222353.769
MEDNG,RF,locked_test,base_estimator_positive_class_probability,RATCAT_A,code_9,WTFA_A,4,EMPWRKLSW1_A,0.008271268131516756,9.355798680056633,530,4222353.769
MEDNG,RF,locked_test,base_estimator_positive_class_probability,RATCAT_A,code_9,WTFA_A,5,K6SPD_A,0.008100697361533774,9.162862632126776,530,4222353.769
MEDNG,RF,locked_test,base_estimator_positive_class_probability,RATCAT_A,code_9,WTFA_A,6,PHSTAT_A,0.006285844686547649,7.110046063838496,530,4222353.769
MEDNG,RF,locked_test,base_estimator_positive_class_probability,RATCAT_A,code_9,WTFA_A,7,DISAB3_A,0.004560647173695545,5.1586402628251395,530,4222353.769
MEDNG,RF,locked_test,base_estimator_positive_class_probability,RATCAT_A,code_9,WTFA_A,8,RATCAT_A,0.0036572397890433147,4.136777897527494,530,4222353.769
MEDNG,RF,locked_test,base_estimator_positive_class_probability,RATCAT_A,code_9,WTFA_A,9,CHRONIC_BURDEN_CAT,0.0028124728484655768,3.1812449245970935,530,4222353.769
MEDNG,RF,locked_test,base_estimator_positive_class_probability,RATCAT_A,code_9,WTFA_A,10,EDUCP_A,0.002297554992575106,2.598810922956979,530,4222353.769
MEDNG,RF,locked_test,base_estimator_positive_class_probability,RATCAT_A,code_9,WTFA_A,11,SEX_A,0.0018597337149508053,2.1035824203661675,530,4222353.769
MEDNG,RF,locked_test,base_estimator_positive_class_probability,RATCAT_A,code_9,WTFA_A,12,HISPALLP_A,0.0013044291565913403,1.4754662026929997,530,4222353.769
MEDNG,RF,locked_test,base_estimator_positive_class_probability,NOTCOV_A,code_1,Unweighted,1,NOTCOV_A,0.10499407707658107,54.05546783329805,471,4739806.264
MEDNG,RF,locked_test,base_estimator_positive_class_probability,NOTCOV_A,code_1,Unweighted,2,FDSCAT3_A,0.031173378632852848,16.049396431327438,471,4739806.264
MEDNG,RF,locked_test,base_estimator_positive_class_probability,NOTCOV_A,code_1,Unweighted,3,PHSTAT_A,0.010596213472731052,5.455386555873943,471,4739806.264
MEDNG,RF,locked_test,base_estimator_positive_class_probability,NOTCOV_A,code_1,Unweighted,4,K6SPD_A,0.008597625973026367,4.426427729715402,471,4739806.264
MEDNG,RF,locked_test,base_estimator_positive_class_probability,NOTCOV_A,code_1,Unweighted,5,CHRONIC_BURDEN_CAT,0.008548636096558605,4.401205633714417,471,4739806.264
MEDNG,RF,locked_test,base_estimator_positive_class_probability,NOTCOV_A,code_1,Unweighted,6,AGEP_A,0.007557701659507934,3.8910299544917684,471,4739806.264
MEDNG,RF,locked_test,base_estimator_positive_class_probability,NOTCOV_A,code_1,Unweighted,7,EMPWRKLSW1_A,0.006314507174072041,3.2509799498710534,471,4739806.264
MEDNG,RF,locked_test,base_estimator_positive_class_probability,NOTCOV_A,code_1,Unweighted,8,RATCAT_A,0.004684522265091309,2.411793595083598,471,4739806.264
MEDNG,RF,locked_test,base_estimator_positive_class_probability,NOTCOV_A,code_1,Unweighted,9,DISAB3_A,0.004378521973426617,2.254251480484163,471,4739806.264
MEDNG,RF,locked_test,base_estimator_positive_class_probability,NOTCOV_A,code_1,Unweighted,10,SEX_A,0.0031311043149971707,1.6120272047210773,471,4739806.264
MEDNG,RF,locked_test,base_estimator_positive_class_probability,NOTCOV_A,code_1,Unweighted,11,EDUCP_A,0.00237032064023185,1.220343039247824,471,4739806.264
MEDNG,RF,locked_test,base_estimator_positive_class_probability,NOTCOV_A,code_1,Unweighted,12,HISPALLP_A,0.001887353139623995,0.9716905921712693,471,4739806.264
MEDNG,RF,locked_test,base_estimator_positive_class_probability,NOTCOV_A,code_1,WTFA_A,1,NOTCOV_A,0.10466399204692203,53.83957400029834,471,4739806.264
MEDNG,RF,locked_test,base_estimator_positive_class_probability,NOTCOV_A,code_1,WTFA_A,2,FDSCAT3_A,0.0323976976875879,16.66550461125354,471,4739806.264
MEDNG,RF,locked_test,base_estimator_positive_class_probability,NOTCOV_A,code_1,WTFA_A,3,PHSTAT_A,0.0104043033210185,5.352015030368781,471,4739806.264
MEDNG,RF,locked_test,base_estimator_positive_class_probability,NOTCOV_A,code_1,WTFA_A,4,K6SPD_A,0.008254255430347322,4.246021839682143,471,4739806.264
MEDNG,RF,locked_test,base_estimator_positive_class_probability,NOTCOV_A,code_1,WTFA_A,5,CHRONIC_BURDEN_CAT,0.008241278890726143,4.2393466560632245,471,4739806.264
MEDNG,RF,locked_test,base_estimator_positive_class_probability,NOTCOV_A,code_1,WTFA_A,6,AGEP_A,0.0075685310576063935,3.893282493628515,471,4739806.264
MEDNG,RF,locked_test,base_estimator_positive_class_probability,NOTCOV_A,code_1,WTFA_A,7,EMPWRKLSW1_A,0.0062470546311859535,3.2135097613022268,471,4739806.264
MEDNG,RF,locked_test,base_estimator_positive_class_probability,NOTCOV_A,code_1,WTFA_A,8,RATCAT_A,0.004559437070377381,2.3453925724544873,471,4739806.264
MEDNG,RF,locked_test,base_estimator_positive_class_probability,NOTCOV_A,code_1,WTFA_A,9,DISAB3_A,0.004470865361004913,2.2998309326982462,471,4739806.264
MEDNG,RF,locked_test,base_estimator_positive_class_probability,NOTCOV_A,code_1,WTFA_A,10,SEX_A,0.0031890134357988593,1.6404412014751502,471,4739806.264
MEDNG,RF,locked_test,base_estimator_positive_class_probability,NOTCOV_A,code_1,WTFA_A,11,EDUCP_A,0.002439429164421471,1.2548520694440504,471,4739806.264
MEDNG,RF,locked_test,base_estimator_positive_class_probability,NOTCOV_A,code_1,WTFA_A,12,HISPALLP_A,0.0019638822247635725,1.0102288313312844,471,4739806.264
MEDNG,RF,locked_test,base_estimator_positive_class_probability,NOTCOV_A,code_2,Unweighted,1,FDSCAT3_A,0.017037524863929007,23.513345005082535,5927,45336881.842
MEDNG,RF,locked_test,base_estimator_positive_class_probability,NOTCOV_A,code_2,Unweighted,2,AGEP_A,0.009424614915988989,13.006831909537835,5927,45336881.842
MEDNG,RF,locked_test,base_estimator_positive_class_probability,NOTCOV_A,code_2,Unweighted,3,NOTCOV_A,0.008749559712099873,12.075193890911889,5927,45336881.842
MEDNG,RF,locked_test,base_estimator_positive_class_probability,NOTCOV_A,code_2,Unweighted,4,EMPWRKLSW1_A,0.00807032846100962,11.137792544608825,5927,45336881.842
MEDNG,RF,locked_test,base_estimator_positive_class_probability,NOTCOV_A,code_2,Unweighted,5,K6SPD_A,0.006758153902297637,9.326871454115892,5927,45336881.842
MEDNG,RF,locked_test,base_estimator_positive_class_probability,NOTCOV_A,code_2,Unweighted,6,PHSTAT_A,0.005862608069487715,8.0909361699183,5927,45336881.842
MEDNG,RF,locked_test,base_estimator_positive_class_probability,NOTCOV_A,code_2,Unweighted,7,RATCAT_A,0.005175172977950155,7.142212772299404,5927,45336881.842
MEDNG,RF,locked_test,base_estimator_positive_class_probability,NOTCOV_A,code_2,Unweighted,8,DISAB3_A,0.004806501978679086,6.633413021839047,5927,45336881.842
MEDNG,RF,locked_test,base_estimator_positive_class_probability,NOTCOV_A,code_2,Unweighted,9,CHRONIC_BURDEN_CAT,0.0020129829053724493,2.7781008052152383,5927,45336881.842
MEDNG,RF,locked_test,base_estimator_positive_class_probability,NOTCOV_A,code_2,Unweighted,10,EDUCP_A,0.001802325370146011,2.4873741096852804,5927,45336881.842
MEDNG,RF,locked_test,base_estimator_positive_class_probability,NOTCOV_A,code_2,Unweighted,11,SEX_A,0.0016547248292257386,2.2836718425242264,5927,45336881.842
MEDNG,RF,locked_test,base_estimator_positive_class_probability,NOTCOV_A,code_2,Unweighted,12,HISPALLP_A,0.0011044603638326127,1.524256474261508,5927,45336881.842
MEDNG,RF,locked_test,base_estimator_positive_class_probability,NOTCOV_A,code_2,WTFA_A,1,FDSCAT3_A,0.017381422587915696,23.948093258697323,5927,45336881.842
MEDNG,RF,locked_test,base_estimator_positive_class_probability,NOTCOV_A,code_2,WTFA_A,2,AGEP_A,0.008843254554689884,12.184220463827343,5927,45336881.842
MEDNG,RF,locked_test,base_estimator_positive_class_probability,NOTCOV_A,code_2,WTFA_A,3,NOTCOV_A,0.0087477871440291,12.052685634494077,5927,45336881.842
MEDNG,RF,locked_test,base_estimator_positive_class_probability,NOTCOV_A,code_2,WTFA_A,4,EMPWRKLSW1_A,0.007837466679658189,10.798447710884084,5927,45336881.842
MEDNG,RF,locked_test,base_estimator_positive_class_probability,NOTCOV_A,code_2,WTFA_A,5,K6SPD_A,0.006715331054140722,9.2523712333763,5927,45336881.842
MEDNG,RF,locked_test,base_estimator_positive_class_probability,NOTCOV_A,code_2,WTFA_A,6,PHSTAT_A,0.006113864369657701,8.423671500708092,5927,45336881.842
MEDNG,RF,locked_test,base_estimator_positive_class_probability,NOTCOV_A,code_2,WTFA_A,7,RATCAT_A,0.005314930432857448,7.3229017375166325,5927,45336881.842
MEDNG,RF,locked_test,base_estimator_positive_class_probability,NOTCOV_A,code_2,WTFA_A,8,DISAB3_A,0.004762624624415159,6.56193577279221,5927,45336881.842
MEDNG,RF,locked_test,base_estimator_positive_class_probability,NOTCOV_A,code_2,WTFA_A,9,CHRONIC_BURDEN_CAT,0.00209140057751336,2.881528011775322,5927,45336881.842
MEDNG,RF,locked_test,base_estimator_positive_class_probability,NOTCOV_A,code_2,WTFA_A,10,EDUCP_A,0.0018603379837373766,2.5631703792883886,5927,45336881.842
MEDNG,RF,locked_test,base_estimator_positive_class_probability,NOTCOV_A,code_2,WTFA_A,11,SEX_A,0.0017220530215271484,2.3726416032612536,5927,45336881.842
MEDNG,RF,locked_test,base_estimator_positive_class_probability,NOTCOV_A,code_2,WTFA_A,12,HISPALLP_A,0.0011890947882823915,1.6383326933789513,5927,45336881.842
MEDNG,RF,locked_test,base_estimator_positive_class_probability,SEX_A,code_1,Unweighted,1,FDSCAT3_A,0.01695383205420573,21.351871873066013,2958,24662417.391999997
MEDNG,RF,locked_test,base_estimator_positive_class_probability,SEX_A,code_1,Unweighted,2,NOTCOV_A,0.01675625557866153,21.103041545063256,2958,24662417.391999997
MEDNG,RF,locked_test,base_estimator_positive_class_probability,SEX_A,code_1,Unweighted,3,AGEP_A,0.008864583807771474,11.164169673642524,2958,24662417.391999997
MEDNG,RF,locked_test,base_estimator_positive_class_probability,SEX_A,code_1,Unweighted,4,EMPWRKLSW1_A,0.007438770117628014,9.368481764887147,2958,24662417.391999997
MEDNG,RF,locked_test,base_estimator_positive_class_probability,SEX_A,code_1,Unweighted,5,PHSTAT_A,0.006207752006261457,7.818121887351256,2958,24662417.391999997
MEDNG,RF,locked_test,base_estimator_positive_class_probability,SEX_A,code_1,Unweighted,6,K6SPD_A,0.006013867231529306,7.573940934338206,2958,24662417.391999997
MEDNG,RF,locked_test,base_estimator_positive_class_probability,SEX_A,code_1,Unweighted,7,RATCAT_A,0.005316461743954605,6.695619586889553,2958,24662417.391999997
MEDNG,RF,locked_test,base_estimator_positive_class_probability,SEX_A,code_1,Unweighted,8,DISAB3_A,0.004517935703479084,5.689945728081304,2958,24662417.391999997
MEDNG,RF,locked_test,base_estimator_positive_class_probability,SEX_A,code_1,Unweighted,9,CHRONIC_BURDEN_CAT,0.002562432263497245,3.227159806625025,2958,24662417.391999997
MEDNG,RF,locked_test,base_estimator_positive_class_probability,SEX_A,code_1,Unweighted,10,SEX_A,0.001890939337849481,2.381473069475557,2958,24662417.391999997
MEDNG,RF,locked_test,base_estimator_positive_class_probability,SEX_A,code_1,Unweighted,11,EDUCP_A,0.0018240470763795944,2.29722810399294,2958,24662417.391999997
MEDNG,RF,locked_test,base_estimator_positive_class_probability,SEX_A,code_1,Unweighted,12,HISPALLP_A,0.0010552108910078803,1.32894602658724,2958,24662417.391999997
MEDNG,RF,locked_test,base_estimator_positive_class_probability,SEX_A,code_1,WTFA_A,1,NOTCOV_A,0.01869615455353081,22.666454646786157,2958,24662417.391999997
MEDNG,RF,locked_test,base_estimator_positive_class_probability,SEX_A,code_1,WTFA_A,2,FDSCAT3_A,0.017735446572830483,21.50173150486941,2958,24662417.391999997
MEDNG,RF,locked_test,base_estimator_positive_class_probability,SEX_A,code_1,WTFA_A,3,AGEP_A,0.008372150998812415,10.150054139063004,2958,24662417.391999997
MEDNG,RF,locked_test,base_estimator_positive_class_probability,SEX_A,code_1,WTFA_A,4,EMPWRKLSW1_A,0.007210004598231295,8.741115279134558,2958,24662417.391999997
MEDNG,RF,locked_test,base_estimator_positive_class_probability,SEX_A,code_1,WTFA_A,5,PHSTAT_A,0.0065220321369114966,7.907045548479806,2958,24662417.391999997
MEDNG,RF,locked_test,base_estimator_positive_class_probability,SEX_A,code_1,WTFA_A,6,K6SPD_A,0.006256089523817478,7.584627579528807,2958,24662417.391999997
MEDNG,RF,locked_test,base_estimator_positive_class_probability,SEX_A,code_1,WTFA_A,7,RATCAT_A,0.005408751634393717,6.557349708770081,2958,24662417.391999997
MEDNG,RF,locked_test,base_estimator_positive_class_probability,SEX_A,code_1,WTFA_A,8,DISAB3_A,0.004518160415728208,5.477633267139816,2958,24662417.391999997
MEDNG,RF,locked_test,base_estimator_positive_class_probability,SEX_A,code_1,WTFA_A,9,CHRONIC_BURDEN_CAT,0.002710103936013292,3.285619391829484,2958,24662417.391999997
MEDNG,RF,locked_test,base_estimator_positive_class_probability,SEX_A,code_1,WTFA_A,10,SEX_A,0.0019835021752206724,2.4047170752528073,2958,24662417.391999997
MEDNG,RF,locked_test,base_estimator_positive_class_probability,SEX_A,code_1,WTFA_A,11,EDUCP_A,0.0018955122400159668,2.2980416693568677,2958,24662417.391999997
MEDNG,RF,locked_test,base_estimator_positive_class_probability,SEX_A,code_1,WTFA_A,12,HISPALLP_A,0.0011758975480166969,1.4256101897892126,2958,24662417.391999997
MEDNG,RF,locked_test,base_estimator_positive_class_probability,SEX_A,code_2,Unweighted,1,FDSCAT3_A,0.01903279103050221,22.835096647052914,3458,25582858.346
MEDNG,RF,locked_test,base_estimator_positive_class_probability,SEX_A,code_2,Unweighted,2,NOTCOV_A,0.01521059784552555,18.24931883639064,3458,25582858.346
MEDNG,RF,locked_test,base_estimator_positive_class_probability,SEX_A,code_2,Unweighted,3,AGEP_A,0.009648398578103809,11.575922504860017,3458,25582858.346
MEDNG,RF,locked_test,base_estimator_positive_class_probability,SEX_A,code_2,Unweighted,4,EMPWRKLSW1_A,0.008363775586046979,10.034661943987356,3458,25582858.346
MEDNG,RF,locked_test,base_estimator_positive_class_probability,SEX_A,code_2,Unweighted,5,K6SPD_A,0.007641674592383441,9.168302094146418,3458,25582858.346
MEDNG,RF,locked_test,base_estimator_positive_class_probability,SEX_A,code_2,Unweighted,6,PHSTAT_A,0.006240197517387722,7.486842743026131,3458,25582858.346
MEDNG,RF,locked_test,base_estimator_positive_class_probability,SEX_A,code_2,Unweighted,7,DISAB3_A,0.004997863814942131,5.996319880784229,3458,25582858.346
MEDNG,RF,locked_test,base_estimator_positive_class_probability,SEX_A,code_2,Unweighted,8,RATCAT_A,0.00498444042789909,5.9802148155855726,3458,25582858.346
MEDNG,RF,locked_test,base_estimator_positive_class_probability,SEX_A,code_2,Unweighted,9,CHRONIC_BURDEN_CAT,0.0024560864975090185,2.9467550215970735,3458,25582858.346
MEDNG,RF,locked_test,base_estimator_positive_class_probability,SEX_A,code_2,Unweighted,10,EDUCP_A,0.0018620313685628342,2.234021599503401,3458,25582858.346
MEDNG,RF,locked_test,base_estimator_positive_class_probability,SEX_A,code_2,Unweighted,11,SEX_A,0.0016567478297651176,1.9877272204508292,3458,25582858.346
MEDNG,RF,locked_test,base_estimator_positive_class_probability,SEX_A,code_2,Unweighted,12,HISPALLP_A,0.001254247446045173,1.5048166926154225,3458,25582858.346
MEDNG,RF,locked_test,base_estimator_positive_class_probability,SEX_A,code_2,WTFA_A,1,FDSCAT3_A,0.01982488338298509,23.080237296242778,3458,25582858.346
MEDNG,RF,locked_test,base_estimator_positive_class_probability,SEX_A,code_2,WTFA_A,2,NOTCOV_A,0.01717372824668892,19.993748035610615,3458,25582858.346
MEDNG,RF,locked_test,base_estimator_positive_class_probability,SEX_A,code_2,WTFA_A,3,AGEP_A,0.009057005365764561,10.544215014883722,3458,25582858.346
MEDNG,RF,locked_test,base_estimator_positive_class_probability,SEX_A,code_2,WTFA_A,4,EMPWRKLSW1_A,0.008141177364507016,9.47800306381069,3458,25582858.346
MEDNG,RF,locked_test,base_estimator_positive_class_probability,SEX_A,code_2,WTFA_A,5,K6SPD_A,0.007441184585489154,8.66306765494696,3458,25582858.346
MEDNG,RF,locked_test,base_estimator_positive_class_probability,SEX_A,code_2,WTFA_A,6,PHSTAT_A,0.006545515694918966,7.6203250504197335,3458,25582858.346
MEDNG,RF,locked_test,base_estimator_positive_class_probability,SEX_A,code_2,WTFA_A,7,RATCAT_A,0.005075912173138682,5.90940461982622,3458,25582858.346
MEDNG,RF,locked_test,base_estimator_positive_class_probability,SEX_A,code_2,WTFA_A,8,DISAB3_A,0.00494529813189677,5.7573430410594115,3458,25582858.346
MEDNG,RF,locked_test,base_estimator_positive_class_probability,SEX_A,code_2,WTFA_A,9,CHRONIC_BURDEN_CAT,0.002662782803748218,3.1000262544601,3458,25582858.346
MEDNG,RF,locked_test,base_estimator_positive_class_probability,SEX_A,code_2,WTFA_A,10,EDUCP_A,0.0019352059191837998,2.2529772795632144,3458,25582858.346
MEDNG,RF,locked_test,base_estimator_positive_class_probability,SEX_A,code_2,WTFA_A,11,SEX_A,0.0017450530843351392,2.031600312744481,3458,25582858.346
MEDNG,RF,locked_test,base_estimator_positive_class_probability,SEX_A,code_2,WTFA_A,12,HISPALLP_A,0.001347745258651444,1.569052376432071,3458,25582858.346
MEDNG,RF,locked_test,base_estimator_positive_class_probability,AGE_GROUP,18-34,Unweighted,1,FDSCAT3_A,0.022327327714252016,23.87231261991625,1295,14117624.929
MEDNG,RF,locked_test,base_estimator_positive_class_probability,AGE_GROUP,18-34,Unweighted,2,NOTCOV_A,0.022207026802874803,23.74368724201111,1295,14117624.929
MEDNG,RF,locked_test,base_estimator_positive_class_probability,AGE_GROUP,18-34,Unweighted,3,K6SPD_A,0.008513057023823394,9.102135339472897,1295,14117624.929
MEDNG,RF,locked_test,base_estimator_positive_class_probability,AGE_GROUP,18-34,Unweighted,4,AGEP_A,0.0077495539889758085,8.285800157430401,1295,14117624.929
MEDNG,RF,locked_test,base_estimator_positive_class_probability,AGE_GROUP,18-34,Unweighted,5,EMPWRKLSW1_A,0.007231867931886482,7.732291759471984,1295,14117624.929
MEDNG,RF,locked_test,base_estimator_positive_class_probability,AGE_GROUP,18-34,Unweighted,6,PHSTAT_A,0.007021366286327708,7.507224023910501,1295,14117624.929
MEDNG,RF,locked_test,base_estimator_positive_class_probability,AGE_GROUP,18-34,Unweighted,7,RATCAT_A,0.005374511087273346,5.746411325915075,1295,14117624.929
MEDNG,RF,locked_test,base_estimator_positive_class_probability,AGE_GROUP,18-34,Unweighted,8,DISAB3_A,0.004561409746638699,4.87704578232102,1295,14117624.929
MEDNG,RF,locked_test,base_estimator_positive_class_probability,AGE_GROUP,18-34,Unweighted,9,CHRONIC_BURDEN_CAT,0.002991048744514702,3.198020452975425,1295,14117624.929
MEDNG,RF,locked_test,base_estimator_positive_class_probability,AGE_GROUP,18-34,Unweighted,10,SEX_A,0.0021641629349073155,2.3139165960091557,1295,14117624.929
MEDNG,RF,locked_test,base_estimator_positive_class_probability,AGE_GROUP,18-34,Unweighted,11,EDUCP_A,0.001955226361343051,2.090522230785751,1295,14117624.929
MEDNG,RF,locked_test,base_estimator_positive_class_probability,AGE_GROUP,18-34,Unweighted,12,HISPALLP_A,0.0014315719346918673,1.5306324697804292,1295,14117624.929
MEDNG,RF,locked_test,base_estimator_positive_class_probability,AGE_GROUP,18-34,WTFA_A,1,FDSCAT3_A,0.02213808704934575,23.81356063470203,1295,14117624.929
MEDNG,RF,locked_test,base_estimator_positive_class_probability,AGE_GROUP,18-34,WTFA_A,2,NOTCOV_A,0.02213112811059082,23.806075023609065,1295,14117624.929
MEDNG,RF,locked_test,base_estimator_positive_class_probability,AGE_GROUP,18-34,WTFA_A,3,K6SPD_A,0.008365904538060664,8.99906006048179,1295,14117624.929
MEDNG,RF,locked_test,base_estimator_positive_class_probability,AGE_GROUP,18-34,WTFA_A,4,AGEP_A,0.007557125609614438,8.129070435375825,1295,14117624.929
MEDNG,RF,locked_test,base_estimator_positive_class_probability,AGE_GROUP,18-34,WTFA_A,5,EMPWRKLSW1_A,0.0071832284585061695,7.7268756811853425,1295,14117624.929
MEDNG,RF,locked_test,base_estimator_positive_class_probability,AGE_GROUP,18-34,WTFA_A,6,PHSTAT_A,0.007051850114125184,7.585554248894028,1295,14117624.929
MEDNG,RF,locked_test,base_estimator_positive_class_probability,AGE_GROUP,18-34,WTFA_A,7,RATCAT_A,0.0052712164727954074,5.670157173641762,1295,14117624.929
MEDNG,RF,locked_test,base_estimator_positive_class_probability,AGE_GROUP,18-34,WTFA_A,8,DISAB3_A,0.004693080417959688,5.048266132819213,1295,14117624.929
MEDNG,RF,locked_test,base_estimator_positive_class_probability,AGE_GROUP,18-34,WTFA_A,9,CHRONIC_BURDEN_CAT,0.0029047552127947364,3.124595374237564,1295,14117624.929
MEDNG,RF,locked_test,base_estimator_positive_class_probability,AGE_GROUP,18-34,WTFA_A,10,SEX_A,0.0021685849769134463,2.3327096746942475,1295,14117624.929
MEDNG,RF,locked_test,base_estimator_positive_class_probability,AGE_GROUP,18-34,WTFA_A,11,EDUCP_A,0.002080090008764048,2.237517154889154,1295,14117624.929
MEDNG,RF,locked_test,base_estimator_positive_class_probability,AGE_GROUP,18-34,WTFA_A,12,HISPALLP_A,0.0014191528677554332,1.526558405469999,1295,14117624.929
MEDNG,RF,locked_test,base_estimator_positive_class_probability,AGE_GROUP,35-49,Unweighted,1,FDSCAT3_A,0.020427130558742675,23.120134558610708,1422,12564871.543
MEDNG,RF,locked_test,base_estimator_positive_class_probability,AGE_GROUP,35-49,Unweighted,2,NOTCOV_A,0.018676429709617137,21.13863064217675,1422,12564871.543
MEDNG,RF,locked_test,base_estimator_positive_class_probability,AGE_GROUP,35-49,Unweighted,3,AGEP_A,0.008508495708742481,9.630210425873749,1422,12564871.543
MEDNG,RF,locked_test,base_estimator_positive_class_probability,AGE_GROUP,35-49,Unweighted,4,K6SPD_A,0.0075018659045142985,8.4908719144007,1422,12564871.543
MEDNG,RF,locked_test,base_estimator_positive_class_probability,AGE_GROUP,35-49,Unweighted,5,EMPWRKLSW1_A,0.007318171348297968,8.282960047132189,1422,12564871.543
MEDNG,RF,locked_test,base_estimator_positive_class_probability,AGE_GROUP,35-49,Unweighted,6,PHSTAT_A,0.007106060320404253,8.042885432042942,1422,12564871.543
MEDNG,RF,locked_test,base_estimator_positive_class_probability,AGE_GROUP,35-49,Unweighted,7,RATCAT_A,0.005992980584377891,6.7830631972269915,1422,12564871.543
MEDNG,RF,locked_test,base_estimator_positive_class_probability,AGE_GROUP,35-49,Unweighted,8,DISAB3_A,0.004619164795460655,5.228130858239412,1422,12564871.543
MEDNG,RF,locked_test,base_estimator_positive_class_probability,AGE_GROUP,35-49,Unweighted,9,CHRONIC_BURDEN_CAT,0.002899027356865101,3.2812196694522053,1422,12564871.543
MEDNG,RF,locked_test,base_estimator_positive_class_probability,AGE_GROUP,35-49,Unweighted,10,SEX_A,0.002049856908268195,2.320099115672148,1422,12564871.543
MEDNG,RF,locked_test,base_estimator_positive_class_probability,AGE_GROUP,35-49,Unweighted,11,EDUCP_A,0.0019289923434459878,2.1833004109288936,1422,12564871.543
MEDNG,RF,locked_test,base_estimator_positive_class_probability,AGE_GROUP,35-49,Unweighted,12,HISPALLP_A,0.001323951076092804,1.4984937282433057,1422,12564871.543
MEDNG,RF,locked_test,base_estimator_positive_class_probability,AGE_GROUP,35-49,WTFA_A,1,FDSCAT3_A,0.020885599564664833,23.109073838725966,1422,12564871.543
MEDNG,RF,locked_test,base_estimator_positive_class_probability,AGE_GROUP,35-49,WTFA_A,2,NOTCOV_A,0.01998595523279559,22.113653657974684,1422,12564871.543
MEDNG,RF,locked_test,base_estimator_positive_class_probability,AGE_GROUP,35-49,WTFA_A,3,AGEP_A,0.008556398326519369,9.46730976570174,1422,12564871.543
MEDNG,RF,locked_test,base_estimator_positive_class_probability,AGE_GROUP,35-49,WTFA_A,4,K6SPD_A,0.0075072850863184834,8.306508264268933,1422,12564871.543
MEDNG,RF,locked_test,base_estimator_positive_class_probability,AGE_GROUP,35-49,WTFA_A,5,EMPWRKLSW1_A,0.0073624736860340165,8.146280288457087,1422,12564871.543
MEDNG,RF,locked_test,base_estimator_positive_class_probability,AGE_GROUP,35-49,WTFA_A,6,PHSTAT_A,0.007249239572602072,8.020991307393377,1422,12564871.543
MEDNG,RF,locked_test,base_estimator_positive_class_probability,AGE_GROUP,35-49,WTFA_A,7,RATCAT_A,0.005897987501198125,6.5258853710699105,1422,12564871.543
MEDNG,RF,locked_test,base_estimator_positive_class_probability,AGE_GROUP,35-49,WTFA_A,8,DISAB3_A,0.004544648265620795,5.028470071740276,1422,12564871.543
MEDNG,RF,locked_test,base_estimator_positive_class_probability,AGE_GROUP,35-49,WTFA_A,9,CHRONIC_BURDEN_CAT,0.0029912366994101322,3.3096828052149334,1422,12564871.543
MEDNG,RF,locked_test,base_estimator_positive_class_probability,AGE_GROUP,35-49,WTFA_A,10,SEX_A,0.0020692908556630258,2.289586900738068,1422,12564871.543
MEDNG,RF,locked_test,base_estimator_positive_class_probability,AGE_GROUP,35-49,WTFA_A,11,EDUCP_A,0.001959401382416437,2.167998629188016,1422,12564871.543
MEDNG,RF,locked_test,base_estimator_positive_class_probability,AGE_GROUP,35-49,WTFA_A,12,HISPALLP_A,0.0013688335192702991,1.514559099527009,1422,12564871.543
MEDNG,RF,locked_test,base_estimator_positive_class_probability,AGE_GROUP,50-64,Unweighted,1,FDSCAT3_A,0.018973305811043277,23.10438400899868,1524,11722892.652
MEDNG,RF,locked_test,base_estimator_positive_class_probability,AGE_GROUP,50-64,Unweighted,2,NOTCOV_A,0.017496775902175722,21.306367661452548,1524,11722892.652
MEDNG,RF,locked_test,base_estimator_positive_class_probability,AGE_GROUP,50-64,Unweighted,3,EMPWRKLSW1_A,0.007738730486595834,9.423692564971303,1524,11722892.652
MEDNG,RF,locked_test,base_estimator_positive_class_probability,AGE_GROUP,50-64,Unweighted,4,K6SPD_A,0.006845585087561299,8.33608166149061,1524,11722892.652
MEDNG,RF,locked_test,base_estimator_positive_class_probability,AGE_GROUP,50-64,Unweighted,5,PHSTAT_A,0.00665041920865843,8.098422106717551,1524,11722892.652
MEDNG,RF,locked_test,base_estimator_positive_class_probability,AGE_GROUP,50-64,Unweighted,6,RATCAT_A,0.005684505918246681,6.922199480922993,1524,11722892.652
MEDNG,RF,locked_test,base_estimator_positive_class_probability,AGE_GROUP,50-64,Unweighted,7,AGEP_A,0.005494230067601104,6.6904946654977575,1524,11722892.652
MEDNG,RF,locked_test,base_estimator_positive_class_probability,AGE_GROUP,50-64,Unweighted,8,DISAB3_A,0.005288728403297005,6.4402489036966335,1524,11722892.652
MEDNG,RF,locked_test,base_estimator_positive_class_probability,AGE_GROUP,50-64,Unweighted,9,CHRONIC_BURDEN_CAT,0.0029423083344534795,3.5829402798390095,1524,11722892.652
MEDNG,RF,locked_test,base_estimator_positive_class_probability,AGE_GROUP,50-64,Unweighted,10,EDUCP_A,0.0019673016479800185,2.395644343117609,1524,11722892.652
MEDNG,RF,locked_test,base_estimator_positive_class_probability,AGE_GROUP,50-64,Unweighted,11,SEX_A,0.0018490154525615042,2.2516035676654926,1524,11722892.652
MEDNG,RF,locked_test,base_estimator_positive_class_probability,AGE_GROUP,50-64,Unweighted,12,HISPALLP_A,0.0011890316260334795,1.4479207556298295,1524,11722892.652
MEDNG,RF,locked_test,base_estimator_positive_class_probability,AGE_GROUP,50-64,WTFA_A,1,NOTCOV_A,0.019043667989452732,23.324437844451342,1524,11722892.652
MEDNG,RF,locked_test,base_estimator_positive_class_probability,AGE_GROUP,50-64,WTFA_A,2,FDSCAT3_A,0.018075420664868946,22.138541064859364,1524,11722892.652
MEDNG,RF,locked_test,base_estimator_positive_class_probability,AGE_GROUP,50-64,WTFA_A,3,EMPWRKLSW1_A,0.007447147063759447,9.121169246562635,1524,11722892.652
MEDNG,RF,locked_test,base_estimator_positive_class_probability,AGE_GROUP,50-64,WTFA_A,4,PHSTAT_A,0.006685179775879402,8.187921583585812,1524,11722892.652
MEDNG,RF,locked_test,base_estimator_positive_class_probability,AGE_GROUP,50-64,WTFA_A,5,K6SPD_A,0.00596582704458534,7.306867677447701,1524,11722892.652
MEDNG,RF,locked_test,base_estimator_positive_class_probability,AGE_GROUP,50-64,WTFA_A,6,RATCAT_A,0.00569940747211417,6.980560436526952,1524,11722892.652
MEDNG,RF,locked_test,base_estimator_positive_class_probability,AGE_GROUP,50-64,WTFA_A,7,AGEP_A,0.005624892463293227,6.889295419058394,1524,11722892.652
MEDNG,RF,locked_test,base_estimator_positive_class_probability,AGE_GROUP,50-64,WTFA_A,8,DISAB3_A,0.004975434856799707,6.09384815629084,1524,11722892.652
MEDNG,RF,locked_test,base_estimator_positive_class_probability,AGE_GROUP,50-64,WTFA_A,9,CHRONIC_BURDEN_CAT,0.003091114780580749,3.785957338137382,1524,11722892.652
MEDNG,RF,locked_test,base_estimator_positive_class_probability,AGE_GROUP,50-64,WTFA_A,10,EDUCP_A,0.0019372279605066537,2.3726917094120785,1524,11722892.652
MEDNG,RF,locked_test,base_estimator_positive_class_probability,AGE_GROUP,50-64,WTFA_A,11,SEX_A,0.0018493438185122224,2.265052350828567,1524,11722892.652
MEDNG,RF,locked_test,base_estimator_positive_class_probability,AGE_GROUP,50-64,WTFA_A,12,HISPALLP_A,0.0012521827194277148,1.5336571728389554,1524,11722892.652
MEDNG,RF,locked_test,base_estimator_positive_class_probability,AGE_GROUP,65+,Unweighted,1,FDSCAT3_A,0.013416078945675376,19.295112371157675,2162,11756469.43
MEDNG,RF,locked_test,base_estimator_positive_class_probability,AGE_GROUP,65+,Unweighted,2,AGEP_A,0.01340426762695948,19.278125237823296,2162,11756469.43
MEDNG,RF,locked_test,base_estimator_positive_class_probability,AGE_GROUP,65+,Unweighted,3,NOTCOV_A,0.009222925842784748,13.264485938698932,2162,11756469.43
MEDNG,RF,locked_test,base_estimator_positive_class_probability,AGE_GROUP,65+,Unweighted,4,EMPWRKLSW1_A,0.008918497836731007,12.826655138096207,2162,11756469.43
MEDNG,RF,locked_test,base_estimator_positive_class_probability,AGE_GROUP,65+,Unweighted,5,K6SPD_A,0.005560409676349751,7.997025805324816,2162,11756469.43
MEDNG,RF,locked_test,base_estimator_positive_class_probability,AGE_GROUP,65+,Unweighted,6,PHSTAT_A,0.004878455856734322,7.016234350928861,2162,11756469.43
MEDNG,RF,locked_test,base_estimator_positive_class_probability,AGE_GROUP,65+,Unweighted,7,DISAB3_A,0.0046469951676780565,6.683345731017613,2162,11756469.43
MEDNG,RF,locked_test,base_estimator_positive_class_probability,AGE_GROUP,65+,Unweighted,8,RATCAT_A,0.004040800182223581,5.811511239692802,2162,11756469.43
MEDNG,RF,locked_test,base_estimator_positive_class_probability,AGE_GROUP,65+,Unweighted,9,CHRONIC_BURDEN_CAT,0.0016457922169761054,2.3669915699450335,2162,11756469.43
MEDNG,RF,locked_test,base_estimator_positive_class_probability,AGE_GROUP,65+,Unweighted,10,EDUCP_A,0.0016399315210158796,2.3585626699971693,2162,11756469.43
MEDNG,RF,locked_test,base_estimator_positive_class_probability,AGE_GROUP,65+,Unweighted,11,SEX_A,0.001278503958323483,1.838754649753564,2162,11756469.43
MEDNG,RF,locked_test,base_estimator_positive_class_probability,AGE_GROUP,65+,Unweighted,12,HISPALLP_A,0.0008783119533036416,1.2631952975640177,2162,11756469.43
MEDNG,RF,locked_test,base_estimator_positive_class_probability,AGE_GROUP,65+,WTFA_A,1,AGEP_A,0.013372215497560699,19.15685308427781,2162,11756469.43
MEDNG,RF,locked_test,base_estimator_positive_class_probability,AGE_GROUP,65+,WTFA_A,2,FDSCAT3_A,0.013367636401754939,19.15029313423619,2162,11756469.43
MEDNG,RF,locked_test,base_estimator_positive_class_probability,AGE_GROUP,65+,WTFA_A,3,NOTCOV_A,0.009562821421375592,13.699567216359494,2162,11756469.43
MEDNG,RF,locked_test,base_estimator_positive_class_probability,AGE_GROUP,65+,WTFA_A,4,EMPWRKLSW1_A,0.008867390353575645,12.703302177217985,2162,11756469.43
MEDNG,RF,locked_test,base_estimator_positive_class_probability,AGE_GROUP,65+,WTFA_A,5,K6SPD_A,0.005265582678565653,7.543401749306303,2162,11756469.43
MEDNG,RF,locked_test,base_estimator_positive_class_probability,AGE_GROUP,65+,WTFA_A,6,PHSTAT_A,0.005021281887525342,7.193419776372513,2162,11756469.43
MEDNG,RF,locked_test,base_estimator_positive_class_probability,AGE_GROUP,65+,WTFA_A,7,DISAB3_A,0.0046993177395153645,6.7321783401305595,2162,11756469.43
MEDNG,RF,locked_test,base_estimator_positive_class_probability,AGE_GROUP,65+,WTFA_A,8,RATCAT_A,0.004030280438663576,5.773724650638535,2162,11756469.43
MEDNG,RF,locked_test,base_estimator_positive_class_probability,AGE_GROUP,65+,WTFA_A,9,CHRONIC_BURDEN_CAT,0.001697090016242817,2.431227953056005,2162,11756469.43
MEDNG,RF,locked_test,base_estimator_positive_class_probability,AGE_GROUP,65+,WTFA_A,10,EDUCP_A,0.0016564700411959975,2.3730363321984966,2162,11756469.43
MEDNG,RF,locked_test,base_estimator_positive_class_probability,AGE_GROUP,65+,WTFA_A,11,SEX_A,0.001286740722670601,1.8433671657665618,2162,11756469.43
MEDNG,RF,locked_test,base_estimator_positive_class_probability,AGE_GROUP,65+,WTFA_A,12,HISPALLP_A,0.0009769941217531546,1.3996284204395542,2162,11756469.43
MEDNG,XGBoost,locked_test,base_estimator_raw_margin_log_odds,HISPALLP_A,code_1,Unweighted,1,NOTCOV_A,0.4734508719604978,18.610329174349875,935,9073456.936
MEDNG,XGBoost,locked_test,base_estimator_raw_margin_log_odds,HISPALLP_A,code_1,Unweighted,2,AGEP_A,0.40461590288363813,15.904575506768847,935,9073456.936
MEDNG,XGBoost,locked_test,base_estimator_raw_margin_log_odds,HISPALLP_A,code_1,Unweighted,3,FDSCAT3_A,0.4031750990863657,15.847940627564038,935,9073456.936
MEDNG,XGBoost,locked_test,base_estimator_raw_margin_log_odds,HISPALLP_A,code_1,Unweighted,4,PHSTAT_A,0.25191500149511625,9.902233535588703,935,9073456.936
MEDNG,XGBoost,locked_test,base_estimator_raw_margin_log_odds,HISPALLP_A,code_1,Unweighted,5,RATCAT_A,0.18991668863850536,7.465214028711283,935,9073456.936
MEDNG,XGBoost,locked_test,base_estimator_raw_margin_log_odds,HISPALLP_A,code_1,Unweighted,6,EDUCP_A,0.17461147094343074,6.863599043378256,935,9073456.936
MEDNG,XGBoost,locked_test,base_estimator_raw_margin_log_odds,HISPALLP_A,code_1,Unweighted,7,CHRONIC_BURDEN_CAT,0.16975287370505174,6.672618100503651,935,9073456.936
MEDNG,XGBoost,locked_test,base_estimator_raw_margin_log_odds,HISPALLP_A,code_1,Unweighted,8,EMPWRKLSW1_A,0.13284887492788686,5.222001773092712,935,9073456.936
MEDNG,XGBoost,locked_test,base_estimator_raw_margin_log_odds,HISPALLP_A,code_1,Unweighted,9,SEX_A,0.11473974099583216,4.510170908482866,935,9073456.936
MEDNG,XGBoost,locked_test,base_estimator_raw_margin_log_odds,HISPALLP_A,code_1,Unweighted,10,K6SPD_A,0.09699300666156668,3.8125851877874917,935,9073456.936
MEDNG,XGBoost,locked_test,base_estimator_raw_margin_log_odds,HISPALLP_A,code_1,Unweighted,11,DISAB3_A,0.09448187700958355,3.7138781155428853,935,9073456.936
MEDNG,XGBoost,locked_test,base_estimator_raw_margin_log_odds,HISPALLP_A,code_1,Unweighted,12,HISPALLP_A,0.03752061045962233,1.47485399822938,935,9073456.936
MEDNG,XGBoost,locked_test,base_estimator_raw_margin_log_odds,HISPALLP_A,code_1,WTFA_A,1,NOTCOV_A,0.5175435903899168,20.298891750790638,935,9073456.936
MEDNG,XGBoost,locked_test,base_estimator_raw_margin_log_odds,HISPALLP_A,code_1,WTFA_A,2,FDSCAT3_A,0.39766536984350254,15.597075194013744,935,9073456.936
MEDNG,XGBoost,locked_test,base_estimator_raw_margin_log_odds,HISPALLP_A,code_1,WTFA_A,3,AGEP_A,0.3775672440770708,14.808794386557102,935,9073456.936
MEDNG,XGBoost,locked_test,base_estimator_raw_margin_log_odds,HISPALLP_A,code_1,WTFA_A,4,PHSTAT_A,0.2529864933373308,9.922537034605396,935,9073456.936
MEDNG,XGBoost,locked_test,base_estimator_raw_margin_log_odds,HISPALLP_A,code_1,WTFA_A,5,RATCAT_A,0.1857010408860056,7.283493404128951,935,9073456.936
MEDNG,XGBoost,locked_test,base_estimator_raw_margin_log_odds,HISPALLP_A,code_1,WTFA_A,6,EDUCP_A,0.184512145145523,7.236863001613772,935,9073456.936
MEDNG,XGBoost,locked_test,base_estimator_raw_margin_log_odds,HISPALLP_A,code_1,WTFA_A,7,CHRONIC_BURDEN_CAT,0.17186593341380715,6.740858244205263,935,9073456.936
MEDNG,XGBoost,locked_test,base_estimator_raw_margin_log_odds,HISPALLP_A,code_1,WTFA_A,8,EMPWRKLSW1_A,0.12816247738719197,5.0267384299663584,935,9073456.936
MEDNG,XGBoost,locked_test,base_estimator_raw_margin_log_odds,HISPALLP_A,code_1,WTFA_A,9,SEX_A,0.1156883813913696,4.537484328456955,935,9073456.936
MEDNG,XGBoost,locked_test,base_estimator_raw_margin_log_odds,HISPALLP_A,code_1,WTFA_A,10,K6SPD_A,0.0909903650407071,3.5687884163239416,935,9073456.936
MEDNG,XGBoost,locked_test,base_estimator_raw_margin_log_odds,HISPALLP_A,code_1,WTFA_A,11,DISAB3_A,0.09051908402203665,3.550304017019554,935,9073456.936
MEDNG,XGBoost,locked_test,base_estimator_raw_margin_log_odds,HISPALLP_A,code_1,WTFA_A,12,HISPALLP_A,0.036412882346704534,1.428171792318329,935,9073456.936
MEDNG,XGBoost,locked_test,base_estimator_raw_margin_log_odds,HISPALLP_A,code_2,Unweighted,1,AGEP_A,0.6235209381083875,24.42665420347376,4242,30279142.281999998
MEDNG,XGBoost,locked_test,base_estimator_raw_margin_log_odds,HISPALLP_A,code_2,Unweighted,2,FDSCAT3_A,0.3497379051770072,13.70110665012026,4242,30279142.281999998
MEDNG,XGBoost,locked_test,base_estimator_raw_margin_log_odds,HISPALLP_A,code_2,Unweighted,3,NOTCOV_A,0.2755669140577955,10.79543173005371,4242,30279142.281999998
MEDNG,XGBoost,locked_test,base_estimator_raw_margin_log_odds,HISPALLP_A,code_2,Unweighted,4,PHSTAT_A,0.2404967862691053,9.421547018235005,4242,30279142.281999998
MEDNG,XGBoost,locked_test,base_estimator_raw_margin_log_odds,HISPALLP_A,code_2,Unweighted,5,RATCAT_A,0.2339550418082311,9.16527185557882,4242,30279142.281999998
MEDNG,XGBoost,locked_test,base_estimator_raw_margin_log_odds,HISPALLP_A,code_2,Unweighted,6,EDUCP_A,0.16225667576809974,6.356462901176178,4242,30279142.281999998
MEDNG,XGBoost,locked_test,base_estimator_raw_margin_log_odds,HISPALLP_A,code_2,Unweighted,7,CHRONIC_BURDEN_CAT,0.16062009297333588,6.292349188933683,4242,30279142.281999998
MEDNG,XGBoost,locked_test,base_estimator_raw_margin_log_odds,HISPALLP_A,code_2,Unweighted,8,EMPWRKLSW1_A,0.13591007132368096,5.324325314663161,4242,30279142.281999998
MEDNG,XGBoost,locked_test,base_estimator_raw_margin_log_odds,HISPALLP_A,code_2,Unweighted,9,DISAB3_A,0.1103308952902419,4.322252008714313,4242,30279142.281999998
MEDNG,XGBoost,locked_test,base_estimator_raw_margin_log_odds,HISPALLP_A,code_2,Unweighted,10,SEX_A,0.10980917970403223,4.301813615329212,4242,30279142.281999998
MEDNG,XGBoost,locked_test,base_estimator_raw_margin_log_odds,HISPALLP_A,code_2,Unweighted,11,K6SPD_A,0.10501641257067673,4.114055260654845,4242,30279142.281999998
MEDNG,XGBoost,locked_test,base_estimator_raw_margin_log_odds,HISPALLP_A,code_2,Unweighted,12,HISPALLP_A,0.04540431721821396,1.778730253067059,4242,30279142.281999998
MEDNG,XGBoost,locked_test,base_estimator_raw_margin_log_odds,HISPALLP_A,code_2,WTFA_A,1,AGEP_A,0.5400393450179292,21.734157526461868,4242,30279142.281999998
MEDNG,XGBoost,locked_test,base_estimator_raw_margin_log_odds,HISPALLP_A,code_2,WTFA_A,2,FDSCAT3_A,0.3482572483754283,14.015789711900386,4242,30279142.281999998
MEDNG,XGBoost,locked_test,base_estimator_raw_margin_log_odds,HISPALLP_A,code_2,WTFA_A,3,NOTCOV_A,0.27964600540656764,11.254495416348533,4242,30279142.281999998
MEDNG,XGBoost,locked_test,base_estimator_raw_margin_log_odds,HISPALLP_A,code_2,WTFA_A,4,PHSTAT_A,0.2507750652003982,10.092569774880475,4242,30279142.281999998
MEDNG,XGBoost,locked_test,base_estimator_raw_margin_log_odds,HISPALLP_A,code_2,WTFA_A,5,RATCAT_A,0.23924404775769603,9.628498125560649,4242,30279142.281999998
MEDNG,XGBoost,locked_test,base_estimator_raw_margin_log_odds,HISPALLP_A,code_2,WTFA_A,6,EDUCP_A,0.16374630167304147,6.590053017006151,4242,30279142.281999998
MEDNG,XGBoost,locked_test,base_estimator_raw_margin_log_odds,HISPALLP_A,code_2,WTFA_A,7,CHRONIC_BURDEN_CAT,0.16078560287354982,6.470898191176892,4242,30279142.281999998
MEDNG,XGBoost,locked_test,base_estimator_raw_margin_log_odds,HISPALLP_A,code_2,WTFA_A,8,EMPWRKLSW1_A,0.13122315732326928,5.281142566175315,4242,30279142.281999998
MEDNG,XGBoost,locked_test,base_estimator_raw_margin_log_odds,HISPALLP_A,code_2,WTFA_A,9,SEX_A,0.11502678060157637,4.629311164862311,4242,30279142.281999998
MEDNG,XGBoost,locked_test,base_estimator_raw_margin_log_odds,HISPALLP_A,code_2,WTFA_A,10,DISAB3_A,0.10760625143809532,4.33066820253621,4242,30279142.281999998
MEDNG,XGBoost,locked_test,base_estimator_raw_margin_log_odds,HISPALLP_A,code_2,WTFA_A,11,K6SPD_A,0.10439658015063157,4.201493352567486,4242,30279142.281999998
MEDNG,XGBoost,locked_test,base_estimator_raw_margin_log_odds,HISPALLP_A,code_2,WTFA_A,12,HISPALLP_A,0.044002997084825905,1.7709229505237203,4242,30279142.281999998
MEDNG,XGBoost,locked_test,base_estimator_raw_margin_log_odds,HISPALLP_A,code_3,Unweighted,1,AGEP_A,0.5286261432918845,20.84219467953296,670,6129295.214
MEDNG,XGBoost,locked_test,base_estimator_raw_margin_log_odds,HISPALLP_A,code_3,Unweighted,2,FDSCAT3_A,0.4150436154910413,16.36396524147145,670,6129295.214
MEDNG,XGBoost,locked_test,base_estimator_raw_margin_log_odds,HISPALLP_A,code_3,Unweighted,3,NOTCOV_A,0.3020964270457191,11.910785390350302,670,6129295.214
MEDNG,XGBoost,locked_test,base_estimator_raw_margin_log_odds,HISPALLP_A,code_3,Unweighted,4,PHSTAT_A,0.23698003128337772,9.343434882755629,670,6129295.214
MEDNG,XGBoost,locked_test,base_estimator_raw_margin_log_odds,HISPALLP_A,code_3,Unweighted,5,RATCAT_A,0.1921504417739382,7.575934270430861,670,6129295.214
MEDNG,XGBoost,locked_test,base_estimator_raw_margin_log_odds,HISPALLP_A,code_3,Unweighted,6,EDUCP_A,0.1764050975301789,6.955141042193764,670,6129295.214
MEDNG,XGBoost,locked_test,base_estimator_raw_margin_log_odds,HISPALLP_A,code_3,Unweighted,7,EMPWRKLSW1_A,0.15028363514279794,5.925247588567726,670,6129295.214
MEDNG,XGBoost,locked_test,base_estimator_raw_margin_log_odds,HISPALLP_A,code_3,Unweighted,8,CHRONIC_BURDEN_CAT,0.14015926113188198,5.526072903733038,670,6129295.214
MEDNG,XGBoost,locked_test,base_estimator_raw_margin_log_odds,HISPALLP_A,code_3,Unweighted,9,SEX_A,0.10548988590898764,4.159160054297289,670,6129295.214
MEDNG,XGBoost,locked_test,base_estimator_raw_margin_log_odds,HISPALLP_A,code_3,Unweighted,10,DISAB3_A,0.10378425728821598,4.091912067764248,670,6129295.214
MEDNG,XGBoost,locked_test,base_estimator_raw_margin_log_odds,HISPALLP_A,code_3,Unweighted,11,K6SPD_A,0.1006217224836617,3.967222498559715,670,6129295.214
MEDNG,XGBoost,locked_test,base_estimator_raw_margin_log_odds,HISPALLP_A,code_3,Unweighted,12,HISPALLP_A,0.08468615652976164,3.338929380343022,670,6129295.214
MEDNG,XGBoost,locked_test,base_estimator_raw_margin_log_odds,HISPALLP_A,code_3,WTFA_A,1,AGEP_A,0.4694850397663262,18.729597642791116,670,6129295.214
MEDNG,XGBoost,locked_test,base_estimator_raw_margin_log_odds,HISPALLP_A,code_3,WTFA_A,2,FDSCAT3_A,0.41424119119908076,16.525704082266202,670,6129295.214
MEDNG,XGBoost,locked_test,base_estimator_raw_margin_log_odds,HISPALLP_A,code_3,WTFA_A,3,NOTCOV_A,0.31934649189168623,12.73998273671327,670,6129295.214
MEDNG,XGBoost,locked_test,base_estimator_raw_margin_log_odds,HISPALLP_A,code_3,WTFA_A,4,PHSTAT_A,0.2561378775266593,10.218343463171044,670,6129295.214
MEDNG,XGBoost,locked_test,base_estimator_raw_margin_log_odds,HISPALLP_A,code_3,WTFA_A,5,RATCAT_A,0.1934880856144715,7.718997806696244,670,6129295.214
MEDNG,XGBoost,locked_test,base_estimator_raw_margin_log_odds,HISPALLP_A,code_3,WTFA_A,6,EDUCP_A,0.18197773279980436,7.259804736236352,670,6129295.214
MEDNG,XGBoost,locked_test,base_estimator_raw_margin_log_odds,HISPALLP_A,code_3,WTFA_A,7,EMPWRKLSW1_A,0.14004247201032285,5.586842884196443,670,6129295.214
MEDNG,XGBoost,locked_test,base_estimator_raw_margin_log_odds,HISPALLP_A,code_3,WTFA_A,8,CHRONIC_BURDEN_CAT,0.13900867617271698,5.545600717901245,670,6129295.214
MEDNG,XGBoost,locked_test,base_estimator_raw_margin_log_odds,HISPALLP_A,code_3,WTFA_A,9,SEX_A,0.11317116040471517,4.514840984503124,670,6129295.214
MEDNG,XGBoost,locked_test,base_estimator_raw_margin_log_odds,HISPALLP_A,code_3,WTFA_A,10,DISAB3_A,0.1047254039285916,4.177906668842024,670,6129295.214
MEDNG,XGBoost,locked_test,base_estimator_raw_margin_log_odds,HISPALLP_A,code_3,WTFA_A,11,K6SPD_A,0.0971744819577272,3.8766708074889276,670,6129295.214
MEDNG,XGBoost,locked_test,base_estimator_raw_margin_log_odds,HISPALLP_A,code_3,WTFA_A,12,HISPALLP_A,0.07784914670808879,3.105707469193996,670,6129295.214
MEDNG,XGBoost,locked_test,base_estimator_raw_margin_log_odds,HISPALLP_A,code_4,Unweighted,1,HISPALLP_A,0.4488515434714107,16.163594234958413,384,3311289.384
MEDNG,XGBoost,locked_test,base_estimator_raw_margin_log_odds,HISPALLP_A,code_4,Unweighted,2,AGEP_A,0.439234977272766,15.817292041662268,384,3311289.384
MEDNG,XGBoost,locked_test,base_estimator_raw_margin_log_odds,HISPALLP_A,code_4,Unweighted,3,PHSTAT_A,0.32928321115711395,11.85781867288316,384,3311289.384
MEDNG,XGBoost,locked_test,base_estimator_raw_margin_log_odds,HISPALLP_A,code_4,Unweighted,4,FDSCAT3_A,0.2981288188811959,10.735917762194331,384,3311289.384
MEDNG,XGBoost,locked_test,base_estimator_raw_margin_log_odds,HISPALLP_A,code_4,Unweighted,5,NOTCOV_A,0.2797276354277282,10.073272691433141,384,3311289.384
MEDNG,XGBoost,locked_test,base_estimator_raw_margin_log_odds,HISPALLP_A,code_4,Unweighted,6,RATCAT_A,0.2326850424909613,8.379221740623272,384,3311289.384
MEDNG,XGBoost,locked_test,base_estimator_raw_margin_log_odds,HISPALLP_A,code_4,Unweighted,7,CHRONIC_BURDEN_CAT,0.15795640149735846,5.68816843286649,384,3311289.384
MEDNG,XGBoost,locked_test,base_estimator_raw_margin_log_odds,HISPALLP_A,code_4,Unweighted,8,EMPWRKLSW1_A,0.15452533713945135,5.564612364313568,384,3311289.384
MEDNG,XGBoost,locked_test,base_estimator_raw_margin_log_odds,HISPALLP_A,code_4,Unweighted,9,EDUCP_A,0.13978185266062346,5.0336847019463775,384,3311289.384
MEDNG,XGBoost,locked_test,base_estimator_raw_margin_log_odds,HISPALLP_A,code_4,Unweighted,10,SEX_A,0.12379930447438407,4.458137112814609,384,3311289.384
MEDNG,XGBoost,locked_test,base_estimator_raw_margin_log_odds,HISPALLP_A,code_4,Unweighted,11,K6SPD_A,0.0898073749791403,3.2340536410833134,384,3311289.384
MEDNG,XGBoost,locked_test,base_estimator_raw_margin_log_odds,HISPALLP_A,code_4,Unweighted,12,DISAB3_A,0.08314754830037903,2.9942266032210614,384,3311289.384
MEDNG,XGBoost,locked_test,base_estimator_raw_margin_log_odds,HISPALLP_A,code_4,WTFA_A,1,HISPALLP_A,0.4540914100647811,16.339064800372004,384,3311289.384
MEDNG,XGBoost,locked_test,base_estimator_raw_margin_log_odds,HISPALLP_A,code_4,WTFA_A,2,AGEP_A,0.4203091168700737,15.123514218750687,384,3311289.384
MEDNG,XGBoost,locked_test,base_estimator_raw_margin_log_odds,HISPALLP_A,code_4,WTFA_A,3,PHSTAT_A,0.3326042911096807,11.967729282849866,384,3311289.384
MEDNG,XGBoost,locked_test,base_estimator_raw_margin_log_odds,HISPALLP_A,code_4,WTFA_A,4,NOTCOV_A,0.2967342982255069,10.677059331529302,384,3311289.384
MEDNG,XGBoost,locked_test,base_estimator_raw_margin_log_odds,HISPALLP_A,code_4,WTFA_A,5,FDSCAT3_A,0.29493225543140456,10.612218435328067,384,3311289.384
MEDNG,XGBoost,locked_test,base_estimator_raw_margin_log_odds,HISPALLP_A,code_4,WTFA_A,6,RATCAT_A,0.22257822268747046,8.00878396515669,384,3311289.384
MEDNG,XGBoost,locked_test,base_estimator_raw_margin_log_odds,HISPALLP_A,code_4,WTFA_A,7,CHRONIC_BURDEN_CAT,0.1566629328639274,5.637027600929218,384,3311289.384
MEDNG,XGBoost,locked_test,base_estimator_raw_margin_log_odds,HISPALLP_A,code_4,WTFA_A,8,EMPWRKLSW1_A,0.15608549896806453,5.61625044101534,384,3311289.384
MEDNG,XGBoost,locked_test,base_estimator_raw_margin_log_odds,HISPALLP_A,code_4,WTFA_A,9,EDUCP_A,0.14950059048560035,5.379313022656881,384,3311289.384
MEDNG,XGBoost,locked_test,base_estimator_raw_margin_log_odds,HISPALLP_A,code_4,WTFA_A,10,SEX_A,0.12196447504600468,4.3885116893881175,384,3311289.384
MEDNG,XGBoost,locked_test,base_estimator_raw_margin_log_odds,HISPALLP_A,code_4,WTFA_A,11,K6SPD_A,0.09168547477000634,3.29901618994795,384,3311289.384
MEDNG,XGBoost,locked_test,base_estimator_raw_margin_log_odds,HISPALLP_A,code_4,WTFA_A,12,DISAB3_A,0.08202769364166204,2.9515110220758785,384,3311289.384
MEDNG,XGBoost,locked_test,base_estimator_raw_margin_log_odds,RATCAT_A,code_1,Unweighted,1,FDSCAT3_A,0.5066836237713281,19.054136915765568,188,1438230.0329999998
MEDNG,XGBoost,locked_test,base_estimator_raw_margin_log_odds,RATCAT_A,code_1,Unweighted,2,NOTCOV_A,0.44412570491550335,16.70160943091795,188,1438230.0329999998
MEDNG,XGBoost,locked_test,base_estimator_raw_margin_log_odds,RATCAT_A,code_1,Unweighted,3,AGEP_A,0.38654274933357186,14.536168378164005,188,1438230.0329999998
MEDNG,XGBoost,locked_test,base_estimator_raw_margin_log_odds,RATCAT_A,code_1,Unweighted,4,PHSTAT_A,0.26444125746592306,9.944469664184236,188,1438230.0329999998
MEDNG,XGBoost,locked_test,base_estimator_raw_margin_log_odds,RATCAT_A,code_1,Unweighted,5,EDUCP_A,0.1807850977049113,6.7985303696218695,188,1438230.0329999998
MEDNG,XGBoost,locked_test,base_estimator_raw_margin_log_odds,RATCAT_A,code_1,Unweighted,6,EMPWRKLSW1_A,0.16914338329088616,6.360736823566416,188,1438230.0329999998
MEDNG,XGBoost,locked_test,base_estimator_raw_margin_log_odds,RATCAT_A,code_1,Unweighted,7,CHRONIC_BURDEN_CAT,0.16417743904807178,6.173989557463049,188,1438230.0329999998
MEDNG,XGBoost,locked_test,base_estimator_raw_margin_log_odds,RATCAT_A,code_1,Unweighted,8,K6SPD_A,0.15796339984042285,5.94030694309082,188,1438230.0329999998
MEDNG,XGBoost,locked_test,base_estimator_raw_margin_log_odds,RATCAT_A,code_1,Unweighted,9,DISAB3_A,0.14131183583447907,5.314115044348739,188,1438230.0329999998
MEDNG,XGBoost,locked_test,base_estimator_raw_margin_log_odds,RATCAT_A,code_1,Unweighted,10,SEX_A,0.09839318017096028,3.700133650660838,188,1438230.0329999998
MEDNG,XGBoost,locked_test,base_estimator_raw_margin_log_odds,RATCAT_A,code_1,Unweighted,11,HISPALLP_A,0.08970630846755391,3.373458709847878,188,1438230.0329999998
MEDNG,XGBoost,locked_test,base_estimator_raw_margin_log_odds,RATCAT_A,code_1,Unweighted,12,RATCAT_A,0.05590510557638172,2.102344512368636,188,1438230.0329999998
MEDNG,XGBoost,locked_test,base_estimator_raw_margin_log_odds,RATCAT_A,code_1,WTFA_A,1,FDSCAT3_A,0.5486494920233584,20.47098933290836,188,1438230.0329999998
MEDNG,XGBoost,locked_test,base_estimator_raw_margin_log_odds,RATCAT_A,code_1,WTFA_A,2,NOTCOV_A,0.47676649167537793,17.78891971517452,188,1438230.0329999998
MEDNG,XGBoost,locked_test,base_estimator_raw_margin_log_odds,RATCAT_A,code_1,WTFA_A,3,AGEP_A,0.35904197212167693,13.396429757482233,188,1438230.0329999998
MEDNG,XGBoost,locked_test,base_estimator_raw_margin_log_odds,RATCAT_A,code_1,WTFA_A,4,PHSTAT_A,0.27438720249000065,10.23782501747077,188,1438230.0329999998
MEDNG,XGBoost,locked_test,base_estimator_raw_margin_log_odds,RATCAT_A,code_1,WTFA_A,5,EDUCP_A,0.18750246543667257,6.996016629292216,188,1438230.0329999998
MEDNG,XGBoost,locked_test,base_estimator_raw_margin_log_odds,RATCAT_A,code_1,WTFA_A,6,CHRONIC_BURDEN_CAT,0.17261392996233932,6.440501577681219,188,1438230.0329999998
MEDNG,XGBoost,locked_test,base_estimator_raw_margin_log_odds,RATCAT_A,code_1,WTFA_A,7,EMPWRKLSW1_A,0.1526239925974869,5.694645069089066,188,1438230.0329999998
MEDNG,XGBoost,locked_test,base_estimator_raw_margin_log_odds,RATCAT_A,code_1,WTFA_A,8,K6SPD_A,0.14443156302384225,5.388972429542463,188,1438230.0329999998
MEDNG,XGBoost,locked_test,base_estimator_raw_margin_log_odds,RATCAT_A,code_1,WTFA_A,9,DISAB3_A,0.11895959044363023,4.438572426337038,188,1438230.0329999998
MEDNG,XGBoost,locked_test,base_estimator_raw_margin_log_odds,RATCAT_A,code_1,WTFA_A,10,SEX_A,0.10155902449449303,3.7893295032866496,188,1438230.0329999998
MEDNG,XGBoost,locked_test,base_estimator_raw_margin_log_odds,RATCAT_A,code_1,WTFA_A,11,HISPALLP_A,0.08969462170848355,3.3466496750815273,188,1438230.0329999998
MEDNG,XGBoost,locked_test,base_estimator_raw_margin_log_odds,RATCAT_A,code_1,WTFA_A,12,RATCAT_A,0.053901440039306116,2.011148866653936,188,1438230.0329999998
MEDNG,XGBoost,locked_test,base_estimator_raw_margin_log_odds,RATCAT_A,code_10,Unweighted,1,AGEP_A,0.6011324965637772,22.593121438808286,470,3697012.5979999998
MEDNG,XGBoost,locked_test,base_estimator_raw_margin_log_odds,RATCAT_A,code_10,Unweighted,2,FDSCAT3_A,0.35658967790558893,13.402159994342862,470,3697012.5979999998
MEDNG,XGBoost,locked_test,base_estimator_raw_margin_log_odds,RATCAT_A,code_10,Unweighted,3,NOTCOV_A,0.30405358121740605,11.427629555243303,470,3697012.5979999998
MEDNG,XGBoost,locked_test,base_estimator_raw_margin_log_odds,RATCAT_A,code_10,Unweighted,4,PHSTAT_A,0.2670363572559275,10.036364499585947,470,3697012.5979999998
MEDNG,XGBoost,locked_test,base_estimator_raw_margin_log_odds,RATCAT_A,code_10,Unweighted,5,RATCAT_A,0.24405851215145805,9.172759141674097,470,3697012.5979999998
MEDNG,XGBoost,locked_test,base_estimator_raw_margin_log_odds,RATCAT_A,code_10,Unweighted,6,EDUCP_A,0.1598407705615713,6.0074974499189,470,3697012.5979999998
MEDNG,XGBoost,locked_test,base_estimator_raw_margin_log_odds,RATCAT_A,code_10,Unweighted,7,SEX_A,0.15507701243635544,5.828455114920641,470,3697012.5979999998
MEDNG,XGBoost,locked_test,base_estimator_raw_margin_log_odds,RATCAT_A,code_10,Unweighted,8,CHRONIC_BURDEN_CAT,0.15169339031259718,5.701284173435865,470,3697012.5979999998
MEDNG,XGBoost,locked_test,base_estimator_raw_margin_log_odds,RATCAT_A,code_10,Unweighted,9,EMPWRKLSW1_A,0.14874684301011779,5.590540366686688,470,3697012.5979999998
MEDNG,XGBoost,locked_test,base_estimator_raw_margin_log_odds,RATCAT_A,code_10,Unweighted,10,DISAB3_A,0.10342517948134783,3.8871590759271526,470,3697012.5979999998
MEDNG,XGBoost,locked_test,base_estimator_raw_margin_log_odds,RATCAT_A,code_10,Unweighted,11,K6SPD_A,0.08506429259570258,3.19707868682346,470,3697012.5979999998
MEDNG,XGBoost,locked_test,base_estimator_raw_margin_log_odds,RATCAT_A,code_10,Unweighted,12,HISPALLP_A,0.0839699998876932,3.1559505026328134,470,3697012.5979999998
MEDNG,XGBoost,locked_test,base_estimator_raw_margin_log_odds,RATCAT_A,code_10,WTFA_A,1,AGEP_A,0.5014543793204769,19.209752196298787,470,3697012.5979999998
MEDNG,XGBoost,locked_test,base_estimator_raw_margin_log_odds,RATCAT_A,code_10,WTFA_A,2,FDSCAT3_A,0.35233623317878093,13.497323003367669,470,3697012.5979999998
MEDNG,XGBoost,locked_test,base_estimator_raw_margin_log_odds,RATCAT_A,code_10,WTFA_A,3,NOTCOV_A,0.3116844590249143,11.940031772021964,470,3697012.5979999998
MEDNG,XGBoost,locked_test,base_estimator_raw_margin_log_odds,RATCAT_A,code_10,WTFA_A,4,PHSTAT_A,0.28184430108470615,10.79691275029442,470,3697012.5979999998
MEDNG,XGBoost,locked_test,base_estimator_raw_margin_log_odds,RATCAT_A,code_10,WTFA_A,5,RATCAT_A,0.250738999980943,9.605328528806,470,3697012.5979999998
MEDNG,XGBoost,locked_test,base_estimator_raw_margin_log_odds,RATCAT_A,code_10,WTFA_A,6,EDUCP_A,0.16953711542337135,6.494640608726018,470,3697012.5979999998
MEDNG,XGBoost,locked_test,base_estimator_raw_margin_log_odds,RATCAT_A,code_10,WTFA_A,7,SEX_A,0.16577992719168239,6.350709958477436,470,3697012.5979999998
MEDNG,XGBoost,locked_test,base_estimator_raw_margin_log_odds,RATCAT_A,code_10,WTFA_A,8,CHRONIC_BURDEN_CAT,0.14910032733291026,5.71174658865978,470,3697012.5979999998
MEDNG,XGBoost,locked_test,base_estimator_raw_margin_log_odds,RATCAT_A,code_10,WTFA_A,9,EMPWRKLSW1_A,0.14538930387309995,5.569584421975326,470,3697012.5979999998
MEDNG,XGBoost,locked_test,base_estimator_raw_margin_log_odds,RATCAT_A,code_10,WTFA_A,10,DISAB3_A,0.10420067645192807,3.9917273751616564,470,3697012.5979999998
MEDNG,XGBoost,locked_test,base_estimator_raw_margin_log_odds,RATCAT_A,code_10,WTFA_A,11,HISPALLP_A,0.0900088225656951,3.4480647657533066,470,3697012.5979999998
MEDNG,XGBoost,locked_test,base_estimator_raw_margin_log_odds,RATCAT_A,code_10,WTFA_A,12,K6SPD_A,0.08834111322373488,3.384178030457623,470,3697012.5979999998
MEDNG,XGBoost,locked_test,base_estimator_raw_margin_log_odds,RATCAT_A,code_11,Unweighted,1,AGEP_A,0.5485223200470425,22.64447423322084,388,3303098.671
MEDNG,XGBoost,locked_test,base_estimator_raw_margin_log_odds,RATCAT_A,code_11,Unweighted,2,FDSCAT3_A,0.35068361944466175,14.477161446860038,388,3303098.671
MEDNG,XGBoost,locked_test,base_estimator_raw_margin_log_odds,RATCAT_A,code_11,Unweighted,3,NOTCOV_A,0.2971038250078019,12.26524366301728,388,3303098.671
MEDNG,XGBoost,locked_test,base_estimator_raw_margin_log_odds,RATCAT_A,code_11,Unweighted,4,PHSTAT_A,0.23412832651499146,9.665445986922016,388,3303098.671
MEDNG,XGBoost,locked_test,base_estimator_raw_margin_log_odds,RATCAT_A,code_11,Unweighted,5,RATCAT_A,0.156666879449366,6.467629456876122,388,3303098.671
MEDNG,XGBoost,locked_test,base_estimator_raw_margin_log_odds,RATCAT_A,code_11,Unweighted,6,EDUCP_A,0.15428608513961192,6.369343874992779,388,3303098.671
MEDNG,XGBoost,locked_test,base_estimator_raw_margin_log_odds,RATCAT_A,code_11,Unweighted,7,CHRONIC_BURDEN_CAT,0.14801156094146098,6.110314668089104,388,3303098.671
MEDNG,XGBoost,locked_test,base_estimator_raw_margin_log_odds,RATCAT_A,code_11,Unweighted,8,EMPWRKLSW1_A,0.14214477434120687,5.868117964060969,388,3303098.671
MEDNG,XGBoost,locked_test,base_estimator_raw_margin_log_odds,RATCAT_A,code_11,Unweighted,9,SEX_A,0.11461073708321153,4.731438973182811,388,3303098.671
MEDNG,XGBoost,locked_test,base_estimator_raw_margin_log_odds,RATCAT_A,code_11,Unweighted,10,K6SPD_A,0.10564647376921449,4.361370113238873,388,3303098.671
MEDNG,XGBoost,locked_test,base_estimator_raw_margin_log_odds,RATCAT_A,code_11,Unweighted,11,DISAB3_A,0.09950156958855343,4.107691968705654,388,3303098.671
MEDNG,XGBoost,locked_test,base_estimator_raw_margin_log_odds,RATCAT_A,code_11,Unweighted,12,HISPALLP_A,0.07101688372675143,2.9317676508335078,388,3303098.671
MEDNG,XGBoost,locked_test,base_estimator_raw_margin_log_odds,RATCAT_A,code_11,WTFA_A,1,AGEP_A,0.4644006944844889,19.41337267975123,388,3303098.671
MEDNG,XGBoost,locked_test,base_estimator_raw_margin_log_odds,RATCAT_A,code_11,WTFA_A,2,FDSCAT3_A,0.36224502739072767,15.142952630441798,388,3303098.671
MEDNG,XGBoost,locked_test,base_estimator_raw_margin_log_odds,RATCAT_A,code_11,WTFA_A,3,NOTCOV_A,0.3018336053990689,12.617569996077622,388,3303098.671
MEDNG,XGBoost,locked_test,base_estimator_raw_margin_log_odds,RATCAT_A,code_11,WTFA_A,4,PHSTAT_A,0.2567230457347644,10.731810312777778,388,3303098.671
MEDNG,XGBoost,locked_test,base_estimator_raw_margin_log_odds,RATCAT_A,code_11,WTFA_A,5,RATCAT_A,0.16145826546980913,6.749450457370721,388,3303098.671
MEDNG,XGBoost,locked_test,base_estimator_raw_margin_log_odds,RATCAT_A,code_11,WTFA_A,6,EDUCP_A,0.15610811896508345,6.525797932253799,388,3303098.671
MEDNG,XGBoost,locked_test,base_estimator_raw_margin_log_odds,RATCAT_A,code_11,WTFA_A,7,CHRONIC_BURDEN_CAT,0.14543763545885774,6.079739010637744,388,3303098.671
MEDNG,XGBoost,locked_test,base_estimator_raw_margin_log_odds,RATCAT_A,code_11,WTFA_A,8,EMPWRKLSW1_A,0.13895352385046109,5.8086832679441684,388,3303098.671
MEDNG,XGBoost,locked_test,base_estimator_raw_margin_log_odds,RATCAT_A,code_11,WTFA_A,9,SEX_A,0.11752893334637747,4.9130697064086215,388,3303098.671
MEDNG,XGBoost,locked_test,base_estimator_raw_margin_log_odds,RATCAT_A,code_11,WTFA_A,10,K6SPD_A,0.11270579709534193,4.711447825479891,388,3303098.671
MEDNG,XGBoost,locked_test,base_estimator_raw_margin_log_odds,RATCAT_A,code_11,WTFA_A,11,DISAB3_A,0.09756656276898334,4.078581420338247,388,3303098.671
MEDNG,XGBoost,locked_test,base_estimator_raw_margin_log_odds,RATCAT_A,code_11,WTFA_A,12,HISPALLP_A,0.07720784868123334,3.2275247605183868,388,3303098.671
MEDNG,XGBoost,locked_test,base_estimator_raw_margin_log_odds,RATCAT_A,code_12,Unweighted,1,AGEP_A,0.5500723743806226,24.236992326863298,394,3100767.9
MEDNG,XGBoost,locked_test,base_estimator_raw_margin_log_odds,RATCAT_A,code_12,Unweighted,2,FDSCAT3_A,0.3243581421952813,14.291693547407501,394,3100767.9
MEDNG,XGBoost,locked_test,base_estimator_raw_margin_log_odds,RATCAT_A,code_12,Unweighted,3,NOTCOV_A,0.24265568108258143,10.691763764887394,394,3100767.9
MEDNG,XGBoost,locked_test,base_estimator_raw_margin_log_odds,RATCAT_A,code_12,Unweighted,4,PHSTAT_A,0.23128764442382244,10.190871463978656,394,3100767.9
MEDNG,XGBoost,locked_test,base_estimator_raw_margin_log_odds,RATCAT_A,code_12,Unweighted,5,EDUCP_A,0.16728890386806838,7.370993469696005,394,3100767.9
MEDNG,XGBoost,locked_test,base_estimator_raw_margin_log_odds,RATCAT_A,code_12,Unweighted,6,CHRONIC_BURDEN_CAT,0.15153309378313812,6.676769462242519,394,3100767.9
MEDNG,XGBoost,locked_test,base_estimator_raw_margin_log_odds,RATCAT_A,code_12,Unweighted,7,EMPWRKLSW1_A,0.13807706687192262,6.083877260803717,394,3100767.9
MEDNG,XGBoost,locked_test,base_estimator_raw_margin_log_odds,RATCAT_A,code_12,Unweighted,8,SEX_A,0.11576095936633174,5.100596966119796,394,3100767.9
MEDNG,XGBoost,locked_test,base_estimator_raw_margin_log_odds,RATCAT_A,code_12,Unweighted,9,DISAB3_A,0.10582349135133859,4.662737609341447,394,3100767.9
MEDNG,XGBoost,locked_test,base_estimator_raw_margin_log_odds,RATCAT_A,code_12,Unweighted,10,K6SPD_A,0.08612125788108112,3.794628422839604,394,3100767.9
MEDNG,XGBoost,locked_test,base_estimator_raw_margin_log_odds,RATCAT_A,code_12,Unweighted,11,HISPALLP_A,0.08495573426404321,3.7432737497482065,394,3100767.9
MEDNG,XGBoost,locked_test,base_estimator_raw_margin_log_odds,RATCAT_A,code_12,Unweighted,12,RATCAT_A,0.07162272660075197,3.1558019560718455,394,3100767.9
MEDNG,XGBoost,locked_test,base_estimator_raw_margin_log_odds,RATCAT_A,code_12,WTFA_A,1,AGEP_A,0.46479256326468227,21.11930457003768,394,3100767.9
MEDNG,XGBoost,locked_test,base_estimator_raw_margin_log_odds,RATCAT_A,code_12,WTFA_A,2,FDSCAT3_A,0.3216214255526134,14.613875907965653,394,3100767.9
MEDNG,XGBoost,locked_test,base_estimator_raw_margin_log_odds,RATCAT_A,code_12,WTFA_A,3,NOTCOV_A,0.25356717760436387,11.521618192806217,394,3100767.9
MEDNG,XGBoost,locked_test,base_estimator_raw_margin_log_odds,RATCAT_A,code_12,WTFA_A,4,PHSTAT_A,0.24094079188183884,10.947898846223367,394,3100767.9
MEDNG,XGBoost,locked_test,base_estimator_raw_margin_log_odds,RATCAT_A,code_12,WTFA_A,5,EDUCP_A,0.17155502807161227,7.795139541211868,394,3100767.9
MEDNG,XGBoost,locked_test,base_estimator_raw_margin_log_odds,RATCAT_A,code_12,WTFA_A,6,CHRONIC_BURDEN_CAT,0.1477186769532803,6.712060337942131,394,3100767.9
MEDNG,XGBoost,locked_test,base_estimator_raw_margin_log_odds,RATCAT_A,code_12,WTFA_A,7,EMPWRKLSW1_A,0.1341082786724332,6.093629301537963,394,3100767.9
MEDNG,XGBoost,locked_test,base_estimator_raw_margin_log_odds,RATCAT_A,code_12,WTFA_A,8,SEX_A,0.11942600751155161,5.4264943666574315,394,3100767.9
MEDNG,XGBoost,locked_test,base_estimator_raw_margin_log_odds,RATCAT_A,code_12,WTFA_A,9,DISAB3_A,0.10706088731608285,4.864646436864894,394,3100767.9
MEDNG,XGBoost,locked_test,base_estimator_raw_margin_log_odds,RATCAT_A,code_12,WTFA_A,10,HISPALLP_A,0.08705379590216085,3.9555616310252066,394,3100767.9
MEDNG,XGBoost,locked_test,base_estimator_raw_margin_log_odds,RATCAT_A,code_12,WTFA_A,11,K6SPD_A,0.08611414207832983,3.91286551911563,394,3100767.9
MEDNG,XGBoost,locked_test,base_estimator_raw_margin_log_odds,RATCAT_A,code_12,WTFA_A,12,RATCAT_A,0.06683605592658257,3.0369053486119446,394,3100767.9
MEDNG,XGBoost,locked_test,base_estimator_raw_margin_log_odds,RATCAT_A,code_13,Unweighted,1,AGEP_A,0.5210118199098835,24.162881330574326,322,2593253.9520000005
MEDNG,XGBoost,locked_test,base_estimator_raw_margin_log_odds,RATCAT_A,code_13,Unweighted,2,FDSCAT3_A,0.28833545110407516,13.372086816821986,322,2593253.9520000005
MEDNG,XGBoost,locked_test,base_estimator_raw_margin_log_odds,RATCAT_A,code_13,Unweighted,3,PHSTAT_A,0.25271977334133616,11.720344260505534,322,2593253.9520000005
MEDNG,XGBoost,locked_test,base_estimator_raw_margin_log_odds,RATCAT_A,code_13,Unweighted,4,NOTCOV_A,0.24054002178205078,11.155485882410018,322,2593253.9520000005
MEDNG,XGBoost,locked_test,base_estimator_raw_margin_log_odds,RATCAT_A,code_13,Unweighted,5,CHRONIC_BURDEN_CAT,0.17232108097973567,7.991707042634514,322,2593253.9520000005
MEDNG,XGBoost,locked_test,base_estimator_raw_margin_log_odds,RATCAT_A,code_13,Unweighted,6,EDUCP_A,0.14820454319704832,6.873258250727687,322,2593253.9520000005
MEDNG,XGBoost,locked_test,base_estimator_raw_margin_log_odds,RATCAT_A,code_13,Unweighted,7,EMPWRKLSW1_A,0.13134640623650495,6.091431145725283,322,2593253.9520000005
MEDNG,XGBoost,locked_test,base_estimator_raw_margin_log_odds,RATCAT_A,code_13,Unweighted,8,SEX_A,0.09827073764834901,4.557486186159394,322,2593253.9520000005
MEDNG,XGBoost,locked_test,base_estimator_raw_margin_log_odds,RATCAT_A,code_13,Unweighted,9,DISAB3_A,0.09624783654396439,4.463670427167231,322,2593253.9520000005
MEDNG,XGBoost,locked_test,base_estimator_raw_margin_log_odds,RATCAT_A,code_13,Unweighted,10,K6SPD_A,0.09064519224369895,4.203837494033109,322,2593253.9520000005
MEDNG,XGBoost,locked_test,base_estimator_raw_margin_log_odds,RATCAT_A,code_13,Unweighted,11,HISPALLP_A,0.07759488096227236,3.5986053077945943,322,2593253.9520000005
MEDNG,XGBoost,locked_test,base_estimator_raw_margin_log_odds,RATCAT_A,code_13,Unweighted,12,RATCAT_A,0.03901097813798272,1.809205855446322,322,2593253.9520000005
MEDNG,XGBoost,locked_test,base_estimator_raw_margin_log_odds,RATCAT_A,code_13,WTFA_A,1,AGEP_A,0.46887291915836943,22.05390464856945,322,2593253.9520000005
MEDNG,XGBoost,locked_test,base_estimator_raw_margin_log_odds,RATCAT_A,code_13,WTFA_A,2,FDSCAT3_A,0.28175607840077754,13.252677715657933,322,2593253.9520000005
MEDNG,XGBoost,locked_test,base_estimator_raw_margin_log_odds,RATCAT_A,code_13,WTFA_A,3,PHSTAT_A,0.26604626060935416,12.513750792259682,322,2593253.9520000005
MEDNG,XGBoost,locked_test,base_estimator_raw_margin_log_odds,RATCAT_A,code_13,WTFA_A,4,NOTCOV_A,0.24959222870790168,11.739819017120018,322,2593253.9520000005
MEDNG,XGBoost,locked_test,base_estimator_raw_margin_log_odds,RATCAT_A,code_13,WTFA_A,5,CHRONIC_BURDEN_CAT,0.17069555853341045,8.028835571453888,322,2593253.9520000005
MEDNG,XGBoost,locked_test,base_estimator_raw_margin_log_odds,RATCAT_A,code_13,WTFA_A,6,EDUCP_A,0.14765377832820706,6.945042494875688,322,2593253.9520000005
MEDNG,XGBoost,locked_test,base_estimator_raw_margin_log_odds,RATCAT_A,code_13,WTFA_A,7,EMPWRKLSW1_A,0.12543491017192163,5.8999559059606534,322,2593253.9520000005
MEDNG,XGBoost,locked_test,base_estimator_raw_margin_log_odds,RATCAT_A,code_13,WTFA_A,8,DISAB3_A,0.10483697107044901,4.931111329233282,322,2593253.9520000005
MEDNG,XGBoost,locked_test,base_estimator_raw_margin_log_odds,RATCAT_A,code_13,WTFA_A,9,SEX_A,0.09993602986495012,4.700590679355847,322,2593253.9520000005
MEDNG,XGBoost,locked_test,base_estimator_raw_margin_log_odds,RATCAT_A,code_13,WTFA_A,10,K6SPD_A,0.0969176899360285,4.558620055185669,322,2593253.9520000005
MEDNG,XGBoost,locked_test,base_estimator_raw_margin_log_odds,RATCAT_A,code_13,WTFA_A,11,HISPALLP_A,0.07421343776850069,3.490702945964419,322,2593253.9520000005
MEDNG,XGBoost,locked_test,base_estimator_raw_margin_log_odds,RATCAT_A,code_13,WTFA_A,12,RATCAT_A,0.04007545312820583,1.884988844363479,322,2593253.9520000005
MEDNG,XGBoost,locked_test,base_estimator_raw_margin_log_odds,RATCAT_A,code_14,Unweighted,1,AGEP_A,0.5276896560153262,20.822452695023532,1930,15348993.286000002
MEDNG,XGBoost,locked_test,base_estimator_raw_margin_log_odds,RATCAT_A,code_14,Unweighted,2,RATCAT_A,0.3808341765635866,15.02758588452074,1930,15348993.286000002
MEDNG,XGBoost,locked_test,base_estimator_raw_margin_log_odds,RATCAT_A,code_14,Unweighted,3,FDSCAT3_A,0.28899892016537604,11.403798189823995,1930,15348993.286000002
MEDNG,XGBoost,locked_test,base_estimator_raw_margin_log_odds,RATCAT_A,code_14,Unweighted,4,PHSTAT_A,0.26575933427808063,10.48677210778139,1930,15348993.286000002
MEDNG,XGBoost,locked_test,base_estimator_raw_margin_log_odds,RATCAT_A,code_14,Unweighted,5,NOTCOV_A,0.264710817198097,10.445397983712434,1930,15348993.286000002
MEDNG,XGBoost,locked_test,base_estimator_raw_margin_log_odds,RATCAT_A,code_14,Unweighted,6,CHRONIC_BURDEN_CAT,0.16944413708042702,6.686207486894152,1930,15348993.286000002
MEDNG,XGBoost,locked_test,base_estimator_raw_margin_log_odds,RATCAT_A,code_14,Unweighted,7,EDUCP_A,0.1427700063777178,5.633655445354976,1930,15348993.286000002
MEDNG,XGBoost,locked_test,base_estimator_raw_margin_log_odds,RATCAT_A,code_14,Unweighted,8,SEX_A,0.12101702928775922,4.775290436171551,1930,15348993.286000002
MEDNG,XGBoost,locked_test,base_estimator_raw_margin_log_odds,RATCAT_A,code_14,Unweighted,9,EMPWRKLSW1_A,0.11280049048554167,4.451068635392059,1930,15348993.286000002
MEDNG,XGBoost,locked_test,base_estimator_raw_margin_log_odds,RATCAT_A,code_14,Unweighted,10,DISAB3_A,0.09496211713430872,3.7471725460371665,1930,15348993.286000002
MEDNG,XGBoost,locked_test,base_estimator_raw_margin_log_odds,RATCAT_A,code_14,Unweighted,11,K6SPD_A,0.0852828272113598,3.365231088128111,1930,15348993.286000002
MEDNG,XGBoost,locked_test,base_estimator_raw_margin_log_odds,RATCAT_A,code_14,Unweighted,12,HISPALLP_A,0.07996439303651029,3.155367501159895,1930,15348993.286000002
MEDNG,XGBoost,locked_test,base_estimator_raw_margin_log_odds,RATCAT_A,code_14,WTFA_A,1,AGEP_A,0.4724612256013107,19.0325948045059,1930,15348993.286000002
MEDNG,XGBoost,locked_test,base_estimator_raw_margin_log_odds,RATCAT_A,code_14,WTFA_A,2,RATCAT_A,0.37699938726091203,15.187016818473996,1930,15348993.286000002
MEDNG,XGBoost,locked_test,base_estimator_raw_margin_log_odds,RATCAT_A,code_14,WTFA_A,3,FDSCAT3_A,0.28669681791770524,11.549274462098321,1930,15348993.286000002
MEDNG,XGBoost,locked_test,base_estimator_raw_margin_log_odds,RATCAT_A,code_14,WTFA_A,4,PHSTAT_A,0.27401436575880284,11.0383754507335,1930,15348993.286000002
MEDNG,XGBoost,locked_test,base_estimator_raw_margin_log_odds,RATCAT_A,code_14,WTFA_A,5,NOTCOV_A,0.2682034679100656,10.80428965022229,1930,15348993.286000002
MEDNG,XGBoost,locked_test,base_estimator_raw_margin_log_odds,RATCAT_A,code_14,WTFA_A,6,CHRONIC_BURDEN_CAT,0.17126794268023549,6.899345765116733,1930,15348993.286000002
MEDNG,XGBoost,locked_test,base_estimator_raw_margin_log_odds,RATCAT_A,code_14,WTFA_A,7,EDUCP_A,0.14483393772984426,5.83448016764726,1930,15348993.286000002
MEDNG,XGBoost,locked_test,base_estimator_raw_margin_log_odds,RATCAT_A,code_14,WTFA_A,8,SEX_A,0.12434078634167023,5.0089354975167,1930,15348993.286000002
MEDNG,XGBoost,locked_test,base_estimator_raw_margin_log_odds,RATCAT_A,code_14,WTFA_A,9,EMPWRKLSW1_A,0.10996499415652594,4.429822095553593,1930,15348993.286000002
MEDNG,XGBoost,locked_test,base_estimator_raw_margin_log_odds,RATCAT_A,code_14,WTFA_A,10,DISAB3_A,0.0935429195931056,3.7682763980899168,1930,15348993.286000002
MEDNG,XGBoost,locked_test,base_estimator_raw_margin_log_odds,RATCAT_A,code_14,WTFA_A,11,K6SPD_A,0.08236012150489234,3.3177893459033942,1930,15348993.286000002
MEDNG,XGBoost,locked_test,base_estimator_raw_margin_log_odds,RATCAT_A,code_14,WTFA_A,12,HISPALLP_A,0.07769350126447135,3.1297995441383955,1930,15348993.286000002
MEDNG,XGBoost,locked_test,base_estimator_raw_margin_log_odds,RATCAT_A,code_2,Unweighted,1,FDSCAT3_A,0.47375620546261094,16.730699263847082,187,1384944.663
MEDNG,XGBoost,locked_test,base_estimator_raw_margin_log_odds,RATCAT_A,code_2,Unweighted,2,NOTCOV_A,0.43088548917172076,15.216720020476096,187,1384944.663
MEDNG,XGBoost,locked_test,base_estimator_raw_margin_log_odds,RATCAT_A,code_2,Unweighted,3,AGEP_A,0.41122254232607064,14.522323099607592,187,1384944.663
MEDNG,XGBoost,locked_test,base_estimator_raw_margin_log_odds,RATCAT_A,code_2,Unweighted,4,RATCAT_A,0.2907369867871093,10.267375993655657,187,1384944.663
MEDNG,XGBoost,locked_test,base_estimator_raw_margin_log_odds,RATCAT_A,code_2,Unweighted,5,PHSTAT_A,0.25757995833839503,9.09643561321975,187,1384944.663
MEDNG,XGBoost,locked_test,base_estimator_raw_margin_log_odds,RATCAT_A,code_2,Unweighted,6,EDUCP_A,0.2053887657693752,7.253303772358378,187,1384944.663
MEDNG,XGBoost,locked_test,base_estimator_raw_margin_log_odds,RATCAT_A,code_2,Unweighted,7,EMPWRKLSW1_A,0.17666450834566638,6.2389066900782035,187,1384944.663
MEDNG,XGBoost,locked_test,base_estimator_raw_margin_log_odds,RATCAT_A,code_2,Unweighted,8,CHRONIC_BURDEN_CAT,0.15938810203738407,5.628790442584083,187,1384944.663
MEDNG,XGBoost,locked_test,base_estimator_raw_margin_log_odds,RATCAT_A,code_2,Unweighted,9,DISAB3_A,0.13753843102554347,4.857169363011853,187,1384944.663
MEDNG,XGBoost,locked_test,base_estimator_raw_margin_log_odds,RATCAT_A,code_2,Unweighted,10,K6SPD_A,0.11872798112324716,4.192878369660805,187,1384944.663
MEDNG,XGBoost,locked_test,base_estimator_raw_margin_log_odds,RATCAT_A,code_2,Unweighted,11,SEX_A,0.08528876633795457,3.0119725794229355,187,1384944.663
MEDNG,XGBoost,locked_test,base_estimator_raw_margin_log_odds,RATCAT_A,code_2,Unweighted,12,HISPALLP_A,0.0844803905974184,2.983424792077556,187,1384944.663
MEDNG,XGBoost,locked_test,base_estimator_raw_margin_log_odds,RATCAT_A,code_2,WTFA_A,1,NOTCOV_A,0.4691909885507176,16.390883327982902,187,1384944.663
MEDNG,XGBoost,locked_test,base_estimator_raw_margin_log_odds,RATCAT_A,code_2,WTFA_A,2,FDSCAT3_A,0.46884700703294113,16.378866556428378,187,1384944.663
MEDNG,XGBoost,locked_test,base_estimator_raw_margin_log_odds,RATCAT_A,code_2,WTFA_A,3,AGEP_A,0.37313308586637456,13.035162706635955,187,1384944.663
MEDNG,XGBoost,locked_test,base_estimator_raw_margin_log_odds,RATCAT_A,code_2,WTFA_A,4,RATCAT_A,0.3075011562177011,10.742353748849453,187,1384944.663
MEDNG,XGBoost,locked_test,base_estimator_raw_margin_log_odds,RATCAT_A,code_2,WTFA_A,5,PHSTAT_A,0.2776853072533978,9.7007563745942,187,1384944.663
MEDNG,XGBoost,locked_test,base_estimator_raw_margin_log_odds,RATCAT_A,code_2,WTFA_A,6,EDUCP_A,0.2130899807564731,7.444160476590063,187,1384944.663
MEDNG,XGBoost,locked_test,base_estimator_raw_margin_log_odds,RATCAT_A,code_2,WTFA_A,7,EMPWRKLSW1_A,0.16663503166228563,5.821286915096024,187,1384944.663
MEDNG,XGBoost,locked_test,base_estimator_raw_margin_log_odds,RATCAT_A,code_2,WTFA_A,8,CHRONIC_BURDEN_CAT,0.16010983164061648,5.593333278183048,187,1384944.663
MEDNG,XGBoost,locked_test,base_estimator_raw_margin_log_odds,RATCAT_A,code_2,WTFA_A,9,K6SPD_A,0.1304795674141624,4.558219186556337,187,1384944.663
MEDNG,XGBoost,locked_test,base_estimator_raw_margin_log_odds,RATCAT_A,code_2,WTFA_A,10,DISAB3_A,0.12214459941968334,4.267042477553517,187,1384944.663
MEDNG,XGBoost,locked_test,base_estimator_raw_margin_log_odds,RATCAT_A,code_2,WTFA_A,11,SEX_A,0.09080242166459802,3.1721237954719386,187,1384944.663
MEDNG,XGBoost,locked_test,base_estimator_raw_margin_log_odds,RATCAT_A,code_2,WTFA_A,12,HISPALLP_A,0.08289293943344381,2.895811156058173,187,1384944.663
MEDNG,XGBoost,locked_test,base_estimator_raw_margin_log_odds,RATCAT_A,code_3,Unweighted,1,AGEP_A,0.5819874684348405,21.96637990450392,322,2378042.798
MEDNG,XGBoost,locked_test,base_estimator_raw_margin_log_odds,RATCAT_A,code_3,Unweighted,2,FDSCAT3_A,0.49185630395332053,18.564493252956435,322,2378042.798
MEDNG,XGBoost,locked_test,base_estimator_raw_margin_log_odds,RATCAT_A,code_3,Unweighted,3,NOTCOV_A,0.3306747055023423,12.480897957148457,322,2378042.798
MEDNG,XGBoost,locked_test,base_estimator_raw_margin_log_odds,RATCAT_A,code_3,Unweighted,4,PHSTAT_A,0.2412084815709169,9.104108644512012,322,2378042.798
MEDNG,XGBoost,locked_test,base_estimator_raw_margin_log_odds,RATCAT_A,code_3,Unweighted,5,EDUCP_A,0.1781282906412123,6.723226729413406,322,2378042.798
MEDNG,XGBoost,locked_test,base_estimator_raw_margin_log_odds,RATCAT_A,code_3,Unweighted,6,EMPWRKLSW1_A,0.15812549823211788,5.968246663621336,322,2378042.798
MEDNG,XGBoost,locked_test,base_estimator_raw_margin_log_odds,RATCAT_A,code_3,Unweighted,7,CHRONIC_BURDEN_CAT,0.14766434349625093,5.573403627248326,322,2378042.798
MEDNG,XGBoost,locked_test,base_estimator_raw_margin_log_odds,RATCAT_A,code_3,Unweighted,8,K6SPD_A,0.13554295502900962,5.115897171383279,322,2378042.798
MEDNG,XGBoost,locked_test,base_estimator_raw_margin_log_odds,RATCAT_A,code_3,Unweighted,9,DISAB3_A,0.12058320890255966,4.551260500473032,322,2378042.798
MEDNG,XGBoost,locked_test,base_estimator_raw_margin_log_odds,RATCAT_A,code_3,Unweighted,10,RATCAT_A,0.10213245274158761,3.854860077200592,322,2378042.798
MEDNG,XGBoost,locked_test,base_estimator_raw_margin_log_odds,RATCAT_A,code_3,Unweighted,11,HISPALLP_A,0.08169673268411377,3.0835397056266127,322,2378042.798
MEDNG,XGBoost,locked_test,base_estimator_raw_margin_log_odds,RATCAT_A,code_3,Unweighted,12,SEX_A,0.07984598997133634,3.0136857659125944,322,2378042.798
MEDNG,XGBoost,locked_test,base_estimator_raw_margin_log_odds,RATCAT_A,code_3,WTFA_A,1,AGEP_A,0.4955442811838162,19.249145901940132,322,2378042.798
MEDNG,XGBoost,locked_test,base_estimator_raw_margin_log_odds,RATCAT_A,code_3,WTFA_A,2,FDSCAT3_A,0.48546171530223575,18.85749415841315,322,2378042.798
MEDNG,XGBoost,locked_test,base_estimator_raw_margin_log_odds,RATCAT_A,code_3,WTFA_A,3,NOTCOV_A,0.378268150940204,14.693618923642008,322,2378042.798
MEDNG,XGBoost,locked_test,base_estimator_raw_margin_log_odds,RATCAT_A,code_3,WTFA_A,4,PHSTAT_A,0.24556092312901448,9.538679421006456,322,2378042.798
MEDNG,XGBoost,locked_test,base_estimator_raw_margin_log_odds,RATCAT_A,code_3,WTFA_A,5,EDUCP_A,0.18096139039278644,7.029345990972269,322,2378042.798
MEDNG,XGBoost,locked_test,base_estimator_raw_margin_log_odds,RATCAT_A,code_3,WTFA_A,6,CHRONIC_BURDEN_CAT,0.15189557845936,5.900300462834409,322,2378042.798
MEDNG,XGBoost,locked_test,base_estimator_raw_margin_log_odds,RATCAT_A,code_3,WTFA_A,7,EMPWRKLSW1_A,0.1469130927640067,5.7067585378321315,322,2378042.798
MEDNG,XGBoost,locked_test,base_estimator_raw_margin_log_odds,RATCAT_A,code_3,WTFA_A,8,K6SPD_A,0.12470476542328726,4.844088238826135,322,2378042.798
MEDNG,XGBoost,locked_test,base_estimator_raw_margin_log_odds,RATCAT_A,code_3,WTFA_A,9,DISAB3_A,0.10606884795581836,4.120186242639525,322,2378042.798
MEDNG,XGBoost,locked_test,base_estimator_raw_margin_log_odds,RATCAT_A,code_3,WTFA_A,10,RATCAT_A,0.0922596840212068,3.5837768409890054,322,2378042.798
MEDNG,XGBoost,locked_test,base_estimator_raw_margin_log_odds,RATCAT_A,code_3,WTFA_A,11,SEX_A,0.08507549263728151,3.3047108656814586,322,2378042.798
MEDNG,XGBoost,locked_test,base_estimator_raw_margin_log_odds,RATCAT_A,code_3,WTFA_A,12,HISPALLP_A,0.0816563054792146,3.1718944152233077,322,2378042.798
MEDNG,XGBoost,locked_test,base_estimator_raw_margin_log_odds,RATCAT_A,code_4,Unweighted,1,AGEP_A,0.5717742909023183,22.087934760495546,252,1789827.5900000003
MEDNG,XGBoost,locked_test,base_estimator_raw_margin_log_odds,RATCAT_A,code_4,Unweighted,2,FDSCAT3_A,0.400651380143187,15.477368757415977,252,1789827.5900000003
MEDNG,XGBoost,locked_test,base_estimator_raw_margin_log_odds,RATCAT_A,code_4,Unweighted,3,NOTCOV_A,0.34870600849908007,13.470692349887983,252,1789827.5900000003
MEDNG,XGBoost,locked_test,base_estimator_raw_margin_log_odds,RATCAT_A,code_4,Unweighted,4,PHSTAT_A,0.21961931317272257,8.484006956396485,252,1789827.5900000003
MEDNG,XGBoost,locked_test,base_estimator_raw_margin_log_odds,RATCAT_A,code_4,Unweighted,5,EDUCP_A,0.1783181297530338,6.888521011294424,252,1789827.5900000003
MEDNG,XGBoost,locked_test,base_estimator_raw_margin_log_odds,RATCAT_A,code_4,Unweighted,6,DISAB3_A,0.17048589329397867,6.585957690961543,252,1789827.5900000003
MEDNG,XGBoost,locked_test,base_estimator_raw_margin_log_odds,RATCAT_A,code_4,Unweighted,7,EMPWRKLSW1_A,0.16581133770408102,6.405377205712672,252,1789827.5900000003
MEDNG,XGBoost,locked_test,base_estimator_raw_margin_log_odds,RATCAT_A,code_4,Unweighted,8,CHRONIC_BURDEN_CAT,0.13727773758263437,5.3031095662041094,252,1789827.5900000003
MEDNG,XGBoost,locked_test,base_estimator_raw_margin_log_odds,RATCAT_A,code_4,Unweighted,9,K6SPD_A,0.1355544955035478,5.236539838909555,252,1789827.5900000003
MEDNG,XGBoost,locked_test,base_estimator_raw_margin_log_odds,RATCAT_A,code_4,Unweighted,10,SEX_A,0.10126567465969914,3.911945064600897,252,1789827.5900000003
MEDNG,XGBoost,locked_test,base_estimator_raw_margin_log_odds,RATCAT_A,code_4,Unweighted,11,HISPALLP_A,0.09661781496516408,3.7323958555120855,252,1789827.5900000003
MEDNG,XGBoost,locked_test,base_estimator_raw_margin_log_odds,RATCAT_A,code_4,Unweighted,12,RATCAT_A,0.06254514090624215,2.4161509426087355,252,1789827.5900000003
MEDNG,XGBoost,locked_test,base_estimator_raw_margin_log_odds,RATCAT_A,code_4,WTFA_A,1,AGEP_A,0.4803347151732907,18.763115160794744,252,1789827.5900000003
MEDNG,XGBoost,locked_test,base_estimator_raw_margin_log_odds,RATCAT_A,code_4,WTFA_A,2,FDSCAT3_A,0.4113568626603363,16.06866200269237,252,1789827.5900000003
MEDNG,XGBoost,locked_test,base_estimator_raw_margin_log_odds,RATCAT_A,code_4,WTFA_A,3,NOTCOV_A,0.39786250276257684,15.541537435625576,252,1789827.5900000003
MEDNG,XGBoost,locked_test,base_estimator_raw_margin_log_odds,RATCAT_A,code_4,WTFA_A,4,PHSTAT_A,0.21700548091531094,8.476794827266806,252,1789827.5900000003
MEDNG,XGBoost,locked_test,base_estimator_raw_margin_log_odds,RATCAT_A,code_4,WTFA_A,5,EDUCP_A,0.19077715644467097,7.452248699386451,252,1789827.5900000003
MEDNG,XGBoost,locked_test,base_estimator_raw_margin_log_odds,RATCAT_A,code_4,WTFA_A,6,EMPWRKLSW1_A,0.15921741762668543,6.219443750710539,252,1789827.5900000003
MEDNG,XGBoost,locked_test,base_estimator_raw_margin_log_odds,RATCAT_A,code_4,WTFA_A,7,DISAB3_A,0.15642572487363107,6.110393018035061,252,1789827.5900000003
MEDNG,XGBoost,locked_test,base_estimator_raw_margin_log_odds,RATCAT_A,code_4,WTFA_A,8,K6SPD_A,0.135496409527222,5.292839879200221,252,1789827.5900000003
MEDNG,XGBoost,locked_test,base_estimator_raw_margin_log_odds,RATCAT_A,code_4,WTFA_A,9,CHRONIC_BURDEN_CAT,0.13233048534731645,5.169170699976975,252,1789827.5900000003
MEDNG,XGBoost,locked_test,base_estimator_raw_margin_log_odds,RATCAT_A,code_4,WTFA_A,10,SEX_A,0.10844284763801357,4.236057845334992,252,1789827.5900000003
MEDNG,XGBoost,locked_test,base_estimator_raw_margin_log_odds,RATCAT_A,code_4,WTFA_A,11,HISPALLP_A,0.10103413816951147,3.9466545093711853,252,1789827.5900000003
MEDNG,XGBoost,locked_test,base_estimator_raw_margin_log_odds,RATCAT_A,code_4,WTFA_A,12,RATCAT_A,0.06971075368254485,2.7230821716050664,252,1789827.5900000003
MEDNG,XGBoost,locked_test,base_estimator_raw_margin_log_odds,RATCAT_A,code_5,Unweighted,1,AGEP_A,0.5925526332118608,21.78776896213005,331,2620717.5870000003
MEDNG,XGBoost,locked_test,base_estimator_raw_margin_log_odds,RATCAT_A,code_5,Unweighted,2,FDSCAT3_A,0.4624429106316406,17.003720395947877,331,2620717.5870000003
MEDNG,XGBoost,locked_test,base_estimator_raw_margin_log_odds,RATCAT_A,code_5,Unweighted,3,NOTCOV_A,0.39949375172855234,14.689121398882031,331,2620717.5870000003
MEDNG,XGBoost,locked_test,base_estimator_raw_margin_log_odds,RATCAT_A,code_5,Unweighted,4,PHSTAT_A,0.22884559671991903,8.414501446577283,331,2620717.5870000003
MEDNG,XGBoost,locked_test,base_estimator_raw_margin_log_odds,RATCAT_A,code_5,Unweighted,5,EDUCP_A,0.19331843696311168,7.108191246812723,331,2620717.5870000003
MEDNG,XGBoost,locked_test,base_estimator_raw_margin_log_odds,RATCAT_A,code_5,Unweighted,6,CHRONIC_BURDEN_CAT,0.1569339163559897,5.770356454840076,331,2620717.5870000003
MEDNG,XGBoost,locked_test,base_estimator_raw_margin_log_odds,RATCAT_A,code_5,Unweighted,7,EMPWRKLSW1_A,0.14420080937028742,5.302168520764397,331,2620717.5870000003
MEDNG,XGBoost,locked_test,base_estimator_raw_margin_log_odds,RATCAT_A,code_5,Unweighted,8,RATCAT_A,0.1335705115136596,4.911299489530131,331,2620717.5870000003
MEDNG,XGBoost,locked_test,base_estimator_raw_margin_log_odds,RATCAT_A,code_5,Unweighted,9,DISAB3_A,0.11095934957505016,4.079901998958874,331,2620717.5870000003
MEDNG,XGBoost,locked_test,base_estimator_raw_margin_log_odds,RATCAT_A,code_5,Unweighted,10,K6SPD_A,0.1087349024851433,3.998110548635432,331,2620717.5870000003
MEDNG,XGBoost,locked_test,base_estimator_raw_margin_log_odds,RATCAT_A,code_5,Unweighted,11,SEX_A,0.09972060234304356,3.6666606860522646,331,2620717.5870000003
MEDNG,XGBoost,locked_test,base_estimator_raw_margin_log_odds,RATCAT_A,code_5,Unweighted,12,HISPALLP_A,0.08888380624507054,3.268198850868874,331,2620717.5870000003
MEDNG,XGBoost,locked_test,base_estimator_raw_margin_log_odds,RATCAT_A,code_5,WTFA_A,1,AGEP_A,0.5106565504473307,19.214280043532312,331,2620717.5870000003
MEDNG,XGBoost,locked_test,base_estimator_raw_margin_log_odds,RATCAT_A,code_5,WTFA_A,2,FDSCAT3_A,0.4538541634124754,17.076998203765942,331,2620717.5870000003
MEDNG,XGBoost,locked_test,base_estimator_raw_margin_log_odds,RATCAT_A,code_5,WTFA_A,3,NOTCOV_A,0.441044768549193,16.595023969075932,331,2620717.5870000003
MEDNG,XGBoost,locked_test,base_estimator_raw_margin_log_odds,RATCAT_A,code_5,WTFA_A,4,PHSTAT_A,0.24539661742960148,9.233445306630301,331,2620717.5870000003
MEDNG,XGBoost,locked_test,base_estimator_raw_margin_log_odds,RATCAT_A,code_5,WTFA_A,5,EDUCP_A,0.20141022751314278,7.578386122099163,331,2620717.5870000003
MEDNG,XGBoost,locked_test,base_estimator_raw_margin_log_odds,RATCAT_A,code_5,WTFA_A,6,CHRONIC_BURDEN_CAT,0.1505973537629389,5.666469423492614,331,2620717.5870000003
MEDNG,XGBoost,locked_test,base_estimator_raw_margin_log_odds,RATCAT_A,code_5,WTFA_A,7,EMPWRKLSW1_A,0.1390190715634141,5.230817797346166,331,2620717.5870000003
MEDNG,XGBoost,locked_test,base_estimator_raw_margin_log_odds,RATCAT_A,code_5,WTFA_A,8,RATCAT_A,0.11353047911258987,4.2717682114031525,331,2620717.5870000003
MEDNG,XGBoost,locked_test,base_estimator_raw_margin_log_odds,RATCAT_A,code_5,WTFA_A,9,K6SPD_A,0.10974332397438354,4.129270363622574,331,2620717.5870000003
MEDNG,XGBoost,locked_test,base_estimator_raw_margin_log_odds,RATCAT_A,code_5,WTFA_A,10,SEX_A,0.10337127260623533,3.8895116073075493,331,2620717.5870000003
MEDNG,XGBoost,locked_test,base_estimator_raw_margin_log_odds,RATCAT_A,code_5,WTFA_A,11,DISAB3_A,0.1021905479258038,3.8450849282720054,331,2620717.5870000003
MEDNG,XGBoost,locked_test,base_estimator_raw_margin_log_odds,RATCAT_A,code_5,WTFA_A,12,HISPALLP_A,0.08687849218599596,3.2689440234522813,331,2620717.5870000003
MEDNG,XGBoost,locked_test,base_estimator_raw_margin_log_odds,RATCAT_A,code_6,Unweighted,1,AGEP_A,0.6659637787468875,23.886714147487407,299,2176686.528
MEDNG,XGBoost,locked_test,base_estimator_raw_margin_log_odds,RATCAT_A,code_6,Unweighted,2,FDSCAT3_A,0.4172944519341278,14.96747061445122,299,2176686.528
MEDNG,XGBoost,locked_test,base_estimator_raw_margin_log_odds,RATCAT_A,code_6,Unweighted,3,NOTCOV_A,0.34786303938461327,12.477112493853099,299,2176686.528
MEDNG,XGBoost,locked_test,base_estimator_raw_margin_log_odds,RATCAT_A,code_6,Unweighted,4,PHSTAT_A,0.24672440343293484,8.849483239315616,299,2176686.528
MEDNG,XGBoost,locked_test,base_estimator_raw_margin_log_odds,RATCAT_A,code_6,Unweighted,5,RATCAT_A,0.22305293206077706,8.000437558210987,299,2176686.528
MEDNG,XGBoost,locked_test,base_estimator_raw_margin_log_odds,RATCAT_A,code_6,Unweighted,6,EDUCP_A,0.167771682838698,6.017615909309133,299,2176686.528
MEDNG,XGBoost,locked_test,base_estimator_raw_margin_log_odds,RATCAT_A,code_6,Unweighted,7,K6SPD_A,0.15851654219891786,5.685653562538249,299,2176686.528
MEDNG,XGBoost,locked_test,base_estimator_raw_margin_log_odds,RATCAT_A,code_6,Unweighted,8,CHRONIC_BURDEN_CAT,0.14968259719198096,5.36879861350126,299,2176686.528
MEDNG,XGBoost,locked_test,base_estimator_raw_margin_log_odds,RATCAT_A,code_6,Unweighted,9,DISAB3_A,0.12102407722634241,4.340878032599146,299,2176686.528
MEDNG,XGBoost,locked_test,base_estimator_raw_margin_log_odds,RATCAT_A,code_6,Unweighted,10,EMPWRKLSW1_A,0.11097254830760644,3.9803509203306215,299,2176686.528
MEDNG,XGBoost,locked_test,base_estimator_raw_margin_log_odds,RATCAT_A,code_6,Unweighted,11,SEX_A,0.08984124206068239,3.2224155971317114,299,2176686.528
MEDNG,XGBoost,locked_test,base_estimator_raw_margin_log_odds,RATCAT_A,code_6,Unweighted,12,HISPALLP_A,0.08930186583854438,3.2030693112715323,299,2176686.528
MEDNG,XGBoost,locked_test,base_estimator_raw_margin_log_odds,RATCAT_A,code_6,WTFA_A,1,AGEP_A,0.5410125204603914,20.000584683482735,299,2176686.528
MEDNG,XGBoost,locked_test,base_estimator_raw_margin_log_odds,RATCAT_A,code_6,WTFA_A,2,FDSCAT3_A,0.44143498769666606,16.31932260304448,299,2176686.528
MEDNG,XGBoost,locked_test,base_estimator_raw_margin_log_odds,RATCAT_A,code_6,WTFA_A,3,NOTCOV_A,0.41774625092888396,15.44357838668961,299,2176686.528
MEDNG,XGBoost,locked_test,base_estimator_raw_margin_log_odds,RATCAT_A,code_6,WTFA_A,4,PHSTAT_A,0.23103474917196368,8.541077869526594,299,2176686.528
MEDNG,XGBoost,locked_test,base_estimator_raw_margin_log_odds,RATCAT_A,code_6,WTFA_A,5,RATCAT_A,0.20019484843832733,7.400963689306889,299,2176686.528
MEDNG,XGBoost,locked_test,base_estimator_raw_margin_log_odds,RATCAT_A,code_6,WTFA_A,6,EDUCP_A,0.17416461939642908,6.438657308966745,299,2176686.528
MEDNG,XGBoost,locked_test,base_estimator_raw_margin_log_odds,RATCAT_A,code_6,WTFA_A,7,CHRONIC_BURDEN_CAT,0.14735799390807003,5.447648482217079,299,2176686.528
MEDNG,XGBoost,locked_test,base_estimator_raw_margin_log_odds,RATCAT_A,code_6,WTFA_A,8,K6SPD_A,0.12209166424117232,4.513582546527561,299,2176686.528
MEDNG,XGBoost,locked_test,base_estimator_raw_margin_log_odds,RATCAT_A,code_6,WTFA_A,9,DISAB3_A,0.11507111335441357,4.2540411917067384,299,2176686.528
MEDNG,XGBoost,locked_test,base_estimator_raw_margin_log_odds,RATCAT_A,code_6,WTFA_A,10,EMPWRKLSW1_A,0.11484897371539249,4.2458289554020805,299,2176686.528
MEDNG,XGBoost,locked_test,base_estimator_raw_margin_log_odds,RATCAT_A,code_6,WTFA_A,11,HISPALLP_A,0.10530593591665467,3.893034281687489,299,2176686.528
MEDNG,XGBoost,locked_test,base_estimator_raw_margin_log_odds,RATCAT_A,code_6,WTFA_A,12,SEX_A,0.09471986711420426,3.501680001441982,299,2176686.528
MEDNG,XGBoost,locked_test,base_estimator_raw_margin_log_odds,RATCAT_A,code_7,Unweighted,1,AGEP_A,0.5948242993811214,22.62037014482077,274,2014189.3329999999
MEDNG,XGBoost,locked_test,base_estimator_raw_margin_log_odds,RATCAT_A,code_7,Unweighted,2,FDSCAT3_A,0.4072776577196655,15.488222957467922,274,2014189.3329999999
MEDNG,XGBoost,locked_test,base_estimator_raw_margin_log_odds,RATCAT_A,code_7,Unweighted,3,NOTCOV_A,0.39642503458380285,15.075512258475165,274,2014189.3329999999
MEDNG,XGBoost,locked_test,base_estimator_raw_margin_log_odds,RATCAT_A,code_7,Unweighted,4,PHSTAT_A,0.23642723575250557,8.991010607002478,274,2014189.3329999999
MEDNG,XGBoost,locked_test,base_estimator_raw_margin_log_odds,RATCAT_A,code_7,Unweighted,5,EDUCP_A,0.1681100045372035,6.3929979518919,274,2014189.3329999999
MEDNG,XGBoost,locked_test,base_estimator_raw_margin_log_odds,RATCAT_A,code_7,Unweighted,6,RATCAT_A,0.16090399820560863,6.118963198005428,274,2014189.3329999999
MEDNG,XGBoost,locked_test,base_estimator_raw_margin_log_odds,RATCAT_A,code_7,Unweighted,7,EMPWRKLSW1_A,0.15360433625947026,5.841366846737481,274,2014189.3329999999
MEDNG,XGBoost,locked_test,base_estimator_raw_margin_log_odds,RATCAT_A,code_7,Unweighted,8,CHRONIC_BURDEN_CAT,0.1299878437354367,4.943263317725891,274,2014189.3329999999
MEDNG,XGBoost,locked_test,base_estimator_raw_margin_log_odds,RATCAT_A,code_7,Unweighted,9,HISPALLP_A,0.10010288966757294,3.806778605384126,274,2014189.3329999999
MEDNG,XGBoost,locked_test,base_estimator_raw_margin_log_odds,RATCAT_A,code_7,Unweighted,10,DISAB3_A,0.09471142372313163,3.601748388203444,274,2014189.3329999999
MEDNG,XGBoost,locked_test,base_estimator_raw_margin_log_odds,RATCAT_A,code_7,Unweighted,11,K6SPD_A,0.09438875792104068,3.5894778406081844,274,2014189.3329999999
MEDNG,XGBoost,locked_test,base_estimator_raw_margin_log_odds,RATCAT_A,code_7,Unweighted,12,SEX_A,0.09283230130974524,3.530287883677226,274,2014189.3329999999
MEDNG,XGBoost,locked_test,base_estimator_raw_margin_log_odds,RATCAT_A,code_7,WTFA_A,1,AGEP_A,0.5269132069405335,19.938410678884186,274,2014189.3329999999
MEDNG,XGBoost,locked_test,base_estimator_raw_margin_log_odds,RATCAT_A,code_7,WTFA_A,2,NOTCOV_A,0.45552107016150123,17.23693020051754,274,2014189.3329999999
MEDNG,XGBoost,locked_test,base_estimator_raw_margin_log_odds,RATCAT_A,code_7,WTFA_A,3,FDSCAT3_A,0.4036571829285726,15.274399238240532,274,2014189.3329999999
MEDNG,XGBoost,locked_test,base_estimator_raw_margin_log_odds,RATCAT_A,code_7,WTFA_A,4,PHSTAT_A,0.23437403576064467,8.868720153356517,274,2014189.3329999999
MEDNG,XGBoost,locked_test,base_estimator_raw_margin_log_odds,RATCAT_A,code_7,WTFA_A,5,RATCAT_A,0.17022977693952826,6.441499582260835,274,2014189.3329999999
MEDNG,XGBoost,locked_test,base_estimator_raw_margin_log_odds,RATCAT_A,code_7,WTFA_A,6,EDUCP_A,0.16957689719399513,6.416794594192784,274,2014189.3329999999
MEDNG,XGBoost,locked_test,base_estimator_raw_margin_log_odds,RATCAT_A,code_7,WTFA_A,7,EMPWRKLSW1_A,0.14916095522993386,5.644254771857946,274,2014189.3329999999
MEDNG,XGBoost,locked_test,base_estimator_raw_margin_log_odds,RATCAT_A,code_7,WTFA_A,8,CHRONIC_BURDEN_CAT,0.13548432813241112,5.126730815007991,274,2014189.3329999999
MEDNG,XGBoost,locked_test,base_estimator_raw_margin_log_odds,RATCAT_A,code_7,WTFA_A,9,HISPALLP_A,0.11213382052848904,4.243146945720102,274,2014189.3329999999
MEDNG,XGBoost,locked_test,base_estimator_raw_margin_log_odds,RATCAT_A,code_7,WTFA_A,10,DISAB3_A,0.10183230316022573,3.8533372366473277,274,2014189.3329999999
MEDNG,XGBoost,locked_test,base_estimator_raw_margin_log_odds,RATCAT_A,code_7,WTFA_A,11,SEX_A,0.09396237575147867,3.5555389605332977,274,2014189.3329999999
MEDNG,XGBoost,locked_test,base_estimator_raw_margin_log_odds,RATCAT_A,code_7,WTFA_A,12,K6SPD_A,0.08985819970827631,3.4002368227809567,274,2014189.3329999999
MEDNG,XGBoost,locked_test,base_estimator_raw_margin_log_odds,RATCAT_A,code_8,Unweighted,1,AGEP_A,0.6522200600197978,23.346145052925372,530,4181768.7849999997
MEDNG,XGBoost,locked_test,base_estimator_raw_margin_log_odds,RATCAT_A,code_8,Unweighted,2,FDSCAT3_A,0.39400452733663666,14.103348563721275,530,4181768.7849999997
MEDNG,XGBoost,locked_test,base_estimator_raw_margin_log_odds,RATCAT_A,code_8,Unweighted,3,NOTCOV_A,0.30975942346049123,11.087804369892654,530,4181768.7849999997
MEDNG,XGBoost,locked_test,base_estimator_raw_margin_log_odds,RATCAT_A,code_8,Unweighted,4,RATCAT_A,0.2792385981460132,9.995314796810263,530,4181768.7849999997
MEDNG,XGBoost,locked_test,base_estimator_raw_margin_log_odds,RATCAT_A,code_8,Unweighted,5,PHSTAT_A,0.24639630543379956,8.819728554481715,530,4181768.7849999997
MEDNG,XGBoost,locked_test,base_estimator_raw_margin_log_odds,RATCAT_A,code_8,Unweighted,6,CHRONIC_BURDEN_CAT,0.18096337589565148,6.477564064494884,530,4181768.7849999997
MEDNG,XGBoost,locked_test,base_estimator_raw_margin_log_odds,RATCAT_A,code_8,Unweighted,7,EDUCP_A,0.1736095910573327,6.2143361479567405,530,4181768.7849999997
MEDNG,XGBoost,locked_test,base_estimator_raw_margin_log_odds,RATCAT_A,code_8,Unweighted,8,EMPWRKLSW1_A,0.16036085128105457,5.740098970130498,530,4181768.7849999997
MEDNG,XGBoost,locked_test,base_estimator_raw_margin_log_odds,RATCAT_A,code_8,Unweighted,9,K6SPD_A,0.10898636988990716,3.9011550797200516,530,4181768.7849999997
MEDNG,XGBoost,locked_test,base_estimator_raw_margin_log_odds,RATCAT_A,code_8,Unweighted,10,DISAB3_A,0.10428652458753929,3.732924635915456,530,4181768.7849999997
MEDNG,XGBoost,locked_test,base_estimator_raw_margin_log_odds,RATCAT_A,code_8,Unweighted,11,SEX_A,0.09882350427442876,3.5373764268446024,530,4181768.7849999997
MEDNG,XGBoost,locked_test,base_estimator_raw_margin_log_odds,RATCAT_A,code_8,Unweighted,12,HISPALLP_A,0.08504575289577743,3.0442033371064965,530,4181768.7849999997
MEDNG,XGBoost,locked_test,base_estimator_raw_margin_log_odds,RATCAT_A,code_8,WTFA_A,1,AGEP_A,0.5302792313339626,19.310998579219593,530,4181768.7849999997
MEDNG,XGBoost,locked_test,base_estimator_raw_margin_log_odds,RATCAT_A,code_8,WTFA_A,2,FDSCAT3_A,0.4043931902919152,14.726649398522461,530,4181768.7849999997
MEDNG,XGBoost,locked_test,base_estimator_raw_margin_log_odds,RATCAT_A,code_8,WTFA_A,3,NOTCOV_A,0.3502869499393186,12.756280828839824,530,4181768.7849999997
MEDNG,XGBoost,locked_test,base_estimator_raw_margin_log_odds,RATCAT_A,code_8,WTFA_A,4,RATCAT_A,0.279938421620137,10.194422377388724,530,4181768.7849999997
MEDNG,XGBoost,locked_test,base_estimator_raw_margin_log_odds,RATCAT_A,code_8,WTFA_A,5,PHSTAT_A,0.2638850713864406,9.60981297683804,530,4181768.7849999997
MEDNG,XGBoost,locked_test,base_estimator_raw_margin_log_odds,RATCAT_A,code_8,WTFA_A,6,EDUCP_A,0.18444310787252877,6.716801985839209,530,4181768.7849999997
MEDNG,XGBoost,locked_test,base_estimator_raw_margin_log_odds,RATCAT_A,code_8,WTFA_A,7,CHRONIC_BURDEN_CAT,0.18082313353761104,6.584974610547601,530,4181768.7849999997
MEDNG,XGBoost,locked_test,base_estimator_raw_margin_log_odds,RATCAT_A,code_8,WTFA_A,8,EMPWRKLSW1_A,0.15686009572516016,5.712320805144103,530,4181768.7849999997
MEDNG,XGBoost,locked_test,base_estimator_raw_margin_log_odds,RATCAT_A,code_8,WTFA_A,9,DISAB3_A,0.1043534836508553,3.80020535492018,530,4181768.7849999997
MEDNG,XGBoost,locked_test,base_estimator_raw_margin_log_odds,RATCAT_A,code_8,WTFA_A,10,SEX_A,0.1015469931139715,3.6980023426807205,530,4181768.7849999997
MEDNG,XGBoost,locked_test,base_estimator_raw_margin_log_odds,RATCAT_A,code_8,WTFA_A,11,K6SPD_A,0.10140804058427398,3.6929421556226343,530,4181768.7849999997
MEDNG,XGBoost,locked_test,base_estimator_raw_margin_log_odds,RATCAT_A,code_8,WTFA_A,12,HISPALLP_A,0.0877781918160456,3.1965885844369044,530,4181768.7849999997
MEDNG,XGBoost,locked_test,base_estimator_raw_margin_log_odds,RATCAT_A,code_9,Unweighted,1,AGEP_A,0.6399789127117607,25.228302826731337,530,4222353.769
MEDNG,XGBoost,locked_test,base_estimator_raw_margin_log_odds,RATCAT_A,code_9,Unweighted,2,FDSCAT3_A,0.3745324966860419,14.764266536236416,530,4222353.769
MEDNG,XGBoost,locked_test,base_estimator_raw_margin_log_odds,RATCAT_A,code_9,Unweighted,3,NOTCOV_A,0.3153577573916887,12.431567422315462,530,4222353.769
MEDNG,XGBoost,locked_test,base_estimator_raw_margin_log_odds,RATCAT_A,code_9,Unweighted,4,PHSTAT_A,0.2089099276956129,8.235338406828442,530,4222353.769
MEDNG,XGBoost,locked_test,base_estimator_raw_margin_log_odds,RATCAT_A,code_9,Unweighted,5,EDUCP_A,0.19757233578512,7.788404615163594,530,4222353.769
MEDNG,XGBoost,locked_test,base_estimator_raw_margin_log_odds,RATCAT_A,code_9,Unweighted,6,EMPWRKLSW1_A,0.15483384564527714,6.103631023114249,530,4222353.769
MEDNG,XGBoost,locked_test,base_estimator_raw_margin_log_odds,RATCAT_A,code_9,Unweighted,7,CHRONIC_BURDEN_CAT,0.14868944010500718,5.861415349158141,530,4222353.769
MEDNG,XGBoost,locked_test,base_estimator_raw_margin_log_odds,RATCAT_A,code_9,Unweighted,8,RATCAT_A,0.12048524088871622,4.749591092638429,530,4222353.769
MEDNG,XGBoost,locked_test,base_estimator_raw_margin_log_odds,RATCAT_A,code_9,Unweighted,9,SEX_A,0.10867807795675273,4.284146566177459,530,4222353.769
MEDNG,XGBoost,locked_test,base_estimator_raw_margin_log_odds,RATCAT_A,code_9,Unweighted,10,DISAB3_A,0.100250757666621,3.9519372010338043,530,4222353.769
MEDNG,XGBoost,locked_test,base_estimator_raw_margin_log_odds,RATCAT_A,code_9,Unweighted,11,K6SPD_A,0.09876800844690736,3.89348645275441,530,4222353.769
MEDNG,XGBoost,locked_test,base_estimator_raw_margin_log_odds,RATCAT_A,code_9,Unweighted,12,HISPALLP_A,0.06869296418366469,2.7079125078482535,530,4222353.769
MEDNG,XGBoost,locked_test,base_estimator_raw_margin_log_odds,RATCAT_A,code_9,WTFA_A,1,AGEP_A,0.5840974660701251,22.891944721712132,530,4222353.769
MEDNG,XGBoost,locked_test,base_estimator_raw_margin_log_odds,RATCAT_A,code_9,WTFA_A,2,FDSCAT3_A,0.3797063593086151,14.88144957425961,530,4222353.769
MEDNG,XGBoost,locked_test,base_estimator_raw_margin_log_odds,RATCAT_A,code_9,WTFA_A,3,NOTCOV_A,0.33675684393799293,13.198172400839091,530,4222353.769
MEDNG,XGBoost,locked_test,base_estimator_raw_margin_log_odds,RATCAT_A,code_9,WTFA_A,4,PHSTAT_A,0.22346716308800094,8.758123843519948,530,4222353.769
MEDNG,XGBoost,locked_test,base_estimator_raw_margin_log_odds,RATCAT_A,code_9,WTFA_A,5,EDUCP_A,0.20302421339431787,7.956923870020405,530,4222353.769
MEDNG,XGBoost,locked_test,base_estimator_raw_margin_log_odds,RATCAT_A,code_9,WTFA_A,6,EMPWRKLSW1_A,0.14867380899624014,5.826823115681365,530,4222353.769
MEDNG,XGBoost,locked_test,base_estimator_raw_margin_log_odds,RATCAT_A,code_9,WTFA_A,7,CHRONIC_BURDEN_CAT,0.1485163935060363,5.820653688643215,530,4222353.769
MEDNG,XGBoost,locked_test,base_estimator_raw_margin_log_odds,RATCAT_A,code_9,WTFA_A,8,RATCAT_A,0.13143036320640983,5.151018081825518,530,4222353.769
MEDNG,XGBoost,locked_test,base_estimator_raw_margin_log_odds,RATCAT_A,code_9,WTFA_A,9,SEX_A,0.11224620275608908,4.399152569523374,530,4222353.769
MEDNG,XGBoost,locked_test,base_estimator_raw_margin_log_odds,RATCAT_A,code_9,WTFA_A,10,K6SPD_A,0.10986499075396147,4.305828121653165,530,4222353.769
MEDNG,XGBoost,locked_test,base_estimator_raw_margin_log_odds,RATCAT_A,code_9,WTFA_A,11,DISAB3_A,0.10004041750208077,3.9207835000600575,530,4222353.769
MEDNG,XGBoost,locked_test,base_estimator_raw_margin_log_odds,RATCAT_A,code_9,WTFA_A,12,HISPALLP_A,0.07371726148577368,2.889126512262132,530,4222353.769
MEDNG,XGBoost,locked_test,base_estimator_raw_margin_log_odds,NOTCOV_A,code_1,Unweighted,1,NOTCOV_A,1.3189480435324314,40.084518284670516,471,4739806.264
MEDNG,XGBoost,locked_test,base_estimator_raw_margin_log_odds,NOTCOV_A,code_1,Unweighted,2,FDSCAT3_A,0.4071636911646726,12.374225431680506,471,4739806.264
MEDNG,XGBoost,locked_test,base_estimator_raw_margin_log_odds,NOTCOV_A,code_1,Unweighted,3,AGEP_A,0.2821077869383464,8.573616526616446,471,4739806.264
MEDNG,XGBoost,locked_test,base_estimator_raw_margin_log_odds,NOTCOV_A,code_1,Unweighted,4,PHSTAT_A,0.27634098031805265,8.398355896337009,471,4739806.264
MEDNG,XGBoost,locked_test,base_estimator_raw_margin_log_odds,NOTCOV_A,code_1,Unweighted,5,CHRONIC_BURDEN_CAT,0.21112703089370574,6.416420549501995,471,4739806.264
MEDNG,XGBoost,locked_test,base_estimator_raw_margin_log_odds,NOTCOV_A,code_1,Unweighted,6,EDUCP_A,0.1568678679583431,4.767415177790413,471,4739806.264
MEDNG,XGBoost,locked_test,base_estimator_raw_margin_log_odds,NOTCOV_A,code_1,Unweighted,7,RATCAT_A,0.15162961823918789,4.60821806788395,471,4739806.264
MEDNG,XGBoost,locked_test,base_estimator_raw_margin_log_odds,NOTCOV_A,code_1,Unweighted,8,EMPWRKLSW1_A,0.11813568229321884,3.590294507941411,471,4739806.264
MEDNG,XGBoost,locked_test,base_estimator_raw_margin_log_odds,NOTCOV_A,code_1,Unweighted,9,SEX_A,0.10994088157067014,3.3412440309245293,471,4739806.264
MEDNG,XGBoost,locked_test,base_estimator_raw_margin_log_odds,NOTCOV_A,code_1,Unweighted,10,K6SPD_A,0.10039830220476531,3.0512328368132837,471,4739806.264
MEDNG,XGBoost,locked_test,base_estimator_raw_margin_log_odds,NOTCOV_A,code_1,Unweighted,11,HISPALLP_A,0.0874790884353409,2.658601403677285,471,4739806.264
MEDNG,XGBoost,locked_test,base_estimator_raw_margin_log_odds,NOTCOV_A,code_1,Unweighted,12,DISAB3_A,0.07027862400247571,2.1358572861626546,471,4739806.264
MEDNG,XGBoost,locked_test,base_estimator_raw_margin_log_odds,NOTCOV_A,code_1,WTFA_A,1,NOTCOV_A,1.3130870198321283,39.94244725553095,471,4739806.264
MEDNG,XGBoost,locked_test,base_estimator_raw_margin_log_odds,NOTCOV_A,code_1,WTFA_A,2,FDSCAT3_A,0.4166473383879069,12.673885345271264,471,4739806.264
MEDNG,XGBoost,locked_test,base_estimator_raw_margin_log_odds,NOTCOV_A,code_1,WTFA_A,3,AGEP_A,0.283871576849321,8.635014522569861,471,4739806.264
MEDNG,XGBoost,locked_test,base_estimator_raw_margin_log_odds,NOTCOV_A,code_1,WTFA_A,4,PHSTAT_A,0.268135725023981,8.156349801906604,471,4739806.264
MEDNG,XGBoost,locked_test,base_estimator_raw_margin_log_odds,NOTCOV_A,code_1,WTFA_A,5,CHRONIC_BURDEN_CAT,0.20307329077731057,6.1772327982625335,471,4739806.264
MEDNG,XGBoost,locked_test,base_estimator_raw_margin_log_odds,NOTCOV_A,code_1,WTFA_A,6,EDUCP_A,0.1731176416860725,5.26601982017298,471,4739806.264
MEDNG,XGBoost,locked_test,base_estimator_raw_margin_log_odds,NOTCOV_A,code_1,WTFA_A,7,RATCAT_A,0.14983611118015397,4.557825092622043,471,4739806.264
MEDNG,XGBoost,locked_test,base_estimator_raw_margin_log_odds,NOTCOV_A,code_1,WTFA_A,8,EMPWRKLSW1_A,0.11540501980267828,3.5104748176410214,471,4739806.264
MEDNG,XGBoost,locked_test,base_estimator_raw_margin_log_odds,NOTCOV_A,code_1,WTFA_A,9,SEX_A,0.11191481393671626,3.4043071672061287,471,4739806.264
MEDNG,XGBoost,locked_test,base_estimator_raw_margin_log_odds,NOTCOV_A,code_1,WTFA_A,10,K6SPD_A,0.09669724606438285,2.9414079892248797,471,4739806.264
MEDNG,XGBoost,locked_test,base_estimator_raw_margin_log_odds,NOTCOV_A,code_1,WTFA_A,11,HISPALLP_A,0.08515881350556383,2.5904234566452717,471,4739806.264
MEDNG,XGBoost,locked_test,base_estimator_raw_margin_log_odds,NOTCOV_A,code_1,WTFA_A,12,DISAB3_A,0.07050299331218714,2.1446119329464595,471,4739806.264
MEDNG,XGBoost,locked_test,base_estimator_raw_margin_log_odds,NOTCOV_A,code_2,Unweighted,1,AGEP_A,0.5872110641461699,23.394472926738075,5927,45336881.842
MEDNG,XGBoost,locked_test,base_estimator_raw_margin_log_odds,NOTCOV_A,code_2,Unweighted,2,FDSCAT3_A,0.3581237140834981,14.267639091118664,5927,45336881.842
MEDNG,XGBoost,locked_test,base_estimator_raw_margin_log_odds,NOTCOV_A,code_2,Unweighted,3,PHSTAT_A,0.2449602877670697,9.759211244810908,5927,45336881.842
MEDNG,XGBoost,locked_test,base_estimator_raw_margin_log_odds,NOTCOV_A,code_2,Unweighted,4,RATCAT_A,0.22888314732872317,9.118698404217291,5927,45336881.842
MEDNG,XGBoost,locked_test,base_estimator_raw_margin_log_odds,NOTCOV_A,code_2,Unweighted,5,NOTCOV_A,0.226520611751241,9.024575050655779,5927,45336881.842
MEDNG,XGBoost,locked_test,base_estimator_raw_margin_log_odds,NOTCOV_A,code_2,Unweighted,6,EDUCP_A,0.1651665958873088,6.580232716673239,5927,45336881.842
MEDNG,XGBoost,locked_test,base_estimator_raw_margin_log_odds,NOTCOV_A,code_2,Unweighted,7,CHRONIC_BURDEN_CAT,0.1547162227602424,6.163890133702749,5927,45336881.842
MEDNG,XGBoost,locked_test,base_estimator_raw_margin_log_odds,NOTCOV_A,code_2,Unweighted,8,EMPWRKLSW1_A,0.13974238082369617,5.567332675605216,5927,45336881.842
MEDNG,XGBoost,locked_test,base_estimator_raw_margin_log_odds,NOTCOV_A,code_2,Unweighted,9,SEX_A,0.11058126771606074,4.4055547174496,5927,45336881.842
MEDNG,XGBoost,locked_test,base_estimator_raw_margin_log_odds,NOTCOV_A,code_2,Unweighted,10,DISAB3_A,0.10960583608848909,4.366693547767299,5927,45336881.842
MEDNG,XGBoost,locked_test,base_estimator_raw_margin_log_odds,NOTCOV_A,code_2,Unweighted,11,K6SPD_A,0.10271765761219408,4.092268703418468,5927,45336881.842
MEDNG,XGBoost,locked_test,base_estimator_raw_margin_log_odds,NOTCOV_A,code_2,Unweighted,12,HISPALLP_A,0.08181307727828234,3.2594307878427093,5927,45336881.842
MEDNG,XGBoost,locked_test,base_estimator_raw_margin_log_odds,NOTCOV_A,code_2,WTFA_A,1,AGEP_A,0.5121773266002568,20.944594317922977,5927,45336881.842
MEDNG,XGBoost,locked_test,base_estimator_raw_margin_log_odds,NOTCOV_A,code_2,WTFA_A,2,FDSCAT3_A,0.3567584691720897,14.589012473261059,5927,45336881.842
MEDNG,XGBoost,locked_test,base_estimator_raw_margin_log_odds,NOTCOV_A,code_2,WTFA_A,3,PHSTAT_A,0.25640715616247234,10.485321366493725,5927,45336881.842
MEDNG,XGBoost,locked_test,base_estimator_raw_margin_log_odds,NOTCOV_A,code_2,WTFA_A,4,RATCAT_A,0.23081207126472303,9.43865521812173,5927,45336881.842
MEDNG,XGBoost,locked_test,base_estimator_raw_margin_log_odds,NOTCOV_A,code_2,WTFA_A,5,NOTCOV_A,0.22446544611651353,9.179121103444055,5927,45336881.842
MEDNG,XGBoost,locked_test,base_estimator_raw_margin_log_odds,NOTCOV_A,code_2,WTFA_A,6,EDUCP_A,0.1686263940396592,6.895680911723351,5927,45336881.842
MEDNG,XGBoost,locked_test,base_estimator_raw_margin_log_odds,NOTCOV_A,code_2,WTFA_A,7,CHRONIC_BURDEN_CAT,0.15437366897787183,6.312840694399523,5927,45336881.842
MEDNG,XGBoost,locked_test,base_estimator_raw_margin_log_odds,NOTCOV_A,code_2,WTFA_A,8,EMPWRKLSW1_A,0.1352485485683526,5.530752406896232,5927,45336881.842
MEDNG,XGBoost,locked_test,base_estimator_raw_margin_log_odds,NOTCOV_A,code_2,WTFA_A,9,SEX_A,0.11523581500188604,4.71236673464357,5927,45336881.842
MEDNG,XGBoost,locked_test,base_estimator_raw_margin_log_odds,NOTCOV_A,code_2,WTFA_A,10,DISAB3_A,0.10704801863131835,4.377541148986308,5927,45336881.842
MEDNG,XGBoost,locked_test,base_estimator_raw_margin_log_odds,NOTCOV_A,code_2,WTFA_A,11,K6SPD_A,0.10050093203277241,4.10980951455205,5927,45336881.842
MEDNG,XGBoost,locked_test,base_estimator_raw_margin_log_odds,NOTCOV_A,code_2,WTFA_A,12,HISPALLP_A,0.08373764121072194,3.4243041095554037,5927,45336881.842
MEDNG,XGBoost,locked_test,base_estimator_raw_margin_log_odds,SEX_A,code_1,Unweighted,1,AGEP_A,0.5412445600047296,20.997256141556253,2958,24662417.391999997
MEDNG,XGBoost,locked_test,base_estimator_raw_margin_log_odds,SEX_A,code_1,Unweighted,2,FDSCAT3_A,0.353189713113216,13.701781820654533,2958,24662417.391999997
MEDNG,XGBoost,locked_test,base_estimator_raw_margin_log_odds,SEX_A,code_1,Unweighted,3,NOTCOV_A,0.32455283834818094,12.590831542410895,2958,24662417.391999997
MEDNG,XGBoost,locked_test,base_estimator_raw_margin_log_odds,SEX_A,code_1,Unweighted,4,PHSTAT_A,0.2594349552518113,10.064622557033855,2958,24662417.391999997
MEDNG,XGBoost,locked_test,base_estimator_raw_margin_log_odds,SEX_A,code_1,Unweighted,5,RATCAT_A,0.22711356508442485,8.810733726835062,2958,24662417.391999997
MEDNG,XGBoost,locked_test,base_estimator_raw_margin_log_odds,SEX_A,code_1,Unweighted,6,CHRONIC_BURDEN_CAT,0.16541878875907037,6.417322103283283,2958,24662417.391999997
MEDNG,XGBoost,locked_test,base_estimator_raw_margin_log_odds,SEX_A,code_1,Unweighted,7,EDUCP_A,0.16497171155931642,6.399978013066097,2958,24662417.391999997
MEDNG,XGBoost,locked_test,base_estimator_raw_margin_log_odds,SEX_A,code_1,Unweighted,8,EMPWRKLSW1_A,0.13704640112887814,5.316632443855643,2958,24662417.391999997
MEDNG,XGBoost,locked_test,base_estimator_raw_margin_log_odds,SEX_A,code_1,Unweighted,9,SEX_A,0.12749651653307106,4.946150432953378,2958,24662417.391999997
MEDNG,XGBoost,locked_test,base_estimator_raw_margin_log_odds,SEX_A,code_1,Unweighted,10,DISAB3_A,0.10353205426499447,4.0164635783953075,2958,24662417.391999997
MEDNG,XGBoost,locked_test,base_estimator_raw_margin_log_odds,SEX_A,code_1,Unweighted,11,K6SPD_A,0.09286142968537167,3.602503136027502,2958,24662417.391999997
MEDNG,XGBoost,locked_test,base_estimator_raw_margin_log_odds,SEX_A,code_1,Unweighted,12,HISPALLP_A,0.08082931493442627,3.1357245039281976,2958,24662417.391999997
MEDNG,XGBoost,locked_test,base_estimator_raw_margin_log_odds,SEX_A,code_1,WTFA_A,1,AGEP_A,0.4814415422529237,18.861055874322712,2958,24662417.391999997
MEDNG,XGBoost,locked_test,base_estimator_raw_margin_log_odds,SEX_A,code_1,WTFA_A,2,FDSCAT3_A,0.355869267661607,13.941609836804883,2958,24662417.391999997
MEDNG,XGBoost,locked_test,base_estimator_raw_margin_log_odds,SEX_A,code_1,WTFA_A,3,NOTCOV_A,0.345725583354107,13.544218710978981,2958,24662417.391999997
MEDNG,XGBoost,locked_test,base_estimator_raw_margin_log_odds,SEX_A,code_1,WTFA_A,4,PHSTAT_A,0.2712295856819476,10.625747720850208,2958,24662417.391999997
MEDNG,XGBoost,locked_test,base_estimator_raw_margin_log_odds,SEX_A,code_1,WTFA_A,5,RATCAT_A,0.2244199979736318,8.791925394074891,2958,24662417.391999997
MEDNG,XGBoost,locked_test,base_estimator_raw_margin_log_odds,SEX_A,code_1,WTFA_A,6,EDUCP_A,0.16840764304254446,6.597573508560553,2958,24662417.391999997
MEDNG,XGBoost,locked_test,base_estimator_raw_margin_log_odds,SEX_A,code_1,WTFA_A,7,CHRONIC_BURDEN_CAT,0.16428691951080385,6.436139170320656,2958,24662417.391999997
MEDNG,XGBoost,locked_test,base_estimator_raw_margin_log_odds,SEX_A,code_1,WTFA_A,8,EMPWRKLSW1_A,0.13126230077284265,5.142359708892994,2958,24662417.391999997
MEDNG,XGBoost,locked_test,base_estimator_raw_margin_log_odds,SEX_A,code_1,WTFA_A,9,SEX_A,0.1311736938983622,5.138888427203,2958,24662417.391999997
MEDNG,XGBoost,locked_test,base_estimator_raw_margin_log_odds,SEX_A,code_1,WTFA_A,10,DISAB3_A,0.10134965939975933,3.9704957321240144,2958,24662417.391999997
MEDNG,XGBoost,locked_test,base_estimator_raw_margin_log_odds,SEX_A,code_1,WTFA_A,11,K6SPD_A,0.09347867055738977,3.66214020541271,2958,24662417.391999997
MEDNG,XGBoost,locked_test,base_estimator_raw_margin_log_odds,SEX_A,code_1,WTFA_A,12,HISPALLP_A,0.08392454378366913,3.287845710454401,2958,24662417.391999997
MEDNG,XGBoost,locked_test,base_estimator_raw_margin_log_odds,SEX_A,code_2,Unweighted,1,AGEP_A,0.5844873287177884,22.821048499986716,3458,25582858.346
MEDNG,XGBoost,locked_test,base_estimator_raw_margin_log_odds,SEX_A,code_2,Unweighted,2,FDSCAT3_A,0.3689918129315547,14.407121669313199,3458,25582858.346
MEDNG,XGBoost,locked_test,base_estimator_raw_margin_log_odds,SEX_A,code_2,Unweighted,3,NOTCOV_A,0.29394878011604797,11.477099738426034,3458,25582858.346
MEDNG,XGBoost,locked_test,base_estimator_raw_margin_log_odds,SEX_A,code_2,Unweighted,4,PHSTAT_A,0.23733368020062787,9.266588273899098,3458,25582858.346
MEDNG,XGBoost,locked_test,base_estimator_raw_margin_log_odds,SEX_A,code_2,Unweighted,5,RATCAT_A,0.21968484818281148,8.577497455916326,3458,25582858.346
MEDNG,XGBoost,locked_test,base_estimator_raw_margin_log_odds,SEX_A,code_2,Unweighted,6,EDUCP_A,0.16416895035085927,6.409903849186471,3458,25582858.346
MEDNG,XGBoost,locked_test,base_estimator_raw_margin_log_odds,SEX_A,code_2,Unweighted,7,CHRONIC_BURDEN_CAT,0.1536819958981745,6.00044536407802,3458,25582858.346
MEDNG,XGBoost,locked_test,base_estimator_raw_margin_log_odds,SEX_A,code_2,Unweighted,8,EMPWRKLSW1_A,0.1392094870096757,5.435372673818914,3458,25582858.346
MEDNG,XGBoost,locked_test,base_estimator_raw_margin_log_odds,SEX_A,code_2,Unweighted,9,K6SPD_A,0.1107490997689389,4.324149477630758,3458,25582858.346
MEDNG,XGBoost,locked_test,base_estimator_raw_margin_log_odds,SEX_A,code_2,Unweighted,10,DISAB3_A,0.10937388326437004,4.270454759188194,3458,25582858.346
MEDNG,XGBoost,locked_test,base_estimator_raw_margin_log_odds,SEX_A,code_2,Unweighted,11,SEX_A,0.09596007424441298,3.7467185357091672,3458,25582858.346
MEDNG,XGBoost,locked_test,base_estimator_raw_margin_log_odds,SEX_A,code_2,Unweighted,12,HISPALLP_A,0.08358654828336966,3.2635997028470847,3458,25582858.346
MEDNG,XGBoost,locked_test,base_estimator_raw_margin_log_odds,SEX_A,code_2,WTFA_A,1,AGEP_A,0.498543150214688,19.934281981602012,3458,25582858.346
MEDNG,XGBoost,locked_test,base_estimator_raw_margin_log_odds,SEX_A,code_2,WTFA_A,2,FDSCAT3_A,0.3686728491823288,14.741409106506365,3458,25582858.346
MEDNG,XGBoost,locked_test,base_estimator_raw_margin_log_odds,SEX_A,code_2,WTFA_A,3,NOTCOV_A,0.31225969229996176,12.485725167651347,3458,25582858.346
MEDNG,XGBoost,locked_test,base_estimator_raw_margin_log_odds,SEX_A,code_2,WTFA_A,4,PHSTAT_A,0.24467947937776238,9.783525728770888,3458,25582858.346
MEDNG,XGBoost,locked_test,base_estimator_raw_margin_log_odds,SEX_A,code_2,WTFA_A,5,RATCAT_A,0.22170112928661367,8.864734827739202,3458,25582858.346
MEDNG,XGBoost,locked_test,base_estimator_raw_margin_log_odds,SEX_A,code_2,WTFA_A,6,EDUCP_A,0.16964814199010528,6.783392568184525,3458,25582858.346
MEDNG,XGBoost,locked_test,base_estimator_raw_margin_log_odds,SEX_A,code_2,WTFA_A,7,CHRONIC_BURDEN_CAT,0.1543536564573505,6.171841517403517,3458,25582858.346
MEDNG,XGBoost,locked_test,base_estimator_raw_margin_log_odds,SEX_A,code_2,WTFA_A,8,EMPWRKLSW1_A,0.13563771467526778,5.4234833043288395,3458,25582858.346
MEDNG,XGBoost,locked_test,base_estimator_raw_margin_log_odds,SEX_A,code_2,WTFA_A,9,K6SPD_A,0.10652953465282733,4.2595907339692065,3458,25582858.346
MEDNG,XGBoost,locked_test,base_estimator_raw_margin_log_odds,SEX_A,code_2,WTFA_A,10,DISAB3_A,0.10561623935217308,4.223072558866662,3458,25582858.346
MEDNG,XGBoost,locked_test,base_estimator_raw_margin_log_odds,SEX_A,code_2,WTFA_A,11,SEX_A,0.09914516437180776,3.964326182896714,3458,25582858.346
MEDNG,XGBoost,locked_test,base_estimator_raw_margin_log_odds,SEX_A,code_2,WTFA_A,12,HISPALLP_A,0.0841468191340928,3.3646163220807006,3458,25582858.346
MEDNG,XGBoost,locked_test,base_estimator_raw_margin_log_odds,AGE_GROUP,18-34,Unweighted,1,AGEP_A,0.3799440161031527,15.338449909712223,1295,14117624.929
MEDNG,XGBoost,locked_test,base_estimator_raw_margin_log_odds,AGE_GROUP,18-34,Unweighted,2,FDSCAT3_A,0.37252065566939013,15.038766700215135,1295,14117624.929
MEDNG,XGBoost,locked_test,base_estimator_raw_margin_log_odds,AGE_GROUP,18-34,Unweighted,3,NOTCOV_A,0.3676019220593363,14.840196000587254,1295,14117624.929
MEDNG,XGBoost,locked_test,base_estimator_raw_margin_log_odds,AGE_GROUP,18-34,Unweighted,4,PHSTAT_A,0.28447070567156,11.484164731624801,1295,14117624.929
MEDNG,XGBoost,locked_test,base_estimator_raw_margin_log_odds,AGE_GROUP,18-34,Unweighted,5,RATCAT_A,0.20536985492754484,8.290840490341582,1295,14117624.929
MEDNG,XGBoost,locked_test,base_estimator_raw_margin_log_odds,AGE_GROUP,18-34,Unweighted,6,EDUCP_A,0.15886435399767893,6.41339995619415,1295,14117624.929
MEDNG,XGBoost,locked_test,base_estimator_raw_margin_log_odds,AGE_GROUP,18-34,Unweighted,7,CHRONIC_BURDEN_CAT,0.15084881914117151,6.089810493838432,1295,14117624.929
MEDNG,XGBoost,locked_test,base_estimator_raw_margin_log_odds,AGE_GROUP,18-34,Unweighted,8,SEX_A,0.14308046558795454,5.776199812246322,1295,14117624.929
MEDNG,XGBoost,locked_test,base_estimator_raw_margin_log_odds,AGE_GROUP,18-34,Unweighted,9,EMPWRKLSW1_A,0.12046877852902643,4.863359460436978,1295,14117624.929
MEDNG,XGBoost,locked_test,base_estimator_raw_margin_log_odds,AGE_GROUP,18-34,Unweighted,10,K6SPD_A,0.11650320300973976,4.703268028837104,1295,14117624.929
MEDNG,XGBoost,locked_test,base_estimator_raw_margin_log_odds,AGE_GROUP,18-34,Unweighted,11,DISAB3_A,0.09440215591855462,3.8110423603367765,1295,14117624.929
MEDNG,XGBoost,locked_test,base_estimator_raw_margin_log_odds,AGE_GROUP,18-34,Unweighted,12,HISPALLP_A,0.08299425394815019,3.350502055629228,1295,14117624.929
MEDNG,XGBoost,locked_test,base_estimator_raw_margin_log_odds,AGE_GROUP,18-34,WTFA_A,1,AGEP_A,0.3804538838745039,15.253280670756343,1295,14117624.929
MEDNG,XGBoost,locked_test,base_estimator_raw_margin_log_odds,AGE_GROUP,18-34,WTFA_A,2,FDSCAT3_A,0.373403372561669,14.970609281436298,1295,14117624.929
MEDNG,XGBoost,locked_test,base_estimator_raw_margin_log_odds,AGE_GROUP,18-34,WTFA_A,3,NOTCOV_A,0.3706259586946223,14.859256302669262,1295,14117624.929
MEDNG,XGBoost,locked_test,base_estimator_raw_margin_log_odds,AGE_GROUP,18-34,WTFA_A,4,PHSTAT_A,0.29716480891554126,11.914028028047658,1295,14117624.929
MEDNG,XGBoost,locked_test,base_estimator_raw_margin_log_odds,AGE_GROUP,18-34,WTFA_A,5,RATCAT_A,0.20537363981425286,8.23390666579433,1295,14117624.929
MEDNG,XGBoost,locked_test,base_estimator_raw_margin_log_odds,AGE_GROUP,18-34,WTFA_A,6,EDUCP_A,0.17147641760937982,6.8748882244936365,1295,14117624.929
MEDNG,XGBoost,locked_test,base_estimator_raw_margin_log_odds,AGE_GROUP,18-34,WTFA_A,7,CHRONIC_BURDEN_CAT,0.15159838574746667,6.077931715378293,1295,14117624.929
MEDNG,XGBoost,locked_test,base_estimator_raw_margin_log_odds,AGE_GROUP,18-34,WTFA_A,8,SEX_A,0.1424355783018623,5.710573463501434,1295,14117624.929
MEDNG,XGBoost,locked_test,base_estimator_raw_margin_log_odds,AGE_GROUP,18-34,WTFA_A,9,K6SPD_A,0.11653785498319477,4.6722735295111955,1295,14117624.929
MEDNG,XGBoost,locked_test,base_estimator_raw_margin_log_odds,AGE_GROUP,18-34,WTFA_A,10,EMPWRKLSW1_A,0.11436828828194888,4.585290556723495,1295,14117624.929
MEDNG,XGBoost,locked_test,base_estimator_raw_margin_log_odds,AGE_GROUP,18-34,WTFA_A,11,DISAB3_A,0.09597030405811321,3.8476725981830042,1295,14117624.929
MEDNG,XGBoost,locked_test,base_estimator_raw_margin_log_odds,AGE_GROUP,18-34,WTFA_A,12,HISPALLP_A,0.07483449715179878,3.0002889635050427,1295,14117624.929
MEDNG,XGBoost,locked_test,base_estimator_raw_margin_log_odds,AGE_GROUP,35-49,Unweighted,1,FDSCAT3_A,0.36975642247749235,15.404580359320363,1422,12564871.543
MEDNG,XGBoost,locked_test,base_estimator_raw_margin_log_odds,AGE_GROUP,35-49,Unweighted,2,AGEP_A,0.3570850671343663,14.876673608338718,1422,12564871.543
MEDNG,XGBoost,locked_test,base_estimator_raw_margin_log_odds,AGE_GROUP,35-49,Unweighted,3,NOTCOV_A,0.3298111611462796,13.740403753467962,1422,12564871.543
MEDNG,XGBoost,locked_test,base_estimator_raw_margin_log_odds,AGE_GROUP,35-49,Unweighted,4,PHSTAT_A,0.26434736038933465,11.01308836938351,1422,12564871.543
MEDNG,XGBoost,locked_test,base_estimator_raw_margin_log_odds,AGE_GROUP,35-49,Unweighted,5,RATCAT_A,0.2402685562803946,10.009931019560657,1422,12564871.543
MEDNG,XGBoost,locked_test,base_estimator_raw_margin_log_odds,AGE_GROUP,35-49,Unweighted,6,CHRONIC_BURDEN_CAT,0.14860383454523352,6.1910478677203855,1422,12564871.543
MEDNG,XGBoost,locked_test,base_estimator_raw_margin_log_odds,AGE_GROUP,35-49,Unweighted,7,EDUCP_A,0.14617527206026176,6.089870488009948,1422,12564871.543
MEDNG,XGBoost,locked_test,base_estimator_raw_margin_log_odds,AGE_GROUP,35-49,Unweighted,8,EMPWRKLSW1_A,0.12726183990028042,5.301909906752643,1422,12564871.543
MEDNG,XGBoost,locked_test,base_estimator_raw_margin_log_odds,AGE_GROUP,35-49,Unweighted,9,SEX_A,0.1140500634853252,4.751488442509003,1422,12564871.543
MEDNG,XGBoost,locked_test,base_estimator_raw_margin_log_odds,AGE_GROUP,35-49,Unweighted,10,K6SPD_A,0.10360479068015283,4.316323467620443,1422,12564871.543
MEDNG,XGBoost,locked_test,base_estimator_raw_margin_log_odds,AGE_GROUP,35-49,Unweighted,11,HISPALLP_A,0.10162970131831214,4.234038425517718,1422,12564871.543
MEDNG,XGBoost,locked_test,base_estimator_raw_margin_log_odds,AGE_GROUP,35-49,Unweighted,12,DISAB3_A,0.09770774895553877,4.070644291798658,1422,12564871.543
MEDNG,XGBoost,locked_test,base_estimator_raw_margin_log_odds,AGE_GROUP,35-49,WTFA_A,1,FDSCAT3_A,0.3753572998583174,15.514675247136367,1422,12564871.543
MEDNG,XGBoost,locked_test,base_estimator_raw_margin_log_odds,AGE_GROUP,35-49,WTFA_A,2,AGEP_A,0.35751077777185447,14.777023429609889,1422,12564871.543
MEDNG,XGBoost,locked_test,base_estimator_raw_margin_log_odds,AGE_GROUP,35-49,WTFA_A,3,NOTCOV_A,0.3439788932071162,14.217708892280001,1422,12564871.543
MEDNG,XGBoost,locked_test,base_estimator_raw_margin_log_odds,AGE_GROUP,35-49,WTFA_A,4,PHSTAT_A,0.26302931582128286,10.871813115087994,1422,12564871.543
MEDNG,XGBoost,locked_test,base_estimator_raw_margin_log_odds,AGE_GROUP,35-49,WTFA_A,5,RATCAT_A,0.23375568306045255,9.661843558722243,1422,12564871.543
MEDNG,XGBoost,locked_test,base_estimator_raw_margin_log_odds,AGE_GROUP,35-49,WTFA_A,6,EDUCP_A,0.1535557255494131,6.34693188366603,1422,12564871.543
MEDNG,XGBoost,locked_test,base_estimator_raw_margin_log_odds,AGE_GROUP,35-49,WTFA_A,7,CHRONIC_BURDEN_CAT,0.15062682273615322,6.225871294208189,1422,12564871.543
MEDNG,XGBoost,locked_test,base_estimator_raw_margin_log_odds,AGE_GROUP,35-49,WTFA_A,8,EMPWRKLSW1_A,0.12927638255436794,5.343391731591872,1422,12564871.543
MEDNG,XGBoost,locked_test,base_estimator_raw_margin_log_odds,AGE_GROUP,35-49,WTFA_A,9,SEX_A,0.1139644123703739,4.710500763737585,1422,12564871.543
MEDNG,XGBoost,locked_test,base_estimator_raw_margin_log_odds,AGE_GROUP,35-49,WTFA_A,10,K6SPD_A,0.10189423431654676,4.211603066128065,1422,12564871.543
MEDNG,XGBoost,locked_test,base_estimator_raw_margin_log_odds,AGE_GROUP,35-49,WTFA_A,11,HISPALLP_A,0.10022763879950629,4.142717531665365,1422,12564871.543
MEDNG,XGBoost,locked_test,base_estimator_raw_margin_log_odds,AGE_GROUP,35-49,WTFA_A,12,DISAB3_A,0.09619217798689988,3.9759194861664073,1422,12564871.543
MEDNG,XGBoost,locked_test,base_estimator_raw_margin_log_odds,AGE_GROUP,50-64,Unweighted,1,FDSCAT3_A,0.34705544671984584,16.190526892336052,1524,11722892.652
MEDNG,XGBoost,locked_test,base_estimator_raw_margin_log_odds,AGE_GROUP,50-64,Unweighted,2,NOTCOV_A,0.3114645704642315,14.530172489071251,1524,11722892.652
MEDNG,XGBoost,locked_test,base_estimator_raw_margin_log_odds,AGE_GROUP,50-64,Unweighted,3,RATCAT_A,0.2474879434014043,11.545590887682925,1524,11722892.652
MEDNG,XGBoost,locked_test,base_estimator_raw_margin_log_odds,AGE_GROUP,50-64,Unweighted,4,PHSTAT_A,0.23404242698102387,10.918342425677828,1524,11722892.652
MEDNG,XGBoost,locked_test,base_estimator_raw_margin_log_odds,AGE_GROUP,50-64,Unweighted,5,EDUCP_A,0.1650356857253738,7.6991003402655735,1524,11722892.652
MEDNG,XGBoost,locked_test,base_estimator_raw_margin_log_odds,AGE_GROUP,50-64,Unweighted,6,CHRONIC_BURDEN_CAT,0.16500990952255504,7.697897851415841,1524,11722892.652
MEDNG,XGBoost,locked_test,base_estimator_raw_margin_log_odds,AGE_GROUP,50-64,Unweighted,7,AGEP_A,0.15820422699433043,7.380405107719272,1524,11722892.652
MEDNG,XGBoost,locked_test,base_estimator_raw_margin_log_odds,AGE_GROUP,50-64,Unweighted,8,EMPWRKLSW1_A,0.13840081177259553,6.456553516459226,1524,11722892.652
MEDNG,XGBoost,locked_test,base_estimator_raw_margin_log_odds,AGE_GROUP,50-64,Unweighted,9,DISAB3_A,0.10945543998287025,5.106219370144807,1524,11722892.652
MEDNG,XGBoost,locked_test,base_estimator_raw_margin_log_odds,AGE_GROUP,50-64,Unweighted,10,SEX_A,0.1037639602379966,4.840705439337814,1524,11722892.652
MEDNG,XGBoost,locked_test,base_estimator_raw_margin_log_odds,AGE_GROUP,50-64,Unweighted,11,K6SPD_A,0.08830619800930073,4.119583447378235,1524,11722892.652
MEDNG,XGBoost,locked_test,base_estimator_raw_margin_log_odds,AGE_GROUP,50-64,Unweighted,12,HISPALLP_A,0.07534442656453531,3.514902232511171,1524,11722892.652
MEDNG,XGBoost,locked_test,base_estimator_raw_margin_log_odds,AGE_GROUP,50-64,WTFA_A,1,FDSCAT3_A,0.33886911005603343,15.656117575266242,1524,11722892.652
MEDNG,XGBoost,locked_test,base_estimator_raw_margin_log_odds,AGE_GROUP,50-64,WTFA_A,2,NOTCOV_A,0.3306371066494102,15.275790158604467,1524,11722892.652
MEDNG,XGBoost,locked_test,base_estimator_raw_margin_log_odds,AGE_GROUP,50-64,WTFA_A,3,RATCAT_A,0.2505339367349094,11.574937501584232,1524,11722892.652
MEDNG,XGBoost,locked_test,base_estimator_raw_margin_log_odds,AGE_GROUP,50-64,WTFA_A,4,PHSTAT_A,0.23612475854930542,10.909217962262767,1524,11722892.652
MEDNG,XGBoost,locked_test,base_estimator_raw_margin_log_odds,AGE_GROUP,50-64,WTFA_A,5,EDUCP_A,0.17046362583191682,7.87560296625852,1524,11722892.652
MEDNG,XGBoost,locked_test,base_estimator_raw_margin_log_odds,AGE_GROUP,50-64,WTFA_A,6,CHRONIC_BURDEN_CAT,0.1679331723818413,7.758693293592959,1524,11722892.652
MEDNG,XGBoost,locked_test,base_estimator_raw_margin_log_odds,AGE_GROUP,50-64,WTFA_A,7,AGEP_A,0.1676651677621337,7.7463111917361,1524,11722892.652
MEDNG,XGBoost,locked_test,base_estimator_raw_margin_log_odds,AGE_GROUP,50-64,WTFA_A,8,EMPWRKLSW1_A,0.1361313345547381,6.289414160867205,1524,11722892.652
MEDNG,XGBoost,locked_test,base_estimator_raw_margin_log_odds,AGE_GROUP,50-64,WTFA_A,9,SEX_A,0.10378591341684984,4.795020894179236,1524,11722892.652
MEDNG,XGBoost,locked_test,base_estimator_raw_margin_log_odds,AGE_GROUP,50-64,WTFA_A,10,DISAB3_A,0.10316150315853292,4.76617246825515,1524,11722892.652
MEDNG,XGBoost,locked_test,base_estimator_raw_margin_log_odds,AGE_GROUP,50-64,WTFA_A,11,K6SPD_A,0.08001561775812405,3.696807653172066,1524,11722892.652
MEDNG,XGBoost,locked_test,base_estimator_raw_margin_log_odds,AGE_GROUP,50-64,WTFA_A,12,HISPALLP_A,0.07913049813938074,3.655914174221067,1524,11722892.652
MEDNG,XGBoost,locked_test,base_estimator_raw_margin_log_odds,AGE_GROUP,65+,Unweighted,1,AGEP_A,1.0998910314140276,36.222239909464484,2162,11756469.43
MEDNG,XGBoost,locked_test,base_estimator_raw_margin_log_odds,AGE_GROUP,65+,Unweighted,2,FDSCAT3_A,0.36119945156968447,11.895226723600002,2162,11756469.43
MEDNG,XGBoost,locked_test,base_estimator_raw_margin_log_odds,AGE_GROUP,65+,Unweighted,3,NOTCOV_A,0.25547624432427807,8.413489653776027,2162,11756469.43
MEDNG,XGBoost,locked_test,base_estimator_raw_margin_log_odds,AGE_GROUP,65+,Unweighted,4,PHSTAT_A,0.22402432974796166,7.377697231747932,2162,11756469.43
MEDNG,XGBoost,locked_test,base_estimator_raw_margin_log_odds,AGE_GROUP,65+,Unweighted,5,RATCAT_A,0.20524474351379557,6.759237167481455,2162,11756469.43
MEDNG,XGBoost,locked_test,base_estimator_raw_margin_log_odds,AGE_GROUP,65+,Unweighted,6,EDUCP_A,0.1795348764771512,5.912545135958551,2162,11756469.43
MEDNG,XGBoost,locked_test,base_estimator_raw_margin_log_odds,AGE_GROUP,65+,Unweighted,7,CHRONIC_BURDEN_CAT,0.1665083035432341,5.483546592890275,2162,11756469.43
MEDNG,XGBoost,locked_test,base_estimator_raw_margin_log_odds,AGE_GROUP,65+,Unweighted,8,EMPWRKLSW1_A,0.1558675597859917,5.133119539498942,2162,11756469.43
MEDNG,XGBoost,locked_test,base_estimator_raw_margin_log_odds,AGE_GROUP,65+,Unweighted,9,DISAB3_A,0.11798606451097221,3.8855844921252474,2162,11756469.43
MEDNG,XGBoost,locked_test,base_estimator_raw_margin_log_odds,AGE_GROUP,65+,Unweighted,10,K6SPD_A,0.10349171335261546,3.408248237900994,2162,11756469.43
MEDNG,XGBoost,locked_test,base_estimator_raw_margin_log_odds,AGE_GROUP,65+,Unweighted,11,SEX_A,0.09349137316956407,3.0789113209329066,2162,11756469.43
MEDNG,XGBoost,locked_test,base_estimator_raw_margin_log_odds,AGE_GROUP,65+,Unweighted,12,HISPALLP_A,0.07379180830124736,2.430153994623167,2162,11756469.43
MEDNG,XGBoost,locked_test,base_estimator_raw_margin_log_odds,AGE_GROUP,65+,WTFA_A,1,AGEP_A,1.0864444037837535,35.71949535055662,2162,11756469.43
MEDNG,XGBoost,locked_test,base_estimator_raw_margin_log_odds,AGE_GROUP,65+,WTFA_A,2,FDSCAT3_A,0.35991971433048575,11.8332337281387,2162,11756469.43
MEDNG,XGBoost,locked_test,base_estimator_raw_margin_log_odds,AGE_GROUP,65+,WTFA_A,3,NOTCOV_A,0.260408812537289,8.561571430875604,2162,11756469.43
MEDNG,XGBoost,locked_test,base_estimator_raw_margin_log_odds,AGE_GROUP,65+,WTFA_A,4,PHSTAT_A,0.22681995653592457,7.45725630753124,2162,11756469.43
MEDNG,XGBoost,locked_test,base_estimator_raw_margin_log_odds,AGE_GROUP,65+,WTFA_A,5,RATCAT_A,0.20530685513010627,6.7499609107627085,2162,11756469.43
MEDNG,XGBoost,locked_test,base_estimator_raw_margin_log_odds,AGE_GROUP,65+,WTFA_A,6,EDUCP_A,0.18119228121822098,5.9571357945152625,2162,11756469.43
MEDNG,XGBoost,locked_test,base_estimator_raw_margin_log_odds,AGE_GROUP,65+,WTFA_A,7,CHRONIC_BURDEN_CAT,0.1686531696895219,5.544882084716941,2162,11756469.43
MEDNG,XGBoost,locked_test,base_estimator_raw_margin_log_odds,AGE_GROUP,65+,WTFA_A,8,EMPWRKLSW1_A,0.15814361940362467,5.19935512423359,2162,11756469.43
MEDNG,XGBoost,locked_test,base_estimator_raw_margin_log_odds,AGE_GROUP,65+,WTFA_A,9,DISAB3_A,0.11962578816261635,3.932987982817886,2162,11756469.43
MEDNG,XGBoost,locked_test,base_estimator_raw_margin_log_odds,AGE_GROUP,65+,WTFA_A,10,K6SPD_A,0.09877714705070303,3.2475383301077807,2162,11756469.43
MEDNG,XGBoost,locked_test,base_estimator_raw_margin_log_odds,AGE_GROUP,65+,WTFA_A,11,SEX_A,0.09390763824932594,3.0874414154524916,2162,11756469.43
MEDNG,XGBoost,locked_test,base_estimator_raw_margin_log_odds,AGE_GROUP,65+,WTFA_A,12,HISPALLP_A,0.08240126677662028,2.709141540291192,2162,11756469.43
MEDDL,LR,locked_test,base_estimator_log_odds,HISPALLP_A,code_1,Unweighted,1,NOTCOV_A,0.3958953083891324,14.722214762746214,935,9079677.384
MEDDL,LR,locked_test,base_estimator_log_odds,HISPALLP_A,code_1,Unweighted,2,PHSTAT_A,0.35230489759785033,13.101211998462883,935,9079677.384
MEDDL,LR,locked_test,base_estimator_log_odds,HISPALLP_A,code_1,Unweighted,3,AGEP_A,0.35139294121771303,13.06729894771907,935,9079677.384
MEDDL,LR,locked_test,base_estimator_log_odds,HISPALLP_A,code_1,Unweighted,4,FDSCAT3_A,0.3088920160626771,11.486811039706726,935,9079677.384
MEDDL,LR,locked_test,base_estimator_log_odds,HISPALLP_A,code_1,Unweighted,5,EDUCP_A,0.28626533342183197,10.645389395781613,935,9079677.384
MEDDL,LR,locked_test,base_estimator_log_odds,HISPALLP_A,code_1,Unweighted,6,EMPWRKLSW1_A,0.26974246391363915,10.03095111313001,935,9079677.384
MEDDL,LR,locked_test,base_estimator_log_odds,HISPALLP_A,code_1,Unweighted,7,RATCAT_A,0.22180154408286867,8.248165354581788,935,9079677.384
MEDDL,LR,locked_test,base_estimator_log_odds,HISPALLP_A,code_1,Unweighted,8,CHRONIC_BURDEN_CAT,0.16951276141915558,6.30369500662533,935,9079677.384
MEDDL,LR,locked_test,base_estimator_log_odds,HISPALLP_A,code_1,Unweighted,9,SEX_A,0.10695006174587857,3.9771670553977567,935,9079677.384
MEDDL,LR,locked_test,base_estimator_log_odds,HISPALLP_A,code_1,Unweighted,10,HISPALLP_A,0.09919555356267082,3.688799064079092,935,9079677.384
MEDDL,LR,locked_test,base_estimator_log_odds,HISPALLP_A,code_1,Unweighted,11,DISAB3_A,0.06774324363881272,2.51917757154967,935,9079677.384
MEDDL,LR,locked_test,base_estimator_log_odds,HISPALLP_A,code_1,Unweighted,12,K6SPD_A,0.05940544539167159,2.2091186902198445,935,9079677.384
MEDDL,LR,locked_test,base_estimator_log_odds,HISPALLP_A,code_1,WTFA_A,1,NOTCOV_A,0.4530926145015107,16.42141923453095,935,9079677.384
MEDDL,LR,locked_test,base_estimator_log_odds,HISPALLP_A,code_1,WTFA_A,2,AGEP_A,0.3668772448354205,13.296718710986642,935,9079677.384
MEDDL,LR,locked_test,base_estimator_log_odds,HISPALLP_A,code_1,WTFA_A,3,PHSTAT_A,0.35094566196811083,12.719310929529879,935,9079677.384
MEDDL,LR,locked_test,base_estimator_log_odds,HISPALLP_A,code_1,WTFA_A,4,FDSCAT3_A,0.3045883526592262,11.039184645450973,935,9079677.384
MEDDL,LR,locked_test,base_estimator_log_odds,HISPALLP_A,code_1,WTFA_A,5,EDUCP_A,0.29779182248638203,10.792858248294392,935,9079677.384
MEDDL,LR,locked_test,base_estimator_log_odds,HISPALLP_A,code_1,WTFA_A,6,EMPWRKLSW1_A,0.26895845256127526,9.747851465287303,935,9079677.384
MEDDL,LR,locked_test,base_estimator_log_odds,HISPALLP_A,code_1,WTFA_A,7,RATCAT_A,0.2209319997281912,8.00723047285029,935,9079677.384
MEDDL,LR,locked_test,base_estimator_log_odds,HISPALLP_A,code_1,WTFA_A,8,CHRONIC_BURDEN_CAT,0.16985332871074435,6.155988047186378,935,9079677.384
MEDDL,LR,locked_test,base_estimator_log_odds,HISPALLP_A,code_1,WTFA_A,9,SEX_A,0.10749228384340256,3.8958389542759275,935,9079677.384
MEDDL,LR,locked_test,base_estimator_log_odds,HISPALLP_A,code_1,WTFA_A,10,HISPALLP_A,0.09919555356267082,3.5951408588862726,935,9079677.384
MEDDL,LR,locked_test,base_estimator_log_odds,HISPALLP_A,code_1,WTFA_A,11,DISAB3_A,0.06488104214175416,2.3514812629537194,935,9079677.384
MEDDL,LR,locked_test,base_estimator_log_odds,HISPALLP_A,code_1,WTFA_A,12,K6SPD_A,0.05454788906284409,1.976977169767268,935,9079677.384
MEDDL,LR,locked_test,base_estimator_log_odds,HISPALLP_A,code_2,Unweighted,1,AGEP_A,0.35687629631956175,15.226234418620416,4243,30287641.996999998
MEDDL,LR,locked_test,base_estimator_log_odds,HISPALLP_A,code_2,Unweighted,2,PHSTAT_A,0.31683566638435673,13.517888910806862,4243,30287641.996999998
MEDDL,LR,locked_test,base_estimator_log_odds,HISPALLP_A,code_2,Unweighted,3,EMPWRKLSW1_A,0.2771725846089347,11.825651608678191,4243,30287641.996999998
MEDDL,LR,locked_test,base_estimator_log_odds,HISPALLP_A,code_2,Unweighted,4,RATCAT_A,0.24977061683046828,10.656538419516396,4243,30287641.996999998
MEDDL,LR,locked_test,base_estimator_log_odds,HISPALLP_A,code_2,Unweighted,5,EDUCP_A,0.2330381898335281,9.942644393840533,4243,30287641.996999998
MEDDL,LR,locked_test,base_estimator_log_odds,HISPALLP_A,code_2,Unweighted,6,FDSCAT3_A,0.22011387527157503,9.391224629485901,4243,30287641.996999998
MEDDL,LR,locked_test,base_estimator_log_odds,HISPALLP_A,code_2,Unweighted,7,CHRONIC_BURDEN_CAT,0.15658280452659953,6.680652405987035,4243,30287641.996999998
MEDDL,LR,locked_test,base_estimator_log_odds,HISPALLP_A,code_2,Unweighted,8,NOTCOV_A,0.1545336914049449,6.593226378922894,4243,30287641.996999998
MEDDL,LR,locked_test,base_estimator_log_odds,HISPALLP_A,code_2,Unweighted,9,HISPALLP_A,0.13542258933055834,5.777845466310452,4243,30287641.996999998
MEDDL,LR,locked_test,base_estimator_log_odds,HISPALLP_A,code_2,Unweighted,10,SEX_A,0.10738388787766073,4.581565843599823,4243,30287641.996999998
MEDDL,LR,locked_test,base_estimator_log_odds,HISPALLP_A,code_2,Unweighted,11,DISAB3_A,0.07648056358948235,3.263066226844364,4243,30287641.996999998
MEDDL,LR,locked_test,base_estimator_log_odds,HISPALLP_A,code_2,Unweighted,12,K6SPD_A,0.05961428299919181,2.543461297387146,4243,30287641.996999998
MEDDL,LR,locked_test,base_estimator_log_odds,HISPALLP_A,code_2,WTFA_A,1,AGEP_A,0.3604973126324103,15.242636350454502,4243,30287641.996999998
MEDDL,LR,locked_test,base_estimator_log_odds,HISPALLP_A,code_2,WTFA_A,2,PHSTAT_A,0.32067798082300736,13.558985534705682,4243,30287641.996999998
MEDDL,LR,locked_test,base_estimator_log_odds,HISPALLP_A,code_2,WTFA_A,3,EMPWRKLSW1_A,0.2726276226276265,11.527308429727942,4243,30287641.996999998
MEDDL,LR,locked_test,base_estimator_log_odds,HISPALLP_A,code_2,WTFA_A,4,RATCAT_A,0.25378239892576854,10.730490029799148,4243,30287641.996999998
MEDDL,LR,locked_test,base_estimator_log_odds,HISPALLP_A,code_2,WTFA_A,5,EDUCP_A,0.23454349883629289,9.917026107682133,4243,30287641.996999998
MEDDL,LR,locked_test,base_estimator_log_odds,HISPALLP_A,code_2,WTFA_A,6,FDSCAT3_A,0.22265022931206915,9.41415195016924,4243,30287641.996999998
MEDDL,LR,locked_test,base_estimator_log_odds,HISPALLP_A,code_2,WTFA_A,7,NOTCOV_A,0.16355744609402098,6.915576304898344,4243,30287641.996999998
MEDDL,LR,locked_test,base_estimator_log_odds,HISPALLP_A,code_2,WTFA_A,8,CHRONIC_BURDEN_CAT,0.16085712478716724,6.801400652910265,4243,30287641.996999998
MEDDL,LR,locked_test,base_estimator_log_odds,HISPALLP_A,code_2,WTFA_A,9,HISPALLP_A,0.13542258933055834,5.72597134699711,4243,30287641.996999998
MEDDL,LR,locked_test,base_estimator_log_odds,HISPALLP_A,code_2,WTFA_A,10,SEX_A,0.10798331949034641,4.565777367069111,4243,30287641.996999998
MEDDL,LR,locked_test,base_estimator_log_odds,HISPALLP_A,code_2,WTFA_A,11,DISAB3_A,0.07207805497620005,3.047622110766078,4243,30287641.996999998
MEDDL,LR,locked_test,base_estimator_log_odds,HISPALLP_A,code_2,WTFA_A,12,K6SPD_A,0.06038122396203784,2.5530538148204416,4243,30287641.996999998
MEDDL,LR,locked_test,base_estimator_log_odds,HISPALLP_A,code_3,Unweighted,1,PHSTAT_A,0.35681566662569747,13.81636923588457,671,6134871.62
MEDDL,LR,locked_test,base_estimator_log_odds,HISPALLP_A,code_3,Unweighted,2,AGEP_A,0.3383582548308225,13.101674113586938,671,6134871.62
MEDDL,LR,locked_test,base_estimator_log_odds,HISPALLP_A,code_3,Unweighted,3,FDSCAT3_A,0.3273863260663275,12.676826683333527,671,6134871.62
MEDDL,LR,locked_test,base_estimator_log_odds,HISPALLP_A,code_3,Unweighted,4,EMPWRKLSW1_A,0.27656454391254637,10.708940816374346,671,6134871.62
MEDDL,LR,locked_test,base_estimator_log_odds,HISPALLP_A,code_3,Unweighted,5,EDUCP_A,0.24864707309103198,9.627939837214152,671,6134871.62
MEDDL,LR,locked_test,base_estimator_log_odds,HISPALLP_A,code_3,Unweighted,6,HISPALLP_A,0.22620041914631575,8.758776041960578,671,6134871.62
MEDDL,LR,locked_test,base_estimator_log_odds,HISPALLP_A,code_3,Unweighted,7,RATCAT_A,0.2165824353649582,8.386355132069918,671,6134871.62
MEDDL,LR,locked_test,base_estimator_log_odds,HISPALLP_A,code_3,Unweighted,8,NOTCOV_A,0.1897575096158832,7.3476589268856465,671,6134871.62
MEDDL,LR,locked_test,base_estimator_log_odds,HISPALLP_A,code_3,Unweighted,9,CHRONIC_BURDEN_CAT,0.15321962731972405,5.93286434212156,671,6134871.62
MEDDL,LR,locked_test,base_estimator_log_odds,HISPALLP_A,code_3,Unweighted,10,SEX_A,0.10683493042909042,4.1367882191304215,671,6134871.62
MEDDL,LR,locked_test,base_estimator_log_odds,HISPALLP_A,code_3,Unweighted,11,DISAB3_A,0.07844153173184548,3.0373586902293286,671,6134871.62
MEDDL,LR,locked_test,base_estimator_log_odds,HISPALLP_A,code_3,Unweighted,12,K6SPD_A,0.0637490855790125,2.468447961209022,671,6134871.62
MEDDL,LR,locked_test,base_estimator_log_odds,HISPALLP_A,code_3,WTFA_A,1,AGEP_A,0.3708258409051311,14.05867006102449,671,6134871.62
MEDDL,LR,locked_test,base_estimator_log_odds,HISPALLP_A,code_3,WTFA_A,2,PHSTAT_A,0.3645377899131354,13.82027881512968,671,6134871.62
MEDDL,LR,locked_test,base_estimator_log_odds,HISPALLP_A,code_3,WTFA_A,3,FDSCAT3_A,0.3232756996855988,12.255959265226563,671,6134871.62
MEDDL,LR,locked_test,base_estimator_log_odds,HISPALLP_A,code_3,WTFA_A,4,EMPWRKLSW1_A,0.2705854075890239,10.258376167466494,671,6134871.62
MEDDL,LR,locked_test,base_estimator_log_odds,HISPALLP_A,code_3,WTFA_A,5,EDUCP_A,0.2409502421360773,9.134854105762509,671,6134871.62
MEDDL,LR,locked_test,base_estimator_log_odds,HISPALLP_A,code_3,WTFA_A,6,HISPALLP_A,0.22620041914631572,8.575661967573245,671,6134871.62
MEDDL,LR,locked_test,base_estimator_log_odds,HISPALLP_A,code_3,WTFA_A,7,RATCAT_A,0.2240600487057216,8.494516700675891,671,6134871.62
MEDDL,LR,locked_test,base_estimator_log_odds,HISPALLP_A,code_3,WTFA_A,8,NOTCOV_A,0.21690170714174736,8.223131184536046,671,6134871.62
MEDDL,LR,locked_test,base_estimator_log_odds,HISPALLP_A,code_3,WTFA_A,9,CHRONIC_BURDEN_CAT,0.1578885214773128,5.985835896588418,671,6134871.62
MEDDL,LR,locked_test,base_estimator_log_odds,HISPALLP_A,code_3,WTFA_A,10,SEX_A,0.10736856619596707,4.070534144519167,671,6134871.62
MEDDL,LR,locked_test,base_estimator_log_odds,HISPALLP_A,code_3,WTFA_A,11,DISAB3_A,0.07487410390929444,2.838611032085357,671,6134871.62
MEDDL,LR,locked_test,base_estimator_log_odds,HISPALLP_A,code_3,WTFA_A,12,K6SPD_A,0.06023379212735316,2.2835706594121423,671,6134871.62
MEDDL,LR,locked_test,base_estimator_log_odds,HISPALLP_A,code_4,Unweighted,1,HISPALLP_A,0.741182531260967,24.86761940641653,384,3311289.384
MEDDL,LR,locked_test,base_estimator_log_odds,HISPALLP_A,code_4,Unweighted,2,PHSTAT_A,0.35207649706743793,11.812615599725554,384,3311289.384
MEDDL,LR,locked_test,base_estimator_log_odds,HISPALLP_A,code_4,Unweighted,3,AGEP_A,0.33079876039282247,11.098720391545067,384,3311289.384
MEDDL,LR,locked_test,base_estimator_log_odds,HISPALLP_A,code_4,Unweighted,4,EMPWRKLSW1_A,0.27126587623351456,9.101316185429615,384,3311289.384
MEDDL,LR,locked_test,base_estimator_log_odds,HISPALLP_A,code_4,Unweighted,5,EDUCP_A,0.25531566573626463,8.566166276509023,384,3311289.384
MEDDL,LR,locked_test,base_estimator_log_odds,HISPALLP_A,code_4,Unweighted,6,RATCAT_A,0.2537958792893422,8.515175502513312,384,3311289.384
MEDDL,LR,locked_test,base_estimator_log_odds,HISPALLP_A,code_4,Unweighted,7,FDSCAT3_A,0.20473183992180835,6.869014393646492,384,3311289.384
MEDDL,LR,locked_test,base_estimator_log_odds,HISPALLP_A,code_4,Unweighted,8,CHRONIC_BURDEN_CAT,0.18182414365916522,6.10043196204487,384,3311289.384
MEDDL,LR,locked_test,base_estimator_log_odds,HISPALLP_A,code_4,Unweighted,9,NOTCOV_A,0.17572439355755987,5.895777565046454,384,3311289.384
MEDDL,LR,locked_test,base_estimator_log_odds,HISPALLP_A,code_4,Unweighted,10,SEX_A,0.10683658840200044,3.584503825988694,384,3311289.384
MEDDL,LR,locked_test,base_estimator_log_odds,HISPALLP_A,code_4,Unweighted,11,DISAB3_A,0.056304519140302635,1.8890884414939766,384,3311289.384
MEDDL,LR,locked_test,base_estimator_log_odds,HISPALLP_A,code_4,Unweighted,12,K6SPD_A,0.05065591150216007,1.6995704496404305,384,3311289.384
MEDDL,LR,locked_test,base_estimator_log_odds,HISPALLP_A,code_4,WTFA_A,1,HISPALLP_A,0.7411825312609669,24.452641018602336,384,3311289.384
MEDDL,LR,locked_test,base_estimator_log_odds,HISPALLP_A,code_4,WTFA_A,2,PHSTAT_A,0.35973138722897696,11.86803803925168,384,3311289.384
MEDDL,LR,locked_test,base_estimator_log_odds,HISPALLP_A,code_4,WTFA_A,3,AGEP_A,0.3261294107970327,10.759462172240903,384,3311289.384
MEDDL,LR,locked_test,base_estimator_log_odds,HISPALLP_A,code_4,WTFA_A,4,EDUCP_A,0.27615169801436,9.11062802132482,384,3311289.384
MEDDL,LR,locked_test,base_estimator_log_odds,HISPALLP_A,code_4,WTFA_A,5,EMPWRKLSW1_A,0.2729417349158743,9.004726880890907,384,3311289.384
MEDDL,LR,locked_test,base_estimator_log_odds,HISPALLP_A,code_4,WTFA_A,6,RATCAT_A,0.25204188787626886,8.315211902530967,384,3311289.384
MEDDL,LR,locked_test,base_estimator_log_odds,HISPALLP_A,code_4,WTFA_A,7,FDSCAT3_A,0.20640727864226524,6.8096627691416005,384,3311289.384
MEDDL,LR,locked_test,base_estimator_log_odds,HISPALLP_A,code_4,WTFA_A,8,NOTCOV_A,0.19895635779119045,6.563846542847943,384,3311289.384
MEDDL,LR,locked_test,base_estimator_log_odds,HISPALLP_A,code_4,WTFA_A,9,CHRONIC_BURDEN_CAT,0.18034210432754352,5.94973647066173,384,3311289.384
MEDDL,LR,locked_test,base_estimator_log_odds,HISPALLP_A,code_4,WTFA_A,10,SEX_A,0.10724850708295942,3.5382771893166267,384,3311289.384
MEDDL,LR,locked_test,base_estimator_log_odds,HISPALLP_A,code_4,WTFA_A,11,DISAB3_A,0.0555298842415789,1.8320079978865262,384,3311289.384
MEDDL,LR,locked_test,base_estimator_log_odds,HISPALLP_A,code_4,WTFA_A,12,K6SPD_A,0.0544312035263003,1.7957609953039604,384,3311289.384
MEDDL,LR,locked_test,base_estimator_log_odds,RATCAT_A,code_1,Unweighted,1,FDSCAT3_A,0.43535100811637595,15.13136792500564,188,1438230.0329999998
MEDDL,LR,locked_test,base_estimator_log_odds,RATCAT_A,code_1,Unweighted,2,PHSTAT_A,0.3858449965471529,13.410701930008663,188,1438230.0329999998
MEDDL,LR,locked_test,base_estimator_log_odds,RATCAT_A,code_1,Unweighted,3,NOTCOV_A,0.3666190765322919,12.74247223944177,188,1438230.0329999998
MEDDL,LR,locked_test,base_estimator_log_odds,RATCAT_A,code_1,Unweighted,4,AGEP_A,0.35017662504215086,12.17098675198914,188,1438230.0329999998
MEDDL,LR,locked_test,base_estimator_log_odds,RATCAT_A,code_1,Unweighted,5,EDUCP_A,0.2951972235460892,10.26008374080068,188,1438230.0329999998
MEDDL,LR,locked_test,base_estimator_log_odds,RATCAT_A,code_1,Unweighted,6,EMPWRKLSW1_A,0.29122093724554343,10.12188111839482,188,1438230.0329999998
MEDDL,LR,locked_test,base_estimator_log_odds,RATCAT_A,code_1,Unweighted,7,HISPALLP_A,0.18972186423235002,6.594107461789224,188,1438230.0329999998
MEDDL,LR,locked_test,base_estimator_log_odds,RATCAT_A,code_1,Unweighted,8,CHRONIC_BURDEN_CAT,0.15829049445090457,5.501656516039214,188,1438230.0329999998
MEDDL,LR,locked_test,base_estimator_log_odds,RATCAT_A,code_1,Unweighted,9,K6SPD_A,0.11847750741264487,4.117888145602018,188,1438230.0329999998
MEDDL,LR,locked_test,base_estimator_log_odds,RATCAT_A,code_1,Unweighted,10,SEX_A,0.10567674816138231,3.672975892410459,188,1438230.0329999998
MEDDL,LR,locked_test,base_estimator_log_odds,RATCAT_A,code_1,Unweighted,11,DISAB3_A,0.1043249104119202,3.625990462307688,188,1438230.0329999998
MEDDL,LR,locked_test,base_estimator_log_odds,RATCAT_A,code_1,Unweighted,12,RATCAT_A,0.07624104693642206,2.6498878162106907,188,1438230.0329999998
MEDDL,LR,locked_test,base_estimator_log_odds,RATCAT_A,code_1,WTFA_A,1,FDSCAT3_A,0.47279188681860074,15.782290670060203,188,1438230.0329999998
MEDDL,LR,locked_test,base_estimator_log_odds,RATCAT_A,code_1,WTFA_A,2,AGEP_A,0.40725460433031074,13.594587219994683,188,1438230.0329999998
MEDDL,LR,locked_test,base_estimator_log_odds,RATCAT_A,code_1,WTFA_A,3,NOTCOV_A,0.4058380548620997,13.547301308203215,188,1438230.0329999998
MEDDL,LR,locked_test,base_estimator_log_odds,RATCAT_A,code_1,WTFA_A,4,PHSTAT_A,0.38526750010585464,12.860634545387107,188,1438230.0329999998
MEDDL,LR,locked_test,base_estimator_log_odds,RATCAT_A,code_1,WTFA_A,5,EDUCP_A,0.2876629110304701,9.602490659109874,188,1438230.0329999998
MEDDL,LR,locked_test,base_estimator_log_odds,RATCAT_A,code_1,WTFA_A,6,EMPWRKLSW1_A,0.2860635846905689,9.549103463017213,188,1438230.0329999998
MEDDL,LR,locked_test,base_estimator_log_odds,RATCAT_A,code_1,WTFA_A,7,HISPALLP_A,0.19703345512913747,6.577184057660042,188,1438230.0329999998
MEDDL,LR,locked_test,base_estimator_log_odds,RATCAT_A,code_1,WTFA_A,8,CHRONIC_BURDEN_CAT,0.17680652386063053,5.901987808437207,188,1438230.0329999998
MEDDL,LR,locked_test,base_estimator_log_odds,RATCAT_A,code_1,WTFA_A,9,K6SPD_A,0.10741957282143474,3.5857783713874083,188,1438230.0329999998
MEDDL,LR,locked_test,base_estimator_log_odds,RATCAT_A,code_1,WTFA_A,10,SEX_A,0.10660908129648995,3.5587233114573995,188,1438230.0329999998
MEDDL,LR,locked_test,base_estimator_log_odds,RATCAT_A,code_1,WTFA_A,11,DISAB3_A,0.0867232163536904,2.89491221506852,188,1438230.0329999998
MEDDL,LR,locked_test,base_estimator_log_odds,RATCAT_A,code_1,WTFA_A,12,RATCAT_A,0.07624104693642206,2.545006370217131,188,1438230.0329999998
MEDDL,LR,locked_test,base_estimator_log_odds,RATCAT_A,code_10,Unweighted,1,RATCAT_A,0.37948112433652825,15.044693173870428,470,3697012.5979999998
MEDDL,LR,locked_test,base_estimator_log_odds,RATCAT_A,code_10,Unweighted,2,AGEP_A,0.3598385419899572,14.265954507847665,470,3697012.5979999998
MEDDL,LR,locked_test,base_estimator_log_odds,RATCAT_A,code_10,Unweighted,3,PHSTAT_A,0.31396570157824966,12.447305924957844,470,3697012.5979999998
MEDDL,LR,locked_test,base_estimator_log_odds,RATCAT_A,code_10,Unweighted,4,EMPWRKLSW1_A,0.2698901972304243,10.699913507071527,470,3697012.5979999998
MEDDL,LR,locked_test,base_estimator_log_odds,RATCAT_A,code_10,Unweighted,5,EDUCP_A,0.22806554155128336,9.041756957399674,470,3697012.5979999998
MEDDL,LR,locked_test,base_estimator_log_odds,RATCAT_A,code_10,Unweighted,6,FDSCAT3_A,0.2099631150771714,8.324078436546436,470,3697012.5979999998
MEDDL,LR,locked_test,base_estimator_log_odds,RATCAT_A,code_10,Unweighted,7,NOTCOV_A,0.20073962903695525,7.958409346387761,470,3697012.5979999998
MEDDL,LR,locked_test,base_estimator_log_odds,RATCAT_A,code_10,Unweighted,8,HISPALLP_A,0.17526627852518778,6.948507356585138,470,3697012.5979999998
MEDDL,LR,locked_test,base_estimator_log_odds,RATCAT_A,code_10,Unweighted,9,CHRONIC_BURDEN_CAT,0.16426092569258466,6.512195387376707,470,3697012.5979999998
MEDDL,LR,locked_test,base_estimator_log_odds,RATCAT_A,code_10,Unweighted,10,SEX_A,0.10697388741838032,4.241025997378634,470,3697012.5979999998
MEDDL,LR,locked_test,base_estimator_log_odds,RATCAT_A,code_10,Unweighted,11,DISAB3_A,0.07142811226267318,2.8317983795887294,470,3697012.5979999998
MEDDL,LR,locked_test,base_estimator_log_odds,RATCAT_A,code_10,Unweighted,12,K6SPD_A,0.04248562653718705,1.684361024989457,470,3697012.5979999998
MEDDL,LR,locked_test,base_estimator_log_odds,RATCAT_A,code_10,WTFA_A,1,RATCAT_A,0.3794811243365283,14.714462155101142,470,3697012.5979999998
MEDDL,LR,locked_test,base_estimator_log_odds,RATCAT_A,code_10,WTFA_A,2,AGEP_A,0.37277892009347036,14.454582745123487,470,3697012.5979999998
MEDDL,LR,locked_test,base_estimator_log_odds,RATCAT_A,code_10,WTFA_A,3,PHSTAT_A,0.3202474998265929,12.417665634102171,470,3697012.5979999998
MEDDL,LR,locked_test,base_estimator_log_odds,RATCAT_A,code_10,WTFA_A,4,EMPWRKLSW1_A,0.26620903445696853,10.32231252532426,470,3697012.5979999998
MEDDL,LR,locked_test,base_estimator_log_odds,RATCAT_A,code_10,WTFA_A,5,EDUCP_A,0.23193315754030577,8.993258031230704,470,3697012.5979999998
MEDDL,LR,locked_test,base_estimator_log_odds,RATCAT_A,code_10,WTFA_A,6,NOTCOV_A,0.21646200856362594,8.393360904565176,470,3697012.5979999998
MEDDL,LR,locked_test,base_estimator_log_odds,RATCAT_A,code_10,WTFA_A,7,FDSCAT3_A,0.2156913257758391,8.363477513831832,470,3697012.5979999998
MEDDL,LR,locked_test,base_estimator_log_odds,RATCAT_A,code_10,WTFA_A,8,HISPALLP_A,0.18625822240515785,7.222202604803687,470,3697012.5979999998
MEDDL,LR,locked_test,base_estimator_log_odds,RATCAT_A,code_10,WTFA_A,9,CHRONIC_BURDEN_CAT,0.16556811794828016,6.419939357723624,470,3697012.5979999998
MEDDL,LR,locked_test,base_estimator_log_odds,RATCAT_A,code_10,WTFA_A,10,SEX_A,0.10761105075129726,4.172641620895009,470,3697012.5979999998
MEDDL,LR,locked_test,base_estimator_log_odds,RATCAT_A,code_10,WTFA_A,11,DISAB3_A,0.07005479198931744,2.7163896157221044,470,3697012.5979999998
MEDDL,LR,locked_test,base_estimator_log_odds,RATCAT_A,code_10,WTFA_A,12,K6SPD_A,0.046671753985211006,1.809707291576802,470,3697012.5979999998
MEDDL,LR,locked_test,base_estimator_log_odds,RATCAT_A,code_11,Unweighted,1,AGEP_A,0.35139196725769356,14.253566811847595,388,3303098.671
MEDDL,LR,locked_test,base_estimator_log_odds,RATCAT_A,code_11,Unweighted,2,RATCAT_A,0.32430855323168056,13.154978092460027,388,3303098.671
MEDDL,LR,locked_test,base_estimator_log_odds,RATCAT_A,code_11,Unweighted,3,PHSTAT_A,0.31568039697598543,12.804992853430866,388,3303098.671
MEDDL,LR,locked_test,base_estimator_log_odds,RATCAT_A,code_11,Unweighted,4,EMPWRKLSW1_A,0.27470081264845864,11.14273162505796,388,3303098.671
MEDDL,LR,locked_test,base_estimator_log_odds,RATCAT_A,code_11,Unweighted,5,EDUCP_A,0.23544652991594364,9.550454072598322,388,3303098.671
MEDDL,LR,locked_test,base_estimator_log_odds,RATCAT_A,code_11,Unweighted,6,FDSCAT3_A,0.20861574922776002,8.462112958435638,388,3303098.671
MEDDL,LR,locked_test,base_estimator_log_odds,RATCAT_A,code_11,Unweighted,7,NOTCOV_A,0.1805118605744594,7.322130568631094,388,3303098.671
MEDDL,LR,locked_test,base_estimator_log_odds,RATCAT_A,code_11,Unweighted,8,HISPALLP_A,0.1774589390304586,7.198294439028185,388,3303098.671
MEDDL,LR,locked_test,base_estimator_log_odds,RATCAT_A,code_11,Unweighted,9,CHRONIC_BURDEN_CAT,0.15674631327278482,6.358124991246552,388,3303098.671
MEDDL,LR,locked_test,base_estimator_log_odds,RATCAT_A,code_11,Unweighted,10,SEX_A,0.10734852599610836,4.354394892347636,388,3303098.671
MEDDL,LR,locked_test,base_estimator_log_odds,RATCAT_A,code_11,Unweighted,11,DISAB3_A,0.06968395212515789,2.8266009467459745,388,3303098.671
MEDDL,LR,locked_test,base_estimator_log_odds,RATCAT_A,code_11,Unweighted,12,K6SPD_A,0.06339787307224769,2.571617748170169,388,3303098.671
MEDDL,LR,locked_test,base_estimator_log_odds,RATCAT_A,code_11,WTFA_A,1,AGEP_A,0.3569464928618219,14.076604137643624,388,3303098.671
MEDDL,LR,locked_test,base_estimator_log_odds,RATCAT_A,code_11,WTFA_A,2,PHSTAT_A,0.33377727272820396,13.162898732152732,388,3303098.671
MEDDL,LR,locked_test,base_estimator_log_odds,RATCAT_A,code_11,WTFA_A,3,RATCAT_A,0.32430855323168056,12.7894886589109,388,3303098.671
MEDDL,LR,locked_test,base_estimator_log_odds,RATCAT_A,code_11,WTFA_A,4,EMPWRKLSW1_A,0.2697848837061183,10.639283719538785,388,3303098.671
MEDDL,LR,locked_test,base_estimator_log_odds,RATCAT_A,code_11,WTFA_A,5,EDUCP_A,0.24306650129407265,9.585612931524793,388,3303098.671
MEDDL,LR,locked_test,base_estimator_log_odds,RATCAT_A,code_11,WTFA_A,6,FDSCAT3_A,0.22503789898030815,8.874633826810323,388,3303098.671
MEDDL,LR,locked_test,base_estimator_log_odds,RATCAT_A,code_11,WTFA_A,7,HISPALLP_A,0.190911655900345,7.52882535369667,388,3303098.671
MEDDL,LR,locked_test,base_estimator_log_odds,RATCAT_A,code_11,WTFA_A,8,NOTCOV_A,0.1880942519627805,7.417717720709542,388,3303098.671
MEDDL,LR,locked_test,base_estimator_log_odds,RATCAT_A,code_11,WTFA_A,9,CHRONIC_BURDEN_CAT,0.15809336014685196,6.234597319432537,388,3303098.671
MEDDL,LR,locked_test,base_estimator_log_odds,RATCAT_A,code_11,WTFA_A,10,SEX_A,0.1078992416469136,4.255133309303923,388,3303098.671
MEDDL,LR,locked_test,base_estimator_log_odds,RATCAT_A,code_11,WTFA_A,11,K6SPD_A,0.07063374373706721,2.7855246352885676,388,3303098.671
MEDDL,LR,locked_test,base_estimator_log_odds,RATCAT_A,code_11,WTFA_A,12,DISAB3_A,0.0671890642662814,2.6496796549875836,388,3303098.671
MEDDL,LR,locked_test,base_estimator_log_odds,RATCAT_A,code_12,Unweighted,1,AGEP_A,0.3613803991423465,17.105442271010944,394,3100767.9
MEDDL,LR,locked_test,base_estimator_log_odds,RATCAT_A,code_12,Unweighted,2,PHSTAT_A,0.29356724441329757,13.895600214867859,394,3100767.9
MEDDL,LR,locked_test,base_estimator_log_odds,RATCAT_A,code_12,Unweighted,3,EMPWRKLSW1_A,0.2713066725867836,12.84192678044304,394,3100767.9
MEDDL,LR,locked_test,base_estimator_log_odds,RATCAT_A,code_12,Unweighted,4,EDUCP_A,0.22185305941296207,10.50110827660243,394,3100767.9
MEDDL,LR,locked_test,base_estimator_log_odds,RATCAT_A,code_12,Unweighted,5,FDSCAT3_A,0.19124170035403398,9.052161857642307,394,3100767.9
MEDDL,LR,locked_test,base_estimator_log_odds,RATCAT_A,code_12,Unweighted,6,HISPALLP_A,0.18453451449708974,8.734686475056023,394,3100767.9
MEDDL,LR,locked_test,base_estimator_log_odds,RATCAT_A,code_12,Unweighted,7,CHRONIC_BURDEN_CAT,0.16092682027850172,7.617248862041841,394,3100767.9
MEDDL,LR,locked_test,base_estimator_log_odds,RATCAT_A,code_12,Unweighted,8,NOTCOV_A,0.14036167288675844,6.643826002531043,394,3100767.9
MEDDL,LR,locked_test,base_estimator_log_odds,RATCAT_A,code_12,Unweighted,9,SEX_A,0.1084912201178973,5.135282121118152,394,3100767.9
MEDDL,LR,locked_test,base_estimator_log_odds,RATCAT_A,code_12,Unweighted,10,DISAB3_A,0.06857141061048151,3.245733051441343,394,3100767.9
MEDDL,LR,locked_test,base_estimator_log_odds,RATCAT_A,code_12,Unweighted,11,RATCAT_A,0.06554641013076354,3.1025488300546864,394,3100767.9
MEDDL,LR,locked_test,base_estimator_log_odds,RATCAT_A,code_12,Unweighted,12,K6SPD_A,0.04488216376004531,2.124435257190329,394,3100767.9
MEDDL,LR,locked_test,base_estimator_log_odds,RATCAT_A,code_12,WTFA_A,1,AGEP_A,0.3547046223620836,16.528807067402372,394,3100767.9
MEDDL,LR,locked_test,base_estimator_log_odds,RATCAT_A,code_12,WTFA_A,2,PHSTAT_A,0.29808809712734635,13.890545360521038,394,3100767.9
MEDDL,LR,locked_test,base_estimator_log_odds,RATCAT_A,code_12,WTFA_A,3,EMPWRKLSW1_A,0.2681862121072157,12.49715362754028,394,3100767.9
MEDDL,LR,locked_test,base_estimator_log_odds,RATCAT_A,code_12,WTFA_A,4,EDUCP_A,0.2271743505062517,10.586050402092706,394,3100767.9
MEDDL,LR,locked_test,base_estimator_log_odds,RATCAT_A,code_12,WTFA_A,5,FDSCAT3_A,0.1960539397034584,9.135876839108825,394,3100767.9
MEDDL,LR,locked_test,base_estimator_log_odds,RATCAT_A,code_12,WTFA_A,6,HISPALLP_A,0.19227285103996697,8.959682673362106,394,3100767.9
MEDDL,LR,locked_test,base_estimator_log_odds,RATCAT_A,code_12,WTFA_A,7,CHRONIC_BURDEN_CAT,0.16259378766219787,7.576674159840148,394,3100767.9
MEDDL,LR,locked_test,base_estimator_log_odds,RATCAT_A,code_12,WTFA_A,8,NOTCOV_A,0.15699438477242786,7.315748746911114,394,3100767.9
MEDDL,LR,locked_test,base_estimator_log_odds,RATCAT_A,code_12,WTFA_A,9,SEX_A,0.10919371762211644,5.0882953808986136,394,3100767.9
MEDDL,LR,locked_test,base_estimator_log_odds,RATCAT_A,code_12,WTFA_A,10,DISAB3_A,0.0663745397923477,3.0929734016700285,394,3100767.9
MEDDL,LR,locked_test,base_estimator_log_odds,RATCAT_A,code_12,WTFA_A,11,RATCAT_A,0.06554641013076352,3.0543835594741036,394,3100767.9
MEDDL,LR,locked_test,base_estimator_log_odds,RATCAT_A,code_12,WTFA_A,12,K6SPD_A,0.048795444327145894,2.273808781178665,394,3100767.9
MEDDL,LR,locked_test,base_estimator_log_odds,RATCAT_A,code_13,Unweighted,1,AGEP_A,0.32958325271142086,16.417468407303378,324,2607330.073
MEDDL,LR,locked_test,base_estimator_log_odds,RATCAT_A,code_13,Unweighted,2,PHSTAT_A,0.3163561193791838,15.758587709286447,324,2607330.073
MEDDL,LR,locked_test,base_estimator_log_odds,RATCAT_A,code_13,Unweighted,3,EMPWRKLSW1_A,0.2700383710008782,13.45137044493086,324,2607330.073
MEDDL,LR,locked_test,base_estimator_log_odds,RATCAT_A,code_13,Unweighted,4,EDUCP_A,0.22863486497568838,11.388945408075845,324,2607330.073
MEDDL,LR,locked_test,base_estimator_log_odds,RATCAT_A,code_13,Unweighted,5,HISPALLP_A,0.17872499566922934,8.9027945014068,324,2607330.073
MEDDL,LR,locked_test,base_estimator_log_odds,RATCAT_A,code_13,Unweighted,6,CHRONIC_BURDEN_CAT,0.17049410571997062,8.492790732725434,324,2607330.073
MEDDL,LR,locked_test,base_estimator_log_odds,RATCAT_A,code_13,Unweighted,7,FDSCAT3_A,0.1612319550352876,8.031416967528056,324,2607330.073
MEDDL,LR,locked_test,base_estimator_log_odds,RATCAT_A,code_13,Unweighted,8,NOTCOV_A,0.13160482461649708,6.555606307708401,324,2607330.073
MEDDL,LR,locked_test,base_estimator_log_odds,RATCAT_A,code_13,Unweighted,9,SEX_A,0.10716996376972572,5.338437192808098,324,2607330.073
MEDDL,LR,locked_test,base_estimator_log_odds,RATCAT_A,code_13,Unweighted,10,DISAB3_A,0.05883435344738054,2.930704552006563,324,2607330.073
MEDDL,LR,locked_test,base_estimator_log_odds,RATCAT_A,code_13,Unweighted,11,K6SPD_A,0.04365791500857681,2.174723486358773,324,2607330.073
MEDDL,LR,locked_test,base_estimator_log_odds,RATCAT_A,code_13,Unweighted,12,RATCAT_A,0.011184959736724119,0.557154289861359,324,2607330.073
MEDDL,LR,locked_test,base_estimator_log_odds,RATCAT_A,code_13,WTFA_A,1,AGEP_A,0.34163949496337087,16.688716704502795,324,2607330.073
MEDDL,LR,locked_test,base_estimator_log_odds,RATCAT_A,code_13,WTFA_A,2,PHSTAT_A,0.32777421152957276,16.011412731555808,324,2607330.073
MEDDL,LR,locked_test,base_estimator_log_odds,RATCAT_A,code_13,WTFA_A,3,EMPWRKLSW1_A,0.26809720116792635,13.096255864800769,324,2607330.073
MEDDL,LR,locked_test,base_estimator_log_odds,RATCAT_A,code_13,WTFA_A,4,EDUCP_A,0.23056263071729238,11.262733037052202,324,2607330.073
MEDDL,LR,locked_test,base_estimator_log_odds,RATCAT_A,code_13,WTFA_A,5,CHRONIC_BURDEN_CAT,0.1739458860632895,8.497066812299321,324,2607330.073
MEDDL,LR,locked_test,base_estimator_log_odds,RATCAT_A,code_13,WTFA_A,6,HISPALLP_A,0.17102382651451728,8.35432739041727,324,2607330.073
MEDDL,LR,locked_test,base_estimator_log_odds,RATCAT_A,code_13,WTFA_A,7,FDSCAT3_A,0.15617638743181486,7.629046185253476,324,2607330.073
MEDDL,LR,locked_test,base_estimator_log_odds,RATCAT_A,code_13,WTFA_A,8,NOTCOV_A,0.1463765421613308,7.150334432431676,324,2607330.073
MEDDL,LR,locked_test,base_estimator_log_odds,RATCAT_A,code_13,WTFA_A,9,SEX_A,0.10756020204899867,5.254198554728799,324,2607330.073
MEDDL,LR,locked_test,base_estimator_log_odds,RATCAT_A,code_13,WTFA_A,10,DISAB3_A,0.063109834188809,3.0828465665484615,324,2607330.073
MEDDL,LR,locked_test,base_estimator_log_odds,RATCAT_A,code_13,WTFA_A,11,K6SPD_A,0.04967743745296252,2.4266886366490965,324,2607330.073
MEDDL,LR,locked_test,base_estimator_log_odds,RATCAT_A,code_13,WTFA_A,12,RATCAT_A,0.011184959736724119,0.5463730837603309,324,2607330.073
MEDDL,LR,locked_test,base_estimator_log_odds,RATCAT_A,code_14,Unweighted,1,RATCAT_A,0.3259445299120896,13.995717247247136,1930,15348993.286000002
MEDDL,LR,locked_test,base_estimator_log_odds,RATCAT_A,code_14,Unweighted,2,PHSTAT_A,0.32405121909945844,13.914420460944608,1930,15348993.286000002
MEDDL,LR,locked_test,base_estimator_log_odds,RATCAT_A,code_14,Unweighted,3,AGEP_A,0.31650168319217753,13.590251284260644,1930,15348993.286000002
MEDDL,LR,locked_test,base_estimator_log_odds,RATCAT_A,code_14,Unweighted,4,EMPWRKLSW1_A,0.2666637555451902,11.450262790745743,1930,15348993.286000002
MEDDL,LR,locked_test,base_estimator_log_odds,RATCAT_A,code_14,Unweighted,5,EDUCP_A,0.23110265506234623,9.923306325199096,1930,15348993.286000002
MEDDL,LR,locked_test,base_estimator_log_odds,RATCAT_A,code_14,Unweighted,6,HISPALLP_A,0.19278070039707512,8.2778016683128,1930,15348993.286000002
MEDDL,LR,locked_test,base_estimator_log_odds,RATCAT_A,code_14,Unweighted,7,FDSCAT3_A,0.1701666100214473,7.306776277009738,1930,15348993.286000002
MEDDL,LR,locked_test,base_estimator_log_odds,RATCAT_A,code_14,Unweighted,8,CHRONIC_BURDEN_CAT,0.16273128572867043,6.98751122761204,1930,15348993.286000002
MEDDL,LR,locked_test,base_estimator_log_odds,RATCAT_A,code_14,Unweighted,9,NOTCOV_A,0.13239199761698817,5.684773924401596,1930,15348993.286000002
MEDDL,LR,locked_test,base_estimator_log_odds,RATCAT_A,code_14,Unweighted,10,SEX_A,0.1082911701295872,4.649909596323069,1930,15348993.286000002
MEDDL,LR,locked_test,base_estimator_log_odds,RATCAT_A,code_14,Unweighted,11,DISAB3_A,0.05809346453026652,2.494472613784563,1930,15348993.286000002
MEDDL,LR,locked_test,base_estimator_log_odds,RATCAT_A,code_14,Unweighted,12,K6SPD_A,0.040168574563639876,1.724796584158951,1930,15348993.286000002
MEDDL,LR,locked_test,base_estimator_log_odds,RATCAT_A,code_14,WTFA_A,1,PHSTAT_A,0.333333485455449,14.212872776192995,1930,15348993.286000002
MEDDL,LR,locked_test,base_estimator_log_odds,RATCAT_A,code_14,WTFA_A,2,RATCAT_A,0.3259445299120896,13.897818064713224,1930,15348993.286000002
MEDDL,LR,locked_test,base_estimator_log_odds,RATCAT_A,code_14,WTFA_A,3,AGEP_A,0.32365009080097085,13.799986395823147,1930,15348993.286000002
MEDDL,LR,locked_test,base_estimator_log_odds,RATCAT_A,code_14,WTFA_A,4,EMPWRKLSW1_A,0.2640804815695803,11.26002172297769,1930,15348993.286000002
MEDDL,LR,locked_test,base_estimator_log_odds,RATCAT_A,code_14,WTFA_A,5,EDUCP_A,0.2305924542491474,9.832139159122276,1930,15348993.286000002
MEDDL,LR,locked_test,base_estimator_log_odds,RATCAT_A,code_14,WTFA_A,6,HISPALLP_A,0.1911569741052615,8.150665540030843,1930,15348993.286000002
MEDDL,LR,locked_test,base_estimator_log_odds,RATCAT_A,code_14,WTFA_A,7,FDSCAT3_A,0.1703185853377948,7.262145840282772,1930,15348993.286000002
MEDDL,LR,locked_test,base_estimator_log_odds,RATCAT_A,code_14,WTFA_A,8,CHRONIC_BURDEN_CAT,0.16498490557761836,7.034725208488866,1930,15348993.286000002
MEDDL,LR,locked_test,base_estimator_log_odds,RATCAT_A,code_14,WTFA_A,9,NOTCOV_A,0.13685078701891615,5.8351258127101655,1930,15348993.286000002
MEDDL,LR,locked_test,base_estimator_log_odds,RATCAT_A,code_14,WTFA_A,10,SEX_A,0.10868507374658215,4.634179262610515,1930,15348993.286000002
MEDDL,LR,locked_test,base_estimator_log_odds,RATCAT_A,code_14,WTFA_A,11,DISAB3_A,0.05654052739818019,2.410808867615532,1930,15348993.286000002
MEDDL,LR,locked_test,base_estimator_log_odds,RATCAT_A,code_14,WTFA_A,12,K6SPD_A,0.03915492989184814,1.6695113494319855,1930,15348993.286000002
MEDDL,LR,locked_test,base_estimator_log_odds,RATCAT_A,code_2,Unweighted,1,FDSCAT3_A,0.4351628557025458,14.918587686744434,187,1384944.663
MEDDL,LR,locked_test,base_estimator_log_odds,RATCAT_A,code_2,Unweighted,2,PHSTAT_A,0.3790661607898755,12.99543764986888,187,1384944.663
MEDDL,LR,locked_test,base_estimator_log_odds,RATCAT_A,code_2,Unweighted,3,AGEP_A,0.36170946275752797,12.400401979533733,187,1384944.663
MEDDL,LR,locked_test,base_estimator_log_odds,RATCAT_A,code_2,Unweighted,4,EDUCP_A,0.3195712102921444,10.955786001554431,187,1384944.663
MEDDL,LR,locked_test,base_estimator_log_odds,RATCAT_A,code_2,Unweighted,5,NOTCOV_A,0.2937313498854334,10.06992403461703,187,1384944.663
MEDDL,LR,locked_test,base_estimator_log_odds,RATCAT_A,code_2,Unweighted,6,EMPWRKLSW1_A,0.2923838018522946,10.023726356595947,187,1384944.663
MEDDL,LR,locked_test,base_estimator_log_odds,RATCAT_A,code_2,Unweighted,7,RATCAT_A,0.18177515770614575,6.2317557529877865,187,1384944.663
MEDDL,LR,locked_test,base_estimator_log_odds,RATCAT_A,code_2,Unweighted,8,HISPALLP_A,0.17189639010170848,5.893084244580122,187,1384944.663
MEDDL,LR,locked_test,base_estimator_log_odds,RATCAT_A,code_2,Unweighted,9,CHRONIC_BURDEN_CAT,0.1526485913267984,5.233216404213277,187,1384944.663
MEDDL,LR,locked_test,base_estimator_log_odds,RATCAT_A,code_2,Unweighted,10,DISAB3_A,0.1179429031522741,4.0434093113616685,187,1384944.663
MEDDL,LR,locked_test,base_estimator_log_odds,RATCAT_A,code_2,Unweighted,11,K6SPD_A,0.10635124150944919,3.646015052206971,187,1384944.663
MEDDL,LR,locked_test,base_estimator_log_odds,RATCAT_A,code_2,Unweighted,12,SEX_A,0.10467811159493616,3.5886555257357147,187,1384944.663
MEDDL,LR,locked_test,base_estimator_log_odds,RATCAT_A,code_2,WTFA_A,1,FDSCAT3_A,0.4216479130865143,13.965576612441104,187,1384944.663
MEDDL,LR,locked_test,base_estimator_log_odds,RATCAT_A,code_2,WTFA_A,2,AGEP_A,0.40539614410334907,13.427294985097868,187,1384944.663
MEDDL,LR,locked_test,base_estimator_log_odds,RATCAT_A,code_2,WTFA_A,3,PHSTAT_A,0.3864512846414797,12.79981438335615,187,1384944.663
MEDDL,LR,locked_test,base_estimator_log_odds,RATCAT_A,code_2,WTFA_A,4,NOTCOV_A,0.3461919179376278,11.466367086166178,187,1384944.663
MEDDL,LR,locked_test,base_estimator_log_odds,RATCAT_A,code_2,WTFA_A,5,EDUCP_A,0.32623985651645904,10.805526527715955,187,1384944.663
MEDDL,LR,locked_test,base_estimator_log_odds,RATCAT_A,code_2,WTFA_A,6,EMPWRKLSW1_A,0.2890879581102882,9.575002985713864,187,1384944.663
MEDDL,LR,locked_test,base_estimator_log_odds,RATCAT_A,code_2,WTFA_A,7,RATCAT_A,0.18177515770614583,6.020650908956049,187,1384944.663
MEDDL,LR,locked_test,base_estimator_log_odds,RATCAT_A,code_2,WTFA_A,8,HISPALLP_A,0.18095676320740703,5.993544522996084,187,1384944.663
MEDDL,LR,locked_test,base_estimator_log_odds,RATCAT_A,code_2,WTFA_A,9,CHRONIC_BURDEN_CAT,0.15856329220984722,5.251841018416585,187,1384944.663
MEDDL,LR,locked_test,base_estimator_log_odds,RATCAT_A,code_2,WTFA_A,10,K6SPD_A,0.11458969515106962,3.795373146552677,187,1384944.663
MEDDL,LR,locked_test,base_estimator_log_odds,RATCAT_A,code_2,WTFA_A,11,SEX_A,0.1050877341267713,3.4806547273818467,187,1384944.663
MEDDL,LR,locked_test,base_estimator_log_odds,RATCAT_A,code_2,WTFA_A,12,DISAB3_A,0.10320672670989316,3.418353095205639,187,1384944.663
MEDDL,LR,locked_test,base_estimator_log_odds,RATCAT_A,code_3,Unweighted,1,FDSCAT3_A,0.39481996260742397,14.729311138623073,322,2378042.798
MEDDL,LR,locked_test,base_estimator_log_odds,RATCAT_A,code_3,Unweighted,2,PHSTAT_A,0.38073626138339267,14.2038989584937,322,2378042.798
MEDDL,LR,locked_test,base_estimator_log_odds,RATCAT_A,code_3,Unweighted,3,AGEP_A,0.36371368977423707,13.568848106568945,322,2378042.798
MEDDL,LR,locked_test,base_estimator_log_odds,RATCAT_A,code_3,Unweighted,4,EMPWRKLSW1_A,0.29081643762930987,10.849314117197403,322,2378042.798
MEDDL,LR,locked_test,base_estimator_log_odds,RATCAT_A,code_3,Unweighted,5,EDUCP_A,0.28914318763832436,10.786891185066109,322,2378042.798
MEDDL,LR,locked_test,base_estimator_log_odds,RATCAT_A,code_3,Unweighted,6,NOTCOV_A,0.23051695702365113,8.59975762194684,322,2378042.798
MEDDL,LR,locked_test,base_estimator_log_odds,RATCAT_A,code_3,Unweighted,7,HISPALLP_A,0.18556798405107142,6.92287329243539,322,2378042.798
MEDDL,LR,locked_test,base_estimator_log_odds,RATCAT_A,code_3,Unweighted,8,CHRONIC_BURDEN_CAT,0.15227934133805132,5.680993898434072,322,2378042.798
MEDDL,LR,locked_test,base_estimator_log_odds,RATCAT_A,code_3,Unweighted,9,DISAB3_A,0.10780943151135797,4.0219816898868395,322,2378042.798
MEDDL,LR,locked_test,base_estimator_log_odds,RATCAT_A,code_3,Unweighted,10,SEX_A,0.10613994113870245,3.959699015577817,322,2378042.798
MEDDL,LR,locked_test,base_estimator_log_odds,RATCAT_A,code_3,Unweighted,11,K6SPD_A,0.09257442784716803,3.4536185613207144,322,2378042.798
MEDDL,LR,locked_test,base_estimator_log_odds,RATCAT_A,code_3,Unweighted,12,RATCAT_A,0.08638765689639002,3.2228124144491264,322,2378042.798
MEDDL,LR,locked_test,base_estimator_log_odds,RATCAT_A,code_3,WTFA_A,1,FDSCAT3_A,0.38756107517120375,14.115709577860454,322,2378042.798
MEDDL,LR,locked_test,base_estimator_log_odds,RATCAT_A,code_3,WTFA_A,2,AGEP_A,0.3821431817722576,13.918379622292681,322,2378042.798
MEDDL,LR,locked_test,base_estimator_log_odds,RATCAT_A,code_3,WTFA_A,3,PHSTAT_A,0.3746222074658947,13.644451470441334,322,2378042.798
MEDDL,LR,locked_test,base_estimator_log_odds,RATCAT_A,code_3,WTFA_A,4,EDUCP_A,0.2996588522887287,10.914143866161316,322,2378042.798
MEDDL,LR,locked_test,base_estimator_log_odds,RATCAT_A,code_3,WTFA_A,5,NOTCOV_A,0.2982015615308032,10.86106657221406,322,2378042.798
MEDDL,LR,locked_test,base_estimator_log_odds,RATCAT_A,code_3,WTFA_A,6,EMPWRKLSW1_A,0.2828115227976932,10.300532165984958,322,2378042.798
MEDDL,LR,locked_test,base_estimator_log_odds,RATCAT_A,code_3,WTFA_A,7,HISPALLP_A,0.18894787348742556,6.881839994701794,322,2378042.798
MEDDL,LR,locked_test,base_estimator_log_odds,RATCAT_A,code_3,WTFA_A,8,CHRONIC_BURDEN_CAT,0.16173088499664218,5.890545642062908,322,2378042.798
MEDDL,LR,locked_test,base_estimator_log_odds,RATCAT_A,code_3,WTFA_A,9,SEX_A,0.10682798694302709,3.8908779417775787,322,2378042.798
MEDDL,LR,locked_test,base_estimator_log_odds,RATCAT_A,code_3,WTFA_A,10,DISAB3_A,0.09330613400569118,3.398386406259838,322,2378042.798
MEDDL,LR,locked_test,base_estimator_log_odds,RATCAT_A,code_3,WTFA_A,11,RATCAT_A,0.08638765689639001,3.1464023452887244,322,2378042.798
MEDDL,LR,locked_test,base_estimator_log_odds,RATCAT_A,code_3,WTFA_A,12,K6SPD_A,0.08340214655338904,3.0376643949543576,322,2378042.798
MEDDL,LR,locked_test,base_estimator_log_odds,RATCAT_A,code_4,Unweighted,1,AGEP_A,0.3782250879767173,14.831378001179644,252,1789827.5900000003
MEDDL,LR,locked_test,base_estimator_log_odds,RATCAT_A,code_4,Unweighted,2,PHSTAT_A,0.34986598524117446,13.719329684408507,252,1789827.5900000003
MEDDL,LR,locked_test,base_estimator_log_odds,RATCAT_A,code_4,Unweighted,3,FDSCAT3_A,0.3410010493681192,13.371708072122455,252,1789827.5900000003
MEDDL,LR,locked_test,base_estimator_log_odds,RATCAT_A,code_4,Unweighted,4,EMPWRKLSW1_A,0.2879912212059171,11.293028406907876,252,1789827.5900000003
MEDDL,LR,locked_test,base_estimator_log_odds,RATCAT_A,code_4,Unweighted,5,EDUCP_A,0.2649317801495629,10.388796250780352,252,1789827.5900000003
MEDDL,LR,locked_test,base_estimator_log_odds,RATCAT_A,code_4,Unweighted,6,NOTCOV_A,0.26320334931681155,10.32101912058901,252,1789827.5900000003
MEDDL,LR,locked_test,base_estimator_log_odds,RATCAT_A,code_4,Unweighted,7,HISPALLP_A,0.17824779444471475,6.989648495894781,252,1789827.5900000003
MEDDL,LR,locked_test,base_estimator_log_odds,RATCAT_A,code_4,Unweighted,8,CHRONIC_BURDEN_CAT,0.14980830458288255,5.874447950743439,252,1789827.5900000003
MEDDL,LR,locked_test,base_estimator_log_odds,RATCAT_A,code_4,Unweighted,9,DISAB3_A,0.10618980826618592,4.164031515449191,252,1789827.5900000003
MEDDL,LR,locked_test,base_estimator_log_odds,RATCAT_A,code_4,Unweighted,10,SEX_A,0.106022681605355,4.157477961072041,252,1789827.5900000003
MEDDL,LR,locked_test,base_estimator_log_odds,RATCAT_A,code_4,Unweighted,11,K6SPD_A,0.09986672756187819,3.9160839227624633,252,1789827.5900000003
MEDDL,LR,locked_test,base_estimator_log_odds,RATCAT_A,code_4,Unweighted,12,RATCAT_A,0.024814427600975575,0.9730506180902241,252,1789827.5900000003
MEDDL,LR,locked_test,base_estimator_log_odds,RATCAT_A,code_4,WTFA_A,1,AGEP_A,0.39285627660878164,14.764466245736925,252,1789827.5900000003
MEDDL,LR,locked_test,base_estimator_log_odds,RATCAT_A,code_4,WTFA_A,2,FDSCAT3_A,0.36033346503910374,13.54218221407526,252,1789827.5900000003
MEDDL,LR,locked_test,base_estimator_log_odds,RATCAT_A,code_4,WTFA_A,3,PHSTAT_A,0.3444971174642159,12.947014889160583,252,1789827.5900000003
MEDDL,LR,locked_test,base_estimator_log_odds,RATCAT_A,code_4,WTFA_A,4,NOTCOV_A,0.32834651388622665,12.340037081821231,252,1789827.5900000003
MEDDL,LR,locked_test,base_estimator_log_odds,RATCAT_A,code_4,WTFA_A,5,EMPWRKLSW1_A,0.2845037184974352,10.692321336449092,252,1789827.5900000003
MEDDL,LR,locked_test,base_estimator_log_odds,RATCAT_A,code_4,WTFA_A,6,EDUCP_A,0.27702741582838675,10.411344233695552,252,1789827.5900000003
MEDDL,LR,locked_test,base_estimator_log_odds,RATCAT_A,code_4,WTFA_A,7,HISPALLP_A,0.18712885726557812,7.032744189683113,252,1789827.5900000003
MEDDL,LR,locked_test,base_estimator_log_odds,RATCAT_A,code_4,WTFA_A,8,CHRONIC_BURDEN_CAT,0.15741547561095343,5.916045166128303,252,1789827.5900000003
MEDDL,LR,locked_test,base_estimator_log_odds,RATCAT_A,code_4,WTFA_A,9,SEX_A,0.10656882866540689,4.005108146063792,252,1789827.5900000003
MEDDL,LR,locked_test,base_estimator_log_odds,RATCAT_A,code_4,WTFA_A,10,K6SPD_A,0.10381009664407241,3.901428484479594,252,1789827.5900000003
MEDDL,LR,locked_test,base_estimator_log_odds,RATCAT_A,code_4,WTFA_A,11,DISAB3_A,0.09352055571132452,3.5147232468871423,252,1789827.5900000003
MEDDL,LR,locked_test,base_estimator_log_odds,RATCAT_A,code_4,WTFA_A,12,RATCAT_A,0.02481442760097557,0.9325847658194114,252,1789827.5900000003
MEDDL,LR,locked_test,base_estimator_log_odds,RATCAT_A,code_5,Unweighted,1,AGEP_A,0.38298839216950237,14.641013978642553,331,2620717.5870000003
MEDDL,LR,locked_test,base_estimator_log_odds,RATCAT_A,code_5,Unweighted,2,FDSCAT3_A,0.3609308060362606,13.79778887439716,331,2620717.5870000003
MEDDL,LR,locked_test,base_estimator_log_odds,RATCAT_A,code_5,Unweighted,3,PHSTAT_A,0.3391110575562985,12.963655911003839,331,2620717.5870000003
MEDDL,LR,locked_test,base_estimator_log_odds,RATCAT_A,code_5,Unweighted,4,NOTCOV_A,0.306586795331096,11.720307058609704,331,2620717.5870000003
MEDDL,LR,locked_test,base_estimator_log_odds,RATCAT_A,code_5,Unweighted,5,EMPWRKLSW1_A,0.28664369683791807,10.957915326155222,331,2620717.5870000003
MEDDL,LR,locked_test,base_estimator_log_odds,RATCAT_A,code_5,Unweighted,6,EDUCP_A,0.2841020050596329,10.860750645407393,331,2620717.5870000003
MEDDL,LR,locked_test,base_estimator_log_odds,RATCAT_A,code_5,Unweighted,7,HISPALLP_A,0.16754174599559274,6.404844364165526,331,2620717.5870000003
MEDDL,LR,locked_test,base_estimator_log_odds,RATCAT_A,code_5,Unweighted,8,CHRONIC_BURDEN_CAT,0.15813899235363865,6.045392614910801,331,2620717.5870000003
MEDDL,LR,locked_test,base_estimator_log_odds,RATCAT_A,code_5,Unweighted,9,SEX_A,0.10633579543048258,4.065041915522954,331,2620717.5870000003
MEDDL,LR,locked_test,base_estimator_log_odds,RATCAT_A,code_5,Unweighted,10,DISAB3_A,0.09602794605349715,3.6709898504896286,331,2620717.5870000003
MEDDL,LR,locked_test,base_estimator_log_odds,RATCAT_A,code_5,Unweighted,11,K6SPD_A,0.07513166108251604,2.872159372550681,331,2620717.5870000003
MEDDL,LR,locked_test,base_estimator_log_odds,RATCAT_A,code_5,Unweighted,12,RATCAT_A,0.0523208595791032,2.0001400881445397,331,2620717.5870000003
MEDDL,LR,locked_test,base_estimator_log_odds,RATCAT_A,code_5,WTFA_A,1,AGEP_A,0.38204618964630765,14.114517024397413,331,2620717.5870000003
MEDDL,LR,locked_test,base_estimator_log_odds,RATCAT_A,code_5,WTFA_A,2,NOTCOV_A,0.3704216757825578,13.68505481988717,331,2620717.5870000003
MEDDL,LR,locked_test,base_estimator_log_odds,RATCAT_A,code_5,WTFA_A,3,FDSCAT3_A,0.36256933871924274,13.39495391542828,331,2620717.5870000003
MEDDL,LR,locked_test,base_estimator_log_odds,RATCAT_A,code_5,WTFA_A,4,PHSTAT_A,0.35253665577455173,13.024301156518892,331,2620717.5870000003
MEDDL,LR,locked_test,base_estimator_log_odds,RATCAT_A,code_5,WTFA_A,5,EDUCP_A,0.29731059441726354,10.984000260076243,331,2620717.5870000003
MEDDL,LR,locked_test,base_estimator_log_odds,RATCAT_A,code_5,WTFA_A,6,EMPWRKLSW1_A,0.2833589690564044,10.468564014379965,331,2620717.5870000003
MEDDL,LR,locked_test,base_estimator_log_odds,RATCAT_A,code_5,WTFA_A,7,HISPALLP_A,0.1722608307997696,6.364095480735253,331,2620717.5870000003
MEDDL,LR,locked_test,base_estimator_log_odds,RATCAT_A,code_5,WTFA_A,8,CHRONIC_BURDEN_CAT,0.16324320910227108,6.030943682815867,331,2620717.5870000003
MEDDL,LR,locked_test,base_estimator_log_odds,RATCAT_A,code_5,WTFA_A,9,SEX_A,0.10712657295140918,3.957740918939249,331,2620717.5870000003
MEDDL,LR,locked_test,base_estimator_log_odds,RATCAT_A,code_5,WTFA_A,10,DISAB3_A,0.08570258828186972,3.1662418684485454,331,2620717.5870000003
MEDDL,LR,locked_test,base_estimator_log_odds,RATCAT_A,code_5,WTFA_A,11,K6SPD_A,0.07786314387197159,2.8766172770142937,331,2620717.5870000003
MEDDL,LR,locked_test,base_estimator_log_odds,RATCAT_A,code_5,WTFA_A,12,RATCAT_A,0.05232085957910319,1.9329695813588275,331,2620717.5870000003
MEDDL,LR,locked_test,base_estimator_log_odds,RATCAT_A,code_6,Unweighted,1,AGEP_A,0.4082659706996464,14.794035469872703,298,2170348.889
MEDDL,LR,locked_test,base_estimator_log_odds,RATCAT_A,code_6,Unweighted,2,PHSTAT_A,0.3554602627071907,12.88055363911084,298,2170348.889
MEDDL,LR,locked_test,base_estimator_log_odds,RATCAT_A,code_6,Unweighted,3,FDSCAT3_A,0.32144161700931495,11.647844848248486,298,2170348.889
MEDDL,LR,locked_test,base_estimator_log_odds,RATCAT_A,code_6,Unweighted,4,EMPWRKLSW1_A,0.2854074471736882,10.342100982890026,298,2170348.889
MEDDL,LR,locked_test,base_estimator_log_odds,RATCAT_A,code_6,Unweighted,5,RATCAT_A,0.2583610560034154,9.362040681466,298,2170348.889
MEDDL,LR,locked_test,base_estimator_log_odds,RATCAT_A,code_6,Unweighted,6,EDUCP_A,0.2558605240012174,9.271430731607397,298,2170348.889
MEDDL,LR,locked_test,base_estimator_log_odds,RATCAT_A,code_6,Unweighted,7,NOTCOV_A,0.25360308099001544,9.189629419777008,298,2170348.889
MEDDL,LR,locked_test,base_estimator_log_odds,RATCAT_A,code_6,Unweighted,8,HISPALLP_A,0.1685121016041837,6.106249815439849,298,2170348.889
MEDDL,LR,locked_test,base_estimator_log_odds,RATCAT_A,code_6,Unweighted,9,CHRONIC_BURDEN_CAT,0.15472854309062672,5.606785083659292,298,2170348.889
MEDDL,LR,locked_test,base_estimator_log_odds,RATCAT_A,code_6,Unweighted,10,SEX_A,0.10651553140620684,3.859725430986377,298,2170348.889
MEDDL,LR,locked_test,base_estimator_log_odds,RATCAT_A,code_6,Unweighted,11,K6SPD_A,0.09883527290333292,3.5814215191648895,298,2170348.889
MEDDL,LR,locked_test,base_estimator_log_odds,RATCAT_A,code_6,Unweighted,12,DISAB3_A,0.09267461816227676,3.3581823777771422,298,2170348.889
MEDDL,LR,locked_test,base_estimator_log_odds,RATCAT_A,code_6,WTFA_A,1,AGEP_A,0.4085333750330632,14.098479354977345,298,2170348.889
MEDDL,LR,locked_test,base_estimator_log_odds,RATCAT_A,code_6,WTFA_A,2,FDSCAT3_A,0.36204000705168204,12.493994070082769,298,2170348.889
MEDDL,LR,locked_test,base_estimator_log_odds,RATCAT_A,code_6,WTFA_A,3,NOTCOV_A,0.3564720695434691,12.301844647766929,298,2170348.889
MEDDL,LR,locked_test,base_estimator_log_odds,RATCAT_A,code_6,WTFA_A,4,PHSTAT_A,0.33370592051994713,11.516185258311939,298,2170348.889
MEDDL,LR,locked_test,base_estimator_log_odds,RATCAT_A,code_6,WTFA_A,5,EDUCP_A,0.28654147226831445,9.88854100547525,298,2170348.889
MEDDL,LR,locked_test,base_estimator_log_odds,RATCAT_A,code_6,WTFA_A,6,EMPWRKLSW1_A,0.2808468490283835,9.692019660857953,298,2170348.889
MEDDL,LR,locked_test,base_estimator_log_odds,RATCAT_A,code_6,WTFA_A,7,RATCAT_A,0.25836105600341536,8.916035351822858,298,2170348.889
MEDDL,LR,locked_test,base_estimator_log_odds,RATCAT_A,code_6,WTFA_A,8,HISPALLP_A,0.1862113011992542,6.426148623496633,298,2170348.889
MEDDL,LR,locked_test,base_estimator_log_odds,RATCAT_A,code_6,WTFA_A,9,CHRONIC_BURDEN_CAT,0.1586495688022372,5.474993738891904,298,2170348.889
MEDDL,LR,locked_test,base_estimator_log_odds,RATCAT_A,code_6,WTFA_A,10,SEX_A,0.10713006371001611,3.697056553557793,298,2170348.889
MEDDL,LR,locked_test,base_estimator_log_odds,RATCAT_A,code_6,WTFA_A,11,DISAB3_A,0.08772253495673778,3.027303088649131,298,2170348.889
MEDDL,LR,locked_test,base_estimator_log_odds,RATCAT_A,code_6,WTFA_A,12,K6SPD_A,0.07149811487231425,2.467398646109491,298,2170348.889
MEDDL,LR,locked_test,base_estimator_log_odds,RATCAT_A,code_7,Unweighted,1,AGEP_A,0.3910138566793669,14.571575999484924,274,2014189.3329999999
MEDDL,LR,locked_test,base_estimator_log_odds,RATCAT_A,code_7,Unweighted,2,PHSTAT_A,0.3174558141552423,11.830351900379524,274,2014189.3329999999
MEDDL,LR,locked_test,base_estimator_log_odds,RATCAT_A,code_7,Unweighted,3,NOTCOV_A,0.31258934083493195,11.648997238325906,274,2014189.3329999999
MEDDL,LR,locked_test,base_estimator_log_odds,RATCAT_A,code_7,Unweighted,4,RATCAT_A,0.28951134491462865,10.788969477866626,274,2014189.3329999999
MEDDL,LR,locked_test,base_estimator_log_odds,RATCAT_A,code_7,Unweighted,5,FDSCAT3_A,0.28798734064220566,10.732175725676504,274,2014189.3329999999
MEDDL,LR,locked_test,base_estimator_log_odds,RATCAT_A,code_7,Unweighted,6,EMPWRKLSW1_A,0.27750369266560787,10.341490662645331,274,2014189.3329999999
MEDDL,LR,locked_test,base_estimator_log_odds,RATCAT_A,code_7,Unweighted,7,EDUCP_A,0.23449441080971625,8.738700867499272,274,2014189.3329999999
MEDDL,LR,locked_test,base_estimator_log_odds,RATCAT_A,code_7,Unweighted,8,HISPALLP_A,0.18762886551556837,6.992203030285886,274,2014189.3329999999
MEDDL,LR,locked_test,base_estimator_log_odds,RATCAT_A,code_7,Unweighted,9,CHRONIC_BURDEN_CAT,0.1589705852910055,5.924219629766184,274,2014189.3329999999
MEDDL,LR,locked_test,base_estimator_log_odds,RATCAT_A,code_7,Unweighted,10,SEX_A,0.10660257218184459,3.972666072450967,274,2014189.3329999999
MEDDL,LR,locked_test,base_estimator_log_odds,RATCAT_A,code_7,Unweighted,11,DISAB3_A,0.06682719145791015,2.490391280326337,274,2014189.3329999999
MEDDL,LR,locked_test,base_estimator_log_odds,RATCAT_A,code_7,Unweighted,12,K6SPD_A,0.05281626343150601,1.9682581152925607,274,2014189.3329999999
MEDDL,LR,locked_test,base_estimator_log_odds,RATCAT_A,code_7,WTFA_A,1,AGEP_A,0.3910381323916553,14.096287887491718,274,2014189.3329999999
MEDDL,LR,locked_test,base_estimator_log_odds,RATCAT_A,code_7,WTFA_A,2,NOTCOV_A,0.3893862251976575,14.036739323192906,274,2014189.3329999999
MEDDL,LR,locked_test,base_estimator_log_odds,RATCAT_A,code_7,WTFA_A,3,PHSTAT_A,0.31201899880973466,11.247776800406013,274,2014189.3329999999
MEDDL,LR,locked_test,base_estimator_log_odds,RATCAT_A,code_7,WTFA_A,4,FDSCAT3_A,0.2916542221345321,10.513659764242872,274,2014189.3329999999
MEDDL,LR,locked_test,base_estimator_log_odds,RATCAT_A,code_7,WTFA_A,5,RATCAT_A,0.28951134491462865,10.436412530029273,274,2014189.3329999999
MEDDL,LR,locked_test,base_estimator_log_odds,RATCAT_A,code_7,WTFA_A,6,EMPWRKLSW1_A,0.27489055014077807,9.909356687634576,274,2014189.3329999999
MEDDL,LR,locked_test,base_estimator_log_odds,RATCAT_A,code_7,WTFA_A,7,EDUCP_A,0.24116319612572393,8.693540498630862,274,2014189.3329999999
MEDDL,LR,locked_test,base_estimator_log_odds,RATCAT_A,code_7,WTFA_A,8,HISPALLP_A,0.19519914346193662,7.036611250166593,274,2014189.3329999999
MEDDL,LR,locked_test,base_estimator_log_odds,RATCAT_A,code_7,WTFA_A,9,CHRONIC_BURDEN_CAT,0.16152141392844646,5.8225839429123765,274,2014189.3329999999
MEDDL,LR,locked_test,base_estimator_log_odds,RATCAT_A,code_7,WTFA_A,10,SEX_A,0.10720688801648329,3.864633732162034,274,2014189.3329999999
MEDDL,LR,locked_test,base_estimator_log_odds,RATCAT_A,code_7,WTFA_A,11,DISAB3_A,0.0703734538120062,2.536848410419398,274,2014189.3329999999
MEDDL,LR,locked_test,base_estimator_log_odds,RATCAT_A,code_7,WTFA_A,12,K6SPD_A,0.05008684428649188,1.8055491727113875,274,2014189.3329999999
MEDDL,LR,locked_test,base_estimator_log_odds,RATCAT_A,code_8,Unweighted,1,RATCAT_A,0.38800322056804765,14.687298724055472,530,4181768.7849999997
MEDDL,LR,locked_test,base_estimator_log_odds,RATCAT_A,code_8,Unweighted,2,AGEP_A,0.37347026769754443,14.13717488786874,530,4181768.7849999997
MEDDL,LR,locked_test,base_estimator_log_odds,RATCAT_A,code_8,Unweighted,3,PHSTAT_A,0.3235057129097175,12.245839190425608,530,4181768.7849999997
MEDDL,LR,locked_test,base_estimator_log_odds,RATCAT_A,code_8,Unweighted,4,EMPWRKLSW1_A,0.27747571738843235,10.503440522965361,530,4181768.7849999997
MEDDL,LR,locked_test,base_estimator_log_odds,RATCAT_A,code_8,Unweighted,5,FDSCAT3_A,0.25457675500554383,9.636633540033609,530,4181768.7849999997
MEDDL,LR,locked_test,base_estimator_log_odds,RATCAT_A,code_8,Unweighted,6,EDUCP_A,0.24132645661321298,9.135062727332315,530,4181768.7849999997
MEDDL,LR,locked_test,base_estimator_log_odds,RATCAT_A,code_8,Unweighted,7,NOTCOV_A,0.20428080367207563,7.73275330738062,530,4181768.7849999997
MEDDL,LR,locked_test,base_estimator_log_odds,RATCAT_A,code_8,Unweighted,8,HISPALLP_A,0.17305612721019853,6.550788502845853,530,4181768.7849999997
MEDDL,LR,locked_test,base_estimator_log_odds,RATCAT_A,code_8,Unweighted,9,CHRONIC_BURDEN_CAT,0.15735797092590195,5.956557582734362,530,4181768.7849999997
MEDDL,LR,locked_test,base_estimator_log_odds,RATCAT_A,code_8,Unweighted,10,SEX_A,0.10611718457158378,4.016911991804563,530,4181768.7849999997
MEDDL,LR,locked_test,base_estimator_log_odds,RATCAT_A,code_8,Unweighted,11,DISAB3_A,0.07858826442049446,2.974844677987489,530,4181768.7849999997
MEDDL,LR,locked_test,base_estimator_log_odds,RATCAT_A,code_8,Unweighted,12,K6SPD_A,0.06400177635142726,2.4226943445659948,530,4181768.7849999997
MEDDL,LR,locked_test,base_estimator_log_odds,RATCAT_A,code_8,WTFA_A,1,RATCAT_A,0.3880032205680476,14.169265462912193,530,4181768.7849999997
MEDDL,LR,locked_test,base_estimator_log_odds,RATCAT_A,code_8,WTFA_A,2,AGEP_A,0.367907372683602,13.435396803368237,530,4181768.7849999997
MEDDL,LR,locked_test,base_estimator_log_odds,RATCAT_A,code_8,WTFA_A,3,PHSTAT_A,0.3385372932768048,12.362847840572357,530,4181768.7849999997
MEDDL,LR,locked_test,base_estimator_log_odds,RATCAT_A,code_8,WTFA_A,4,FDSCAT3_A,0.2776963106848321,10.141031145061469,530,4181768.7849999997
MEDDL,LR,locked_test,base_estimator_log_odds,RATCAT_A,code_8,WTFA_A,5,EMPWRKLSW1_A,0.27291911762748866,9.966575591579257,530,4181768.7849999997
MEDDL,LR,locked_test,base_estimator_log_odds,RATCAT_A,code_8,WTFA_A,6,NOTCOV_A,0.25769957140641836,9.410781775446262,530,4181768.7849999997
MEDDL,LR,locked_test,base_estimator_log_odds,RATCAT_A,code_8,WTFA_A,7,EDUCP_A,0.2571997887783608,9.392530502376074,530,4181768.7849999997
MEDDL,LR,locked_test,base_estimator_log_odds,RATCAT_A,code_8,WTFA_A,8,HISPALLP_A,0.17590954264891384,6.423938965256091,530,4181768.7849999997
MEDDL,LR,locked_test,base_estimator_log_odds,RATCAT_A,code_8,WTFA_A,9,CHRONIC_BURDEN_CAT,0.1628814582040027,5.948173875721716,530,4181768.7849999997
MEDDL,LR,locked_test,base_estimator_log_odds,RATCAT_A,code_8,WTFA_A,10,SEX_A,0.10652767096488364,3.89022247505412,530,4181768.7849999997
MEDDL,LR,locked_test,base_estimator_log_odds,RATCAT_A,code_8,WTFA_A,11,DISAB3_A,0.07487709507969241,2.7343933788039507,530,4181768.7849999997
MEDDL,LR,locked_test,base_estimator_log_odds,RATCAT_A,code_8,WTFA_A,12,K6SPD_A,0.058185486939315516,2.1248421838482687,530,4181768.7849999997
MEDDL,LR,locked_test,base_estimator_log_odds,RATCAT_A,code_9,Unweighted,1,AGEP_A,0.3694747927920201,15.118115462612575,531,4234911.856000001
MEDDL,LR,locked_test,base_estimator_log_odds,RATCAT_A,code_9,Unweighted,2,PHSTAT_A,0.31130946827449624,12.738115232201055,531,4234911.856000001
MEDDL,LR,locked_test,base_estimator_log_odds,RATCAT_A,code_9,Unweighted,3,EMPWRKLSW1_A,0.2775445361285498,11.356526683460627,531,4234911.856000001
MEDDL,LR,locked_test,base_estimator_log_odds,RATCAT_A,code_9,Unweighted,4,FDSCAT3_A,0.2545767843969205,10.41673558168755,531,4234911.856000001
MEDDL,LR,locked_test,base_estimator_log_odds,RATCAT_A,code_9,Unweighted,5,RATCAT_A,0.23916858653973022,9.786265198267085,531,4234911.856000001
MEDDL,LR,locked_test,base_estimator_log_odds,RATCAT_A,code_9,Unweighted,6,EDUCP_A,0.22461871079253398,9.190915513243782,531,4234911.856000001
MEDDL,LR,locked_test,base_estimator_log_odds,RATCAT_A,code_9,Unweighted,7,NOTCOV_A,0.20930798045050603,8.564433291334803,531,4234911.856000001
MEDDL,LR,locked_test,base_estimator_log_odds,RATCAT_A,code_9,Unweighted,8,HISPALLP_A,0.16148043366717268,6.607432736303828,531,4234911.856000001
MEDDL,LR,locked_test,base_estimator_log_odds,RATCAT_A,code_9,Unweighted,9,CHRONIC_BURDEN_CAT,0.15828705722721798,6.4767666267974136,531,4234911.856000001
MEDDL,LR,locked_test,base_estimator_log_odds,RATCAT_A,code_9,Unweighted,10,SEX_A,0.10738226756513101,4.39385189830972,531,4234911.856000001
MEDDL,LR,locked_test,base_estimator_log_odds,RATCAT_A,code_9,Unweighted,11,DISAB3_A,0.07332098358475288,3.000137268608155,531,4234911.856000001
MEDDL,LR,locked_test,base_estimator_log_odds,RATCAT_A,code_9,Unweighted,12,K6SPD_A,0.05744936019645044,2.3507045071733916,531,4234911.856000001
MEDDL,LR,locked_test,base_estimator_log_odds,RATCAT_A,code_9,WTFA_A,1,AGEP_A,0.39155467804917465,15.468330707327883,531,4234911.856000001
MEDDL,LR,locked_test,base_estimator_log_odds,RATCAT_A,code_9,WTFA_A,2,PHSTAT_A,0.318513050363259,12.582828079504942,531,4234911.856000001
MEDDL,LR,locked_test,base_estimator_log_odds,RATCAT_A,code_9,WTFA_A,3,EMPWRKLSW1_A,0.27322263908476807,10.793634644204936,531,4234911.856000001
MEDDL,LR,locked_test,base_estimator_log_odds,RATCAT_A,code_9,WTFA_A,4,FDSCAT3_A,0.26469406031640214,10.456713942580702,531,4234911.856000001
MEDDL,LR,locked_test,base_estimator_log_odds,RATCAT_A,code_9,WTFA_A,5,NOTCOV_A,0.2403380002971205,9.494530083654974,531,4234911.856000001
MEDDL,LR,locked_test,base_estimator_log_odds,RATCAT_A,code_9,WTFA_A,6,RATCAT_A,0.2391685865397302,9.448332503222185,531,4234911.856000001
MEDDL,LR,locked_test,base_estimator_log_odds,RATCAT_A,code_9,WTFA_A,7,EDUCP_A,0.2310611198223701,9.128047793542303,531,4234911.856000001
MEDDL,LR,locked_test,base_estimator_log_odds,RATCAT_A,code_9,WTFA_A,8,HISPALLP_A,0.1661240666668032,6.562715619823543,531,4234911.856000001
MEDDL,LR,locked_test,base_estimator_log_odds,RATCAT_A,code_9,WTFA_A,9,CHRONIC_BURDEN_CAT,0.16032483325333258,6.33361744958719,531,4234911.856000001
MEDDL,LR,locked_test,base_estimator_log_odds,RATCAT_A,code_9,WTFA_A,10,SEX_A,0.10817949866100285,4.2736209138872105,531,4234911.856000001
MEDDL,LR,locked_test,base_estimator_log_odds,RATCAT_A,code_9,WTFA_A,11,DISAB3_A,0.07179399650308699,2.83621507535921,531,4234911.856000001
MEDDL,LR,locked_test,base_estimator_log_odds,RATCAT_A,code_9,WTFA_A,12,K6SPD_A,0.06635664933791349,2.6214131873049125,531,4234911.856000001
MEDDL,LR,locked_test,base_estimator_log_odds,NOTCOV_A,code_1,Unweighted,1,NOTCOV_A,1.483347637209093,38.10319773298689,472,4745382.67
MEDDL,LR,locked_test,base_estimator_log_odds,NOTCOV_A,code_1,Unweighted,2,PHSTAT_A,0.3583805719729892,9.205829742810906,472,4745382.67
MEDDL,LR,locked_test,base_estimator_log_odds,NOTCOV_A,code_1,Unweighted,3,AGEP_A,0.3479394776760036,8.937626207397361,472,4745382.67
MEDDL,LR,locked_test,base_estimator_log_odds,NOTCOV_A,code_1,Unweighted,4,FDSCAT3_A,0.3471399423181438,8.917088301736646,472,4745382.67
MEDDL,LR,locked_test,base_estimator_log_odds,NOTCOV_A,code_1,Unweighted,5,EDUCP_A,0.2884235565310471,7.40882280706035,472,4745382.67
MEDDL,LR,locked_test,base_estimator_log_odds,NOTCOV_A,code_1,Unweighted,6,EMPWRKLSW1_A,0.26731778322193644,6.866672448282868,472,4745382.67
MEDDL,LR,locked_test,base_estimator_log_odds,NOTCOV_A,code_1,Unweighted,7,RATCAT_A,0.2144135602456976,5.507705731103605,472,4745382.67
MEDDL,LR,locked_test,base_estimator_log_odds,NOTCOV_A,code_1,Unweighted,8,CHRONIC_BURDEN_CAT,0.17762481114685066,4.562702047476195,472,4745382.67
MEDDL,LR,locked_test,base_estimator_log_odds,NOTCOV_A,code_1,Unweighted,9,HISPALLP_A,0.16802891513846133,4.316209375184772,472,4745382.67
MEDDL,LR,locked_test,base_estimator_log_odds,NOTCOV_A,code_1,Unweighted,10,SEX_A,0.10864847178031146,2.790886033580879,472,4745382.67
MEDDL,LR,locked_test,base_estimator_log_odds,NOTCOV_A,code_1,Unweighted,11,K6SPD_A,0.06976253585544023,1.7920112800096974,472,4745382.67
MEDDL,LR,locked_test,base_estimator_log_odds,NOTCOV_A,code_1,Unweighted,12,DISAB3_A,0.06194688464838126,1.5912482923698366,472,4745382.67
MEDDL,LR,locked_test,base_estimator_log_odds,NOTCOV_A,code_1,WTFA_A,1,NOTCOV_A,1.4833476372090932,37.71103342073561,472,4745382.67
MEDDL,LR,locked_test,base_estimator_log_odds,NOTCOV_A,code_1,WTFA_A,2,AGEP_A,0.36802134924029256,9.356178587277832,472,4745382.67
MEDDL,LR,locked_test,base_estimator_log_odds,NOTCOV_A,code_1,WTFA_A,3,FDSCAT3_A,0.3593301000276174,9.135221623916362,472,4745382.67
MEDDL,LR,locked_test,base_estimator_log_odds,NOTCOV_A,code_1,WTFA_A,4,PHSTAT_A,0.35305036640929593,8.975572436892742,472,4745382.67
MEDDL,LR,locked_test,base_estimator_log_odds,NOTCOV_A,code_1,WTFA_A,5,EDUCP_A,0.30739569878136785,7.814897316953421,472,4745382.67
MEDDL,LR,locked_test,base_estimator_log_odds,NOTCOV_A,code_1,WTFA_A,6,EMPWRKLSW1_A,0.2664254666230104,6.773314241332608,472,4745382.67
MEDDL,LR,locked_test,base_estimator_log_odds,NOTCOV_A,code_1,WTFA_A,7,RATCAT_A,0.21449649898537246,5.453128072585422,472,4745382.67
MEDDL,LR,locked_test,base_estimator_log_odds,NOTCOV_A,code_1,WTFA_A,8,CHRONIC_BURDEN_CAT,0.17685116114532903,4.496073530676547,472,4745382.67
MEDDL,LR,locked_test,base_estimator_log_odds,NOTCOV_A,code_1,WTFA_A,9,HISPALLP_A,0.16761473291305928,4.261256522836967,472,4745382.67
MEDDL,LR,locked_test,base_estimator_log_odds,NOTCOV_A,code_1,WTFA_A,10,SEX_A,0.1090647657257851,2.7727451894205024,472,4745382.67
MEDDL,LR,locked_test,base_estimator_log_odds,NOTCOV_A,code_1,WTFA_A,11,K6SPD_A,0.06547258005602768,1.6645043904071768,472,4745382.67
MEDDL,LR,locked_test,base_estimator_log_odds,NOTCOV_A,code_1,WTFA_A,12,DISAB3_A,0.062387579874323654,1.5860746669647974,472,4745382.67
MEDDL,LR,locked_test,base_estimator_log_odds,NOTCOV_A,code_2,Unweighted,1,AGEP_A,0.3524669088920836,14.996757092893,5928,45351602.004999995
MEDDL,LR,locked_test,base_estimator_log_odds,NOTCOV_A,code_2,Unweighted,2,PHSTAT_A,0.32588567008198116,13.86577891705143,5928,45351602.004999995
MEDDL,LR,locked_test,base_estimator_log_odds,NOTCOV_A,code_2,Unweighted,3,EMPWRKLSW1_A,0.2761409639653675,11.749241859336848,5928,45351602.004999995
MEDDL,LR,locked_test,base_estimator_log_odds,NOTCOV_A,code_2,Unweighted,4,RATCAT_A,0.24393118110668682,10.378780470309378,5928,45351602.004999995
MEDDL,LR,locked_test,base_estimator_log_odds,NOTCOV_A,code_2,Unweighted,5,EDUCP_A,0.2397394639959217,10.20043134950861,5928,45351602.004999995
MEDDL,LR,locked_test,base_estimator_log_odds,NOTCOV_A,code_2,Unweighted,6,FDSCAT3_A,0.23718767420440448,10.09185783327187,5928,45351602.004999995
MEDDL,LR,locked_test,base_estimator_log_odds,NOTCOV_A,code_2,Unweighted,7,HISPALLP_A,0.18178640851294706,7.73464555815303,5928,45351602.004999995
MEDDL,LR,locked_test,base_estimator_log_odds,NOTCOV_A,code_2,Unweighted,8,CHRONIC_BURDEN_CAT,0.15815310026301457,6.729095890413252,5928,45351602.004999995
MEDDL,LR,locked_test,base_estimator_log_odds,NOTCOV_A,code_2,Unweighted,9,SEX_A,0.10708888426148014,4.556416344633538,5928,45351602.004999995
MEDDL,LR,locked_test,base_estimator_log_odds,NOTCOV_A,code_2,Unweighted,10,NOTCOV_A,0.09298360139956578,3.956264967383419,5928,45351602.004999995
MEDDL,LR,locked_test,base_estimator_log_odds,NOTCOV_A,code_2,Unweighted,11,DISAB3_A,0.07585157258350558,3.227331645754744,5928,45351602.004999995
MEDDL,LR,locked_test,base_estimator_log_odds,NOTCOV_A,code_2,Unweighted,12,K6SPD_A,0.05907208095162403,2.5133980712908683,5928,45351602.004999995
MEDDL,LR,locked_test,base_estimator_log_odds,NOTCOV_A,code_2,WTFA_A,1,AGEP_A,0.36031402705969356,15.190529013121699,5928,45351602.004999995
MEDDL,LR,locked_test,base_estimator_log_odds,NOTCOV_A,code_2,WTFA_A,2,PHSTAT_A,0.3321084599232389,14.00140659839294,5928,45351602.004999995
MEDDL,LR,locked_test,base_estimator_log_odds,NOTCOV_A,code_2,WTFA_A,3,EMPWRKLSW1_A,0.272151319795572,11.47366521656148,5928,45351602.004999995
MEDDL,LR,locked_test,base_estimator_log_odds,NOTCOV_A,code_2,WTFA_A,4,RATCAT_A,0.2466488971794479,10.398505046372094,5928,45351602.004999995
MEDDL,LR,locked_test,base_estimator_log_odds,NOTCOV_A,code_2,WTFA_A,5,EDUCP_A,0.24261214880150975,10.228319211937224,5928,45351602.004999995
MEDDL,LR,locked_test,base_estimator_log_odds,NOTCOV_A,code_2,WTFA_A,6,FDSCAT3_A,0.23908638517042338,10.079676054276995,5928,45351602.004999995
MEDDL,LR,locked_test,base_estimator_log_odds,NOTCOV_A,code_2,WTFA_A,7,HISPALLP_A,0.18659950580667353,7.866874431510388,5928,45351602.004999995
MEDDL,LR,locked_test,base_estimator_log_odds,NOTCOV_A,code_2,WTFA_A,8,CHRONIC_BURDEN_CAT,0.16196425741765938,6.828273579768412,5928,45351602.004999995
MEDDL,LR,locked_test,base_estimator_log_odds,NOTCOV_A,code_2,WTFA_A,9,SEX_A,0.10764943077949496,4.538407274471833,5928,45351602.004999995
MEDDL,LR,locked_test,base_estimator_log_odds,NOTCOV_A,code_2,WTFA_A,10,NOTCOV_A,0.09298360139956578,3.9201085406831586,5928,45351602.004999995
MEDDL,LR,locked_test,base_estimator_log_odds,NOTCOV_A,code_2,WTFA_A,11,DISAB3_A,0.07147801734614388,3.013451641495853,5928,45351602.004999995
MEDDL,LR,locked_test,base_estimator_log_odds,NOTCOV_A,code_2,WTFA_A,12,K6SPD_A,0.058368920049716354,2.4607833914079182,5928,45351602.004999995
MEDDL,LR,locked_test,base_estimator_log_odds,SEX_A,code_1,Unweighted,1,AGEP_A,0.35207012678877997,14.288223180095795,2958,24662417.391999997
MEDDL,LR,locked_test,base_estimator_log_odds,SEX_A,code_1,Unweighted,2,PHSTAT_A,0.324448130010637,13.167227035816929,2958,24662417.391999997
MEDDL,LR,locked_test,base_estimator_log_odds,SEX_A,code_1,Unweighted,3,EMPWRKLSW1_A,0.2727027403624099,11.067220191787099,2958,24662417.391999997
MEDDL,LR,locked_test,base_estimator_log_odds,SEX_A,code_1,Unweighted,4,RATCAT_A,0.2454718836650801,9.962097864523935,2958,24662417.391999997
MEDDL,LR,locked_test,base_estimator_log_odds,SEX_A,code_1,Unweighted,5,EDUCP_A,0.24145135401031306,9.798930868410206,2958,24662417.391999997
MEDDL,LR,locked_test,base_estimator_log_odds,SEX_A,code_1,Unweighted,6,FDSCAT3_A,0.23432862790657605,9.509866013208944,2958,24662417.391999997
MEDDL,LR,locked_test,base_estimator_log_odds,SEX_A,code_1,Unweighted,7,NOTCOV_A,0.21370440950087782,8.672863913134583,2958,24662417.391999997
MEDDL,LR,locked_test,base_estimator_log_odds,SEX_A,code_1,Unweighted,8,HISPALLP_A,0.179087178962577,7.267976993816914,2958,24662417.391999997
MEDDL,LR,locked_test,base_estimator_log_odds,SEX_A,code_1,Unweighted,9,CHRONIC_BURDEN_CAT,0.15958712395050123,6.476597331537758,2958,24662417.391999997
MEDDL,LR,locked_test,base_estimator_log_odds,SEX_A,code_1,Unweighted,10,SEX_A,0.11765817758580123,4.774975700559347,2958,24662417.391999997
MEDDL,LR,locked_test,base_estimator_log_odds,SEX_A,code_1,Unweighted,11,DISAB3_A,0.07055191289150976,2.8632405889447785,2958,24662417.391999997
MEDDL,LR,locked_test,base_estimator_log_odds,SEX_A,code_1,Unweighted,12,K6SPD_A,0.05299647757221242,2.1507803181637173,2958,24662417.391999997
MEDDL,LR,locked_test,base_estimator_log_odds,SEX_A,code_1,WTFA_A,1,AGEP_A,0.3659266511837621,14.47693608772943,2958,24662417.391999997
MEDDL,LR,locked_test,base_estimator_log_odds,SEX_A,code_1,WTFA_A,2,PHSTAT_A,0.331537972236218,13.116437458688512,2958,24662417.391999997
MEDDL,LR,locked_test,base_estimator_log_odds,SEX_A,code_1,WTFA_A,3,EMPWRKLSW1_A,0.2686915614882915,10.630082696613457,2958,24662417.391999997
MEDDL,LR,locked_test,base_estimator_log_odds,SEX_A,code_1,WTFA_A,4,EDUCP_A,0.24631337685261434,9.74474803273456,2958,24662417.391999997
MEDDL,LR,locked_test,base_estimator_log_odds,SEX_A,code_1,WTFA_A,5,RATCAT_A,0.24595436965479295,9.73054484681989,2958,24662417.391999997
MEDDL,LR,locked_test,base_estimator_log_odds,SEX_A,code_1,WTFA_A,6,NOTCOV_A,0.24370211073871162,9.641440081491513,2958,24662417.391999997
MEDDL,LR,locked_test,base_estimator_log_odds,SEX_A,code_1,WTFA_A,7,FDSCAT3_A,0.2399896371231159,9.49456571995896,2958,24662417.391999997
MEDDL,LR,locked_test,base_estimator_log_odds,SEX_A,code_1,WTFA_A,8,HISPALLP_A,0.18306079830063385,7.242324298035728,2958,24662417.391999997
MEDDL,LR,locked_test,base_estimator_log_odds,SEX_A,code_1,WTFA_A,9,CHRONIC_BURDEN_CAT,0.16246190417069448,6.427382634638595,2958,24662417.391999997
MEDDL,LR,locked_test,base_estimator_log_odds,SEX_A,code_1,WTFA_A,10,SEX_A,0.11765817758580129,4.654839737958801,2958,24662417.391999997
MEDDL,LR,locked_test,base_estimator_log_odds,SEX_A,code_1,WTFA_A,11,DISAB3_A,0.06751877165879838,2.6712045675392884,2958,24662417.391999997
MEDDL,LR,locked_test,base_estimator_log_odds,SEX_A,code_1,WTFA_A,12,K6SPD_A,0.054837267362094204,2.169493837791274,2958,24662417.391999997
MEDDL,LR,locked_test,base_estimator_log_odds,SEX_A,code_2,Unweighted,1,AGEP_A,0.3523555185370031,14.27368843356541,3460,25603154.915
MEDDL,LR,locked_test,base_estimator_log_odds,SEX_A,code_2,Unweighted,2,PHSTAT_A,0.33235247430479004,13.463378374341938,3460,25603154.915
MEDDL,LR,locked_test,base_estimator_log_odds,SEX_A,code_2,Unweighted,3,EMPWRKLSW1_A,0.2779084463080362,11.257886898231092,3460,25603154.915
MEDDL,LR,locked_test,base_estimator_log_odds,SEX_A,code_2,Unweighted,4,FDSCAT3_A,0.25484744010581495,10.323700827123885,3460,25603154.915
MEDDL,LR,locked_test,base_estimator_log_odds,SEX_A,code_2,Unweighted,5,EDUCP_A,0.24526109584131148,9.935364377005113,3460,25603154.915
MEDDL,LR,locked_test,base_estimator_log_odds,SEX_A,code_2,Unweighted,6,RATCAT_A,0.2384092936485897,9.657802413130094,3460,25603154.915
MEDDL,LR,locked_test,base_estimator_log_odds,SEX_A,code_2,Unweighted,7,NOTCOV_A,0.18269805251129614,7.400976972896636,3460,25603154.915
MEDDL,LR,locked_test,base_estimator_log_odds,SEX_A,code_2,Unweighted,8,HISPALLP_A,0.18239975691981827,7.388893216264869,3460,25603154.915
MEDDL,LR,locked_test,base_estimator_log_odds,SEX_A,code_2,Unweighted,9,CHRONIC_BURDEN_CAT,0.15987500967885787,6.476430640122423,3460,25603154.915
MEDDL,LR,locked_test,base_estimator_log_odds,SEX_A,code_2,Unweighted,10,SEX_A,0.0982399988634671,3.9796372178677557,3460,25603154.915
MEDDL,LR,locked_test,base_estimator_log_odds,SEX_A,code_2,Unweighted,11,DISAB3_A,0.07847233271690655,3.178862168831273,3460,25603154.915
MEDDL,LR,locked_test,base_estimator_log_odds,SEX_A,code_2,Unweighted,12,K6SPD_A,0.06574727358802698,2.6633784606195348,3460,25603154.915
MEDDL,LR,locked_test,base_estimator_log_odds,SEX_A,code_2,WTFA_A,1,AGEP_A,0.3561996915015931,14.145851575957373,3460,25603154.915
MEDDL,LR,locked_test,base_estimator_log_odds,SEX_A,code_2,WTFA_A,2,PHSTAT_A,0.3375663716251019,13.405861666844828,3460,25603154.915
MEDDL,LR,locked_test,base_estimator_log_odds,SEX_A,code_2,WTFA_A,3,EMPWRKLSW1_A,0.2745361057062605,10.902724219638289,3460,25603154.915
MEDDL,LR,locked_test,base_estimator_log_odds,SEX_A,code_2,WTFA_A,4,FDSCAT3_A,0.26096724574325814,10.363860532579974,3460,25603154.915
MEDDL,LR,locked_test,base_estimator_log_odds,SEX_A,code_2,WTFA_A,5,EDUCP_A,0.2517300418466046,9.9970210365993,3460,25603154.915
MEDDL,LR,locked_test,base_estimator_log_odds,SEX_A,code_2,WTFA_A,6,RATCAT_A,0.24096818062894423,9.569632425384306,3460,25603154.915
MEDDL,LR,locked_test,base_estimator_log_odds,SEX_A,code_2,WTFA_A,7,NOTCOV_A,0.20950440124172973,8.320103119634716,3460,25603154.915
MEDDL,LR,locked_test,base_estimator_log_odds,SEX_A,code_2,WTFA_A,8,HISPALLP_A,0.18694326196522815,7.424126690670106,3460,25603154.915
MEDDL,LR,locked_test,base_estimator_log_odds,SEX_A,code_2,WTFA_A,9,CHRONIC_BURDEN_CAT,0.16463513314440667,6.538198132151783,3460,25603154.915
MEDDL,LR,locked_test,base_estimator_log_odds,SEX_A,code_2,WTFA_A,10,SEX_A,0.09823999886346711,3.9014307870017104,3460,25603154.915
MEDDL,LR,locked_test,base_estimator_log_odds,SEX_A,code_2,WTFA_A,11,DISAB3_A,0.07360751218533851,2.9231943965471276,3460,25603154.915
MEDDL,LR,locked_test,base_estimator_log_odds,SEX_A,code_2,WTFA_A,12,K6SPD_A,0.06315259205304903,2.5079954169904757,3460,25603154.915
MEDDL,LR,locked_test,base_estimator_log_odds,AGE_GROUP,18-34,Unweighted,1,AGEP_A,0.5669229659491863,20.144656219437366,1296,14130183.015999999
MEDDL,LR,locked_test,base_estimator_log_odds,AGE_GROUP,18-34,Unweighted,2,PHSTAT_A,0.3357494432517494,11.930293031699492,1296,14130183.015999999
MEDDL,LR,locked_test,base_estimator_log_odds,AGE_GROUP,18-34,Unweighted,3,NOTCOV_A,0.2980298523796206,10.589990668776752,1296,14130183.015999999
MEDDL,LR,locked_test,base_estimator_log_odds,AGE_GROUP,18-34,Unweighted,4,FDSCAT3_A,0.2767504295266521,9.833862087526947,1296,14130183.015999999
MEDDL,LR,locked_test,base_estimator_log_odds,AGE_GROUP,18-34,Unweighted,5,EMPWRKLSW1_A,0.26096879863174516,9.273088317447492,1296,14130183.015999999
MEDDL,LR,locked_test,base_estimator_log_odds,AGE_GROUP,18-34,Unweighted,6,EDUCP_A,0.2353573400044098,8.363028114713957,1296,14130183.015999999
MEDDL,LR,locked_test,base_estimator_log_odds,AGE_GROUP,18-34,Unweighted,7,RATCAT_A,0.2335109882395301,8.297421103183952,1296,14130183.015999999
MEDDL,LR,locked_test,base_estimator_log_odds,AGE_GROUP,18-34,Unweighted,8,HISPALLP_A,0.188315634344944,6.691480046628041,1296,14130183.015999999
MEDDL,LR,locked_test,base_estimator_log_odds,AGE_GROUP,18-34,Unweighted,9,CHRONIC_BURDEN_CAT,0.18082439128809674,6.425291295950474,1296,14130183.015999999
MEDDL,LR,locked_test,base_estimator_log_odds,AGE_GROUP,18-34,Unweighted,10,SEX_A,0.10788010752770907,3.8333385831760824,1296,14130183.015999999
MEDDL,LR,locked_test,base_estimator_log_odds,AGE_GROUP,18-34,Unweighted,11,K6SPD_A,0.07154159320492992,2.5421104577959954,1296,14130183.015999999
MEDDL,LR,locked_test,base_estimator_log_odds,AGE_GROUP,18-34,Unweighted,12,DISAB3_A,0.058408276090398996,2.0754400736634326,1296,14130183.015999999
MEDDL,LR,locked_test,base_estimator_log_odds,AGE_GROUP,18-34,WTFA_A,1,AGEP_A,0.5920889370929882,20.816253259961442,1296,14130183.015999999
MEDDL,LR,locked_test,base_estimator_log_odds,AGE_GROUP,18-34,WTFA_A,2,PHSTAT_A,0.34784760625047556,12.229385509434131,1296,14130183.015999999
MEDDL,LR,locked_test,base_estimator_log_odds,AGE_GROUP,18-34,WTFA_A,3,NOTCOV_A,0.29769339987727494,10.466098617024333,1296,14130183.015999999
MEDDL,LR,locked_test,base_estimator_log_odds,AGE_GROUP,18-34,WTFA_A,4,FDSCAT3_A,0.2733403176747056,9.609909799718787,1296,14130183.015999999
MEDDL,LR,locked_test,base_estimator_log_odds,AGE_GROUP,18-34,WTFA_A,5,EMPWRKLSW1_A,0.2625987754018766,9.23226608718532,1296,14130183.015999999
MEDDL,LR,locked_test,base_estimator_log_odds,AGE_GROUP,18-34,WTFA_A,6,EDUCP_A,0.2357757952164172,8.289242305202782,1296,14130183.015999999
MEDDL,LR,locked_test,base_estimator_log_odds,AGE_GROUP,18-34,WTFA_A,7,RATCAT_A,0.23546084876122875,8.278169635602303,1296,14130183.015999999
MEDDL,LR,locked_test,base_estimator_log_odds,AGE_GROUP,18-34,WTFA_A,8,CHRONIC_BURDEN_CAT,0.18130292228766615,6.374122721564123,1296,14130183.015999999
MEDDL,LR,locked_test,base_estimator_log_odds,AGE_GROUP,18-34,WTFA_A,9,HISPALLP_A,0.18064175392286874,6.350877821572121,1296,14130183.015999999
MEDDL,LR,locked_test,base_estimator_log_odds,AGE_GROUP,18-34,WTFA_A,10,SEX_A,0.1082353964296182,3.8052651934913864,1296,14130183.015999999
MEDDL,LR,locked_test,base_estimator_log_odds,AGE_GROUP,18-34,WTFA_A,11,K6SPD_A,0.06988933511543594,2.4571208965263067,1296,14130183.015999999
MEDDL,LR,locked_test,base_estimator_log_odds,AGE_GROUP,18-34,WTFA_A,12,DISAB3_A,0.059483739174089646,2.091288152716954,1296,14130183.015999999
MEDDL,LR,locked_test,base_estimator_log_odds,AGE_GROUP,35-49,Unweighted,1,PHSTAT_A,0.3339132039783121,13.679248638988364,1424,12578947.664
MEDDL,LR,locked_test,base_estimator_log_odds,AGE_GROUP,35-49,Unweighted,2,FDSCAT3_A,0.26613537557464917,10.902629577812778,1424,12578947.664
MEDDL,LR,locked_test,base_estimator_log_odds,AGE_GROUP,35-49,Unweighted,3,EMPWRKLSW1_A,0.2592937249717423,10.622351234269567,1424,12578947.664
MEDDL,LR,locked_test,base_estimator_log_odds,AGE_GROUP,35-49,Unweighted,4,AGEP_A,0.25401012063550327,10.40590056216573,1424,12578947.664
MEDDL,LR,locked_test,base_estimator_log_odds,AGE_GROUP,35-49,Unweighted,5,RATCAT_A,0.24981601002718012,10.234082613228326,1424,12578947.664
MEDDL,LR,locked_test,base_estimator_log_odds,AGE_GROUP,35-49,Unweighted,6,EDUCP_A,0.2410259830065977,9.873986145866755,1424,12578947.664
MEDDL,LR,locked_test,base_estimator_log_odds,AGE_GROUP,35-49,Unweighted,7,NOTCOV_A,0.2364934434357894,9.68830395355918,1424,12578947.664
MEDDL,LR,locked_test,base_estimator_log_odds,AGE_GROUP,35-49,Unweighted,8,HISPALLP_A,0.20025456312313422,8.203724582964576,1424,12578947.664
MEDDL,LR,locked_test,base_estimator_log_odds,AGE_GROUP,35-49,Unweighted,9,CHRONIC_BURDEN_CAT,0.1683839301812067,6.89809693152592,1424,12578947.664
MEDDL,LR,locked_test,base_estimator_log_odds,AGE_GROUP,35-49,Unweighted,10,SEX_A,0.10723999742859389,4.393245224784489,1424,12578947.664
MEDDL,LR,locked_test,base_estimator_log_odds,AGE_GROUP,35-49,Unweighted,11,K6SPD_A,0.06455416550041354,2.6445569388742007,1424,12578947.664
MEDDL,LR,locked_test,base_estimator_log_odds,AGE_GROUP,35-49,Unweighted,12,DISAB3_A,0.05989954683983438,2.4538735959601152,1424,12578947.664
MEDDL,LR,locked_test,base_estimator_log_odds,AGE_GROUP,35-49,WTFA_A,1,PHSTAT_A,0.33557578998494964,13.557505120185118,1424,12578947.664
MEDDL,LR,locked_test,base_estimator_log_odds,AGE_GROUP,35-49,WTFA_A,2,FDSCAT3_A,0.2721259708858988,10.994086444038125,1424,12578947.664
MEDDL,LR,locked_test,base_estimator_log_odds,AGE_GROUP,35-49,WTFA_A,3,EMPWRKLSW1_A,0.25967974279025297,10.4912498087097,1424,12578947.664
MEDDL,LR,locked_test,base_estimator_log_odds,AGE_GROUP,35-49,WTFA_A,4,NOTCOV_A,0.25443142169077715,10.279213832628974,1424,12578947.664
MEDDL,LR,locked_test,base_estimator_log_odds,AGE_GROUP,35-49,WTFA_A,5,EDUCP_A,0.25273055185449644,10.210497458556882,1424,12578947.664
MEDDL,LR,locked_test,base_estimator_log_odds,AGE_GROUP,35-49,WTFA_A,6,AGEP_A,0.25216842096514397,10.18778696322898,1424,12578947.664
MEDDL,LR,locked_test,base_estimator_log_odds,AGE_GROUP,35-49,WTFA_A,7,RATCAT_A,0.24968761651782181,10.087560665621941,1424,12578947.664
MEDDL,LR,locked_test,base_estimator_log_odds,AGE_GROUP,35-49,WTFA_A,8,HISPALLP_A,0.1982832848343507,8.010788410896385,1424,12578947.664
MEDDL,LR,locked_test,base_estimator_log_odds,AGE_GROUP,35-49,WTFA_A,9,CHRONIC_BURDEN_CAT,0.1686312731174032,6.812825647568511,1424,12578947.664
MEDDL,LR,locked_test,base_estimator_log_odds,AGE_GROUP,35-49,WTFA_A,10,SEX_A,0.10790329569263939,4.359371347686964,1424,12578947.664
MEDDL,LR,locked_test,base_estimator_log_odds,AGE_GROUP,35-49,WTFA_A,11,K6SPD_A,0.06473670424717075,2.6154097687866282,1424,12578947.664
MEDDL,LR,locked_test,base_estimator_log_odds,AGE_GROUP,35-49,WTFA_A,12,DISAB3_A,0.05924904930711078,2.393704532091785,1424,12578947.664
MEDDL,LR,locked_test,base_estimator_log_odds,AGE_GROUP,50-64,Unweighted,1,PHSTAT_A,0.3270009074370918,14.650823008749509,1524,11722892.652
MEDDL,LR,locked_test,base_estimator_log_odds,AGE_GROUP,50-64,Unweighted,2,EMPWRKLSW1_A,0.26920582085785416,12.061394157055384,1524,11722892.652
MEDDL,LR,locked_test,base_estimator_log_odds,AGE_GROUP,50-64,Unweighted,3,FDSCAT3_A,0.2536202345645308,11.363103537433783,1524,11722892.652
MEDDL,LR,locked_test,base_estimator_log_odds,AGE_GROUP,50-64,Unweighted,4,RATCAT_A,0.24514901057680258,10.983562072902663,1524,11722892.652
MEDDL,LR,locked_test,base_estimator_log_odds,AGE_GROUP,50-64,Unweighted,5,EDUCP_A,0.2451371300580006,10.983029782703273,1524,11722892.652
MEDDL,LR,locked_test,base_estimator_log_odds,AGE_GROUP,50-64,Unweighted,6,NOTCOV_A,0.20818844889135127,9.32759526901332,1524,11722892.652
MEDDL,LR,locked_test,base_estimator_log_odds,AGE_GROUP,50-64,Unweighted,7,HISPALLP_A,0.17650570670445573,7.908093861968,1524,11722892.652
MEDDL,LR,locked_test,base_estimator_log_odds,AGE_GROUP,50-64,Unweighted,8,CHRONIC_BURDEN_CAT,0.1517941346006454,6.800926080696548,1524,11722892.652
MEDDL,LR,locked_test,base_estimator_log_odds,AGE_GROUP,50-64,Unweighted,9,AGEP_A,0.11240962030148492,5.036357435291274,1524,11722892.652
MEDDL,LR,locked_test,base_estimator_log_odds,AGE_GROUP,50-64,Unweighted,10,SEX_A,0.10728652569605059,4.806824273106587,1524,11722892.652
MEDDL,LR,locked_test,base_estimator_log_odds,AGE_GROUP,50-64,Unweighted,11,DISAB3_A,0.07525342892035418,3.371625713686203,1524,11722892.652
MEDDL,LR,locked_test,base_estimator_log_odds,AGE_GROUP,50-64,Unweighted,12,K6SPD_A,0.06041174940255074,2.7066648073934507,1524,11722892.652
MEDDL,LR,locked_test,base_estimator_log_odds,AGE_GROUP,50-64,WTFA_A,1,PHSTAT_A,0.3251944278620957,14.489695996098922,1524,11722892.652
MEDDL,LR,locked_test,base_estimator_log_odds,AGE_GROUP,50-64,WTFA_A,2,EMPWRKLSW1_A,0.26777120346814526,11.93108799640418,1524,11722892.652
MEDDL,LR,locked_test,base_estimator_log_odds,AGE_GROUP,50-64,WTFA_A,3,EDUCP_A,0.25617438568147494,11.414368305492799,1524,11722892.652
MEDDL,LR,locked_test,base_estimator_log_odds,AGE_GROUP,50-64,WTFA_A,4,RATCAT_A,0.2486778381823391,11.08034445706186,1524,11722892.652
MEDDL,LR,locked_test,base_estimator_log_odds,AGE_GROUP,50-64,WTFA_A,5,FDSCAT3_A,0.24395704983243321,10.87000017625189,1524,11722892.652
MEDDL,LR,locked_test,base_estimator_log_odds,AGE_GROUP,50-64,WTFA_A,6,NOTCOV_A,0.2299138203325248,10.244275659399435,1524,11722892.652
MEDDL,LR,locked_test,base_estimator_log_odds,AGE_GROUP,50-64,WTFA_A,7,HISPALLP_A,0.1829205125637572,8.1503937073098,1524,11722892.652
MEDDL,LR,locked_test,base_estimator_log_odds,AGE_GROUP,50-64,WTFA_A,8,CHRONIC_BURDEN_CAT,0.153411573790093,6.835563207879437,1524,11722892.652
MEDDL,LR,locked_test,base_estimator_log_odds,AGE_GROUP,50-64,WTFA_A,9,SEX_A,0.10759575229939027,4.794146540391707,1524,11722892.652
MEDDL,LR,locked_test,base_estimator_log_odds,AGE_GROUP,50-64,WTFA_A,10,AGEP_A,0.10572608466440793,4.710839714310026,1524,11722892.652
MEDDL,LR,locked_test,base_estimator_log_odds,AGE_GROUP,50-64,WTFA_A,11,DISAB3_A,0.07067046557279384,3.148865645652452,1524,11722892.652
MEDDL,LR,locked_test,base_estimator_log_odds,AGE_GROUP,50-64,WTFA_A,12,K6SPD_A,0.05230193521499288,2.3304185937474995,1524,11722892.652
MEDDL,LR,locked_test,base_estimator_log_odds,AGE_GROUP,65+,Unweighted,1,AGEP_A,0.45941717573547486,18.8126507232999,2161,11750131.791
MEDDL,LR,locked_test,base_estimator_log_odds,AGE_GROUP,65+,Unweighted,2,PHSTAT_A,0.3225198850203797,13.206850480707299,2161,11750131.791
MEDDL,LR,locked_test,base_estimator_log_odds,AGE_GROUP,65+,Unweighted,3,EMPWRKLSW1_A,0.29935902409013077,12.25843755636645,2161,11750131.791
MEDDL,LR,locked_test,base_estimator_log_odds,AGE_GROUP,65+,Unweighted,4,EDUCP_A,0.24874593911615825,10.18588489631465,2161,11750131.791
MEDDL,LR,locked_test,base_estimator_log_odds,AGE_GROUP,65+,Unweighted,5,RATCAT_A,0.23858143473560522,9.769659119860664,2161,11750131.791
MEDDL,LR,locked_test,base_estimator_log_odds,AGE_GROUP,65+,Unweighted,6,FDSCAT3_A,0.207778407845448,8.508307527645483,2161,11750131.791
MEDDL,LR,locked_test,base_estimator_log_odds,AGE_GROUP,65+,Unweighted,7,HISPALLP_A,0.16606638044940905,6.800243824745914,2161,11750131.791
MEDDL,LR,locked_test,base_estimator_log_odds,AGE_GROUP,65+,Unweighted,8,CHRONIC_BURDEN_CAT,0.1469146592052841,6.016000958904135,2161,11750131.791
MEDDL,LR,locked_test,base_estimator_log_odds,AGE_GROUP,65+,Unweighted,9,SEX_A,0.10673152079433512,4.370543653828401,2161,11750131.791
MEDDL,LR,locked_test,base_estimator_log_odds,AGE_GROUP,65+,Unweighted,10,NOTCOV_A,0.10216981869101141,4.183746744818225,2161,11750131.791
MEDDL,LR,locked_test,base_estimator_log_odds,AGE_GROUP,65+,Unweighted,11,DISAB3_A,0.09426009293757079,3.85985178447341,2161,11750131.791
MEDDL,LR,locked_test,base_estimator_log_odds,AGE_GROUP,65+,Unweighted,12,K6SPD_A,0.049520750944036386,2.0278227290354733,2161,11750131.791
MEDDL,LR,locked_test,base_estimator_log_odds,AGE_GROUP,65+,WTFA_A,1,AGEP_A,0.4566543764695867,18.513067919879962,2161,11750131.791
MEDDL,LR,locked_test,base_estimator_log_odds,AGE_GROUP,65+,WTFA_A,2,PHSTAT_A,0.3279796071756211,13.296508381064893,2161,11750131.791
MEDDL,LR,locked_test,base_estimator_log_odds,AGE_GROUP,65+,WTFA_A,3,EMPWRKLSW1_A,0.2991988830343823,12.129718948476224,2161,11750131.791
MEDDL,LR,locked_test,base_estimator_log_odds,AGE_GROUP,65+,WTFA_A,4,EDUCP_A,0.2530171563716172,10.257481461178118,2161,11750131.791
MEDDL,LR,locked_test,base_estimator_log_odds,AGE_GROUP,65+,WTFA_A,5,RATCAT_A,0.24062294231330728,9.755011894480985,2161,11750131.791
MEDDL,LR,locked_test,base_estimator_log_odds,AGE_GROUP,65+,WTFA_A,6,FDSCAT3_A,0.20804507684686008,8.434283862204662,2161,11750131.791
MEDDL,LR,locked_test,base_estimator_log_odds,AGE_GROUP,65+,WTFA_A,7,HISPALLP_A,0.17753379507667127,7.197336488348231,2161,11750131.791
MEDDL,LR,locked_test,base_estimator_log_odds,AGE_GROUP,65+,WTFA_A,8,CHRONIC_BURDEN_CAT,0.14683353078053588,5.95272763894531,2161,11750131.791
MEDDL,LR,locked_test,base_estimator_log_odds,AGE_GROUP,65+,WTFA_A,9,SEX_A,0.1072907344878118,4.349636743006129,2161,11750131.791
MEDDL,LR,locked_test,base_estimator_log_odds,AGE_GROUP,65+,WTFA_A,10,NOTCOV_A,0.1069222620077157,4.334698626999526,2161,11750131.791
MEDDL,LR,locked_test,base_estimator_log_odds,AGE_GROUP,65+,WTFA_A,11,DISAB3_A,0.0956290507320929,3.8768644352076866,2161,11750131.791
MEDDL,LR,locked_test,base_estimator_log_odds,AGE_GROUP,65+,WTFA_A,12,K6SPD_A,0.04693223531316881,1.9026636002082629,2161,11750131.791
MEDDL,RF,locked_test,base_estimator_positive_class_probability,HISPALLP_A,code_1,Unweighted,1,NOTCOV_A,0.039021957717823096,28.212529866761127,935,9079677.384
MEDDL,RF,locked_test,base_estimator_positive_class_probability,HISPALLP_A,code_1,Unweighted,2,FDSCAT3_A,0.027295874118140915,19.734675265809887,935,9079677.384
MEDDL,RF,locked_test,base_estimator_positive_class_probability,HISPALLP_A,code_1,Unweighted,3,AGEP_A,0.012346542010728804,8.926440537600463,935,9079677.384
MEDDL,RF,locked_test,base_estimator_positive_class_probability,HISPALLP_A,code_1,Unweighted,4,EMPWRKLSW1_A,0.011700269122291754,8.459190962400898,935,9079677.384
MEDDL,RF,locked_test,base_estimator_positive_class_probability,HISPALLP_A,code_1,Unweighted,5,PHSTAT_A,0.010581548402046014,7.650365788617225,935,9079677.384
MEDDL,RF,locked_test,base_estimator_positive_class_probability,HISPALLP_A,code_1,Unweighted,6,K6SPD_A,0.008756662208451938,6.330989231128477,935,9079677.384
MEDDL,RF,locked_test,base_estimator_positive_class_probability,HISPALLP_A,code_1,Unweighted,7,RATCAT_A,0.006585802996646223,4.761477245274709,935,9079677.384
MEDDL,RF,locked_test,base_estimator_positive_class_probability,HISPALLP_A,code_1,Unweighted,8,CHRONIC_BURDEN_CAT,0.006183557826168929,4.470657549145836,935,9079677.384
MEDDL,RF,locked_test,base_estimator_positive_class_probability,HISPALLP_A,code_1,Unweighted,9,DISAB3_A,0.006019282605257767,4.351888019184295,935,9079677.384
MEDDL,RF,locked_test,base_estimator_positive_class_probability,HISPALLP_A,code_1,Unweighted,10,EDUCP_A,0.004181421710875628,3.023130867924664,935,9079677.384
MEDDL,RF,locked_test,base_estimator_positive_class_probability,HISPALLP_A,code_1,Unweighted,11,SEX_A,0.0033326642834282257,2.409486764144649,935,9079677.384
MEDDL,RF,locked_test,base_estimator_positive_class_probability,HISPALLP_A,code_1,Unweighted,12,HISPALLP_A,0.0023086975752866835,1.6691679020077665,935,9079677.384
MEDDL,RF,locked_test,base_estimator_positive_class_probability,HISPALLP_A,code_1,WTFA_A,1,NOTCOV_A,0.044098337038542886,30.97572211260118,935,9079677.384
MEDDL,RF,locked_test,base_estimator_positive_class_probability,HISPALLP_A,code_1,WTFA_A,2,FDSCAT3_A,0.026737721070470174,18.781212023465724,935,9079677.384
MEDDL,RF,locked_test,base_estimator_positive_class_probability,HISPALLP_A,code_1,WTFA_A,3,AGEP_A,0.011792001034274847,8.282982346249321,935,9079677.384
MEDDL,RF,locked_test,base_estimator_positive_class_probability,HISPALLP_A,code_1,WTFA_A,4,EMPWRKLSW1_A,0.01126711438012286,7.914289460496863,935,9079677.384
MEDDL,RF,locked_test,base_estimator_positive_class_probability,HISPALLP_A,code_1,WTFA_A,5,PHSTAT_A,0.010948502888482885,7.69048916121811,935,9079677.384
MEDDL,RF,locked_test,base_estimator_positive_class_probability,HISPALLP_A,code_1,WTFA_A,6,K6SPD_A,0.008260324869746661,5.802248903432474,935,9079677.384
MEDDL,RF,locked_test,base_estimator_positive_class_probability,HISPALLP_A,code_1,WTFA_A,7,CHRONIC_BURDEN_CAT,0.006696140838161312,4.703528789496928,935,9079677.384
MEDDL,RF,locked_test,base_estimator_positive_class_probability,HISPALLP_A,code_1,WTFA_A,8,RATCAT_A,0.0064387000968817824,4.52269628201786,935,9079677.384
MEDDL,RF,locked_test,base_estimator_positive_class_probability,HISPALLP_A,code_1,WTFA_A,9,DISAB3_A,0.005986464389725247,4.205035151575844,935,9079677.384
MEDDL,RF,locked_test,base_estimator_positive_class_probability,HISPALLP_A,code_1,WTFA_A,10,EDUCP_A,0.004439074890135448,3.1181119168661673,935,9079677.384
MEDDL,RF,locked_test,base_estimator_positive_class_probability,HISPALLP_A,code_1,WTFA_A,11,SEX_A,0.0033237531480816212,2.3346833644968115,935,9079677.384
MEDDL,RF,locked_test,base_estimator_positive_class_probability,HISPALLP_A,code_1,WTFA_A,12,HISPALLP_A,0.002376059088256876,1.669000488082746,935,9079677.384
MEDDL,RF,locked_test,base_estimator_positive_class_probability,HISPALLP_A,code_2,Unweighted,1,FDSCAT3_A,0.019662839180158025,18.68030441358859,4243,30287641.996999998
MEDDL,RF,locked_test,base_estimator_positive_class_probability,HISPALLP_A,code_2,Unweighted,2,NOTCOV_A,0.017613703058482703,16.733561820260437,4243,30287641.996999998
MEDDL,RF,locked_test,base_estimator_positive_class_probability,HISPALLP_A,code_2,Unweighted,3,AGEP_A,0.015115534687427871,14.360224723815346,4243,30287641.996999998
MEDDL,RF,locked_test,base_estimator_positive_class_probability,HISPALLP_A,code_2,Unweighted,4,EMPWRKLSW1_A,0.011599232508600241,11.019629069808829,4243,30287641.996999998
MEDDL,RF,locked_test,base_estimator_positive_class_probability,HISPALLP_A,code_2,Unweighted,5,K6SPD_A,0.00869591935685605,8.261391920756331,4243,30287641.996999998
MEDDL,RF,locked_test,base_estimator_positive_class_probability,HISPALLP_A,code_2,Unweighted,6,PHSTAT_A,0.007935263240209184,7.5387451207275555,4243,30287641.996999998
MEDDL,RF,locked_test,base_estimator_positive_class_probability,HISPALLP_A,code_2,Unweighted,7,RATCAT_A,0.007662359815916508,7.279478440336746,4243,30287641.996999998
MEDDL,RF,locked_test,base_estimator_positive_class_probability,HISPALLP_A,code_2,Unweighted,8,DISAB3_A,0.005681614483102646,5.397709208348326,4243,30287641.996999998
MEDDL,RF,locked_test,base_estimator_positive_class_probability,HISPALLP_A,code_2,Unweighted,9,CHRONIC_BURDEN_CAT,0.003657035592177856,3.4742967425654117,4243,30287641.996999998
MEDDL,RF,locked_test,base_estimator_positive_class_probability,HISPALLP_A,code_2,Unweighted,10,SEX_A,0.0029889329342829645,2.8395785864204806,4243,30287641.996999998
MEDDL,RF,locked_test,base_estimator_positive_class_probability,HISPALLP_A,code_2,Unweighted,11,EDUCP_A,0.002723196866196806,2.5871211157552674,4243,30287641.996999998
MEDDL,RF,locked_test,base_estimator_positive_class_probability,HISPALLP_A,code_2,Unweighted,12,HISPALLP_A,0.001924104653554771,1.8279588376166882,4243,30287641.996999998
MEDDL,RF,locked_test,base_estimator_positive_class_probability,HISPALLP_A,code_2,WTFA_A,1,FDSCAT3_A,0.02029235767915693,19.001255710918496,4243,30287641.996999998
MEDDL,RF,locked_test,base_estimator_positive_class_probability,HISPALLP_A,code_2,WTFA_A,2,NOTCOV_A,0.018258510255130964,17.09681190049795,4243,30287641.996999998
MEDDL,RF,locked_test,base_estimator_positive_class_probability,HISPALLP_A,code_2,WTFA_A,3,AGEP_A,0.014122273622965784,13.22374346895904,4243,30287641.996999998
MEDDL,RF,locked_test,base_estimator_positive_class_probability,HISPALLP_A,code_2,WTFA_A,4,EMPWRKLSW1_A,0.011295354098955912,10.576686798699754,4243,30287641.996999998
MEDDL,RF,locked_test,base_estimator_positive_class_probability,HISPALLP_A,code_2,WTFA_A,5,K6SPD_A,0.00890766950154641,8.340918717448176,4243,30287641.996999998
MEDDL,RF,locked_test,base_estimator_positive_class_probability,HISPALLP_A,code_2,WTFA_A,6,PHSTAT_A,0.00842863645940567,7.892364169395602,4243,30287641.996999998
MEDDL,RF,locked_test,base_estimator_positive_class_probability,HISPALLP_A,code_2,WTFA_A,7,RATCAT_A,0.008007107260153287,7.497654780213083,4243,30287641.996999998
MEDDL,RF,locked_test,base_estimator_positive_class_probability,HISPALLP_A,code_2,WTFA_A,8,DISAB3_A,0.005658433693805552,5.298415651805293,4243,30287641.996999998
MEDDL,RF,locked_test,base_estimator_positive_class_probability,HISPALLP_A,code_2,WTFA_A,9,CHRONIC_BURDEN_CAT,0.0037904681502235345,3.549299481374109,4243,30287641.996999998
MEDDL,RF,locked_test,base_estimator_positive_class_probability,HISPALLP_A,code_2,WTFA_A,10,SEX_A,0.0031904791069112997,2.9874847619620284,4243,30287641.996999998
MEDDL,RF,locked_test,base_estimator_positive_class_probability,HISPALLP_A,code_2,WTFA_A,11,EDUCP_A,0.002808575439998618,2.6298797292358955,4243,30287641.996999998
MEDDL,RF,locked_test,base_estimator_positive_class_probability,HISPALLP_A,code_2,WTFA_A,12,HISPALLP_A,0.0020349591785142496,1.905484829490565,4243,30287641.996999998
MEDDL,RF,locked_test,base_estimator_positive_class_probability,HISPALLP_A,code_3,Unweighted,1,FDSCAT3_A,0.026371118854757052,22.101516671610387,671,6134871.62
MEDDL,RF,locked_test,base_estimator_positive_class_probability,HISPALLP_A,code_3,Unweighted,2,NOTCOV_A,0.02105895368235504,17.649414818563212,671,6134871.62
MEDDL,RF,locked_test,base_estimator_positive_class_probability,HISPALLP_A,code_3,Unweighted,3,AGEP_A,0.014100969752311282,11.817959631635537,671,6134871.62
MEDDL,RF,locked_test,base_estimator_positive_class_probability,HISPALLP_A,code_3,Unweighted,4,EMPWRKLSW1_A,0.012884344039058929,10.798311067133834,671,6134871.62
MEDDL,RF,locked_test,base_estimator_positive_class_probability,HISPALLP_A,code_3,Unweighted,5,K6SPD_A,0.00897521328341702,7.52208607860858,671,6134871.62
MEDDL,RF,locked_test,base_estimator_positive_class_probability,HISPALLP_A,code_3,Unweighted,6,PHSTAT_A,0.008893341831176252,7.453469980952872,671,6134871.62
MEDDL,RF,locked_test,base_estimator_positive_class_probability,HISPALLP_A,code_3,Unweighted,7,RATCAT_A,0.006588502129008844,5.521794143328964,671,6134871.62
MEDDL,RF,locked_test,base_estimator_positive_class_probability,HISPALLP_A,code_3,Unweighted,8,DISAB3_A,0.005723210324548818,4.796596955169792,671,6134871.62
MEDDL,RF,locked_test,base_estimator_positive_class_probability,HISPALLP_A,code_3,Unweighted,9,CHRONIC_BURDEN_CAT,0.004251306855844215,3.563001246480032,671,6134871.62
MEDDL,RF,locked_test,base_estimator_positive_class_probability,HISPALLP_A,code_3,Unweighted,10,HISPALLP_A,0.004045364874658775,3.3904021938716364,671,6134871.62
MEDDL,RF,locked_test,base_estimator_positive_class_probability,HISPALLP_A,code_3,Unweighted,11,EDUCP_A,0.003550801771082409,2.9759110704931273,671,6134871.62
MEDDL,RF,locked_test,base_estimator_positive_class_probability,HISPALLP_A,code_3,Unweighted,12,SEX_A,0.0028750137347426526,2.409536142152015,671,6134871.62
MEDDL,RF,locked_test,base_estimator_positive_class_probability,HISPALLP_A,code_3,WTFA_A,1,FDSCAT3_A,0.027290189950059787,22.18309964653456,671,6134871.62
MEDDL,RF,locked_test,base_estimator_positive_class_probability,HISPALLP_A,code_3,WTFA_A,2,NOTCOV_A,0.022979543949772953,18.679148595248858,671,6134871.62
MEDDL,RF,locked_test,base_estimator_positive_class_probability,HISPALLP_A,code_3,WTFA_A,3,AGEP_A,0.01344158831159204,10.926127427819065,671,6134871.62
MEDDL,RF,locked_test,base_estimator_positive_class_probability,HISPALLP_A,code_3,WTFA_A,4,EMPWRKLSW1_A,0.012604251416529112,10.245489886823858,671,6134871.62
MEDDL,RF,locked_test,base_estimator_positive_class_probability,HISPALLP_A,code_3,WTFA_A,5,PHSTAT_A,0.00980757969667004,7.972187738549766,671,6134871.62
MEDDL,RF,locked_test,base_estimator_positive_class_probability,HISPALLP_A,code_3,WTFA_A,6,K6SPD_A,0.008901282310461054,7.235494983224195,671,6134871.62
MEDDL,RF,locked_test,base_estimator_positive_class_probability,HISPALLP_A,code_3,WTFA_A,7,RATCAT_A,0.006825307298507291,5.5480182511765594,671,6134871.62
MEDDL,RF,locked_test,base_estimator_positive_class_probability,HISPALLP_A,code_3,WTFA_A,8,DISAB3_A,0.0059931509863658744,4.8715917980259364,671,6134871.62
MEDDL,RF,locked_test,base_estimator_positive_class_probability,HISPALLP_A,code_3,WTFA_A,9,CHRONIC_BURDEN_CAT,0.0045024734392975115,3.6598798741447767,671,6134871.62
MEDDL,RF,locked_test,base_estimator_positive_class_probability,HISPALLP_A,code_3,WTFA_A,10,HISPALLP_A,0.004076041781222809,3.3132507015073274,671,6134871.62
MEDDL,RF,locked_test,base_estimator_positive_class_probability,HISPALLP_A,code_3,WTFA_A,11,EDUCP_A,0.0035642676616905386,2.8972500686470575,671,6134871.62
MEDDL,RF,locked_test,base_estimator_positive_class_probability,HISPALLP_A,code_3,WTFA_A,12,SEX_A,0.003036760931518291,2.468461028298038,671,6134871.62
MEDDL,RF,locked_test,base_estimator_positive_class_probability,HISPALLP_A,code_4,Unweighted,1,NOTCOV_A,0.017768202287856017,17.71935034452945,384,3311289.384
MEDDL,RF,locked_test,base_estimator_positive_class_probability,HISPALLP_A,code_4,Unweighted,2,FDSCAT3_A,0.01521022324741486,15.168404218566062,384,3311289.384
MEDDL,RF,locked_test,base_estimator_positive_class_probability,HISPALLP_A,code_4,Unweighted,3,AGEP_A,0.011401919144870112,11.370570677599453,384,3311289.384
MEDDL,RF,locked_test,base_estimator_positive_class_probability,HISPALLP_A,code_4,Unweighted,4,EMPWRKLSW1_A,0.009820007348484018,9.79300819377592,384,3311289.384
MEDDL,RF,locked_test,base_estimator_positive_class_probability,HISPALLP_A,code_4,Unweighted,5,HISPALLP_A,0.009346842826664146,9.321144591769409,384,3311289.384
MEDDL,RF,locked_test,base_estimator_positive_class_probability,HISPALLP_A,code_4,Unweighted,6,PHSTAT_A,0.009282738021468298,9.257216036497985,384,3311289.384
MEDDL,RF,locked_test,base_estimator_positive_class_probability,HISPALLP_A,code_4,Unweighted,7,RATCAT_A,0.007368719618738168,7.348460041130252,384,3311289.384
MEDDL,RF,locked_test,base_estimator_positive_class_probability,HISPALLP_A,code_4,Unweighted,8,K6SPD_A,0.006598597882922187,6.580455680093281,384,3311289.384
MEDDL,RF,locked_test,base_estimator_positive_class_probability,HISPALLP_A,code_4,Unweighted,9,DISAB3_A,0.004441977564736506,4.429764779631133,384,3311289.384
MEDDL,RF,locked_test,base_estimator_positive_class_probability,HISPALLP_A,code_4,Unweighted,10,CHRONIC_BURDEN_CAT,0.003568567310336935,3.5587558817423397,384,3311289.384
MEDDL,RF,locked_test,base_estimator_positive_class_probability,HISPALLP_A,code_4,Unweighted,11,SEX_A,0.002979296935935469,2.971105648898693,384,3311289.384
MEDDL,RF,locked_test,base_estimator_positive_class_probability,HISPALLP_A,code_4,Unweighted,12,EDUCP_A,0.002488606086055762,2.481763905766018,384,3311289.384
MEDDL,RF,locked_test,base_estimator_positive_class_probability,HISPALLP_A,code_4,WTFA_A,1,NOTCOV_A,0.01963124190435429,19.0712661032628,384,3311289.384
MEDDL,RF,locked_test,base_estimator_positive_class_probability,HISPALLP_A,code_4,WTFA_A,2,FDSCAT3_A,0.014965567436851093,14.5386787226745,384,3311289.384
MEDDL,RF,locked_test,base_estimator_positive_class_probability,HISPALLP_A,code_4,WTFA_A,3,AGEP_A,0.011365870726147089,11.041662375193763,384,3311289.384
MEDDL,RF,locked_test,base_estimator_positive_class_probability,HISPALLP_A,code_4,WTFA_A,4,EMPWRKLSW1_A,0.00985597797518798,9.57483890160895,384,3311289.384
MEDDL,RF,locked_test,base_estimator_positive_class_probability,HISPALLP_A,code_4,WTFA_A,5,PHSTAT_A,0.009763474799838566,9.484974354012797,384,3311289.384
MEDDL,RF,locked_test,base_estimator_positive_class_probability,HISPALLP_A,code_4,WTFA_A,6,HISPALLP_A,0.009525399774674747,9.253690353766581,384,3311289.384
MEDDL,RF,locked_test,base_estimator_positive_class_probability,HISPALLP_A,code_4,WTFA_A,7,RATCAT_A,0.007020210376853801,6.819960797700198,384,3311289.384
MEDDL,RF,locked_test,base_estimator_positive_class_probability,HISPALLP_A,code_4,WTFA_A,8,K6SPD_A,0.006863327267273941,6.667552735872933,384,3311289.384
MEDDL,RF,locked_test,base_estimator_positive_class_probability,HISPALLP_A,code_4,WTFA_A,9,DISAB3_A,0.004489821725173632,4.361750789592403,384,3311289.384
MEDDL,RF,locked_test,base_estimator_positive_class_probability,HISPALLP_A,code_4,WTFA_A,10,CHRONIC_BURDEN_CAT,0.003804533355571203,3.696010083128987,384,3311289.384
MEDDL,RF,locked_test,base_estimator_positive_class_probability,HISPALLP_A,code_4,WTFA_A,11,SEX_A,0.0029682668562489756,2.8835978567644007,384,3311289.384
MEDDL,RF,locked_test,base_estimator_positive_class_probability,HISPALLP_A,code_4,WTFA_A,12,EDUCP_A,0.0026825355176955824,2.606016926421702,384,3311289.384
MEDDL,RF,locked_test,base_estimator_positive_class_probability,RATCAT_A,code_1,Unweighted,1,NOTCOV_A,0.038262308346098374,23.13590686533525,188,1438230.0329999998
MEDDL,RF,locked_test,base_estimator_positive_class_probability,RATCAT_A,code_1,Unweighted,2,FDSCAT3_A,0.03659075816869802,22.125177745825326,188,1438230.0329999998
MEDDL,RF,locked_test,base_estimator_positive_class_probability,RATCAT_A,code_1,Unweighted,3,K6SPD_A,0.016729025779395054,10.115468697782923,188,1438230.0329999998
MEDDL,RF,locked_test,base_estimator_positive_class_probability,RATCAT_A,code_1,Unweighted,4,EMPWRKLSW1_A,0.014711630985153325,8.895619188234235,188,1438230.0329999998
MEDDL,RF,locked_test,base_estimator_positive_class_probability,RATCAT_A,code_1,Unweighted,5,AGEP_A,0.01350324657951792,8.164950541339724,188,1438230.0329999998
MEDDL,RF,locked_test,base_estimator_positive_class_probability,RATCAT_A,code_1,Unweighted,6,PHSTAT_A,0.01198006081125246,7.243932296584837,188,1438230.0329999998
MEDDL,RF,locked_test,base_estimator_positive_class_probability,RATCAT_A,code_1,Unweighted,7,DISAB3_A,0.00918484302579288,5.5537598750007655,188,1438230.0329999998
MEDDL,RF,locked_test,base_estimator_positive_class_probability,RATCAT_A,code_1,Unweighted,8,CHRONIC_BURDEN_CAT,0.0068844602054325245,4.162797202151431,188,1438230.0329999998
MEDDL,RF,locked_test,base_estimator_positive_class_probability,RATCAT_A,code_1,Unweighted,9,EDUCP_A,0.0054052825520428975,3.2683891566003265,188,1438230.0329999998
MEDDL,RF,locked_test,base_estimator_positive_class_probability,RATCAT_A,code_1,Unweighted,10,RATCAT_A,0.004850131154632024,2.932708127884547,188,1438230.0329999998
MEDDL,RF,locked_test,base_estimator_positive_class_probability,RATCAT_A,code_1,Unweighted,11,HISPALLP_A,0.0040969369409300715,2.4772773937507364,188,1438230.0329999998
MEDDL,RF,locked_test,base_estimator_positive_class_probability,RATCAT_A,code_1,Unweighted,12,SEX_A,0.003181944655726596,1.9240129095099026,188,1438230.0329999998
MEDDL,RF,locked_test,base_estimator_positive_class_probability,RATCAT_A,code_1,WTFA_A,1,FDSCAT3_A,0.04123975569035156,24.171313385820262,188,1438230.0329999998
MEDDL,RF,locked_test,base_estimator_positive_class_probability,RATCAT_A,code_1,WTFA_A,2,NOTCOV_A,0.040827424240780355,23.92963899857973,188,1438230.0329999998
MEDDL,RF,locked_test,base_estimator_positive_class_probability,RATCAT_A,code_1,WTFA_A,3,K6SPD_A,0.01618614680084958,9.486972468262264,188,1438230.0329999998
MEDDL,RF,locked_test,base_estimator_positive_class_probability,RATCAT_A,code_1,WTFA_A,4,EMPWRKLSW1_A,0.014347254380546433,8.40916673857517,188,1438230.0329999998
MEDDL,RF,locked_test,base_estimator_positive_class_probability,RATCAT_A,code_1,WTFA_A,5,AGEP_A,0.012784040021597956,7.492940550353644,188,1438230.0329999998
MEDDL,RF,locked_test,base_estimator_positive_class_probability,RATCAT_A,code_1,WTFA_A,6,PHSTAT_A,0.012062038376095659,7.069763260712306,188,1438230.0329999998
MEDDL,RF,locked_test,base_estimator_positive_class_probability,RATCAT_A,code_1,WTFA_A,7,DISAB3_A,0.007721678208081076,4.5258052747304145,188,1438230.0329999998
MEDDL,RF,locked_test,base_estimator_positive_class_probability,RATCAT_A,code_1,WTFA_A,8,CHRONIC_BURDEN_CAT,0.007490857994020294,4.390517670901312,188,1438230.0329999998
MEDDL,RF,locked_test,base_estimator_positive_class_probability,RATCAT_A,code_1,WTFA_A,9,EDUCP_A,0.0056899155063205205,3.3349550340398504,188,1438230.0329999998
MEDDL,RF,locked_test,base_estimator_positive_class_probability,RATCAT_A,code_1,WTFA_A,10,HISPALLP_A,0.004464210830077932,2.616548938950968,188,1438230.0329999998
MEDDL,RF,locked_test,base_estimator_positive_class_probability,RATCAT_A,code_1,WTFA_A,11,RATCAT_A,0.004404464620184541,2.5815306819614867,188,1438230.0329999998
MEDDL,RF,locked_test,base_estimator_positive_class_probability,RATCAT_A,code_1,WTFA_A,12,SEX_A,0.0033966728438496107,1.990846997112615,188,1438230.0329999998
MEDDL,RF,locked_test,base_estimator_positive_class_probability,RATCAT_A,code_10,Unweighted,1,NOTCOV_A,0.02111714933835803,18.929211031427567,470,3697012.5979999998
MEDDL,RF,locked_test,base_estimator_positive_class_probability,RATCAT_A,code_10,Unweighted,2,FDSCAT3_A,0.019531065237780566,17.507460388271994,470,3697012.5979999998
MEDDL,RF,locked_test,base_estimator_positive_class_probability,RATCAT_A,code_10,Unweighted,3,AGEP_A,0.01532751125160305,13.739434732374455,470,3697012.5979999998
MEDDL,RF,locked_test,base_estimator_positive_class_probability,RATCAT_A,code_10,Unweighted,4,EMPWRKLSW1_A,0.012006467384424338,10.762482720567439,470,3697012.5979999998
MEDDL,RF,locked_test,base_estimator_positive_class_probability,RATCAT_A,code_10,Unweighted,5,PHSTAT_A,0.009303231972770548,8.339328309196436,470,3697012.5979999998
MEDDL,RF,locked_test,base_estimator_positive_class_probability,RATCAT_A,code_10,Unweighted,6,RATCAT_A,0.00864681781636876,7.750924927117968,470,3697012.5979999998
MEDDL,RF,locked_test,base_estimator_positive_class_probability,RATCAT_A,code_10,Unweighted,7,K6SPD_A,0.006689547532336469,5.996446533356217,470,3697012.5979999998
MEDDL,RF,locked_test,base_estimator_positive_class_probability,RATCAT_A,code_10,Unweighted,8,DISAB3_A,0.005810951575460799,5.2088815068187975,470,3697012.5979999998
MEDDL,RF,locked_test,base_estimator_positive_class_probability,RATCAT_A,code_10,Unweighted,9,CHRONIC_BURDEN_CAT,0.004172542778245146,3.740227505215094,470,3697012.5979999998
MEDDL,RF,locked_test,base_estimator_positive_class_probability,RATCAT_A,code_10,Unweighted,10,SEX_A,0.003257485509863316,2.9199789071915823,470,3697012.5979999998
MEDDL,RF,locked_test,base_estimator_positive_class_probability,RATCAT_A,code_10,Unweighted,11,EDUCP_A,0.002853159095365328,2.5575445699152626,470,3697012.5979999998
MEDDL,RF,locked_test,base_estimator_positive_class_probability,RATCAT_A,code_10,Unweighted,12,HISPALLP_A,0.0028425992981793717,2.548078868547183,470,3697012.5979999998
MEDDL,RF,locked_test,base_estimator_positive_class_probability,RATCAT_A,code_10,WTFA_A,1,NOTCOV_A,0.02220610606382386,19.349501697288563,470,3697012.5979999998
MEDDL,RF,locked_test,base_estimator_positive_class_probability,RATCAT_A,code_10,WTFA_A,2,FDSCAT3_A,0.02021528919284597,17.61478448422739,470,3697012.5979999998
MEDDL,RF,locked_test,base_estimator_positive_class_probability,RATCAT_A,code_10,WTFA_A,3,AGEP_A,0.014310317737518393,12.469431450746185,470,3697012.5979999998
MEDDL,RF,locked_test,base_estimator_positive_class_probability,RATCAT_A,code_10,WTFA_A,4,EMPWRKLSW1_A,0.011745430199998061,10.234492303019811,470,3697012.5979999998
MEDDL,RF,locked_test,base_estimator_positive_class_probability,RATCAT_A,code_10,WTFA_A,5,PHSTAT_A,0.009828490846194858,8.56414896711902,470,3697012.5979999998
MEDDL,RF,locked_test,base_estimator_positive_class_probability,RATCAT_A,code_10,WTFA_A,6,RATCAT_A,0.008959156410561952,7.8066461393182545,470,3697012.5979999998
MEDDL,RF,locked_test,base_estimator_positive_class_probability,RATCAT_A,code_10,WTFA_A,7,K6SPD_A,0.007400126488236834,6.448170590230522,470,3697012.5979999998
MEDDL,RF,locked_test,base_estimator_positive_class_probability,RATCAT_A,code_10,WTFA_A,8,DISAB3_A,0.005988322528752257,5.217981783972904,470,3697012.5979999998
MEDDL,RF,locked_test,base_estimator_positive_class_probability,RATCAT_A,code_10,WTFA_A,9,CHRONIC_BURDEN_CAT,0.0043832006753132926,3.8193435923779564,470,3697012.5979999998
MEDDL,RF,locked_test,base_estimator_positive_class_probability,RATCAT_A,code_10,WTFA_A,10,SEX_A,0.003453893656789792,3.0095830841402393,470,3697012.5979999998
MEDDL,RF,locked_test,base_estimator_positive_class_probability,RATCAT_A,code_10,WTFA_A,11,HISPALLP_A,0.0031938176319849312,2.7829633666210145,470,3697012.5979999998
MEDDL,RF,locked_test,base_estimator_positive_class_probability,RATCAT_A,code_10,WTFA_A,12,EDUCP_A,0.003079042014638889,2.6829525409381367,470,3697012.5979999998
MEDDL,RF,locked_test,base_estimator_positive_class_probability,RATCAT_A,code_11,Unweighted,1,NOTCOV_A,0.020371322042463925,19.068008840984188,388,3303098.671
MEDDL,RF,locked_test,base_estimator_positive_class_probability,RATCAT_A,code_11,Unweighted,2,FDSCAT3_A,0.018882995032812794,17.674901780031217,388,3303098.671
MEDDL,RF,locked_test,base_estimator_positive_class_probability,RATCAT_A,code_11,Unweighted,3,AGEP_A,0.014652958138846442,13.715493513660109,388,3303098.671
MEDDL,RF,locked_test,base_estimator_positive_class_probability,RATCAT_A,code_11,Unweighted,4,EMPWRKLSW1_A,0.011212244966910822,10.494909741777237,388,3303098.671
MEDDL,RF,locked_test,base_estimator_positive_class_probability,RATCAT_A,code_11,Unweighted,5,K6SPD_A,0.008590983818848957,8.041351222522362,388,3303098.671
MEDDL,RF,locked_test,base_estimator_positive_class_probability,RATCAT_A,code_11,Unweighted,6,PHSTAT_A,0.008033535642337329,7.519567376782882,388,3303098.671
MEDDL,RF,locked_test,base_estimator_positive_class_probability,RATCAT_A,code_11,Unweighted,7,RATCAT_A,0.0069549283804978025,6.50996707878385,388,3303098.671
MEDDL,RF,locked_test,base_estimator_positive_class_probability,RATCAT_A,code_11,Unweighted,8,DISAB3_A,0.005816719531541235,5.444578374528443,388,3303098.671
MEDDL,RF,locked_test,base_estimator_positive_class_probability,RATCAT_A,code_11,Unweighted,9,CHRONIC_BURDEN_CAT,0.003706504698339116,3.4693705302854965,388,3303098.671
MEDDL,RF,locked_test,base_estimator_positive_class_probability,RATCAT_A,code_11,Unweighted,10,SEX_A,0.0029222925285222537,2.7353305619366033,388,3303098.671
MEDDL,RF,locked_test,base_estimator_positive_class_probability,RATCAT_A,code_11,Unweighted,11,HISPALLP_A,0.002852210568637695,2.6697322945346795,388,3303098.671
MEDDL,RF,locked_test,base_estimator_positive_class_probability,RATCAT_A,code_11,Unweighted,12,EDUCP_A,0.002838382252463177,2.6567886841729167,388,3303098.671
MEDDL,RF,locked_test,base_estimator_positive_class_probability,RATCAT_A,code_11,WTFA_A,1,FDSCAT3_A,0.021287374110047608,18.932020909303635,388,3303098.671
MEDDL,RF,locked_test,base_estimator_positive_class_probability,RATCAT_A,code_11,WTFA_A,2,NOTCOV_A,0.021100695645472147,18.76599758597644,388,3303098.671
MEDDL,RF,locked_test,base_estimator_positive_class_probability,RATCAT_A,code_11,WTFA_A,3,AGEP_A,0.01381420090966256,12.285721062402466,388,3303098.671
MEDDL,RF,locked_test,base_estimator_positive_class_probability,RATCAT_A,code_11,WTFA_A,4,EMPWRKLSW1_A,0.011224635732416515,9.982679746541594,388,3303098.671
MEDDL,RF,locked_test,base_estimator_positive_class_probability,RATCAT_A,code_11,WTFA_A,5,K6SPD_A,0.009683859352432638,8.612383415410376,388,3303098.671
MEDDL,RF,locked_test,base_estimator_positive_class_probability,RATCAT_A,code_11,WTFA_A,6,PHSTAT_A,0.00889112594706426,7.907362433097023,388,3303098.671
MEDDL,RF,locked_test,base_estimator_positive_class_probability,RATCAT_A,code_11,WTFA_A,7,RATCAT_A,0.0072165572363363205,6.418077297143912,388,3303098.671
MEDDL,RF,locked_test,base_estimator_positive_class_probability,RATCAT_A,code_11,WTFA_A,8,DISAB3_A,0.005751889164618216,5.1154682287070266,388,3303098.671
MEDDL,RF,locked_test,base_estimator_positive_class_probability,RATCAT_A,code_11,WTFA_A,9,CHRONIC_BURDEN_CAT,0.0039047576434879483,3.4727135892906844,388,3303098.671
MEDDL,RF,locked_test,base_estimator_positive_class_probability,RATCAT_A,code_11,WTFA_A,10,HISPALLP_A,0.0033824498888155143,3.0081968630175893,388,3303098.671
MEDDL,RF,locked_test,base_estimator_positive_class_probability,RATCAT_A,code_11,WTFA_A,11,SEX_A,0.0031093521856811815,2.7653162052486437,388,3303098.671
MEDDL,RF,locked_test,base_estimator_positive_class_probability,RATCAT_A,code_11,WTFA_A,12,EDUCP_A,0.003074210357401019,2.7340626638605974,388,3303098.671
MEDDL,RF,locked_test,base_estimator_positive_class_probability,RATCAT_A,code_12,Unweighted,1,FDSCAT3_A,0.017312412898686368,18.66724419170578,394,3100767.9
MEDDL,RF,locked_test,base_estimator_positive_class_probability,RATCAT_A,code_12,Unweighted,2,NOTCOV_A,0.015988617272686356,17.239851236427473,394,3100767.9
MEDDL,RF,locked_test,base_estimator_positive_class_probability,RATCAT_A,code_12,Unweighted,3,AGEP_A,0.014671517002365292,15.819677600613222,394,3100767.9
MEDDL,RF,locked_test,base_estimator_positive_class_probability,RATCAT_A,code_12,Unweighted,4,EMPWRKLSW1_A,0.011115121739851077,11.984966679837074,394,3100767.9
MEDDL,RF,locked_test,base_estimator_positive_class_probability,RATCAT_A,code_12,Unweighted,5,PHSTAT_A,0.007362550679655717,7.938727675641979,394,3100767.9
MEDDL,RF,locked_test,base_estimator_positive_class_probability,RATCAT_A,code_12,Unweighted,6,K6SPD_A,0.006229676868516909,6.717197655842073,394,3100767.9
MEDDL,RF,locked_test,base_estimator_positive_class_probability,RATCAT_A,code_12,Unweighted,7,DISAB3_A,0.005470961261200171,5.8991066365991935,394,3100767.9
MEDDL,RF,locked_test,base_estimator_positive_class_probability,RATCAT_A,code_12,Unweighted,8,RATCAT_A,0.0033758406141182026,3.6400264633709236,394,3100767.9
MEDDL,RF,locked_test,base_estimator_positive_class_probability,RATCAT_A,code_12,Unweighted,9,CHRONIC_BURDEN_CAT,0.0033561836434468062,3.6188311814804366,394,3100767.9
MEDDL,RF,locked_test,base_estimator_positive_class_probability,RATCAT_A,code_12,Unweighted,10,SEX_A,0.002908385146001493,3.1359889601558244,394,3100767.9
MEDDL,RF,locked_test,base_estimator_positive_class_probability,RATCAT_A,code_12,Unweighted,11,EDUCP_A,0.002537910088182585,2.7365213404939444,394,3100767.9
MEDDL,RF,locked_test,base_estimator_positive_class_probability,RATCAT_A,code_12,Unweighted,12,HISPALLP_A,0.0024130225491867255,2.601860377832074,394,3100767.9
MEDDL,RF,locked_test,base_estimator_positive_class_probability,RATCAT_A,code_12,WTFA_A,1,FDSCAT3_A,0.01787483170729203,18.69700838169049,394,3100767.9
MEDDL,RF,locked_test,base_estimator_positive_class_probability,RATCAT_A,code_12,WTFA_A,2,NOTCOV_A,0.017513262308437586,18.318808117114767,394,3100767.9
MEDDL,RF,locked_test,base_estimator_positive_class_probability,RATCAT_A,code_12,WTFA_A,3,AGEP_A,0.013441719784954656,14.05998957635535,394,3100767.9
MEDDL,RF,locked_test,base_estimator_positive_class_probability,RATCAT_A,code_12,WTFA_A,4,EMPWRKLSW1_A,0.011033416972049109,11.540913670305022,394,3100767.9
MEDDL,RF,locked_test,base_estimator_positive_class_probability,RATCAT_A,code_12,WTFA_A,5,PHSTAT_A,0.007804249793514379,8.163216649621276,394,3100767.9
MEDDL,RF,locked_test,base_estimator_positive_class_probability,RATCAT_A,code_12,WTFA_A,6,K6SPD_A,0.0065214328308580444,6.821394813437185,394,3100767.9
MEDDL,RF,locked_test,base_estimator_positive_class_probability,RATCAT_A,code_12,WTFA_A,7,DISAB3_A,0.00590381633010833,6.175370219735587,394,3100767.9
MEDDL,RF,locked_test,base_estimator_positive_class_probability,RATCAT_A,code_12,WTFA_A,8,CHRONIC_BURDEN_CAT,0.0036025802641364776,3.7682857381417474,394,3100767.9
MEDDL,RF,locked_test,base_estimator_positive_class_probability,RATCAT_A,code_12,WTFA_A,9,RATCAT_A,0.0035133369591131072,3.6749375685278745,394,3100767.9
MEDDL,RF,locked_test,base_estimator_positive_class_probability,RATCAT_A,code_12,WTFA_A,10,SEX_A,0.0030630811292247846,3.2039716224880763,394,3100767.9
MEDDL,RF,locked_test,base_estimator_positive_class_probability,RATCAT_A,code_12,WTFA_A,11,EDUCP_A,0.0026862047536298844,2.8097603164043177,394,3100767.9
MEDDL,RF,locked_test,base_estimator_positive_class_probability,RATCAT_A,code_12,WTFA_A,12,HISPALLP_A,0.0026446969691927068,2.766343326178294,394,3100767.9
MEDDL,RF,locked_test,base_estimator_positive_class_probability,RATCAT_A,code_13,Unweighted,1,NOTCOV_A,0.015140899435085817,17.920989958454037,324,2607330.073
MEDDL,RF,locked_test,base_estimator_positive_class_probability,RATCAT_A,code_13,Unweighted,2,AGEP_A,0.013648032721670584,16.15401108806878,324,2607330.073
MEDDL,RF,locked_test,base_estimator_positive_class_probability,RATCAT_A,code_13,Unweighted,3,FDSCAT3_A,0.013350590950663335,15.80195465877281,324,2607330.073
MEDDL,RF,locked_test,base_estimator_positive_class_probability,RATCAT_A,code_13,Unweighted,4,EMPWRKLSW1_A,0.010359469050229542,12.261619041856262,324,2607330.073
MEDDL,RF,locked_test,base_estimator_positive_class_probability,RATCAT_A,code_13,Unweighted,5,PHSTAT_A,0.007970474731134523,9.433970434396707,324,2607330.073
MEDDL,RF,locked_test,base_estimator_positive_class_probability,RATCAT_A,code_13,Unweighted,6,K6SPD_A,0.0059943078449926895,7.094950412857515,324,2607330.073
MEDDL,RF,locked_test,base_estimator_positive_class_probability,RATCAT_A,code_13,Unweighted,7,DISAB3_A,0.004920445448869674,5.823911179013422,324,2607330.073
MEDDL,RF,locked_test,base_estimator_positive_class_probability,RATCAT_A,code_13,Unweighted,8,CHRONIC_BURDEN_CAT,0.003278709061899024,3.8807279862665323,324,2607330.073
MEDDL,RF,locked_test,base_estimator_positive_class_probability,RATCAT_A,code_13,Unweighted,9,SEX_A,0.002905356892589431,3.438822899593832,324,2607330.073
MEDDL,RF,locked_test,base_estimator_positive_class_probability,RATCAT_A,code_13,Unweighted,10,EDUCP_A,0.002467598438400988,2.9206855924032045,324,2607330.073
MEDDL,RF,locked_test,base_estimator_positive_class_probability,RATCAT_A,code_13,Unweighted,11,HISPALLP_A,0.0022420441345731147,2.6537162203843554,324,2607330.073
MEDDL,RF,locked_test,base_estimator_positive_class_probability,RATCAT_A,code_13,Unweighted,12,RATCAT_A,0.0022090302703200305,2.6146405279325395,324,2607330.073
MEDDL,RF,locked_test,base_estimator_positive_class_probability,RATCAT_A,code_13,WTFA_A,1,NOTCOV_A,0.016420049924365594,18.499300600411928,324,2607330.073
MEDDL,RF,locked_test,base_estimator_positive_class_probability,RATCAT_A,code_13,WTFA_A,2,FDSCAT3_A,0.013424567910877384,15.12450439297673,324,2607330.073
MEDDL,RF,locked_test,base_estimator_positive_class_probability,RATCAT_A,code_13,WTFA_A,3,AGEP_A,0.013254019312534459,14.932359435911593,324,2607330.073
MEDDL,RF,locked_test,base_estimator_positive_class_probability,RATCAT_A,code_13,WTFA_A,4,EMPWRKLSW1_A,0.010372336431743463,11.685772605033044,324,2607330.073
MEDDL,RF,locked_test,base_estimator_positive_class_probability,RATCAT_A,code_13,WTFA_A,5,PHSTAT_A,0.008707929243299795,9.810603586526208,324,2607330.073
MEDDL,RF,locked_test,base_estimator_positive_class_probability,RATCAT_A,code_13,WTFA_A,6,K6SPD_A,0.007095240766166964,7.993702355974472,324,2607330.073
MEDDL,RF,locked_test,base_estimator_positive_class_probability,RATCAT_A,code_13,WTFA_A,7,DISAB3_A,0.0058673886300783205,6.6103688178312074,324,2607330.073
MEDDL,RF,locked_test,base_estimator_positive_class_probability,RATCAT_A,code_13,WTFA_A,8,CHRONIC_BURDEN_CAT,0.0033972132193041764,3.8273981405101734,324,2607330.073
MEDDL,RF,locked_test,base_estimator_positive_class_probability,RATCAT_A,code_13,WTFA_A,9,SEX_A,0.003038512962022254,3.4232761119250648,324,2607330.073
MEDDL,RF,locked_test,base_estimator_positive_class_probability,RATCAT_A,code_13,WTFA_A,10,EDUCP_A,0.0025850339999490433,2.9123736680228283,324,2607330.073
MEDDL,RF,locked_test,base_estimator_positive_class_probability,RATCAT_A,code_13,WTFA_A,11,RATCAT_A,0.002323887490277757,2.61815849782479,324,2607330.073
MEDDL,RF,locked_test,base_estimator_positive_class_probability,RATCAT_A,code_13,WTFA_A,12,HISPALLP_A,0.002274202347831277,2.5621817870519554,324,2607330.073
MEDDL,RF,locked_test,base_estimator_positive_class_probability,RATCAT_A,code_14,Unweighted,1,NOTCOV_A,0.014533009092266857,16.41472582987512,1930,15348993.286000002
MEDDL,RF,locked_test,base_estimator_positive_class_probability,RATCAT_A,code_14,Unweighted,2,FDSCAT3_A,0.013149341009776988,14.851902049237307,1930,15348993.286000002
MEDDL,RF,locked_test,base_estimator_positive_class_probability,RATCAT_A,code_14,Unweighted,3,AGEP_A,0.011786125481853166,13.312178995612788,1930,15348993.286000002
MEDDL,RF,locked_test,base_estimator_positive_class_probability,RATCAT_A,code_14,Unweighted,4,RATCAT_A,0.011140197377350171,12.582616888143288,1930,15348993.286000002
MEDDL,RF,locked_test,base_estimator_positive_class_probability,RATCAT_A,code_14,Unweighted,5,EMPWRKLSW1_A,0.00934242693780665,10.55207326962567,1930,15348993.286000002
MEDDL,RF,locked_test,base_estimator_positive_class_probability,RATCAT_A,code_14,Unweighted,6,PHSTAT_A,0.007816265204648586,8.828305929855217,1930,15348993.286000002
MEDDL,RF,locked_test,base_estimator_positive_class_probability,RATCAT_A,code_14,Unweighted,7,K6SPD_A,0.005620003046061784,6.347674358316797,1930,15348993.286000002
MEDDL,RF,locked_test,base_estimator_positive_class_probability,RATCAT_A,code_14,Unweighted,8,DISAB3_A,0.004418102687057649,4.990153369880945,1930,15348993.286000002
MEDDL,RF,locked_test,base_estimator_positive_class_probability,RATCAT_A,code_14,Unweighted,9,SEX_A,0.0034029872267376878,3.843601966724795,1930,15348993.286000002
MEDDL,RF,locked_test,base_estimator_positive_class_probability,RATCAT_A,code_14,Unweighted,10,CHRONIC_BURDEN_CAT,0.003400993159489321,3.8413497100200438,1930,15348993.286000002
MEDDL,RF,locked_test,base_estimator_positive_class_probability,RATCAT_A,code_14,Unweighted,11,HISPALLP_A,0.002041990682249649,2.3063852078729683,1930,15348993.286000002
MEDDL,RF,locked_test,base_estimator_positive_class_probability,RATCAT_A,code_14,Unweighted,12,EDUCP_A,0.0018849688936957603,2.129032424835063,1930,15348993.286000002
MEDDL,RF,locked_test,base_estimator_positive_class_probability,RATCAT_A,code_14,WTFA_A,1,NOTCOV_A,0.014855273631109946,16.69055050148317,1930,15348993.286000002
MEDDL,RF,locked_test,base_estimator_positive_class_probability,RATCAT_A,code_14,WTFA_A,2,FDSCAT3_A,0.013215181526421921,14.847835195111935,1930,15348993.286000002
MEDDL,RF,locked_test,base_estimator_positive_class_probability,RATCAT_A,code_14,WTFA_A,3,RATCAT_A,0.01125497155644205,12.645453447734097,1930,15348993.286000002
MEDDL,RF,locked_test,base_estimator_positive_class_probability,RATCAT_A,code_14,WTFA_A,4,AGEP_A,0.011209318900049203,12.594160688948694,1930,15348993.286000002
MEDDL,RF,locked_test,base_estimator_positive_class_probability,RATCAT_A,code_14,WTFA_A,5,EMPWRKLSW1_A,0.009139048656713574,10.26812140443843,1930,15348993.286000002
MEDDL,RF,locked_test,base_estimator_positive_class_probability,RATCAT_A,code_14,WTFA_A,6,PHSTAT_A,0.008292445635081013,9.316925833212137,1930,15348993.286000002
MEDDL,RF,locked_test,base_estimator_positive_class_probability,RATCAT_A,code_14,WTFA_A,7,K6SPD_A,0.005540484555772099,6.224977040284406,1930,15348993.286000002
MEDDL,RF,locked_test,base_estimator_positive_class_probability,RATCAT_A,code_14,WTFA_A,8,DISAB3_A,0.004462031882217747,5.0132882314210745,1930,15348993.286000002
MEDDL,RF,locked_test,base_estimator_positive_class_probability,RATCAT_A,code_14,WTFA_A,9,CHRONIC_BURDEN_CAT,0.0034874685945511545,3.9183236973699187,1930,15348993.286000002
MEDDL,RF,locked_test,base_estimator_positive_class_probability,RATCAT_A,code_14,WTFA_A,10,SEX_A,0.0034859179689143214,3.9165815015583076,1930,15348993.286000002
MEDDL,RF,locked_test,base_estimator_positive_class_probability,RATCAT_A,code_14,WTFA_A,11,HISPALLP_A,0.002071328816330502,2.3272286376295113,1930,15348993.286000002
MEDDL,RF,locked_test,base_estimator_positive_class_probability,RATCAT_A,code_14,WTFA_A,12,EDUCP_A,0.0019906245151027047,2.2365538208083273,1930,15348993.286000002
MEDDL,RF,locked_test,base_estimator_positive_class_probability,RATCAT_A,code_2,Unweighted,1,FDSCAT3_A,0.03742505679089326,24.490130610966567,187,1384944.663
MEDDL,RF,locked_test,base_estimator_positive_class_probability,RATCAT_A,code_2,Unweighted,2,NOTCOV_A,0.032407507234467586,21.206756996587362,187,1384944.663
MEDDL,RF,locked_test,base_estimator_positive_class_probability,RATCAT_A,code_2,Unweighted,3,EMPWRKLSW1_A,0.01556738818623055,10.18695501472623,187,1384944.663
MEDDL,RF,locked_test,base_estimator_positive_class_probability,RATCAT_A,code_2,Unweighted,4,AGEP_A,0.014632011581809616,9.574865223100712,187,1384944.663
MEDDL,RF,locked_test,base_estimator_positive_class_probability,RATCAT_A,code_2,Unweighted,5,K6SPD_A,0.014263909206434135,9.333987158398719,187,1384944.663
MEDDL,RF,locked_test,base_estimator_positive_class_probability,RATCAT_A,code_2,Unweighted,6,PHSTAT_A,0.010317453863791074,6.751513941813158,187,1384944.663
MEDDL,RF,locked_test,base_estimator_positive_class_probability,RATCAT_A,code_2,Unweighted,7,DISAB3_A,0.008972519876783571,5.871418844323378,187,1384944.663
MEDDL,RF,locked_test,base_estimator_positive_class_probability,RATCAT_A,code_2,Unweighted,8,CHRONIC_BURDEN_CAT,0.005077087658547214,3.322334033475758,187,1384944.663
MEDDL,RF,locked_test,base_estimator_positive_class_probability,RATCAT_A,code_2,Unweighted,9,EDUCP_A,0.0048765149892651604,3.1910837084554635,187,1384944.663
MEDDL,RF,locked_test,base_estimator_positive_class_probability,RATCAT_A,code_2,Unweighted,10,HISPALLP_A,0.0037028882106564165,2.4230882647277734,187,1384944.663
MEDDL,RF,locked_test,base_estimator_positive_class_probability,RATCAT_A,code_2,Unweighted,11,RATCAT_A,0.0028855009596250544,1.8882081001005282,187,1384944.663
MEDDL,RF,locked_test,base_estimator_positive_class_probability,RATCAT_A,code_2,Unweighted,12,SEX_A,0.0026890548480774435,1.7596581033243532,187,1384944.663
MEDDL,RF,locked_test,base_estimator_positive_class_probability,RATCAT_A,code_2,WTFA_A,1,FDSCAT3_A,0.037925477292740345,24.09098546001507,187,1384944.663
MEDDL,RF,locked_test,base_estimator_positive_class_probability,RATCAT_A,code_2,WTFA_A,2,NOTCOV_A,0.03633588848667671,23.08124837698007,187,1384944.663
MEDDL,RF,locked_test,base_estimator_positive_class_probability,RATCAT_A,code_2,WTFA_A,3,K6SPD_A,0.015764111202136288,10.013663660164978,187,1384944.663
MEDDL,RF,locked_test,base_estimator_positive_class_probability,RATCAT_A,code_2,WTFA_A,4,EMPWRKLSW1_A,0.014564316804001281,9.251531408608296,187,1384944.663
MEDDL,RF,locked_test,base_estimator_positive_class_probability,RATCAT_A,code_2,WTFA_A,5,AGEP_A,0.014078734347534778,8.943080184433137,187,1384944.663
MEDDL,RF,locked_test,base_estimator_positive_class_probability,RATCAT_A,code_2,WTFA_A,6,PHSTAT_A,0.011048681337128788,7.0183328054268195,187,1384944.663
MEDDL,RF,locked_test,base_estimator_positive_class_probability,RATCAT_A,code_2,WTFA_A,7,DISAB3_A,0.008168552802130552,5.188820308483278,187,1384944.663
MEDDL,RF,locked_test,base_estimator_positive_class_probability,RATCAT_A,code_2,WTFA_A,8,CHRONIC_BURDEN_CAT,0.005093638269355571,3.2355760360888213,187,1384944.663
MEDDL,RF,locked_test,base_estimator_positive_class_probability,RATCAT_A,code_2,WTFA_A,9,EDUCP_A,0.005021647249373269,3.189845969140467,187,1384944.663
MEDDL,RF,locked_test,base_estimator_positive_class_probability,RATCAT_A,code_2,WTFA_A,10,HISPALLP_A,0.0037368549321380924,2.373721420601786,187,1384944.663
MEDDL,RF,locked_test,base_estimator_positive_class_probability,RATCAT_A,code_2,WTFA_A,11,SEX_A,0.0028802804856582222,1.8296090188966379,187,1384944.663
MEDDL,RF,locked_test,base_estimator_positive_class_probability,RATCAT_A,code_2,WTFA_A,12,RATCAT_A,0.00280782726166922,1.7835853511606388,187,1384944.663
MEDDL,RF,locked_test,base_estimator_positive_class_probability,RATCAT_A,code_3,Unweighted,1,FDSCAT3_A,0.03361114627067471,24.626836440598666,322,2378042.798
MEDDL,RF,locked_test,base_estimator_positive_class_probability,RATCAT_A,code_3,Unweighted,2,NOTCOV_A,0.024822564362641894,18.18745566343173,322,2378042.798
MEDDL,RF,locked_test,base_estimator_positive_class_probability,RATCAT_A,code_3,Unweighted,3,AGEP_A,0.01622297916486366,11.88655249228777,322,2378042.798
MEDDL,RF,locked_test,base_estimator_positive_class_probability,RATCAT_A,code_3,Unweighted,4,EMPWRKLSW1_A,0.014068000767789662,10.307603054194136,322,2378042.798
MEDDL,RF,locked_test,base_estimator_positive_class_probability,RATCAT_A,code_3,Unweighted,5,K6SPD_A,0.013612223665028695,9.973655854873016,322,2378042.798
MEDDL,RF,locked_test,base_estimator_positive_class_probability,RATCAT_A,code_3,Unweighted,6,PHSTAT_A,0.009456934835299316,6.929081964143348,322,2378042.798
MEDDL,RF,locked_test,base_estimator_positive_class_probability,RATCAT_A,code_3,Unweighted,7,DISAB3_A,0.007071593991432967,5.181346306932841,322,2378042.798
MEDDL,RF,locked_test,base_estimator_positive_class_probability,RATCAT_A,code_3,Unweighted,8,EDUCP_A,0.0047953208315299044,3.5135243781113665,322,2378042.798
MEDDL,RF,locked_test,base_estimator_positive_class_probability,RATCAT_A,code_3,Unweighted,9,CHRONIC_BURDEN_CAT,0.004175187827645886,3.0591538566455934,322,2378042.798
MEDDL,RF,locked_test,base_estimator_positive_class_probability,RATCAT_A,code_3,Unweighted,10,HISPALLP_A,0.0036021935185415726,2.6393217861155422,322,2378042.798
MEDDL,RF,locked_test,base_estimator_positive_class_probability,RATCAT_A,code_3,Unweighted,11,SEX_A,0.0026410159495641157,1.9350684235269382,322,2378042.798
MEDDL,RF,locked_test,base_estimator_positive_class_probability,RATCAT_A,code_3,Unweighted,12,RATCAT_A,0.0024026250636871266,1.7603997791390424,322,2378042.798
MEDDL,RF,locked_test,base_estimator_positive_class_probability,RATCAT_A,code_3,WTFA_A,1,FDSCAT3_A,0.03286901508643564,23.601615723418483,322,2378042.798
MEDDL,RF,locked_test,base_estimator_positive_class_probability,RATCAT_A,code_3,WTFA_A,2,NOTCOV_A,0.030518532410386226,21.913850247672176,322,2378042.798
MEDDL,RF,locked_test,base_estimator_positive_class_probability,RATCAT_A,code_3,WTFA_A,3,AGEP_A,0.014715327859566044,10.566349873042522,322,2378042.798
MEDDL,RF,locked_test,base_estimator_positive_class_probability,RATCAT_A,code_3,WTFA_A,4,EMPWRKLSW1_A,0.013028872678805235,9.355389733031794,322,2378042.798
MEDDL,RF,locked_test,base_estimator_positive_class_probability,RATCAT_A,code_3,WTFA_A,5,K6SPD_A,0.012158820159455562,8.73064800691426,322,2378042.798
MEDDL,RF,locked_test,base_estimator_positive_class_probability,RATCAT_A,code_3,WTFA_A,6,PHSTAT_A,0.010127349685217314,7.2719494313604045,322,2378042.798
MEDDL,RF,locked_test,base_estimator_positive_class_probability,RATCAT_A,code_3,WTFA_A,7,DISAB3_A,0.0067127219070990465,4.82007393567767,322,2378042.798
MEDDL,RF,locked_test,base_estimator_positive_class_probability,RATCAT_A,code_3,WTFA_A,8,EDUCP_A,0.005138613062703459,3.6897841489419965,322,2378042.798
MEDDL,RF,locked_test,base_estimator_positive_class_probability,RATCAT_A,code_3,WTFA_A,9,CHRONIC_BURDEN_CAT,0.004941242341627921,3.5480619859374456,322,2378042.798
MEDDL,RF,locked_test,base_estimator_positive_class_probability,RATCAT_A,code_3,WTFA_A,10,HISPALLP_A,0.0036695917922088396,2.634952556800675,322,2378042.798
MEDDL,RF,locked_test,base_estimator_positive_class_probability,RATCAT_A,code_3,WTFA_A,11,SEX_A,0.0027933165244322837,2.00574258249473,322,2378042.798
MEDDL,RF,locked_test,base_estimator_positive_class_probability,RATCAT_A,code_3,WTFA_A,12,RATCAT_A,0.002592549601457657,1.861581774707832,322,2378042.798
MEDDL,RF,locked_test,base_estimator_positive_class_probability,RATCAT_A,code_4,Unweighted,1,FDSCAT3_A,0.02945047239584297,21.46691155304187,252,1789827.5900000003
MEDDL,RF,locked_test,base_estimator_positive_class_probability,RATCAT_A,code_4,Unweighted,2,NOTCOV_A,0.02811832120453304,20.49588564164881,252,1789827.5900000003
MEDDL,RF,locked_test,base_estimator_positive_class_probability,RATCAT_A,code_4,Unweighted,3,AGEP_A,0.015710018767832585,11.451279247843008,252,1789827.5900000003
MEDDL,RF,locked_test,base_estimator_positive_class_probability,RATCAT_A,code_4,Unweighted,4,K6SPD_A,0.014014765020168575,10.215582184246742,252,1789827.5900000003
MEDDL,RF,locked_test,base_estimator_positive_class_probability,RATCAT_A,code_4,Unweighted,5,EMPWRKLSW1_A,0.013591742189306434,9.907234203508857,252,1789827.5900000003
MEDDL,RF,locked_test,base_estimator_positive_class_probability,RATCAT_A,code_4,Unweighted,6,PHSTAT_A,0.008788558229423179,6.406118029414566,252,1789827.5900000003
MEDDL,RF,locked_test,base_estimator_positive_class_probability,RATCAT_A,code_4,Unweighted,7,DISAB3_A,0.008087308402812037,5.894966024716258,252,1789827.5900000003
MEDDL,RF,locked_test,base_estimator_positive_class_probability,RATCAT_A,code_4,Unweighted,8,CHRONIC_BURDEN_CAT,0.004599179640791238,3.352414224070391,252,1789827.5900000003
MEDDL,RF,locked_test,base_estimator_positive_class_probability,RATCAT_A,code_4,Unweighted,9,RATCAT_A,0.004031698785507189,2.938768522069809,252,1789827.5900000003
MEDDL,RF,locked_test,base_estimator_positive_class_probability,RATCAT_A,code_4,Unweighted,10,HISPALLP_A,0.004020065452174536,2.9302888028190455,252,1789827.5900000003
MEDDL,RF,locked_test,base_estimator_positive_class_probability,RATCAT_A,code_4,Unweighted,11,EDUCP_A,0.0038511146009151628,2.807137875660809,252,1789827.5900000003
MEDDL,RF,locked_test,base_estimator_positive_class_probability,RATCAT_A,code_4,Unweighted,12,SEX_A,0.0029268318760843127,2.1334136909598165,252,1789827.5900000003
MEDDL,RF,locked_test,base_estimator_positive_class_probability,RATCAT_A,code_4,WTFA_A,1,NOTCOV_A,0.0338448173484577,23.142021016824824,252,1789827.5900000003
MEDDL,RF,locked_test,base_estimator_positive_class_probability,RATCAT_A,code_4,WTFA_A,2,FDSCAT3_A,0.03209042180047885,21.942420551408205,252,1789827.5900000003
MEDDL,RF,locked_test,base_estimator_positive_class_probability,RATCAT_A,code_4,WTFA_A,3,AGEP_A,0.014697714414797416,10.049834584261122,252,1789827.5900000003
MEDDL,RF,locked_test,base_estimator_positive_class_probability,RATCAT_A,code_4,WTFA_A,4,K6SPD_A,0.014289744903956474,9.770877871423814,252,1789827.5900000003
MEDDL,RF,locked_test,base_estimator_positive_class_probability,RATCAT_A,code_4,WTFA_A,5,EMPWRKLSW1_A,0.013449219345494961,9.196152945630082,252,1789827.5900000003
MEDDL,RF,locked_test,base_estimator_positive_class_probability,RATCAT_A,code_4,WTFA_A,6,PHSTAT_A,0.009365627237289778,6.40392117143406,252,1789827.5900000003
MEDDL,RF,locked_test,base_estimator_positive_class_probability,RATCAT_A,code_4,WTFA_A,7,DISAB3_A,0.007946685380435492,5.433693383383353,252,1789827.5900000003
MEDDL,RF,locked_test,base_estimator_positive_class_probability,RATCAT_A,code_4,WTFA_A,8,CHRONIC_BURDEN_CAT,0.00509417752215904,3.4832382774437787,252,1789827.5900000003
MEDDL,RF,locked_test,base_estimator_positive_class_probability,RATCAT_A,code_4,WTFA_A,9,HISPALLP_A,0.0043473531207051976,2.9725832540651393,252,1789827.5900000003
MEDDL,RF,locked_test,base_estimator_positive_class_probability,RATCAT_A,code_4,WTFA_A,10,EDUCP_A,0.0041985571341465805,2.870841241020545,252,1789827.5900000003
MEDDL,RF,locked_test,base_estimator_positive_class_probability,RATCAT_A,code_4,WTFA_A,11,RATCAT_A,0.0037525357711062396,2.5658658691294396,252,1789827.5900000003
MEDDL,RF,locked_test,base_estimator_positive_class_probability,RATCAT_A,code_4,WTFA_A,12,SEX_A,0.0031714677377820332,2.1685498339756366,252,1789827.5900000003
MEDDL,RF,locked_test,base_estimator_positive_class_probability,RATCAT_A,code_5,Unweighted,1,FDSCAT3_A,0.032690939560024744,23.217927647566132,331,2620717.5870000003
MEDDL,RF,locked_test,base_estimator_positive_class_probability,RATCAT_A,code_5,Unweighted,2,NOTCOV_A,0.03186125484369992,22.628664690514963,331,2620717.5870000003
MEDDL,RF,locked_test,base_estimator_positive_class_probability,RATCAT_A,code_5,Unweighted,3,AGEP_A,0.016330716029431952,11.59848533897606,331,2620717.5870000003
MEDDL,RF,locked_test,base_estimator_positive_class_probability,RATCAT_A,code_5,Unweighted,4,EMPWRKLSW1_A,0.013596400440865422,9.656505623636798,331,2620717.5870000003
MEDDL,RF,locked_test,base_estimator_positive_class_probability,RATCAT_A,code_5,Unweighted,5,K6SPD_A,0.011338961023986079,8.053215361708677,331,2620717.5870000003
MEDDL,RF,locked_test,base_estimator_positive_class_probability,RATCAT_A,code_5,Unweighted,6,PHSTAT_A,0.008909217538181725,6.327550415555385,331,2620717.5870000003
MEDDL,RF,locked_test,base_estimator_positive_class_probability,RATCAT_A,code_5,Unweighted,7,DISAB3_A,0.006851892619332387,4.866386504200901,331,2620717.5870000003
MEDDL,RF,locked_test,base_estimator_positive_class_probability,RATCAT_A,code_5,Unweighted,8,CHRONIC_BURDEN_CAT,0.005401048881943624,3.835960784537332,331,2620717.5870000003
MEDDL,RF,locked_test,base_estimator_positive_class_probability,RATCAT_A,code_5,Unweighted,9,EDUCP_A,0.00409731776664199,2.9100181498395874,331,2620717.5870000003
MEDDL,RF,locked_test,base_estimator_positive_class_probability,RATCAT_A,code_5,Unweighted,10,RATCAT_A,0.003477377218923501,2.4697207776489942,331,2620717.5870000003
MEDDL,RF,locked_test,base_estimator_positive_class_probability,RATCAT_A,code_5,Unweighted,11,HISPALLP_A,0.0032937645810848203,2.339314463303405,331,2620717.5870000003
MEDDL,RF,locked_test,base_estimator_positive_class_probability,RATCAT_A,code_5,Unweighted,12,SEX_A,0.0029515291382098256,2.0962502425117537,331,2620717.5870000003
MEDDL,RF,locked_test,base_estimator_positive_class_probability,RATCAT_A,code_5,WTFA_A,1,NOTCOV_A,0.03686087753843851,25.23839613960721,331,2620717.5870000003
MEDDL,RF,locked_test,base_estimator_positive_class_probability,RATCAT_A,code_5,WTFA_A,2,FDSCAT3_A,0.03289392647589643,22.522251298007383,331,2620717.5870000003
MEDDL,RF,locked_test,base_estimator_positive_class_probability,RATCAT_A,code_5,WTFA_A,3,AGEP_A,0.014871625171126347,10.182502218435802,331,2620717.5870000003
MEDDL,RF,locked_test,base_estimator_positive_class_probability,RATCAT_A,code_5,WTFA_A,4,EMPWRKLSW1_A,0.012872481651621095,8.81370203095824,331,2620717.5870000003
MEDDL,RF,locked_test,base_estimator_positive_class_probability,RATCAT_A,code_5,WTFA_A,5,K6SPD_A,0.012201497833170795,8.35428390138019,331,2620717.5870000003
MEDDL,RF,locked_test,base_estimator_positive_class_probability,RATCAT_A,code_5,WTFA_A,6,PHSTAT_A,0.010000356098142968,6.847176887714451,331,2620717.5870000003
MEDDL,RF,locked_test,base_estimator_positive_class_probability,RATCAT_A,code_5,WTFA_A,7,DISAB3_A,0.006381164831321877,4.369140850678015,331,2620717.5870000003
MEDDL,RF,locked_test,base_estimator_positive_class_probability,RATCAT_A,code_5,WTFA_A,8,CHRONIC_BURDEN_CAT,0.005838074594785013,3.997290600640506,331,2620717.5870000003
MEDDL,RF,locked_test,base_estimator_positive_class_probability,RATCAT_A,code_5,WTFA_A,9,EDUCP_A,0.004191486461591538,2.869882726506816,331,2620717.5870000003
MEDDL,RF,locked_test,base_estimator_positive_class_probability,RATCAT_A,code_5,WTFA_A,10,HISPALLP_A,0.0035196598950885125,2.4098875729776035,331,2620717.5870000003
MEDDL,RF,locked_test,base_estimator_positive_class_probability,RATCAT_A,code_5,WTFA_A,11,RATCAT_A,0.003330511267766212,2.2803787738274734,331,2620717.5870000003
MEDDL,RF,locked_test,base_estimator_positive_class_probability,RATCAT_A,code_5,WTFA_A,12,SEX_A,0.0030891305314880175,2.1151069992663194,331,2620717.5870000003
MEDDL,RF,locked_test,base_estimator_positive_class_probability,RATCAT_A,code_6,Unweighted,1,FDSCAT3_A,0.028357951185245336,20.664540008170874,298,2170348.889
MEDDL,RF,locked_test,base_estimator_positive_class_probability,RATCAT_A,code_6,Unweighted,2,NOTCOV_A,0.025936966738643763,18.900360021078313,298,2170348.889
MEDDL,RF,locked_test,base_estimator_positive_class_probability,RATCAT_A,code_6,Unweighted,3,AGEP_A,0.017352177317277073,12.644593400256433,298,2170348.889
MEDDL,RF,locked_test,base_estimator_positive_class_probability,RATCAT_A,code_6,Unweighted,4,K6SPD_A,0.014274116959866015,10.401599857183399,298,2170348.889
MEDDL,RF,locked_test,base_estimator_positive_class_probability,RATCAT_A,code_6,Unweighted,5,EMPWRKLSW1_A,0.012987569973246476,9.464088486784265,298,2170348.889
MEDDL,RF,locked_test,base_estimator_positive_class_probability,RATCAT_A,code_6,Unweighted,6,PHSTAT_A,0.009568692506806179,6.972740302750137,298,2170348.889
MEDDL,RF,locked_test,base_estimator_positive_class_probability,RATCAT_A,code_6,Unweighted,7,DISAB3_A,0.007601206030393371,5.53902590138952,298,2170348.889
MEDDL,RF,locked_test,base_estimator_positive_class_probability,RATCAT_A,code_6,Unweighted,8,RATCAT_A,0.006558373707955763,4.779110274620333,298,2170348.889
MEDDL,RF,locked_test,base_estimator_positive_class_probability,RATCAT_A,code_6,Unweighted,9,CHRONIC_BURDEN_CAT,0.004521780472023432,3.295037531516423,298,2170348.889
MEDDL,RF,locked_test,base_estimator_positive_class_probability,RATCAT_A,code_6,Unweighted,10,EDUCP_A,0.0037894012951756747,2.761350217427381,298,2170348.889
MEDDL,RF,locked_test,base_estimator_positive_class_probability,RATCAT_A,code_6,Unweighted,11,HISPALLP_A,0.0035298288652777397,2.5721988634524555,298,2170348.889
MEDDL,RF,locked_test,base_estimator_positive_class_probability,RATCAT_A,code_6,Unweighted,12,SEX_A,0.0027519491368029883,2.0053551353704635,298,2170348.889
MEDDL,RF,locked_test,base_estimator_positive_class_probability,RATCAT_A,code_6,WTFA_A,1,NOTCOV_A,0.034781811173763534,23.83030021127073,298,2170348.889
MEDDL,RF,locked_test,base_estimator_positive_class_probability,RATCAT_A,code_6,WTFA_A,2,FDSCAT3_A,0.031109872063366042,21.314519451001296,298,2170348.889
MEDDL,RF,locked_test,base_estimator_positive_class_probability,RATCAT_A,code_6,WTFA_A,3,AGEP_A,0.015919443844634066,10.906997456770071,298,2170348.889
MEDDL,RF,locked_test,base_estimator_positive_class_probability,RATCAT_A,code_6,WTFA_A,4,EMPWRKLSW1_A,0.012948457061983963,8.871464959610334,298,2170348.889
MEDDL,RF,locked_test,base_estimator_positive_class_probability,RATCAT_A,code_6,WTFA_A,5,K6SPD_A,0.010610690999527904,7.269775305965418,298,2170348.889
MEDDL,RF,locked_test,base_estimator_positive_class_probability,RATCAT_A,code_6,WTFA_A,6,PHSTAT_A,0.01000281111199504,6.853294400473395,298,2170348.889
MEDDL,RF,locked_test,base_estimator_positive_class_probability,RATCAT_A,code_6,WTFA_A,7,DISAB3_A,0.007903425733380652,5.4149281353701335,298,2170348.889
MEDDL,RF,locked_test,base_estimator_positive_class_probability,RATCAT_A,code_6,WTFA_A,8,RATCAT_A,0.0059540272331347665,4.079323406214974,298,2170348.889
MEDDL,RF,locked_test,base_estimator_positive_class_probability,RATCAT_A,code_6,WTFA_A,9,CHRONIC_BURDEN_CAT,0.00537694921165012,3.683945993905905,298,2170348.889
MEDDL,RF,locked_test,base_estimator_positive_class_probability,RATCAT_A,code_6,WTFA_A,10,HISPALLP_A,0.004347016615096379,2.9783012288695505,298,2170348.889
MEDDL,RF,locked_test,base_estimator_positive_class_probability,RATCAT_A,code_6,WTFA_A,11,EDUCP_A,0.004043276040703117,2.770197371425947,298,2170348.889
MEDDL,RF,locked_test,base_estimator_positive_class_probability,RATCAT_A,code_6,WTFA_A,12,SEX_A,0.0029584631267445456,2.0269520791222413,298,2170348.889
MEDDL,RF,locked_test,base_estimator_positive_class_probability,RATCAT_A,code_7,Unweighted,1,NOTCOV_A,0.032450269100477665,24.52540600704771,274,2014189.3329999999
MEDDL,RF,locked_test,base_estimator_positive_class_probability,RATCAT_A,code_7,Unweighted,2,FDSCAT3_A,0.028983813204406482,21.905512840879215,274,2014189.3329999999
MEDDL,RF,locked_test,base_estimator_positive_class_probability,RATCAT_A,code_7,Unweighted,3,AGEP_A,0.01474696486821776,11.145525469906984,274,2014189.3329999999
MEDDL,RF,locked_test,base_estimator_positive_class_probability,RATCAT_A,code_7,Unweighted,4,EMPWRKLSW1_A,0.01236104065225794,9.342281252816647,274,2014189.3329999999
MEDDL,RF,locked_test,base_estimator_positive_class_probability,RATCAT_A,code_7,Unweighted,5,PHSTAT_A,0.009022001323701484,6.818687536142612,274,2014189.3329999999
MEDDL,RF,locked_test,base_estimator_positive_class_probability,RATCAT_A,code_7,Unweighted,6,K6SPD_A,0.007906137134171744,5.975334828890662,274,2014189.3329999999
MEDDL,RF,locked_test,base_estimator_positive_class_probability,RATCAT_A,code_7,Unweighted,7,RATCAT_A,0.007574179327517218,5.724446308977234,274,2014189.3329999999
MEDDL,RF,locked_test,base_estimator_positive_class_probability,RATCAT_A,code_7,Unweighted,8,CHRONIC_BURDEN_CAT,0.005237739797040839,3.9586018434530446,274,2014189.3329999999
MEDDL,RF,locked_test,base_estimator_positive_class_probability,RATCAT_A,code_7,Unweighted,9,DISAB3_A,0.0049687466040147085,3.755300994031093,274,2014189.3329999999
MEDDL,RF,locked_test,base_estimator_positive_class_probability,RATCAT_A,code_7,Unweighted,10,HISPALLP_A,0.0033317565111894132,2.5180894771791693,274,2014189.3329999999
MEDDL,RF,locked_test,base_estimator_positive_class_probability,RATCAT_A,code_7,Unweighted,11,EDUCP_A,0.0031928837140161545,2.4131315884336972,274,2014189.3329999999
MEDDL,RF,locked_test,base_estimator_positive_class_probability,RATCAT_A,code_7,Unweighted,12,SEX_A,0.0025373399378779216,1.9176818522419352,274,2014189.3329999999
MEDDL,RF,locked_test,base_estimator_positive_class_probability,RATCAT_A,code_7,WTFA_A,1,NOTCOV_A,0.03929194547371884,28.186155732285805,274,2014189.3329999999
MEDDL,RF,locked_test,base_estimator_positive_class_probability,RATCAT_A,code_7,WTFA_A,2,FDSCAT3_A,0.028292771058691362,20.295875949730785,274,2014189.3329999999
MEDDL,RF,locked_test,base_estimator_positive_class_probability,RATCAT_A,code_7,WTFA_A,3,AGEP_A,0.01397907811827062,10.027919668648371,274,2014189.3329999999
MEDDL,RF,locked_test,base_estimator_positive_class_probability,RATCAT_A,code_7,WTFA_A,4,EMPWRKLSW1_A,0.01201037435323182,8.615666082242559,274,2014189.3329999999
MEDDL,RF,locked_test,base_estimator_positive_class_probability,RATCAT_A,code_7,WTFA_A,5,PHSTAT_A,0.009644947008436995,6.918822041817296,274,2014189.3329999999
MEDDL,RF,locked_test,base_estimator_positive_class_probability,RATCAT_A,code_7,WTFA_A,6,K6SPD_A,0.007560072403141681,5.423233070626051,274,2014189.3329999999
MEDDL,RF,locked_test,base_estimator_positive_class_probability,RATCAT_A,code_7,WTFA_A,7,RATCAT_A,0.007364759650884962,5.283125076856909,274,2014189.3329999999
MEDDL,RF,locked_test,base_estimator_positive_class_probability,RATCAT_A,code_7,WTFA_A,8,CHRONIC_BURDEN_CAT,0.005895709675114005,4.229299136288845,274,2014189.3329999999
MEDDL,RF,locked_test,base_estimator_positive_class_probability,RATCAT_A,code_7,WTFA_A,9,DISAB3_A,0.005750185925769117,4.124907383416118,274,2014189.3329999999
MEDDL,RF,locked_test,base_estimator_positive_class_probability,RATCAT_A,code_7,WTFA_A,10,HISPALLP_A,0.003750787675863721,2.690635046853208,274,2014189.3329999999
MEDDL,RF,locked_test,base_estimator_positive_class_probability,RATCAT_A,code_7,WTFA_A,11,EDUCP_A,0.003226986971197357,2.314885562921894,274,2014189.3329999999
MEDDL,RF,locked_test,base_estimator_positive_class_probability,RATCAT_A,code_7,WTFA_A,12,SEX_A,0.002633958285612638,1.8894752483121497,274,2014189.3329999999
MEDDL,RF,locked_test,base_estimator_positive_class_probability,RATCAT_A,code_8,Unweighted,1,FDSCAT3_A,0.023675734376717827,18.802531964744755,530,4181768.7849999997
MEDDL,RF,locked_test,base_estimator_positive_class_probability,RATCAT_A,code_8,Unweighted,2,NOTCOV_A,0.022429087755106287,17.81248398656493,530,4181768.7849999997
MEDDL,RF,locked_test,base_estimator_positive_class_probability,RATCAT_A,code_8,Unweighted,3,AGEP_A,0.016692298569839798,13.256504420539379,530,4181768.7849999997
MEDDL,RF,locked_test,base_estimator_positive_class_probability,RATCAT_A,code_8,Unweighted,4,EMPWRKLSW1_A,0.013743549894996432,10.914699924317988,530,4181768.7849999997
MEDDL,RF,locked_test,base_estimator_positive_class_probability,RATCAT_A,code_8,Unweighted,5,RATCAT_A,0.010469320944671115,8.314409115221698,530,4181768.7849999997
MEDDL,RF,locked_test,base_estimator_positive_class_probability,RATCAT_A,code_8,Unweighted,6,K6SPD_A,0.009925656536199019,7.8826477491015,530,4181768.7849999997
MEDDL,RF,locked_test,base_estimator_positive_class_probability,RATCAT_A,code_8,Unweighted,7,PHSTAT_A,0.00927319592290328,7.364483820497279,530,4181768.7849999997
MEDDL,RF,locked_test,base_estimator_positive_class_probability,RATCAT_A,code_8,Unweighted,8,DISAB3_A,0.00566593668464258,4.499710713428813,530,4181768.7849999997
MEDDL,RF,locked_test,base_estimator_positive_class_probability,RATCAT_A,code_8,Unweighted,9,CHRONIC_BURDEN_CAT,0.004663765693033271,3.7038176777980323,530,4181768.7849999997
MEDDL,RF,locked_test,base_estimator_positive_class_probability,RATCAT_A,code_8,Unweighted,10,EDUCP_A,0.0037303500099147846,2.962527969991197,530,4181768.7849999997
MEDDL,RF,locked_test,base_estimator_positive_class_probability,RATCAT_A,code_8,Unweighted,11,HISPALLP_A,0.003188080619306659,2.531874483675753,530,4181768.7849999997
MEDDL,RF,locked_test,base_estimator_positive_class_probability,RATCAT_A,code_8,Unweighted,12,SEX_A,0.0024608218354548743,1.954308174118674,530,4181768.7849999997
MEDDL,RF,locked_test,base_estimator_positive_class_probability,RATCAT_A,code_8,WTFA_A,1,NOTCOV_A,0.027092995514028297,20.083385780272238,530,4181768.7849999997
MEDDL,RF,locked_test,base_estimator_positive_class_probability,RATCAT_A,code_8,WTFA_A,2,FDSCAT3_A,0.026665217956164017,19.766284567957683,530,4181768.7849999997
MEDDL,RF,locked_test,base_estimator_positive_class_probability,RATCAT_A,code_8,WTFA_A,3,AGEP_A,0.015137256517655977,11.22088408945461,530,4181768.7849999997
MEDDL,RF,locked_test,base_estimator_positive_class_probability,RATCAT_A,code_8,WTFA_A,4,EMPWRKLSW1_A,0.0136551761885436,10.122253596879334,530,4181768.7849999997
MEDDL,RF,locked_test,base_estimator_positive_class_probability,RATCAT_A,code_8,WTFA_A,5,RATCAT_A,0.010831987066332335,8.02949141992924,530,4181768.7849999997
MEDDL,RF,locked_test,base_estimator_positive_class_probability,RATCAT_A,code_8,WTFA_A,6,PHSTAT_A,0.0106158171552241,7.869249865368545,530,4181768.7849999997
MEDDL,RF,locked_test,base_estimator_positive_class_probability,RATCAT_A,code_8,WTFA_A,7,K6SPD_A,0.009304041792880115,6.896862347518415,530,4181768.7849999997
MEDDL,RF,locked_test,base_estimator_positive_class_probability,RATCAT_A,code_8,WTFA_A,8,DISAB3_A,0.005901924816162565,4.374954879676628,530,4181768.7849999997
MEDDL,RF,locked_test,base_estimator_positive_class_probability,RATCAT_A,code_8,WTFA_A,9,CHRONIC_BURDEN_CAT,0.005451933884371527,4.041387427672134,530,4181768.7849999997
MEDDL,RF,locked_test,base_estimator_positive_class_probability,RATCAT_A,code_8,WTFA_A,10,EDUCP_A,0.003999947273987673,2.9650646848056326,530,4181768.7849999997
MEDDL,RF,locked_test,base_estimator_positive_class_probability,RATCAT_A,code_8,WTFA_A,11,HISPALLP_A,0.003536806728689438,2.6217497406572834,530,4181768.7849999997
MEDDL,RF,locked_test,base_estimator_positive_class_probability,RATCAT_A,code_8,WTFA_A,12,SEX_A,0.002709425040138827,2.0084315998082523,530,4181768.7849999997
MEDDL,RF,locked_test,base_estimator_positive_class_probability,RATCAT_A,code_9,Unweighted,1,FDSCAT3_A,0.023653688278684908,20.397451480034878,531,4234911.856000001
MEDDL,RF,locked_test,base_estimator_positive_class_probability,RATCAT_A,code_9,Unweighted,2,NOTCOV_A,0.02291992478013599,19.764700038351286,531,4234911.856000001
MEDDL,RF,locked_test,base_estimator_positive_class_probability,RATCAT_A,code_9,Unweighted,3,AGEP_A,0.015608178770305911,13.459510644093335,531,4234911.856000001
MEDDL,RF,locked_test,base_estimator_positive_class_probability,RATCAT_A,code_9,Unweighted,4,EMPWRKLSW1_A,0.01232620399497515,10.629342238651343,531,4234911.856000001
MEDDL,RF,locked_test,base_estimator_positive_class_probability,RATCAT_A,code_9,Unweighted,5,K6SPD_A,0.00889876607519288,7.673735576133958,531,4234911.856000001
MEDDL,RF,locked_test,base_estimator_positive_class_probability,RATCAT_A,code_9,Unweighted,6,PHSTAT_A,0.007931555376900885,6.839673967773298,531,4234911.856000001
MEDDL,RF,locked_test,base_estimator_positive_class_probability,RATCAT_A,code_9,Unweighted,7,RATCAT_A,0.005808177402633633,5.008606495605738,531,4234911.856000001
MEDDL,RF,locked_test,base_estimator_positive_class_probability,RATCAT_A,code_9,Unweighted,8,DISAB3_A,0.005473187980655133,4.719732709808503,531,4234911.856000001
MEDDL,RF,locked_test,base_estimator_positive_class_probability,RATCAT_A,code_9,Unweighted,9,CHRONIC_BURDEN_CAT,0.004233380200964669,3.650600541799226,531,4234911.856000001
MEDDL,RF,locked_test,base_estimator_positive_class_probability,RATCAT_A,code_9,Unweighted,10,EDUCP_A,0.0033857064279689494,2.919620051489848,531,4234911.856000001
MEDDL,RF,locked_test,base_estimator_positive_class_probability,RATCAT_A,code_9,Unweighted,11,SEX_A,0.0031195352834649183,2.6900908152269873,531,4234911.856000001
MEDDL,RF,locked_test,base_estimator_positive_class_probability,RATCAT_A,code_9,Unweighted,12,HISPALLP_A,0.0026056348537714393,2.2469354410315936,531,4234911.856000001
MEDDL,RF,locked_test,base_estimator_positive_class_probability,RATCAT_A,code_9,WTFA_A,1,NOTCOV_A,0.02545221189338555,20.77491416940394,531,4234911.856000001
MEDDL,RF,locked_test,base_estimator_positive_class_probability,RATCAT_A,code_9,WTFA_A,2,FDSCAT3_A,0.024863981516693532,20.29478161201357,531,4234911.856000001
MEDDL,RF,locked_test,base_estimator_positive_class_probability,RATCAT_A,code_9,WTFA_A,3,AGEP_A,0.014872301462075565,12.13925090952174,531,4234911.856000001
MEDDL,RF,locked_test,base_estimator_positive_class_probability,RATCAT_A,code_9,WTFA_A,4,EMPWRKLSW1_A,0.012167743632130008,9.931703800505645,531,4234911.856000001
MEDDL,RF,locked_test,base_estimator_positive_class_probability,RATCAT_A,code_9,WTFA_A,5,K6SPD_A,0.010488403336949614,8.560972225594437,531,4234911.856000001
MEDDL,RF,locked_test,base_estimator_positive_class_probability,RATCAT_A,code_9,WTFA_A,6,PHSTAT_A,0.008618696981968339,7.034857748415364,531,4234911.856000001
MEDDL,RF,locked_test,base_estimator_positive_class_probability,RATCAT_A,code_9,WTFA_A,7,RATCAT_A,0.0061238103706382834,4.9984510333570675,531,4234911.856000001
MEDDL,RF,locked_test,base_estimator_positive_class_probability,RATCAT_A,code_9,WTFA_A,8,DISAB3_A,0.005554391665527927,4.533673167501133,531,4234911.856000001
MEDDL,RF,locked_test,base_estimator_positive_class_probability,RATCAT_A,code_9,WTFA_A,9,CHRONIC_BURDEN_CAT,0.004487018265204025,3.6624486597326524,531,4234911.856000001
MEDDL,RF,locked_test,base_estimator_positive_class_probability,RATCAT_A,code_9,WTFA_A,10,EDUCP_A,0.003748227504974246,3.059423873627087,531,4234911.856000001
MEDDL,RF,locked_test,base_estimator_positive_class_probability,RATCAT_A,code_9,WTFA_A,11,SEX_A,0.003291515964157047,2.6866412211646,531,4234911.856000001
MEDDL,RF,locked_test,base_estimator_positive_class_probability,RATCAT_A,code_9,WTFA_A,12,HISPALLP_A,0.0028458588889462315,2.322881579162784,531,4234911.856000001
MEDDL,RF,locked_test,base_estimator_positive_class_probability,NOTCOV_A,code_1,Unweighted,1,NOTCOV_A,0.13722712226058545,52.61700559834497,472,4745382.67
MEDDL,RF,locked_test,base_estimator_positive_class_probability,NOTCOV_A,code_1,Unweighted,2,FDSCAT3_A,0.033112260378007505,12.6962364362274,472,4745382.67
MEDDL,RF,locked_test,base_estimator_positive_class_probability,NOTCOV_A,code_1,Unweighted,3,PHSTAT_A,0.01778565376088366,6.819554531862615,472,4745382.67
MEDDL,RF,locked_test,base_estimator_positive_class_probability,NOTCOV_A,code_1,Unweighted,4,CHRONIC_BURDEN_CAT,0.016483647677636278,6.3203262434400465,472,4745382.67
MEDDL,RF,locked_test,base_estimator_positive_class_probability,NOTCOV_A,code_1,Unweighted,5,K6SPD_A,0.011411508998036649,4.375515735840198,472,4745382.67
MEDDL,RF,locked_test,base_estimator_positive_class_probability,NOTCOV_A,code_1,Unweighted,6,AGEP_A,0.010012638751280847,3.839146814067297,472,4745382.67
MEDDL,RF,locked_test,base_estimator_positive_class_probability,NOTCOV_A,code_1,Unweighted,7,EMPWRKLSW1_A,0.009966029553922659,3.821275446090396,472,4745382.67
MEDDL,RF,locked_test,base_estimator_positive_class_probability,NOTCOV_A,code_1,Unweighted,8,DISAB3_A,0.006623612343175468,2.5396921687268468,472,4745382.67
MEDDL,RF,locked_test,base_estimator_positive_class_probability,NOTCOV_A,code_1,Unweighted,9,RATCAT_A,0.005834420818763488,2.2370924043792537,472,4745382.67
MEDDL,RF,locked_test,base_estimator_positive_class_probability,NOTCOV_A,code_1,Unweighted,10,EDUCP_A,0.004799421987107054,1.8402427261054948,472,4745382.67
MEDDL,RF,locked_test,base_estimator_positive_class_probability,NOTCOV_A,code_1,Unweighted,11,HISPALLP_A,0.004416813181795672,1.6935390036969156,472,4745382.67
MEDDL,RF,locked_test,base_estimator_positive_class_probability,NOTCOV_A,code_1,Unweighted,12,SEX_A,0.0031306174805722075,1.2003728912185796,472,4745382.67
MEDDL,RF,locked_test,base_estimator_positive_class_probability,NOTCOV_A,code_1,WTFA_A,1,NOTCOV_A,0.13603282433389013,52.41284615512553,472,4745382.67
MEDDL,RF,locked_test,base_estimator_positive_class_probability,NOTCOV_A,code_1,WTFA_A,2,FDSCAT3_A,0.03423366811036934,13.190081061541274,472,4745382.67
MEDDL,RF,locked_test,base_estimator_positive_class_probability,NOTCOV_A,code_1,WTFA_A,3,PHSTAT_A,0.01725199788802568,6.647118558343192,472,4745382.67
MEDDL,RF,locked_test,base_estimator_positive_class_probability,NOTCOV_A,code_1,WTFA_A,4,CHRONIC_BURDEN_CAT,0.01603634121455215,6.178731413430065,472,4745382.67
MEDDL,RF,locked_test,base_estimator_positive_class_probability,NOTCOV_A,code_1,WTFA_A,5,K6SPD_A,0.011040918468559206,4.254017101662931,472,4745382.67
MEDDL,RF,locked_test,base_estimator_positive_class_probability,NOTCOV_A,code_1,WTFA_A,6,AGEP_A,0.009934270972457101,3.8276307111342125,472,4745382.67
MEDDL,RF,locked_test,base_estimator_positive_class_probability,NOTCOV_A,code_1,WTFA_A,7,EMPWRKLSW1_A,0.009876086637486169,3.8052125439572633,472,4745382.67
MEDDL,RF,locked_test,base_estimator_positive_class_probability,NOTCOV_A,code_1,WTFA_A,8,DISAB3_A,0.006755194630084564,2.6027466431596022,472,4745382.67
MEDDL,RF,locked_test,base_estimator_positive_class_probability,NOTCOV_A,code_1,WTFA_A,9,RATCAT_A,0.005757258779124891,2.2182463691621086,472,4745382.67
MEDDL,RF,locked_test,base_estimator_positive_class_probability,NOTCOV_A,code_1,WTFA_A,10,EDUCP_A,0.005112763719003286,1.9699252701971994,472,4745382.67
MEDDL,RF,locked_test,base_estimator_positive_class_probability,NOTCOV_A,code_1,WTFA_A,11,HISPALLP_A,0.004358050220040772,1.6791374937468069,472,4745382.67
MEDDL,RF,locked_test,base_estimator_positive_class_probability,NOTCOV_A,code_1,WTFA_A,12,SEX_A,0.0031516236802019483,1.2143066785398076,472,4745382.67
MEDDL,RF,locked_test,base_estimator_positive_class_probability,NOTCOV_A,code_2,Unweighted,1,FDSCAT3_A,0.02049240623333777,20.49492197623278,5928,45351602.004999995
MEDDL,RF,locked_test,base_estimator_positive_class_probability,NOTCOV_A,code_2,Unweighted,2,AGEP_A,0.014692430050358814,14.694233761259756,5928,45351602.004999995
MEDDL,RF,locked_test,base_estimator_positive_class_probability,NOTCOV_A,code_2,Unweighted,3,NOTCOV_A,0.01191129663913696,11.912758925193028,5928,45351602.004999995
MEDDL,RF,locked_test,base_estimator_positive_class_probability,NOTCOV_A,code_2,Unweighted,4,EMPWRKLSW1_A,0.011823394766376703,11.824846261190915,5928,45351602.004999995
MEDDL,RF,locked_test,base_estimator_positive_class_probability,NOTCOV_A,code_2,Unweighted,5,K6SPD_A,0.008457550843618726,8.458589131812008,5928,45351602.004999995
MEDDL,RF,locked_test,base_estimator_positive_class_probability,NOTCOV_A,code_2,Unweighted,6,PHSTAT_A,0.00779335964808684,7.79431639708643,5928,45351602.004999995
MEDDL,RF,locked_test,base_estimator_positive_class_probability,NOTCOV_A,code_2,Unweighted,7,RATCAT_A,0.0075082988991331655,7.50922065275224,5928,45351602.004999995
MEDDL,RF,locked_test,base_estimator_positive_class_probability,NOTCOV_A,code_2,Unweighted,8,DISAB3_A,0.005655732142013359,5.656426465939517,5928,45351602.004999995
MEDDL,RF,locked_test,base_estimator_positive_class_probability,NOTCOV_A,code_2,Unweighted,9,CHRONIC_BURDEN_CAT,0.0030980161781832116,3.0983965050272215,5928,45351602.004999995
MEDDL,RF,locked_test,base_estimator_positive_class_probability,NOTCOV_A,code_2,Unweighted,10,SEX_A,0.003025617635956257,3.0259890748192193,5928,45351602.004999995
MEDDL,RF,locked_test,base_estimator_positive_class_probability,NOTCOV_A,code_2,Unweighted,11,EDUCP_A,0.002889342935430456,2.889697644578727,5928,45351602.004999995
MEDDL,RF,locked_test,base_estimator_positive_class_probability,NOTCOV_A,code_2,Unweighted,12,HISPALLP_A,0.0026402790711957734,2.6406032041081593,5928,45351602.004999995
MEDDL,RF,locked_test,base_estimator_positive_class_probability,NOTCOV_A,code_2,WTFA_A,1,FDSCAT3_A,0.02090361933063183,20.833475708920314,5928,45351602.004999995
MEDDL,RF,locked_test,base_estimator_positive_class_probability,NOTCOV_A,code_2,WTFA_A,2,AGEP_A,0.013782407358103715,13.736159483383561,5928,45351602.004999995
MEDDL,RF,locked_test,base_estimator_positive_class_probability,NOTCOV_A,code_2,WTFA_A,3,NOTCOV_A,0.01179052655128367,11.750962578121335,5928,45351602.004999995
MEDDL,RF,locked_test,base_estimator_positive_class_probability,NOTCOV_A,code_2,WTFA_A,4,EMPWRKLSW1_A,0.011554140950469695,11.51537018645929,5928,45351602.004999995
MEDDL,RF,locked_test,base_estimator_positive_class_probability,NOTCOV_A,code_2,WTFA_A,5,K6SPD_A,0.00844622002774951,8.417878119434594,5928,45351602.004999995
MEDDL,RF,locked_test,base_estimator_positive_class_probability,NOTCOV_A,code_2,WTFA_A,6,PHSTAT_A,0.008313816832594205,8.285919212872928,5928,45351602.004999995
MEDDL,RF,locked_test,base_estimator_positive_class_probability,NOTCOV_A,code_2,WTFA_A,7,RATCAT_A,0.007702421812772825,7.676575773704081,5928,45351602.004999995
MEDDL,RF,locked_test,base_estimator_positive_class_probability,NOTCOV_A,code_2,WTFA_A,8,DISAB3_A,0.005651207418205378,5.6322443788825645,5928,45351602.004999995
MEDDL,RF,locked_test,base_estimator_positive_class_probability,NOTCOV_A,code_2,WTFA_A,9,SEX_A,0.0031937736160462097,3.1830566753665694,5928,45351602.004999995
MEDDL,RF,locked_test,base_estimator_positive_class_probability,NOTCOV_A,code_2,WTFA_A,10,CHRONIC_BURDEN_CAT,0.0031686553851012064,3.1580227304804342,5928,45351602.004999995
MEDDL,RF,locked_test,base_estimator_positive_class_probability,NOTCOV_A,code_2,WTFA_A,11,EDUCP_A,0.002997385629782085,2.987327683336855,5928,45351602.004999995
MEDDL,RF,locked_test,base_estimator_positive_class_probability,NOTCOV_A,code_2,WTFA_A,12,HISPALLP_A,0.0028325121705459325,2.8230074690374773,5928,45351602.004999995
MEDDL,RF,locked_test,base_estimator_positive_class_probability,SEX_A,code_1,Unweighted,1,NOTCOV_A,0.022710647260191806,20.794378258794815,2958,24662417.391999997
MEDDL,RF,locked_test,base_estimator_positive_class_probability,SEX_A,code_1,Unweighted,2,FDSCAT3_A,0.019813462777575928,18.14165113363596,2958,24662417.391999997
MEDDL,RF,locked_test,base_estimator_positive_class_probability,SEX_A,code_1,Unweighted,3,AGEP_A,0.013680563123822414,12.526230588272552,2958,24662417.391999997
MEDDL,RF,locked_test,base_estimator_positive_class_probability,SEX_A,code_1,Unweighted,4,EMPWRKLSW1_A,0.010698406799097731,9.795701337709103,2958,24662417.391999997
MEDDL,RF,locked_test,base_estimator_positive_class_probability,SEX_A,code_1,Unweighted,5,PHSTAT_A,0.008571689861814636,7.8484315863635485,2958,24662417.391999997
MEDDL,RF,locked_test,base_estimator_positive_class_probability,SEX_A,code_1,Unweighted,6,RATCAT_A,0.007784475274299173,7.127640244923842,2958,24662417.391999997
MEDDL,RF,locked_test,base_estimator_positive_class_probability,SEX_A,code_1,Unweighted,7,K6SPD_A,0.007452005089998822,6.823223083541083,2958,24662417.391999997
MEDDL,RF,locked_test,base_estimator_positive_class_probability,SEX_A,code_1,Unweighted,8,DISAB3_A,0.005460847274916512,5.000074306431888,2958,24662417.391999997
MEDDL,RF,locked_test,base_estimator_positive_class_probability,SEX_A,code_1,Unweighted,9,CHRONIC_BURDEN_CAT,0.0042598480179889455,3.9004124363424846,2958,24662417.391999997
MEDDL,RF,locked_test,base_estimator_positive_class_probability,SEX_A,code_1,Unweighted,10,SEX_A,0.0032456026843770175,2.9717466492025264,2958,24662417.391999997
MEDDL,RF,locked_test,base_estimator_positive_class_probability,SEX_A,code_1,Unweighted,11,EDUCP_A,0.0029035766041298305,2.6585798950563544,2958,24662417.391999997
MEDDL,RF,locked_test,base_estimator_positive_class_probability,SEX_A,code_1,Unweighted,12,HISPALLP_A,0.0026341976499341295,2.4119304797258354,2958,24662417.391999997
MEDDL,RF,locked_test,base_estimator_positive_class_probability,SEX_A,code_1,WTFA_A,1,NOTCOV_A,0.025084724497822834,22.11277947263209,2958,24662417.391999997
MEDDL,RF,locked_test,base_estimator_positive_class_probability,SEX_A,code_1,WTFA_A,2,FDSCAT3_A,0.02070149449118207,18.248858283340848,2958,24662417.391999997
MEDDL,RF,locked_test,base_estimator_positive_class_probability,SEX_A,code_1,WTFA_A,3,AGEP_A,0.012889676717898663,11.362555676509485,2958,24662417.391999997
MEDDL,RF,locked_test,base_estimator_positive_class_probability,SEX_A,code_1,WTFA_A,4,EMPWRKLSW1_A,0.01049149980472485,9.248505860177131,2958,24662417.391999997
MEDDL,RF,locked_test,base_estimator_positive_class_probability,SEX_A,code_1,WTFA_A,5,PHSTAT_A,0.009194760785452416,8.105399665440277,2958,24662417.391999997
MEDDL,RF,locked_test,base_estimator_positive_class_probability,SEX_A,code_1,WTFA_A,6,RATCAT_A,0.007856708638418336,6.925874968933663,2958,24662417.391999997
MEDDL,RF,locked_test,base_estimator_positive_class_probability,SEX_A,code_1,WTFA_A,7,K6SPD_A,0.007850558759847543,6.920453705142977,2958,24662417.391999997
MEDDL,RF,locked_test,base_estimator_positive_class_probability,SEX_A,code_1,WTFA_A,8,DISAB3_A,0.005503956787693677,4.851868422303387,2958,24662417.391999997
MEDDL,RF,locked_test,base_estimator_positive_class_probability,SEX_A,code_1,WTFA_A,9,CHRONIC_BURDEN_CAT,0.004517174299517305,3.9819962596494527,2958,24662417.391999997
MEDDL,RF,locked_test,base_estimator_positive_class_probability,SEX_A,code_1,WTFA_A,10,SEX_A,0.003402426629384449,2.9993197546945063,2958,24662417.391999997
MEDDL,RF,locked_test,base_estimator_positive_class_probability,SEX_A,code_1,WTFA_A,11,EDUCP_A,0.003091067633237316,2.7248494164127672,2958,24662417.391999997
MEDDL,RF,locked_test,base_estimator_positive_class_probability,SEX_A,code_1,WTFA_A,12,HISPALLP_A,0.002855894263932678,2.5175385147634115,2958,24662417.391999997
MEDDL,RF,locked_test,base_estimator_positive_class_probability,SEX_A,code_2,Unweighted,1,FDSCAT3_A,0.022748371503238274,19.89605995064597,3460,25603154.915
MEDDL,RF,locked_test,base_estimator_positive_class_probability,SEX_A,code_2,Unweighted,2,NOTCOV_A,0.020071013244493847,17.554403080054012,3460,25603154.915
MEDDL,RF,locked_test,base_estimator_positive_class_probability,SEX_A,code_2,Unweighted,3,AGEP_A,0.014902669429575343,13.034093642847447,3460,25603154.915
MEDDL,RF,locked_test,base_estimator_positive_class_probability,SEX_A,code_2,Unweighted,4,EMPWRKLSW1_A,0.012515181956653137,10.94596202050628,3460,25603154.915
MEDDL,RF,locked_test,base_estimator_positive_class_probability,SEX_A,code_2,Unweighted,5,K6SPD_A,0.009698126076321784,8.48212355754581,3460,25603154.915
MEDDL,RF,locked_test,base_estimator_positive_class_probability,SEX_A,code_2,Unweighted,6,PHSTAT_A,0.008537256110719352,7.466809629371109,3460,25603154.915
MEDDL,RF,locked_test,base_estimator_positive_class_probability,SEX_A,code_2,Unweighted,7,RATCAT_A,0.00702962718342109,6.148215218488364,3460,25603154.915
MEDDL,RF,locked_test,base_estimator_positive_class_probability,SEX_A,code_2,Unweighted,8,DISAB3_A,0.005963427667799298,5.2157014568267375,3460,25603154.915
MEDDL,RF,locked_test,base_estimator_positive_class_probability,SEX_A,code_2,Unweighted,9,CHRONIC_BURDEN_CAT,0.003981621566482522,3.482384722627035,3460,25603154.915
MEDDL,RF,locked_test,base_estimator_positive_class_probability,SEX_A,code_2,Unweighted,10,EDUCP_A,0.0031397827273324398,2.746100105060984,3460,25603154.915
MEDDL,RF,locked_test,base_estimator_positive_class_probability,SEX_A,code_2,Unweighted,11,HISPALLP_A,0.00289936139186783,2.5358240726365397,3460,25603154.915
MEDDL,RF,locked_test,base_estimator_positive_class_probability,SEX_A,code_2,Unweighted,12,SEX_A,0.002849623456280553,2.492322543389712,3460,25603154.915
MEDDL,RF,locked_test,base_estimator_positive_class_probability,SEX_A,code_2,WTFA_A,1,FDSCAT3_A,0.023512764858258792,19.997516556253192,3460,25603154.915
MEDDL,RF,locked_test,base_estimator_positive_class_probability,SEX_A,code_2,WTFA_A,2,NOTCOV_A,0.022368752095878904,19.024538078640376,3460,25603154.915
MEDDL,RF,locked_test,base_estimator_positive_class_probability,SEX_A,code_2,WTFA_A,3,AGEP_A,0.013904514743616958,11.825736593222485,3460,25603154.915
MEDDL,RF,locked_test,base_estimator_positive_class_probability,SEX_A,code_2,WTFA_A,4,EMPWRKLSW1_A,0.012251048739797085,10.419470082843311,3460,25603154.915
MEDDL,RF,locked_test,base_estimator_positive_class_probability,SEX_A,code_2,WTFA_A,5,K6SPD_A,0.009475969391512217,8.059275714091708,3460,25603154.915
MEDDL,RF,locked_test,base_estimator_positive_class_probability,SEX_A,code_2,WTFA_A,6,PHSTAT_A,0.00917211450916821,7.800848299153377,3460,25603154.915
MEDDL,RF,locked_test,base_estimator_positive_class_probability,SEX_A,code_2,WTFA_A,7,RATCAT_A,0.00717303621025876,6.100639854052267,3460,25603154.915
MEDDL,RF,locked_test,base_estimator_positive_class_probability,SEX_A,code_2,WTFA_A,8,DISAB3_A,0.006005052361042521,5.10727405879429,3460,25603154.915
MEDDL,RF,locked_test,base_estimator_positive_class_probability,SEX_A,code_2,WTFA_A,9,CHRONIC_BURDEN_CAT,0.004318256619426486,3.672660733933183,3460,25603154.915
MEDDL,RF,locked_test,base_estimator_positive_class_probability,SEX_A,code_2,WTFA_A,10,EDUCP_A,0.0033057187306159384,2.811501133291388,3460,25603154.915
MEDDL,RF,locked_test,base_estimator_positive_class_probability,SEX_A,code_2,WTFA_A,11,HISPALLP_A,0.0031099224340260206,2.6449771321237985,3460,25603154.915
MEDDL,RF,locked_test,base_estimator_positive_class_probability,SEX_A,code_2,WTFA_A,12,SEX_A,0.002981273567816651,2.5355617636006262,3460,25603154.915
MEDDL,RF,locked_test,base_estimator_positive_class_probability,AGE_GROUP,18-34,Unweighted,1,NOTCOV_A,0.028812149551338498,22.14614570736899,1296,14130183.015999999
MEDDL,RF,locked_test,base_estimator_positive_class_probability,AGE_GROUP,18-34,Unweighted,2,FDSCAT3_A,0.027150642568400243,20.869046417279673,1296,14130183.015999999
MEDDL,RF,locked_test,base_estimator_positive_class_probability,AGE_GROUP,18-34,Unweighted,3,AGEP_A,0.012757746970102055,9.806103595089105,1296,14130183.015999999
MEDDL,RF,locked_test,base_estimator_positive_class_probability,AGE_GROUP,18-34,Unweighted,4,EMPWRKLSW1_A,0.011006235146332892,8.45982306200165,1296,14130183.015999999
MEDDL,RF,locked_test,base_estimator_positive_class_probability,AGE_GROUP,18-34,Unweighted,5,K6SPD_A,0.010932259862401822,8.402962763752733,1296,14130183.015999999
MEDDL,RF,locked_test,base_estimator_positive_class_probability,AGE_GROUP,18-34,Unweighted,6,PHSTAT_A,0.01048438686271378,8.058710048702288,1296,14130183.015999999
MEDDL,RF,locked_test,base_estimator_positive_class_probability,AGE_GROUP,18-34,Unweighted,7,RATCAT_A,0.007471309175632384,5.742740621748267,1296,14130183.015999999
MEDDL,RF,locked_test,base_estimator_positive_class_probability,AGE_GROUP,18-34,Unweighted,8,DISAB3_A,0.0058618097177982375,4.505616350766183,1296,14130183.015999999
MEDDL,RF,locked_test,base_estimator_positive_class_probability,AGE_GROUP,18-34,Unweighted,9,CHRONIC_BURDEN_CAT,0.004831563009108251,3.7137284118072573,1296,14130183.015999999
MEDDL,RF,locked_test,base_estimator_positive_class_probability,AGE_GROUP,18-34,Unweighted,10,SEX_A,0.003862767817168263,2.969074513524796,1296,14130183.015999999
MEDDL,RF,locked_test,base_estimator_positive_class_probability,AGE_GROUP,18-34,Unweighted,11,HISPALLP_A,0.0035383157523372383,2.7196879590783296,1296,14130183.015999999
MEDDL,RF,locked_test,base_estimator_positive_class_probability,AGE_GROUP,18-34,Unweighted,12,EDUCP_A,0.00339087672010002,2.6063605488807378,1296,14130183.015999999
MEDDL,RF,locked_test,base_estimator_positive_class_probability,AGE_GROUP,18-34,WTFA_A,1,NOTCOV_A,0.028515903321178558,22.124916406982823,1296,14130183.015999999
MEDDL,RF,locked_test,base_estimator_positive_class_probability,AGE_GROUP,18-34,WTFA_A,2,FDSCAT3_A,0.026709095096630442,20.723050210379238,1296,14130183.015999999
MEDDL,RF,locked_test,base_estimator_positive_class_probability,AGE_GROUP,18-34,WTFA_A,3,AGEP_A,0.012488999628413327,9.689963865891807,1296,14130183.015999999
MEDDL,RF,locked_test,base_estimator_positive_class_probability,AGE_GROUP,18-34,WTFA_A,4,EMPWRKLSW1_A,0.010865490433726616,8.430315703466809,1296,14130183.015999999
MEDDL,RF,locked_test,base_estimator_positive_class_probability,AGE_GROUP,18-34,WTFA_A,5,K6SPD_A,0.010863091148318961,8.428454146128683,1296,14130183.015999999
MEDDL,RF,locked_test,base_estimator_positive_class_probability,AGE_GROUP,18-34,WTFA_A,6,PHSTAT_A,0.010659608476866008,8.270576029996112,1296,14130183.015999999
MEDDL,RF,locked_test,base_estimator_positive_class_probability,AGE_GROUP,18-34,WTFA_A,7,RATCAT_A,0.0073449045847394775,5.6987638835882235,1296,14130183.015999999
MEDDL,RF,locked_test,base_estimator_positive_class_probability,AGE_GROUP,18-34,WTFA_A,8,DISAB3_A,0.006092383850047147,4.726958212873276,1296,14130183.015999999
MEDDL,RF,locked_test,base_estimator_positive_class_probability,AGE_GROUP,18-34,WTFA_A,9,CHRONIC_BURDEN_CAT,0.004723865560134826,3.6651523698421813,1296,14130183.015999999
MEDDL,RF,locked_test,base_estimator_positive_class_probability,AGE_GROUP,18-34,WTFA_A,10,SEX_A,0.003830899505241307,2.9723179505264476,1296,14130183.015999999
MEDDL,RF,locked_test,base_estimator_positive_class_probability,AGE_GROUP,18-34,WTFA_A,11,EDUCP_A,0.0034065845451973246,2.643100498935741,1296,14130183.015999999
MEDDL,RF,locked_test,base_estimator_positive_class_probability,AGE_GROUP,18-34,WTFA_A,12,HISPALLP_A,0.0033850995480938745,2.626430721388661,1296,14130183.015999999
MEDDL,RF,locked_test,base_estimator_positive_class_probability,AGE_GROUP,35-49,Unweighted,1,FDSCAT3_A,0.024771547924120153,20.48815050689207,1424,12578947.664
MEDDL,RF,locked_test,base_estimator_positive_class_probability,AGE_GROUP,35-49,Unweighted,2,NOTCOV_A,0.024382143113943305,20.166080025731603,1424,12578947.664
MEDDL,RF,locked_test,base_estimator_positive_class_probability,AGE_GROUP,35-49,Unweighted,3,AGEP_A,0.011758280647953725,9.725085584295755,1424,12578947.664
MEDDL,RF,locked_test,base_estimator_positive_class_probability,AGE_GROUP,35-49,Unweighted,4,EMPWRKLSW1_A,0.011108598545555955,9.187743923761136,1424,12578947.664
MEDDL,RF,locked_test,base_estimator_positive_class_probability,AGE_GROUP,35-49,Unweighted,5,PHSTAT_A,0.010201882218905289,8.437813373422507,1424,12578947.664
MEDDL,RF,locked_test,base_estimator_positive_class_probability,AGE_GROUP,35-49,Unweighted,6,K6SPD_A,0.009534892608295863,7.8861569500710536,1424,12578947.664
MEDDL,RF,locked_test,base_estimator_positive_class_probability,AGE_GROUP,35-49,Unweighted,7,RATCAT_A,0.008624810219784815,7.13344238388399,1424,12578947.664
MEDDL,RF,locked_test,base_estimator_positive_class_probability,AGE_GROUP,35-49,Unweighted,8,DISAB3_A,0.00544375006943141,4.502438486527335,1424,12578947.664
MEDDL,RF,locked_test,base_estimator_positive_class_probability,AGE_GROUP,35-49,Unweighted,9,CHRONIC_BURDEN_CAT,0.004728564880590503,3.910920272398898,1424,12578947.664
MEDDL,RF,locked_test,base_estimator_positive_class_probability,AGE_GROUP,35-49,Unweighted,10,SEX_A,0.0035900762879081294,2.9692945932646504,1424,12578947.664
MEDDL,RF,locked_test,base_estimator_positive_class_probability,AGE_GROUP,35-49,Unweighted,11,HISPALLP_A,0.003468103346608064,2.868412727231129,1424,12578947.664
MEDDL,RF,locked_test,base_estimator_positive_class_probability,AGE_GROUP,35-49,Unweighted,12,EDUCP_A,0.0032940562633888074,2.7244611725198635,1424,12578947.664
MEDDL,RF,locked_test,base_estimator_positive_class_probability,AGE_GROUP,35-49,WTFA_A,1,NOTCOV_A,0.025931487215149377,21.039976180743682,1424,12578947.664
MEDDL,RF,locked_test,base_estimator_positive_class_probability,AGE_GROUP,35-49,WTFA_A,2,FDSCAT3_A,0.025023174277265376,20.30300022486499,1424,12578947.664
MEDDL,RF,locked_test,base_estimator_positive_class_probability,AGE_GROUP,35-49,WTFA_A,3,AGEP_A,0.011756910125574357,9.53917941338575,1424,12578947.664
MEDDL,RF,locked_test,base_estimator_positive_class_probability,AGE_GROUP,35-49,WTFA_A,4,EMPWRKLSW1_A,0.011181307655738226,9.0721540494161,1424,12578947.664
MEDDL,RF,locked_test,base_estimator_positive_class_probability,AGE_GROUP,35-49,WTFA_A,5,PHSTAT_A,0.01038604418759572,8.426902803766033,1424,12578947.664
MEDDL,RF,locked_test,base_estimator_positive_class_probability,AGE_GROUP,35-49,WTFA_A,6,K6SPD_A,0.009563251708030409,7.759315402082582,1424,12578947.664
MEDDL,RF,locked_test,base_estimator_positive_class_probability,AGE_GROUP,35-49,WTFA_A,7,RATCAT_A,0.008446662933353378,6.8533511190481065,1424,12578947.664
MEDDL,RF,locked_test,base_estimator_positive_class_probability,AGE_GROUP,35-49,WTFA_A,8,DISAB3_A,0.005379876907890383,4.36505939895413,1424,12578947.664
MEDDL,RF,locked_test,base_estimator_positive_class_probability,AGE_GROUP,35-49,WTFA_A,9,CHRONIC_BURDEN_CAT,0.004931202001349577,4.001018984758334,1424,12578947.664
MEDDL,RF,locked_test,base_estimator_positive_class_probability,AGE_GROUP,35-49,WTFA_A,10,SEX_A,0.0035741108468868763,2.899918792235933,1424,12578947.664
MEDDL,RF,locked_test,base_estimator_positive_class_probability,AGE_GROUP,35-49,WTFA_A,11,HISPALLP_A,0.0035694171999318537,2.8961105177889195,1424,12578947.664
MEDDL,RF,locked_test,base_estimator_positive_class_probability,AGE_GROUP,35-49,WTFA_A,12,EDUCP_A,0.0035052078502739964,2.84401311295542,1424,12578947.664
MEDDL,RF,locked_test,base_estimator_positive_class_probability,AGE_GROUP,50-64,Unweighted,1,NOTCOV_A,0.02397128647209045,21.11223627263786,1524,11722892.652
MEDDL,RF,locked_test,base_estimator_positive_class_probability,AGE_GROUP,50-64,Unweighted,2,FDSCAT3_A,0.021849859839626024,19.243831739914853,1524,11722892.652
MEDDL,RF,locked_test,base_estimator_positive_class_probability,AGE_GROUP,50-64,Unweighted,3,EMPWRKLSW1_A,0.011619246957032982,10.233421862970058,1524,11722892.652
MEDDL,RF,locked_test,base_estimator_positive_class_probability,AGE_GROUP,50-64,Unweighted,4,PHSTAT_A,0.009442487581893855,8.316284111930987,1524,11722892.652
MEDDL,RF,locked_test,base_estimator_positive_class_probability,AGE_GROUP,50-64,Unweighted,5,AGEP_A,0.009172271965140163,8.078297053868724,1524,11722892.652
MEDDL,RF,locked_test,base_estimator_positive_class_probability,AGE_GROUP,50-64,Unweighted,6,K6SPD_A,0.008448668171432925,7.440997329537656,1524,11722892.652
MEDDL,RF,locked_test,base_estimator_positive_class_probability,AGE_GROUP,50-64,Unweighted,7,RATCAT_A,0.00839996194538133,7.398100284627405,1524,11722892.652
MEDDL,RF,locked_test,base_estimator_positive_class_probability,AGE_GROUP,50-64,Unweighted,8,DISAB3_A,0.006307127530219756,5.554877781578077,1524,11722892.652
MEDDL,RF,locked_test,base_estimator_positive_class_probability,AGE_GROUP,50-64,Unweighted,9,CHRONIC_BURDEN_CAT,0.0049214767087670435,4.334493236595697,1524,11722892.652
MEDDL,RF,locked_test,base_estimator_positive_class_probability,AGE_GROUP,50-64,Unweighted,10,EDUCP_A,0.003276162355362692,2.8854151734605296,1524,11722892.652
MEDDL,RF,locked_test,base_estimator_positive_class_probability,AGE_GROUP,50-64,Unweighted,11,SEX_A,0.0031375853795388457,2.763366243840211,1524,11722892.652
MEDDL,RF,locked_test,base_estimator_positive_class_probability,AGE_GROUP,50-64,Unweighted,12,HISPALLP_A,0.002996012701808813,2.638678909037949,1524,11722892.652
MEDDL,RF,locked_test,base_estimator_positive_class_probability,AGE_GROUP,50-64,WTFA_A,1,NOTCOV_A,0.025962848026678684,23.061006938644635,1524,11722892.652
MEDDL,RF,locked_test,base_estimator_positive_class_probability,AGE_GROUP,50-64,WTFA_A,2,FDSCAT3_A,0.020458124920762898,18.17154112925435,1524,11722892.652
MEDDL,RF,locked_test,base_estimator_positive_class_probability,AGE_GROUP,50-64,WTFA_A,3,EMPWRKLSW1_A,0.011172212416457024,9.92350561044694,1524,11722892.652
MEDDL,RF,locked_test,base_estimator_positive_class_probability,AGE_GROUP,50-64,WTFA_A,4,PHSTAT_A,0.009472287402553427,8.413579484448606,1524,11722892.652
MEDDL,RF,locked_test,base_estimator_positive_class_probability,AGE_GROUP,50-64,WTFA_A,5,AGEP_A,0.009138148515500807,8.116786960574746,1524,11722892.652
MEDDL,RF,locked_test,base_estimator_positive_class_probability,AGE_GROUP,50-64,WTFA_A,6,RATCAT_A,0.008441860148678723,7.498322035537176,1524,11722892.652
MEDDL,RF,locked_test,base_estimator_positive_class_probability,AGE_GROUP,50-64,WTFA_A,7,K6SPD_A,0.007319099349418744,6.501051067592261,1524,11722892.652
MEDDL,RF,locked_test,base_estimator_positive_class_probability,AGE_GROUP,50-64,WTFA_A,8,DISAB3_A,0.005960140648314314,5.29398179679047,1524,11722892.652
MEDDL,RF,locked_test,base_estimator_positive_class_probability,AGE_GROUP,50-64,WTFA_A,9,CHRONIC_BURDEN_CAT,0.005167674143237832,4.590088466080632,1524,11722892.652
MEDDL,RF,locked_test,base_estimator_positive_class_probability,AGE_GROUP,50-64,WTFA_A,10,EDUCP_A,0.003331583782317852,2.9592160552555686,1524,11722892.652
MEDDL,RF,locked_test,base_estimator_positive_class_probability,AGE_GROUP,50-64,WTFA_A,11,SEX_A,0.003107596496573429,2.7602636003703216,1524,11722892.652
MEDDL,RF,locked_test,base_estimator_positive_class_probability,AGE_GROUP,50-64,WTFA_A,12,HISPALLP_A,0.0030517475739976247,2.7106568550042893,1524,11722892.652
MEDDL,RF,locked_test,base_estimator_positive_class_probability,AGE_GROUP,65+,Unweighted,1,AGEP_A,0.02065789483613292,21.915528067588443,2161,11750131.791
MEDDL,RF,locked_test,base_estimator_positive_class_probability,AGE_GROUP,65+,Unweighted,2,FDSCAT3_A,0.015494967892023351,16.438286981210506,2161,11750131.791
MEDDL,RF,locked_test,base_estimator_positive_class_probability,AGE_GROUP,65+,Unweighted,3,NOTCOV_A,0.012827373215134689,13.608291646349619,2161,11750131.791
MEDDL,RF,locked_test,base_estimator_positive_class_probability,AGE_GROUP,65+,Unweighted,4,EMPWRKLSW1_A,0.012512153720559424,13.273881885063968,2161,11750131.791
MEDDL,RF,locked_test,base_estimator_positive_class_probability,AGE_GROUP,65+,Unweighted,5,K6SPD_A,0.006898298938706988,7.318260897786083,2161,11750131.791
MEDDL,RF,locked_test,base_estimator_positive_class_probability,AGE_GROUP,65+,Unweighted,6,RATCAT_A,0.005773754323266685,6.125255062562707,2161,11750131.791
MEDDL,RF,locked_test,base_estimator_positive_class_probability,AGE_GROUP,65+,Unweighted,7,PHSTAT_A,0.005692576471089494,6.039135179004001,2161,11750131.791
MEDDL,RF,locked_test,base_estimator_positive_class_probability,AGE_GROUP,65+,Unweighted,8,DISAB3_A,0.005438839575097313,5.7699510191459975,2161,11750131.791
MEDDL,RF,locked_test,base_estimator_positive_class_probability,AGE_GROUP,65+,Unweighted,9,CHRONIC_BURDEN_CAT,0.002694227764303164,2.8582498196178805,2161,11750131.791
MEDDL,RF,locked_test,base_estimator_positive_class_probability,AGE_GROUP,65+,Unweighted,10,EDUCP_A,0.0024742851241553935,2.6249172781535397,2161,11750131.791
MEDDL,RF,locked_test,base_estimator_positive_class_probability,AGE_GROUP,65+,Unweighted,11,SEX_A,0.0020934487742400682,2.2208959690156513,2161,11750131.791
MEDDL,RF,locked_test,base_estimator_positive_class_probability,AGE_GROUP,65+,Unweighted,12,HISPALLP_A,0.0017036307545660414,1.807346194501594,2161,11750131.791
MEDDL,RF,locked_test,base_estimator_positive_class_probability,AGE_GROUP,65+,WTFA_A,1,AGEP_A,0.020536333882052147,21.762058281273532,2161,11750131.791
MEDDL,RF,locked_test,base_estimator_positive_class_probability,AGE_GROUP,65+,WTFA_A,2,FDSCAT3_A,0.015320547357913578,16.234964157614776,2161,11750131.791
MEDDL,RF,locked_test,base_estimator_positive_class_probability,AGE_GROUP,65+,WTFA_A,3,NOTCOV_A,0.01330031523101822,14.094153166728963,2161,11750131.791
MEDDL,RF,locked_test,base_estimator_positive_class_probability,AGE_GROUP,65+,WTFA_A,4,EMPWRKLSW1_A,0.0124512222814775,13.19438155412032,2161,11750131.791
MEDDL,RF,locked_test,base_estimator_positive_class_probability,AGE_GROUP,65+,WTFA_A,5,K6SPD_A,0.006487072720803587,6.874257861008264,2161,11750131.791
MEDDL,RF,locked_test,base_estimator_positive_class_probability,AGE_GROUP,65+,WTFA_A,6,PHSTAT_A,0.0058660805342440935,6.21620135327229,2161,11750131.791
MEDDL,RF,locked_test,base_estimator_positive_class_probability,AGE_GROUP,65+,WTFA_A,7,RATCAT_A,0.005758376141322125,6.102068553845733,2161,11750131.791
MEDDL,RF,locked_test,base_estimator_positive_class_probability,AGE_GROUP,65+,WTFA_A,8,DISAB3_A,0.005511178329483196,5.840116580375749,2161,11750131.791
MEDDL,RF,locked_test,base_estimator_positive_class_probability,AGE_GROUP,65+,WTFA_A,9,CHRONIC_BURDEN_CAT,0.0027487260580261632,2.9127855544995236,2161,11750131.791
MEDDL,RF,locked_test,base_estimator_positive_class_probability,AGE_GROUP,65+,WTFA_A,10,EDUCP_A,0.0024935661095589826,2.6423962191156436,2161,11750131.791
MEDDL,RF,locked_test,base_estimator_positive_class_probability,AGE_GROUP,65+,WTFA_A,11,SEX_A,0.002086503543479172,2.211037859924982,2161,11750131.791
MEDDL,RF,locked_test,base_estimator_positive_class_probability,AGE_GROUP,65+,WTFA_A,12,HISPALLP_A,0.0018076859505363175,1.9155788582202207,2161,11750131.791
MEDDL,XGBoost,locked_test,base_estimator_raw_margin_log_odds,HISPALLP_A,code_1,Unweighted,1,NOTCOV_A,0.4847279373864028,18.705990493350676,935,9079677.384
MEDDL,XGBoost,locked_test,base_estimator_raw_margin_log_odds,HISPALLP_A,code_1,Unweighted,2,AGEP_A,0.38494204733150955,14.855183129529587,935,9079677.384
MEDDL,XGBoost,locked_test,base_estimator_raw_margin_log_odds,HISPALLP_A,code_1,Unweighted,3,FDSCAT3_A,0.3395883618942076,13.104952653434097,935,9079677.384
MEDDL,XGBoost,locked_test,base_estimator_raw_margin_log_odds,HISPALLP_A,code_1,Unweighted,4,PHSTAT_A,0.2563610798765592,9.893153567530579,935,9079677.384
MEDDL,XGBoost,locked_test,base_estimator_raw_margin_log_odds,HISPALLP_A,code_1,Unweighted,5,EDUCP_A,0.24122835033821294,9.309170939235937,935,9079677.384
MEDDL,XGBoost,locked_test,base_estimator_raw_margin_log_odds,HISPALLP_A,code_1,Unweighted,6,RATCAT_A,0.19057848716222514,7.354557256005479,935,9079677.384
MEDDL,XGBoost,locked_test,base_estimator_raw_margin_log_odds,HISPALLP_A,code_1,Unweighted,7,CHRONIC_BURDEN_CAT,0.15685259974056207,6.053051646712446,935,9079677.384
MEDDL,XGBoost,locked_test,base_estimator_raw_margin_log_odds,HISPALLP_A,code_1,Unweighted,8,EMPWRKLSW1_A,0.12704734867195883,4.902846139376937,935,9079677.384
MEDDL,XGBoost,locked_test,base_estimator_raw_margin_log_odds,HISPALLP_A,code_1,Unweighted,9,HISPALLP_A,0.12648907007865018,4.881301777573941,935,9079677.384
MEDDL,XGBoost,locked_test,base_estimator_raw_margin_log_odds,HISPALLP_A,code_1,Unweighted,10,SEX_A,0.10862003709233171,4.191723283357735,935,9079677.384
MEDDL,XGBoost,locked_test,base_estimator_raw_margin_log_odds,HISPALLP_A,code_1,Unweighted,11,DISAB3_A,0.08861398552195791,3.4196757457168947,935,9079677.384
MEDDL,XGBoost,locked_test,base_estimator_raw_margin_log_odds,HISPALLP_A,code_1,Unweighted,12,K6SPD_A,0.08624858719669967,3.3283933681757043,935,9079677.384
MEDDL,XGBoost,locked_test,base_estimator_raw_margin_log_odds,HISPALLP_A,code_1,WTFA_A,1,NOTCOV_A,0.5332602372973987,20.482776718986607,935,9079677.384
MEDDL,XGBoost,locked_test,base_estimator_raw_margin_log_odds,HISPALLP_A,code_1,WTFA_A,2,AGEP_A,0.3661112988927146,14.062507318233575,935,9079677.384
MEDDL,XGBoost,locked_test,base_estimator_raw_margin_log_odds,HISPALLP_A,code_1,WTFA_A,3,FDSCAT3_A,0.3325236381847635,12.77238946080487,935,9079677.384
MEDDL,XGBoost,locked_test,base_estimator_raw_margin_log_odds,HISPALLP_A,code_1,WTFA_A,4,PHSTAT_A,0.2617609088860756,10.054359720584849,935,9079677.384
MEDDL,XGBoost,locked_test,base_estimator_raw_margin_log_odds,HISPALLP_A,code_1,WTFA_A,5,EDUCP_A,0.2480657492057323,9.528322190982024,935,9079677.384
MEDDL,XGBoost,locked_test,base_estimator_raw_margin_log_odds,HISPALLP_A,code_1,WTFA_A,6,RATCAT_A,0.18468980282053823,7.094022259411393,935,9079677.384
MEDDL,XGBoost,locked_test,base_estimator_raw_margin_log_odds,HISPALLP_A,code_1,WTFA_A,7,CHRONIC_BURDEN_CAT,0.1583969122320792,6.0840999559042555,935,9079677.384
MEDDL,XGBoost,locked_test,base_estimator_raw_margin_log_odds,HISPALLP_A,code_1,WTFA_A,8,HISPALLP_A,0.12248554079706468,4.704727275683637,935,9079677.384
MEDDL,XGBoost,locked_test,base_estimator_raw_margin_log_odds,HISPALLP_A,code_1,WTFA_A,9,EMPWRKLSW1_A,0.12087816159843183,4.642987084074378,935,9079677.384
MEDDL,XGBoost,locked_test,base_estimator_raw_margin_log_odds,HISPALLP_A,code_1,WTFA_A,10,SEX_A,0.1102864592270849,4.236154810500475,935,9079677.384
MEDDL,XGBoost,locked_test,base_estimator_raw_margin_log_odds,HISPALLP_A,code_1,WTFA_A,11,DISAB3_A,0.08446618009641724,3.2443857355442547,935,9079677.384
MEDDL,XGBoost,locked_test,base_estimator_raw_margin_log_odds,HISPALLP_A,code_1,WTFA_A,12,K6SPD_A,0.08053188136199903,3.093267469289692,935,9079677.384
MEDDL,XGBoost,locked_test,base_estimator_raw_margin_log_odds,HISPALLP_A,code_2,Unweighted,1,AGEP_A,0.6263199086257911,24.69258855693124,4243,30287641.996999998
MEDDL,XGBoost,locked_test,base_estimator_raw_margin_log_odds,HISPALLP_A,code_2,Unweighted,2,FDSCAT3_A,0.290994709528576,11.472432116038531,4243,30287641.996999998
MEDDL,XGBoost,locked_test,base_estimator_raw_margin_log_odds,HISPALLP_A,code_2,Unweighted,3,NOTCOV_A,0.272642747876166,10.748908191515978,4243,30287641.996999998
MEDDL,XGBoost,locked_test,base_estimator_raw_margin_log_odds,HISPALLP_A,code_2,Unweighted,4,RATCAT_A,0.26093902924017803,10.2874904641143,4243,30287641.996999998
MEDDL,XGBoost,locked_test,base_estimator_raw_margin_log_odds,HISPALLP_A,code_2,Unweighted,5,PHSTAT_A,0.24932483445146306,9.829602203836853,4243,30287641.996999998
MEDDL,XGBoost,locked_test,base_estimator_raw_margin_log_odds,HISPALLP_A,code_2,Unweighted,6,EDUCP_A,0.17491164699818926,6.895871061512081,4243,30287641.996999998
MEDDL,XGBoost,locked_test,base_estimator_raw_margin_log_odds,HISPALLP_A,code_2,Unweighted,7,CHRONIC_BURDEN_CAT,0.13306567436193326,5.246098523802392,4243,30287641.996999998
MEDDL,XGBoost,locked_test,base_estimator_raw_margin_log_odds,HISPALLP_A,code_2,Unweighted,8,EMPWRKLSW1_A,0.12517876015818644,4.935157861155671,4243,30287641.996999998
MEDDL,XGBoost,locked_test,base_estimator_raw_margin_log_odds,HISPALLP_A,code_2,Unweighted,9,HISPALLP_A,0.10772349998341418,4.246986286671426,4243,30287641.996999998
MEDDL,XGBoost,locked_test,base_estimator_raw_margin_log_odds,HISPALLP_A,code_2,Unweighted,10,SEX_A,0.10555667522075497,4.161559475863658,4243,30287641.996999998
MEDDL,XGBoost,locked_test,base_estimator_raw_margin_log_odds,HISPALLP_A,code_2,Unweighted,11,DISAB3_A,0.1004002673881837,3.958268704984629,4243,30287641.996999998
MEDDL,XGBoost,locked_test,base_estimator_raw_margin_log_odds,HISPALLP_A,code_2,Unweighted,12,K6SPD_A,0.08941146721196395,3.525036553573253,4243,30287641.996999998
MEDDL,XGBoost,locked_test,base_estimator_raw_margin_log_odds,HISPALLP_A,code_2,WTFA_A,1,AGEP_A,0.5442602277889672,21.92192446064002,4243,30287641.996999998
MEDDL,XGBoost,locked_test,base_estimator_raw_margin_log_odds,HISPALLP_A,code_2,WTFA_A,2,FDSCAT3_A,0.2957058434648684,11.910554606095902,4243,30287641.996999998
MEDDL,XGBoost,locked_test,base_estimator_raw_margin_log_odds,HISPALLP_A,code_2,WTFA_A,3,NOTCOV_A,0.277330996884699,11.170445411744646,4243,30287641.996999998
MEDDL,XGBoost,locked_test,base_estimator_raw_margin_log_odds,HISPALLP_A,code_2,WTFA_A,4,PHSTAT_A,0.2635947183677505,10.617170260183109,4243,30287641.996999998
MEDDL,XGBoost,locked_test,base_estimator_raw_margin_log_odds,HISPALLP_A,code_2,WTFA_A,5,RATCAT_A,0.2630888367239126,10.596794163205951,4243,30287641.996999998
MEDDL,XGBoost,locked_test,base_estimator_raw_margin_log_odds,HISPALLP_A,code_2,WTFA_A,6,EDUCP_A,0.17718387682976952,7.1366808838576885,4243,30287641.996999998
MEDDL,XGBoost,locked_test,base_estimator_raw_margin_log_odds,HISPALLP_A,code_2,WTFA_A,7,CHRONIC_BURDEN_CAT,0.13190987698605294,5.313117165750007,4243,30287641.996999998
MEDDL,XGBoost,locked_test,base_estimator_raw_margin_log_odds,HISPALLP_A,code_2,WTFA_A,8,EMPWRKLSW1_A,0.12046870150183102,4.8522850639354855,4243,30287641.996999998
MEDDL,XGBoost,locked_test,base_estimator_raw_margin_log_odds,HISPALLP_A,code_2,WTFA_A,9,SEX_A,0.11365545370801175,4.577858427849115,4243,30287641.996999998
MEDDL,XGBoost,locked_test,base_estimator_raw_margin_log_odds,HISPALLP_A,code_2,WTFA_A,10,HISPALLP_A,0.10840526821882875,4.36638942125684,4243,30287641.996999998
MEDDL,XGBoost,locked_test,base_estimator_raw_margin_log_odds,HISPALLP_A,code_2,WTFA_A,11,DISAB3_A,0.09617468804922005,3.8737613714778205,4243,30287641.996999998
MEDDL,XGBoost,locked_test,base_estimator_raw_margin_log_odds,HISPALLP_A,code_2,WTFA_A,12,K6SPD_A,0.09094253702366581,3.663018764003416,4243,30287641.996999998
MEDDL,XGBoost,locked_test,base_estimator_raw_margin_log_odds,HISPALLP_A,code_3,Unweighted,1,AGEP_A,0.5118851417053807,19.813664034524642,671,6134871.62
MEDDL,XGBoost,locked_test,base_estimator_raw_margin_log_odds,HISPALLP_A,code_3,Unweighted,2,FDSCAT3_A,0.3467375726944353,13.421256476845086,671,6134871.62
MEDDL,XGBoost,locked_test,base_estimator_raw_margin_log_odds,HISPALLP_A,code_3,Unweighted,3,NOTCOV_A,0.306445107597237,11.861646123829235,671,6134871.62
MEDDL,XGBoost,locked_test,base_estimator_raw_margin_log_odds,HISPALLP_A,code_3,Unweighted,4,PHSTAT_A,0.24320291106319092,9.413714873556348,671,6134871.62
MEDDL,XGBoost,locked_test,base_estimator_raw_margin_log_odds,HISPALLP_A,code_3,Unweighted,5,HISPALLP_A,0.22217196774202105,8.599664979655296,671,6134871.62
MEDDL,XGBoost,locked_test,base_estimator_raw_margin_log_odds,HISPALLP_A,code_3,Unweighted,6,RATCAT_A,0.19904809937144546,7.704603721290313,671,6134871.62
MEDDL,XGBoost,locked_test,base_estimator_raw_margin_log_odds,HISPALLP_A,code_3,Unweighted,7,EDUCP_A,0.19736772134738462,7.639560915967196,671,6134871.62
MEDDL,XGBoost,locked_test,base_estimator_raw_margin_log_odds,HISPALLP_A,code_3,Unweighted,8,EMPWRKLSW1_A,0.14668037398426306,5.677593299348676,671,6134871.62
MEDDL,XGBoost,locked_test,base_estimator_raw_margin_log_odds,HISPALLP_A,code_3,Unweighted,9,CHRONIC_BURDEN_CAT,0.14099492994201085,5.457525418954696,671,6134871.62
MEDDL,XGBoost,locked_test,base_estimator_raw_margin_log_odds,HISPALLP_A,code_3,Unweighted,10,DISAB3_A,0.09875323556770603,3.822465769063031,671,6134871.62
MEDDL,XGBoost,locked_test,base_estimator_raw_margin_log_odds,HISPALLP_A,code_3,Unweighted,11,K6SPD_A,0.08986741179869188,3.4785200037245776,671,6134871.62
MEDDL,XGBoost,locked_test,base_estimator_raw_margin_log_odds,HISPALLP_A,code_3,Unweighted,12,SEX_A,0.08034114320878263,3.109784383240904,671,6134871.62
MEDDL,XGBoost,locked_test,base_estimator_raw_margin_log_odds,HISPALLP_A,code_3,WTFA_A,1,AGEP_A,0.46085672337294503,18.010603557593154,671,6134871.62
MEDDL,XGBoost,locked_test,base_estimator_raw_margin_log_odds,HISPALLP_A,code_3,WTFA_A,2,FDSCAT3_A,0.3482014321647946,13.607955867514297,671,6134871.62
MEDDL,XGBoost,locked_test,base_estimator_raw_margin_log_odds,HISPALLP_A,code_3,WTFA_A,3,NOTCOV_A,0.3242659164922417,12.672539149342542,671,6134871.62
MEDDL,XGBoost,locked_test,base_estimator_raw_margin_log_odds,HISPALLP_A,code_3,WTFA_A,4,PHSTAT_A,0.2649242029326221,10.353423417389436,671,6134871.62
MEDDL,XGBoost,locked_test,base_estimator_raw_margin_log_odds,HISPALLP_A,code_3,WTFA_A,5,HISPALLP_A,0.2145334034816057,8.384115678489431,671,6134871.62
MEDDL,XGBoost,locked_test,base_estimator_raw_margin_log_odds,HISPALLP_A,code_3,WTFA_A,6,RATCAT_A,0.19817923503988993,7.744983320471336,671,6134871.62
MEDDL,XGBoost,locked_test,base_estimator_raw_margin_log_odds,HISPALLP_A,code_3,WTFA_A,7,EDUCP_A,0.1945658876114615,7.603771171990627,671,6134871.62
MEDDL,XGBoost,locked_test,base_estimator_raw_margin_log_odds,HISPALLP_A,code_3,WTFA_A,8,CHRONIC_BURDEN_CAT,0.1405214180578084,5.491675446257743,671,6134871.62
MEDDL,XGBoost,locked_test,base_estimator_raw_margin_log_odds,HISPALLP_A,code_3,WTFA_A,9,EMPWRKLSW1_A,0.1357114445700494,5.3036983131988515,671,6134871.62
MEDDL,XGBoost,locked_test,base_estimator_raw_margin_log_odds,HISPALLP_A,code_3,WTFA_A,10,DISAB3_A,0.09807264304228633,3.8327475853065978,671,6134871.62
MEDDL,XGBoost,locked_test,base_estimator_raw_margin_log_odds,HISPALLP_A,code_3,WTFA_A,11,SEX_A,0.09074953626786252,3.546555443074709,671,6134871.62
MEDDL,XGBoost,locked_test,base_estimator_raw_margin_log_odds,HISPALLP_A,code_3,WTFA_A,12,K6SPD_A,0.08822592761802114,3.4479310493712796,671,6134871.62
MEDDL,XGBoost,locked_test,base_estimator_raw_margin_log_odds,HISPALLP_A,code_4,Unweighted,1,HISPALLP_A,0.6945185670425834,23.219056389469994,384,3311289.384
MEDDL,XGBoost,locked_test,base_estimator_raw_margin_log_odds,HISPALLP_A,code_4,Unweighted,2,AGEP_A,0.39409391641553765,13.175297684213522,384,3311289.384
MEDDL,XGBoost,locked_test,base_estimator_raw_margin_log_odds,HISPALLP_A,code_4,Unweighted,3,PHSTAT_A,0.3602537889458593,12.043958847166795,384,3311289.384
MEDDL,XGBoost,locked_test,base_estimator_raw_margin_log_odds,HISPALLP_A,code_4,Unweighted,4,NOTCOV_A,0.29446251027282244,9.844433187328082,384,3311289.384
MEDDL,XGBoost,locked_test,base_estimator_raw_margin_log_odds,HISPALLP_A,code_4,Unweighted,5,FDSCAT3_A,0.2626903881130905,8.782231640749826,384,3311289.384
MEDDL,XGBoost,locked_test,base_estimator_raw_margin_log_odds,HISPALLP_A,code_4,Unweighted,6,RATCAT_A,0.20648567038979118,6.9032026671565045,384,3311289.384
MEDDL,XGBoost,locked_test,base_estimator_raw_margin_log_odds,HISPALLP_A,code_4,Unweighted,7,EDUCP_A,0.19958394327873444,6.672465004290633,384,3311289.384
MEDDL,XGBoost,locked_test,base_estimator_raw_margin_log_odds,HISPALLP_A,code_4,Unweighted,8,EMPWRKLSW1_A,0.1660623331390525,5.5517747981044225,384,3311289.384
MEDDL,XGBoost,locked_test,base_estimator_raw_margin_log_odds,HISPALLP_A,code_4,Unweighted,9,CHRONIC_BURDEN_CAT,0.14522483278807385,4.85513813693463,384,3311289.384
MEDDL,XGBoost,locked_test,base_estimator_raw_margin_log_odds,HISPALLP_A,code_4,Unweighted,10,SEX_A,0.10933878581128435,3.655400379170473,384,3311289.384
MEDDL,XGBoost,locked_test,base_estimator_raw_margin_log_odds,HISPALLP_A,code_4,Unweighted,11,K6SPD_A,0.07975601205767664,2.666392850017066,384,3311289.384
MEDDL,XGBoost,locked_test,base_estimator_raw_margin_log_odds,HISPALLP_A,code_4,Unweighted,12,DISAB3_A,0.07868683968930175,2.6306484153980305,384,3311289.384
MEDDL,XGBoost,locked_test,base_estimator_raw_margin_log_odds,HISPALLP_A,code_4,WTFA_A,1,HISPALLP_A,0.6950918812307898,23.157946898814938,384,3311289.384
MEDDL,XGBoost,locked_test,base_estimator_raw_margin_log_odds,HISPALLP_A,code_4,WTFA_A,2,AGEP_A,0.3815513147718611,12.71190949751002,384,3311289.384
MEDDL,XGBoost,locked_test,base_estimator_raw_margin_log_odds,HISPALLP_A,code_4,WTFA_A,3,PHSTAT_A,0.3633311576550026,12.104879776125346,384,3311289.384
MEDDL,XGBoost,locked_test,base_estimator_raw_margin_log_odds,HISPALLP_A,code_4,WTFA_A,4,NOTCOV_A,0.3123938983220858,10.407834567203977,384,3311289.384
MEDDL,XGBoost,locked_test,base_estimator_raw_margin_log_odds,HISPALLP_A,code_4,WTFA_A,5,FDSCAT3_A,0.2581574952875344,8.600873825218503,384,3311289.384
MEDDL,XGBoost,locked_test,base_estimator_raw_margin_log_odds,HISPALLP_A,code_4,WTFA_A,6,EDUCP_A,0.21401377257525372,7.130164680008991,384,3311289.384
MEDDL,XGBoost,locked_test,base_estimator_raw_margin_log_odds,HISPALLP_A,code_4,WTFA_A,7,RATCAT_A,0.19641730794653475,6.543914136041772,384,3311289.384
MEDDL,XGBoost,locked_test,base_estimator_raw_margin_log_odds,HISPALLP_A,code_4,WTFA_A,8,EMPWRKLSW1_A,0.1679424119838349,5.595233614143202,384,3311289.384
MEDDL,XGBoost,locked_test,base_estimator_raw_margin_log_odds,HISPALLP_A,code_4,WTFA_A,9,CHRONIC_BURDEN_CAT,0.14445816897552607,4.812823594359489,384,3311289.384
MEDDL,XGBoost,locked_test,base_estimator_raw_margin_log_odds,HISPALLP_A,code_4,WTFA_A,10,SEX_A,0.1074950701052439,3.581346858740088,384,3311289.384
MEDDL,XGBoost,locked_test,base_estimator_raw_margin_log_odds,HISPALLP_A,code_4,WTFA_A,11,K6SPD_A,0.0823261420488334,2.742809227717288,384,3311289.384
MEDDL,XGBoost,locked_test,base_estimator_raw_margin_log_odds,HISPALLP_A,code_4,WTFA_A,12,DISAB3_A,0.07834774180955754,2.6102633241163904,384,3311289.384
MEDDL,XGBoost,locked_test,base_estimator_raw_margin_log_odds,RATCAT_A,code_1,Unweighted,1,NOTCOV_A,0.4508220990857924,16.745070657112002,188,1438230.0329999998
MEDDL,XGBoost,locked_test,base_estimator_raw_margin_log_odds,RATCAT_A,code_1,Unweighted,2,FDSCAT3_A,0.4092539645401477,15.201088338005022,188,1438230.0329999998
MEDDL,XGBoost,locked_test,base_estimator_raw_margin_log_odds,RATCAT_A,code_1,Unweighted,3,AGEP_A,0.3731546238030089,13.86023567673494,188,1438230.0329999998
MEDDL,XGBoost,locked_test,base_estimator_raw_margin_log_odds,RATCAT_A,code_1,Unweighted,4,PHSTAT_A,0.2847169056903828,10.575357136945655,188,1438230.0329999998
MEDDL,XGBoost,locked_test,base_estimator_raw_margin_log_odds,RATCAT_A,code_1,Unweighted,5,EDUCP_A,0.2328454333915904,8.648673705736101,188,1438230.0329999998
MEDDL,XGBoost,locked_test,base_estimator_raw_margin_log_odds,RATCAT_A,code_1,Unweighted,6,CHRONIC_BURDEN_CAT,0.1847973432388747,6.864003730200141,188,1438230.0329999998
MEDDL,XGBoost,locked_test,base_estimator_raw_margin_log_odds,RATCAT_A,code_1,Unweighted,7,HISPALLP_A,0.18415997716036803,6.840329779786699,188,1438230.0329999998
MEDDL,XGBoost,locked_test,base_estimator_raw_margin_log_odds,RATCAT_A,code_1,Unweighted,8,EMPWRKLSW1_A,0.15810292637646892,5.8724820248138165,188,1438230.0329999998
MEDDL,XGBoost,locked_test,base_estimator_raw_margin_log_odds,RATCAT_A,code_1,Unweighted,9,K6SPD_A,0.14629270969143884,5.433810288739501,188,1438230.0329999998
MEDDL,XGBoost,locked_test,base_estimator_raw_margin_log_odds,RATCAT_A,code_1,Unweighted,10,DISAB3_A,0.12566544357290926,4.667643258954879,188,1438230.0329999998
MEDDL,XGBoost,locked_test,base_estimator_raw_margin_log_odds,RATCAT_A,code_1,Unweighted,11,SEX_A,0.08986827898529845,3.3380144506968814,188,1438230.0329999998
MEDDL,XGBoost,locked_test,base_estimator_raw_margin_log_odds,RATCAT_A,code_1,Unweighted,12,RATCAT_A,0.0525878179472242,1.953290952274357,188,1438230.0329999998
MEDDL,XGBoost,locked_test,base_estimator_raw_margin_log_odds,RATCAT_A,code_1,WTFA_A,1,NOTCOV_A,0.4853134174947806,17.62086077024926,188,1438230.0329999998
MEDDL,XGBoost,locked_test,base_estimator_raw_margin_log_odds,RATCAT_A,code_1,WTFA_A,2,FDSCAT3_A,0.4495503177255905,16.322366685749298,188,1438230.0329999998
MEDDL,XGBoost,locked_test,base_estimator_raw_margin_log_odds,RATCAT_A,code_1,WTFA_A,3,AGEP_A,0.3495935857668988,12.69311681669499,188,1438230.0329999998
MEDDL,XGBoost,locked_test,base_estimator_raw_margin_log_odds,RATCAT_A,code_1,WTFA_A,4,PHSTAT_A,0.2933102453012783,10.64956955367315,188,1438230.0329999998
MEDDL,XGBoost,locked_test,base_estimator_raw_margin_log_odds,RATCAT_A,code_1,WTFA_A,5,EDUCP_A,0.23776630933279166,8.632868743329555,188,1438230.0329999998
MEDDL,XGBoost,locked_test,base_estimator_raw_margin_log_odds,RATCAT_A,code_1,WTFA_A,6,CHRONIC_BURDEN_CAT,0.1966051635808276,7.138381279571981,188,1438230.0329999998
MEDDL,XGBoost,locked_test,base_estimator_raw_margin_log_odds,RATCAT_A,code_1,WTFA_A,7,HISPALLP_A,0.19411651731385343,7.0480229919253725,188,1438230.0329999998
MEDDL,XGBoost,locked_test,base_estimator_raw_margin_log_odds,RATCAT_A,code_1,WTFA_A,8,EMPWRKLSW1_A,0.14427134472956277,5.238234070962195,188,1438230.0329999998
MEDDL,XGBoost,locked_test,base_estimator_raw_margin_log_odds,RATCAT_A,code_1,WTFA_A,9,K6SPD_A,0.13581879674809386,4.931337196146412,188,1438230.0329999998
MEDDL,XGBoost,locked_test,base_estimator_raw_margin_log_odds,RATCAT_A,code_1,WTFA_A,10,DISAB3_A,0.10641488758307031,3.863733930255854,188,1438230.0329999998
MEDDL,XGBoost,locked_test,base_estimator_raw_margin_log_odds,RATCAT_A,code_1,WTFA_A,11,SEX_A,0.10091958529639668,3.6642093488343024,188,1438230.0329999998
MEDDL,XGBoost,locked_test,base_estimator_raw_margin_log_odds,RATCAT_A,code_1,WTFA_A,12,RATCAT_A,0.06051795725788897,2.197298612607647,188,1438230.0329999998
MEDDL,XGBoost,locked_test,base_estimator_raw_margin_log_odds,RATCAT_A,code_10,Unweighted,1,AGEP_A,0.6227315367992096,23.081928708492576,470,3697012.5979999998
MEDDL,XGBoost,locked_test,base_estimator_raw_margin_log_odds,RATCAT_A,code_10,Unweighted,2,NOTCOV_A,0.2983094772679985,11.057024866218992,470,3697012.5979999998
MEDDL,XGBoost,locked_test,base_estimator_raw_margin_log_odds,RATCAT_A,code_10,Unweighted,3,PHSTAT_A,0.29788464439193474,11.041278173496911,470,3697012.5979999998
MEDDL,XGBoost,locked_test,base_estimator_raw_margin_log_odds,RATCAT_A,code_10,Unweighted,4,FDSCAT3_A,0.2902845052968722,10.759574327777878,470,3697012.5979999998
MEDDL,XGBoost,locked_test,base_estimator_raw_margin_log_odds,RATCAT_A,code_10,Unweighted,5,RATCAT_A,0.26250678739036226,9.729976071524133,470,3697012.5979999998
MEDDL,XGBoost,locked_test,base_estimator_raw_margin_log_odds,RATCAT_A,code_10,Unweighted,6,HISPALLP_A,0.18366509911146306,6.807660241070987,470,3697012.5979999998
MEDDL,XGBoost,locked_test,base_estimator_raw_margin_log_odds,RATCAT_A,code_10,Unweighted,7,EDUCP_A,0.18010427889635236,6.675676242362013,470,3697012.5979999998
MEDDL,XGBoost,locked_test,base_estimator_raw_margin_log_odds,RATCAT_A,code_10,Unweighted,8,EMPWRKLSW1_A,0.14481127913149588,5.367519426234797,470,3697012.5979999998
MEDDL,XGBoost,locked_test,base_estimator_raw_margin_log_odds,RATCAT_A,code_10,Unweighted,9,CHRONIC_BURDEN_CAT,0.13770380784521585,5.104076616881028,470,3697012.5979999998
MEDDL,XGBoost,locked_test,base_estimator_raw_margin_log_odds,RATCAT_A,code_10,Unweighted,10,SEX_A,0.11244669916019082,4.167906296927615,470,3697012.5979999998
MEDDL,XGBoost,locked_test,base_estimator_raw_margin_log_odds,RATCAT_A,code_10,Unweighted,11,DISAB3_A,0.09551962317076532,3.540493779425496,470,3697012.5979999998
MEDDL,XGBoost,locked_test,base_estimator_raw_margin_log_odds,RATCAT_A,code_10,Unweighted,12,K6SPD_A,0.0719503803567235,2.6668852495875788,470,3697012.5979999998
MEDDL,XGBoost,locked_test,base_estimator_raw_margin_log_odds,RATCAT_A,code_10,WTFA_A,1,AGEP_A,0.5219319397436663,19.586560053592898,470,3697012.5979999998
MEDDL,XGBoost,locked_test,base_estimator_raw_margin_log_odds,RATCAT_A,code_10,WTFA_A,2,PHSTAT_A,0.31325944309997644,11.755699215583814,470,3697012.5979999998
MEDDL,XGBoost,locked_test,base_estimator_raw_margin_log_odds,RATCAT_A,code_10,WTFA_A,3,NOTCOV_A,0.30781978731223963,11.551565042822308,470,3697012.5979999998
MEDDL,XGBoost,locked_test,base_estimator_raw_margin_log_odds,RATCAT_A,code_10,WTFA_A,4,FDSCAT3_A,0.29434428919371486,11.045869504664228,470,3697012.5979999998
MEDDL,XGBoost,locked_test,base_estimator_raw_margin_log_odds,RATCAT_A,code_10,WTFA_A,5,RATCAT_A,0.27378224808566987,10.274236994140033,470,3697012.5979999998
MEDDL,XGBoost,locked_test,base_estimator_raw_margin_log_odds,RATCAT_A,code_10,WTFA_A,6,HISPALLP_A,0.199638454908319,7.491840005018086,470,3697012.5979999998
MEDDL,XGBoost,locked_test,base_estimator_raw_margin_log_odds,RATCAT_A,code_10,WTFA_A,7,EDUCP_A,0.18766581522117187,7.042542293236915,470,3697012.5979999998
MEDDL,XGBoost,locked_test,base_estimator_raw_margin_log_odds,RATCAT_A,code_10,WTFA_A,8,EMPWRKLSW1_A,0.13794983659779783,5.176848843995053,470,3697012.5979999998
MEDDL,XGBoost,locked_test,base_estimator_raw_margin_log_odds,RATCAT_A,code_10,WTFA_A,9,CHRONIC_BURDEN_CAT,0.13483792738805767,5.0600681069360425,470,3697012.5979999998
MEDDL,XGBoost,locked_test,base_estimator_raw_margin_log_odds,RATCAT_A,code_10,WTFA_A,10,SEX_A,0.1210163360491778,4.541384715135675,470,3697012.5979999998
MEDDL,XGBoost,locked_test,base_estimator_raw_margin_log_odds,RATCAT_A,code_10,WTFA_A,11,DISAB3_A,0.09463520515414854,3.5513789975109646,470,3697012.5979999998
MEDDL,XGBoost,locked_test,base_estimator_raw_margin_log_odds,RATCAT_A,code_10,WTFA_A,12,K6SPD_A,0.0778640238009229,2.9220062273639966,470,3697012.5979999998
MEDDL,XGBoost,locked_test,base_estimator_raw_margin_log_odds,RATCAT_A,code_11,Unweighted,1,AGEP_A,0.563936865797024,22.65409044145102,388,3303098.671
MEDDL,XGBoost,locked_test,base_estimator_raw_margin_log_odds,RATCAT_A,code_11,Unweighted,2,NOTCOV_A,0.2933975110971511,11.786166421834533,388,3303098.671
MEDDL,XGBoost,locked_test,base_estimator_raw_margin_log_odds,RATCAT_A,code_11,Unweighted,3,FDSCAT3_A,0.2845152940678802,11.42935600544632,388,3303098.671
MEDDL,XGBoost,locked_test,base_estimator_raw_margin_log_odds,RATCAT_A,code_11,Unweighted,4,RATCAT_A,0.22405849374473225,9.000726303457139,388,3303098.671
MEDDL,XGBoost,locked_test,base_estimator_raw_margin_log_odds,RATCAT_A,code_11,Unweighted,5,PHSTAT_A,0.2236399221657717,8.983911729023188,388,3303098.671
MEDDL,XGBoost,locked_test,base_estimator_raw_margin_log_odds,RATCAT_A,code_11,Unweighted,6,EDUCP_A,0.17914902308247452,7.196653415577059,388,3303098.671
MEDDL,XGBoost,locked_test,base_estimator_raw_margin_log_odds,RATCAT_A,code_11,Unweighted,7,HISPALLP_A,0.16923251607208042,6.798294201448986,388,3303098.671
MEDDL,XGBoost,locked_test,base_estimator_raw_margin_log_odds,RATCAT_A,code_11,Unweighted,8,CHRONIC_BURDEN_CAT,0.13851116120484164,5.564176707351987,388,3303098.671
MEDDL,XGBoost,locked_test,base_estimator_raw_margin_log_odds,RATCAT_A,code_11,Unweighted,9,EMPWRKLSW1_A,0.11931425686064537,4.793011646889645,388,3303098.671
MEDDL,XGBoost,locked_test,base_estimator_raw_margin_log_odds,RATCAT_A,code_11,Unweighted,10,SEX_A,0.10401514992261901,4.178426268156441,388,3303098.671
MEDDL,XGBoost,locked_test,base_estimator_raw_margin_log_odds,RATCAT_A,code_11,Unweighted,11,DISAB3_A,0.09960753799022473,4.001366662013902,388,3303098.671
MEDDL,XGBoost,locked_test,base_estimator_raw_margin_log_odds,RATCAT_A,code_11,Unweighted,12,K6SPD_A,0.08996019685338941,3.613820197349786,388,3303098.671
MEDDL,XGBoost,locked_test,base_estimator_raw_margin_log_odds,RATCAT_A,code_11,WTFA_A,1,AGEP_A,0.48924809256919205,19.605563044988774,388,3303098.671
MEDDL,XGBoost,locked_test,base_estimator_raw_margin_log_odds,RATCAT_A,code_11,WTFA_A,2,NOTCOV_A,0.30183299676226766,12.095306935189802,388,3303098.671
MEDDL,XGBoost,locked_test,base_estimator_raw_margin_log_odds,RATCAT_A,code_11,WTFA_A,3,FDSCAT3_A,0.30061650932120443,12.046558822358215,388,3303098.671
MEDDL,XGBoost,locked_test,base_estimator_raw_margin_log_odds,RATCAT_A,code_11,WTFA_A,4,PHSTAT_A,0.24509307257349017,9.821576740332402,388,3303098.671
MEDDL,XGBoost,locked_test,base_estimator_raw_margin_log_odds,RATCAT_A,code_11,WTFA_A,5,RATCAT_A,0.23339007857646563,9.352604474300847,388,3303098.671
MEDDL,XGBoost,locked_test,base_estimator_raw_margin_log_odds,RATCAT_A,code_11,WTFA_A,6,HISPALLP_A,0.1854943974160663,7.43328826063551,388,3303098.671
MEDDL,XGBoost,locked_test,base_estimator_raw_margin_log_odds,RATCAT_A,code_11,WTFA_A,7,EDUCP_A,0.184981507595958,7.412735306304176,388,3303098.671
MEDDL,XGBoost,locked_test,base_estimator_raw_margin_log_odds,RATCAT_A,code_11,WTFA_A,8,CHRONIC_BURDEN_CAT,0.13694899288834256,5.487935783092292,388,3303098.671
MEDDL,XGBoost,locked_test,base_estimator_raw_margin_log_odds,RATCAT_A,code_11,WTFA_A,9,EMPWRKLSW1_A,0.117506129814582,4.7088049422014056,388,3303098.671
MEDDL,XGBoost,locked_test,base_estimator_raw_margin_log_odds,RATCAT_A,code_11,WTFA_A,10,SEX_A,0.10968074617121763,4.395219555356987,388,3303098.671
MEDDL,XGBoost,locked_test,base_estimator_raw_margin_log_odds,RATCAT_A,code_11,WTFA_A,11,K6SPD_A,0.09610169992243814,3.8510685379800234,388,3303098.671
MEDDL,XGBoost,locked_test,base_estimator_raw_margin_log_odds,RATCAT_A,code_11,WTFA_A,12,DISAB3_A,0.09456123179455608,3.789337597259562,388,3303098.671
MEDDL,XGBoost,locked_test,base_estimator_raw_margin_log_odds,RATCAT_A,code_12,Unweighted,1,AGEP_A,0.5713067743679046,25.62244011126514,394,3100767.9
MEDDL,XGBoost,locked_test,base_estimator_raw_margin_log_odds,RATCAT_A,code_12,Unweighted,2,FDSCAT3_A,0.2813876953230204,12.619908768696115,394,3100767.9
MEDDL,XGBoost,locked_test,base_estimator_raw_margin_log_odds,RATCAT_A,code_12,Unweighted,3,NOTCOV_A,0.2578550954132861,11.564499207840392,394,3100767.9
MEDDL,XGBoost,locked_test,base_estimator_raw_margin_log_odds,RATCAT_A,code_12,Unweighted,4,PHSTAT_A,0.23970222692619914,10.750364304271868,394,3100767.9
MEDDL,XGBoost,locked_test,base_estimator_raw_margin_log_odds,RATCAT_A,code_12,Unweighted,5,EDUCP_A,0.18229448479249805,8.175694265795348,394,3100767.9
MEDDL,XGBoost,locked_test,base_estimator_raw_margin_log_odds,RATCAT_A,code_12,Unweighted,6,HISPALLP_A,0.15523079401752285,6.961919412803589,394,3100767.9
MEDDL,XGBoost,locked_test,base_estimator_raw_margin_log_odds,RATCAT_A,code_12,Unweighted,7,CHRONIC_BURDEN_CAT,0.12445819861218042,5.581804528442304,394,3100767.9
MEDDL,XGBoost,locked_test,base_estimator_raw_margin_log_odds,RATCAT_A,code_12,Unweighted,8,EMPWRKLSW1_A,0.12006094726482122,5.384592952531012,394,3100767.9
MEDDL,XGBoost,locked_test,base_estimator_raw_margin_log_odds,RATCAT_A,code_12,Unweighted,9,SEX_A,0.09935006033392803,4.455733915938767,394,3100767.9
MEDDL,XGBoost,locked_test,base_estimator_raw_margin_log_odds,RATCAT_A,code_12,Unweighted,10,DISAB3_A,0.09385870013688573,4.2094528387823225,394,3100767.9
MEDDL,XGBoost,locked_test,base_estimator_raw_margin_log_odds,RATCAT_A,code_12,Unweighted,11,K6SPD_A,0.07234334261696221,3.2445142379113077,394,3100767.9
MEDDL,XGBoost,locked_test,base_estimator_raw_margin_log_odds,RATCAT_A,code_12,Unweighted,12,RATCAT_A,0.03186427543166851,1.429075455721833,394,3100767.9
MEDDL,XGBoost,locked_test,base_estimator_raw_margin_log_odds,RATCAT_A,code_12,WTFA_A,1,AGEP_A,0.47414151240651925,21.770052768607172,394,3100767.9
MEDDL,XGBoost,locked_test,base_estimator_raw_margin_log_odds,RATCAT_A,code_12,WTFA_A,2,FDSCAT3_A,0.2856787815520756,13.116848001125527,394,3100767.9
MEDDL,XGBoost,locked_test,base_estimator_raw_margin_log_odds,RATCAT_A,code_12,WTFA_A,3,NOTCOV_A,0.2717011412308936,12.475069208485563,394,3100767.9
MEDDL,XGBoost,locked_test,base_estimator_raw_margin_log_odds,RATCAT_A,code_12,WTFA_A,4,PHSTAT_A,0.25153741006354746,11.549258073963397,394,3100767.9
MEDDL,XGBoost,locked_test,base_estimator_raw_margin_log_odds,RATCAT_A,code_12,WTFA_A,5,EDUCP_A,0.18706477911186017,8.589018269552907,394,3100767.9
MEDDL,XGBoost,locked_test,base_estimator_raw_margin_log_odds,RATCAT_A,code_12,WTFA_A,6,HISPALLP_A,0.1633586890097413,7.500560880869326,394,3100767.9
MEDDL,XGBoost,locked_test,base_estimator_raw_margin_log_odds,RATCAT_A,code_12,WTFA_A,7,CHRONIC_BURDEN_CAT,0.12272030604790761,5.634662792723307,394,3100767.9
MEDDL,XGBoost,locked_test,base_estimator_raw_margin_log_odds,RATCAT_A,code_12,WTFA_A,8,EMPWRKLSW1_A,0.11825627002044604,5.429698035713211,394,3100767.9
MEDDL,XGBoost,locked_test,base_estimator_raw_margin_log_odds,RATCAT_A,code_12,WTFA_A,9,SEX_A,0.10446706132557056,4.796571019685562,394,3100767.9
MEDDL,XGBoost,locked_test,base_estimator_raw_margin_log_odds,RATCAT_A,code_12,WTFA_A,10,DISAB3_A,0.09244114242340846,4.24440487890143,394,3100767.9
MEDDL,XGBoost,locked_test,base_estimator_raw_margin_log_odds,RATCAT_A,code_12,WTFA_A,11,K6SPD_A,0.0758186904213109,3.481190421275449,394,3100767.9
MEDDL,XGBoost,locked_test,base_estimator_raw_margin_log_odds,RATCAT_A,code_12,WTFA_A,12,RATCAT_A,0.030767193562044406,1.412665649097145,394,3100767.9
MEDDL,XGBoost,locked_test,base_estimator_raw_margin_log_odds,RATCAT_A,code_13,Unweighted,1,AGEP_A,0.5796309122948672,24.334461788907326,324,2607330.073
MEDDL,XGBoost,locked_test,base_estimator_raw_margin_log_odds,RATCAT_A,code_13,Unweighted,2,PHSTAT_A,0.26029101794119924,10.927715716555294,324,2607330.073
MEDDL,XGBoost,locked_test,base_estimator_raw_margin_log_odds,RATCAT_A,code_13,Unweighted,3,NOTCOV_A,0.25026205815413927,10.506673060713386,324,2607330.073
MEDDL,XGBoost,locked_test,base_estimator_raw_margin_log_odds,RATCAT_A,code_13,Unweighted,4,FDSCAT3_A,0.2363835050855414,9.924014144203927,324,2607330.073
MEDDL,XGBoost,locked_test,base_estimator_raw_margin_log_odds,RATCAT_A,code_13,Unweighted,5,EDUCP_A,0.2031874924064169,8.530356413138517,324,2607330.073
MEDDL,XGBoost,locked_test,base_estimator_raw_margin_log_odds,RATCAT_A,code_13,Unweighted,6,RATCAT_A,0.2030484673370306,8.524519767495711,324,2607330.073
MEDDL,XGBoost,locked_test,base_estimator_raw_margin_log_odds,RATCAT_A,code_13,Unweighted,7,HISPALLP_A,0.14326253873785524,6.014545982193409,324,2607330.073
MEDDL,XGBoost,locked_test,base_estimator_raw_margin_log_odds,RATCAT_A,code_13,Unweighted,8,CHRONIC_BURDEN_CAT,0.12235321274776068,5.1367163434613055,324,2607330.073
MEDDL,XGBoost,locked_test,base_estimator_raw_margin_log_odds,RATCAT_A,code_13,Unweighted,9,EMPWRKLSW1_A,0.11718546199025931,4.919760293196269,324,2607330.073
MEDDL,XGBoost,locked_test,base_estimator_raw_margin_log_odds,RATCAT_A,code_13,Unweighted,10,SEX_A,0.10676617409437851,4.482330615462049,324,2607330.073
MEDDL,XGBoost,locked_test,base_estimator_raw_margin_log_odds,RATCAT_A,code_13,Unweighted,11,DISAB3_A,0.08917829109769729,3.7439440704173528,324,2607330.073
MEDDL,XGBoost,locked_test,base_estimator_raw_margin_log_odds,RATCAT_A,code_13,Unweighted,12,K6SPD_A,0.0703852512233425,2.954961804255445,324,2607330.073
MEDDL,XGBoost,locked_test,base_estimator_raw_margin_log_odds,RATCAT_A,code_13,WTFA_A,1,AGEP_A,0.5215557982957624,22.355522817953347,324,2607330.073
MEDDL,XGBoost,locked_test,base_estimator_raw_margin_log_odds,RATCAT_A,code_13,WTFA_A,2,PHSTAT_A,0.2768442908025914,11.866417515212444,324,2607330.073
MEDDL,XGBoost,locked_test,base_estimator_raw_margin_log_odds,RATCAT_A,code_13,WTFA_A,3,NOTCOV_A,0.26113788704323776,11.193191623030717,324,2607330.073
MEDDL,XGBoost,locked_test,base_estimator_raw_margin_log_odds,RATCAT_A,code_13,WTFA_A,4,FDSCAT3_A,0.23518449780381134,10.08074768656008,324,2607330.073
MEDDL,XGBoost,locked_test,base_estimator_raw_margin_log_odds,RATCAT_A,code_13,WTFA_A,5,EDUCP_A,0.20215135543268742,8.6648432513311,324,2607330.073
MEDDL,XGBoost,locked_test,base_estimator_raw_margin_log_odds,RATCAT_A,code_13,WTFA_A,6,RATCAT_A,0.1823043166362805,7.814136711145588,324,2607330.073
MEDDL,XGBoost,locked_test,base_estimator_raw_margin_log_odds,RATCAT_A,code_13,WTFA_A,7,HISPALLP_A,0.13743908073200456,5.89107151223828,324,2607330.073
MEDDL,XGBoost,locked_test,base_estimator_raw_margin_log_odds,RATCAT_A,code_13,WTFA_A,8,CHRONIC_BURDEN_CAT,0.11937417635723155,5.11675286162792,324,2607330.073
MEDDL,XGBoost,locked_test,base_estimator_raw_margin_log_odds,RATCAT_A,code_13,WTFA_A,9,EMPWRKLSW1_A,0.11216732225461673,4.807844415277368,324,2607330.073
MEDDL,XGBoost,locked_test,base_estimator_raw_margin_log_odds,RATCAT_A,code_13,WTFA_A,10,SEX_A,0.11200135291110268,4.800730446919365,324,2607330.073
MEDDL,XGBoost,locked_test,base_estimator_raw_margin_log_odds,RATCAT_A,code_13,WTFA_A,11,DISAB3_A,0.09480632239819722,4.063697327466487,324,2607330.073
MEDDL,XGBoost,locked_test,base_estimator_raw_margin_log_odds,RATCAT_A,code_13,WTFA_A,12,K6SPD_A,0.07804008968800313,3.345043831237289,324,2607330.073
MEDDL,XGBoost,locked_test,base_estimator_raw_margin_log_odds,RATCAT_A,code_14,Unweighted,1,AGEP_A,0.5120659150586131,20.038478685928066,1930,15348993.286000002
MEDDL,XGBoost,locked_test,base_estimator_raw_margin_log_odds,RATCAT_A,code_14,Unweighted,2,RATCAT_A,0.3789570067268775,14.829578925030436,1930,15348993.286000002
MEDDL,XGBoost,locked_test,base_estimator_raw_margin_log_odds,RATCAT_A,code_14,Unweighted,3,PHSTAT_A,0.2827592827861651,11.065110359298792,1930,15348993.286000002
MEDDL,XGBoost,locked_test,base_estimator_raw_margin_log_odds,RATCAT_A,code_14,Unweighted,4,NOTCOV_A,0.26506576744804,10.372716822537852,1930,15348993.286000002
MEDDL,XGBoost,locked_test,base_estimator_raw_margin_log_odds,RATCAT_A,code_14,Unweighted,5,FDSCAT3_A,0.24836855427495255,9.719311195559122,1930,15348993.286000002
MEDDL,XGBoost,locked_test,base_estimator_raw_margin_log_odds,RATCAT_A,code_14,Unweighted,6,EDUCP_A,0.15548027016664945,6.084349667093385,1930,15348993.286000002
MEDDL,XGBoost,locked_test,base_estimator_raw_margin_log_odds,RATCAT_A,code_14,Unweighted,7,HISPALLP_A,0.15174046896547527,5.9380014637556195,1930,15348993.286000002
MEDDL,XGBoost,locked_test,base_estimator_raw_margin_log_odds,RATCAT_A,code_14,Unweighted,8,CHRONIC_BURDEN_CAT,0.1373838080665398,5.376187769533294,1930,15348993.286000002
MEDDL,XGBoost,locked_test,base_estimator_raw_margin_log_odds,RATCAT_A,code_14,Unweighted,9,SEX_A,0.13361365834131614,5.2286519490657195,1930,15348993.286000002
MEDDL,XGBoost,locked_test,base_estimator_raw_margin_log_odds,RATCAT_A,code_14,Unweighted,10,EMPWRKLSW1_A,0.12393486941649251,4.849895621272499,1930,15348993.286000002
MEDDL,XGBoost,locked_test,base_estimator_raw_margin_log_odds,RATCAT_A,code_14,Unweighted,11,DISAB3_A,0.09120131950304299,3.5689461908064226,1930,15348993.286000002
MEDDL,XGBoost,locked_test,base_estimator_raw_margin_log_odds,RATCAT_A,code_14,Unweighted,12,K6SPD_A,0.07484220757982012,2.928771350118793,1930,15348993.286000002
MEDDL,XGBoost,locked_test,base_estimator_raw_margin_log_odds,RATCAT_A,code_14,WTFA_A,1,AGEP_A,0.4607065332603188,18.34235336096868,1930,15348993.286000002
MEDDL,XGBoost,locked_test,base_estimator_raw_margin_log_odds,RATCAT_A,code_14,WTFA_A,2,RATCAT_A,0.3703739062326199,14.745892609172879,1930,15348993.286000002
MEDDL,XGBoost,locked_test,base_estimator_raw_margin_log_odds,RATCAT_A,code_14,WTFA_A,3,PHSTAT_A,0.29634277351812616,11.798451889475643,1930,15348993.286000002
MEDDL,XGBoost,locked_test,base_estimator_raw_margin_log_odds,RATCAT_A,code_14,WTFA_A,4,NOTCOV_A,0.26960456537569727,10.733909438738483,1930,15348993.286000002
MEDDL,XGBoost,locked_test,base_estimator_raw_margin_log_odds,RATCAT_A,code_14,WTFA_A,5,FDSCAT3_A,0.24878483883511218,9.905002632525754,1930,15348993.286000002
MEDDL,XGBoost,locked_test,base_estimator_raw_margin_log_odds,RATCAT_A,code_14,WTFA_A,6,EDUCP_A,0.15837193898579466,6.305345936342121,1930,15348993.286000002
MEDDL,XGBoost,locked_test,base_estimator_raw_margin_log_odds,RATCAT_A,code_14,WTFA_A,7,HISPALLP_A,0.15100707435646332,6.012124677830981,1930,15348993.286000002
MEDDL,XGBoost,locked_test,base_estimator_raw_margin_log_odds,RATCAT_A,code_14,WTFA_A,8,SEX_A,0.13783345541509973,5.487636405534857,1930,15348993.286000002
MEDDL,XGBoost,locked_test,base_estimator_raw_margin_log_odds,RATCAT_A,code_14,WTFA_A,9,CHRONIC_BURDEN_CAT,0.13732804639347707,5.467514288314553,1930,15348993.286000002
MEDDL,XGBoost,locked_test,base_estimator_raw_margin_log_odds,RATCAT_A,code_14,WTFA_A,10,EMPWRKLSW1_A,0.11928076685595841,4.7489883838983005,1930,15348993.286000002
MEDDL,XGBoost,locked_test,base_estimator_raw_margin_log_odds,RATCAT_A,code_14,WTFA_A,11,DISAB3_A,0.088121241773306,3.5084176987349687,1930,15348993.286000002
MEDDL,XGBoost,locked_test,base_estimator_raw_margin_log_odds,RATCAT_A,code_14,WTFA_A,12,K6SPD_A,0.0739538212769452,2.9443626784627774,1930,15348993.286000002
MEDDL,XGBoost,locked_test,base_estimator_raw_margin_log_odds,RATCAT_A,code_2,Unweighted,1,NOTCOV_A,0.4206158175088482,15.705696985711166,187,1384944.663
MEDDL,XGBoost,locked_test,base_estimator_raw_margin_log_odds,RATCAT_A,code_2,Unweighted,2,FDSCAT3_A,0.4182942469126629,15.619010078569696,187,1384944.663
MEDDL,XGBoost,locked_test,base_estimator_raw_margin_log_odds,RATCAT_A,code_2,Unweighted,3,AGEP_A,0.41024263476564443,15.318364750068982,187,1384944.663
MEDDL,XGBoost,locked_test,base_estimator_raw_margin_log_odds,RATCAT_A,code_2,Unweighted,4,EDUCP_A,0.26659521297609085,9.954603366183527,187,1384944.663
MEDDL,XGBoost,locked_test,base_estimator_raw_margin_log_odds,RATCAT_A,code_2,Unweighted,5,PHSTAT_A,0.245501761772,9.166978794771953,187,1384944.663
MEDDL,XGBoost,locked_test,base_estimator_raw_margin_log_odds,RATCAT_A,code_2,Unweighted,6,HISPALLP_A,0.17057465818086293,6.369218139956268,187,1384944.663
MEDDL,XGBoost,locked_test,base_estimator_raw_margin_log_odds,RATCAT_A,code_2,Unweighted,7,EMPWRKLSW1_A,0.16207444120477388,6.051822011275386,187,1384944.663
MEDDL,XGBoost,locked_test,base_estimator_raw_margin_log_odds,RATCAT_A,code_2,Unweighted,8,CHRONIC_BURDEN_CAT,0.13737058770829194,5.12938585637024,187,1384944.663
MEDDL,XGBoost,locked_test,base_estimator_raw_margin_log_odds,RATCAT_A,code_2,Unweighted,9,RATCAT_A,0.1365728196519132,5.099597382335736,187,1384944.663
MEDDL,XGBoost,locked_test,base_estimator_raw_margin_log_odds,RATCAT_A,code_2,Unweighted,10,DISAB3_A,0.1334167878805874,4.9817518886229895,187,1384944.663
MEDDL,XGBoost,locked_test,base_estimator_raw_margin_log_odds,RATCAT_A,code_2,Unweighted,11,K6SPD_A,0.10938267791567477,4.084323801715064,187,1384944.663
MEDDL,XGBoost,locked_test,base_estimator_raw_margin_log_odds,RATCAT_A,code_2,Unweighted,12,SEX_A,0.06746820048785478,2.5192469444189802,187,1384944.663
MEDDL,XGBoost,locked_test,base_estimator_raw_margin_log_odds,RATCAT_A,code_2,WTFA_A,1,NOTCOV_A,0.46315131838800455,16.94006231706276,187,1384944.663
MEDDL,XGBoost,locked_test,base_estimator_raw_margin_log_odds,RATCAT_A,code_2,WTFA_A,2,FDSCAT3_A,0.4193566003351004,15.33824186763272,187,1384944.663
MEDDL,XGBoost,locked_test,base_estimator_raw_margin_log_odds,RATCAT_A,code_2,WTFA_A,3,AGEP_A,0.37194441158818997,13.604110062164871,187,1384944.663
MEDDL,XGBoost,locked_test,base_estimator_raw_margin_log_odds,RATCAT_A,code_2,WTFA_A,4,EDUCP_A,0.27892527241247733,10.201874223129597,187,1384944.663
MEDDL,XGBoost,locked_test,base_estimator_raw_margin_log_odds,RATCAT_A,code_2,WTFA_A,5,PHSTAT_A,0.269618425998004,9.8614702299266,187,1384944.663
MEDDL,XGBoost,locked_test,base_estimator_raw_margin_log_odds,RATCAT_A,code_2,WTFA_A,6,HISPALLP_A,0.1817508789296154,6.64765724075796,187,1384944.663
MEDDL,XGBoost,locked_test,base_estimator_raw_margin_log_odds,RATCAT_A,code_2,WTFA_A,7,EMPWRKLSW1_A,0.15130044402848006,5.533912673210907,187,1384944.663
MEDDL,XGBoost,locked_test,base_estimator_raw_margin_log_odds,RATCAT_A,code_2,WTFA_A,8,RATCAT_A,0.14332129671351598,5.2420701427330405,187,1384944.663
MEDDL,XGBoost,locked_test,base_estimator_raw_margin_log_odds,RATCAT_A,code_2,WTFA_A,9,CHRONIC_BURDEN_CAT,0.138515940192914,5.066311085848512,187,1384944.663
MEDDL,XGBoost,locked_test,base_estimator_raw_margin_log_odds,RATCAT_A,code_2,WTFA_A,10,K6SPD_A,0.12152953504965347,4.44502221060311,187,1384944.663
MEDDL,XGBoost,locked_test,base_estimator_raw_margin_log_odds,RATCAT_A,code_2,WTFA_A,11,DISAB3_A,0.11857491521635775,4.336955058223057,187,1384944.663
MEDDL,XGBoost,locked_test,base_estimator_raw_margin_log_odds,RATCAT_A,code_2,WTFA_A,12,SEX_A,0.07607007922719103,2.7823128887068553,187,1384944.663
MEDDL,XGBoost,locked_test,base_estimator_raw_margin_log_odds,RATCAT_A,code_3,Unweighted,1,AGEP_A,0.5455463148367169,20.67753408264838,322,2378042.798
MEDDL,XGBoost,locked_test,base_estimator_raw_margin_log_odds,RATCAT_A,code_3,Unweighted,2,FDSCAT3_A,0.4216402784349727,15.981193513452583,322,2378042.798
MEDDL,XGBoost,locked_test,base_estimator_raw_margin_log_odds,RATCAT_A,code_3,Unweighted,3,NOTCOV_A,0.3308616194389886,12.540461234052271,322,2378042.798
MEDDL,XGBoost,locked_test,base_estimator_raw_margin_log_odds,RATCAT_A,code_3,Unweighted,4,PHSTAT_A,0.24861780695480898,9.423220425198933,322,2378042.798
MEDDL,XGBoost,locked_test,base_estimator_raw_margin_log_odds,RATCAT_A,code_3,Unweighted,5,EDUCP_A,0.2271228287040657,8.608508395628062,322,2378042.798
MEDDL,XGBoost,locked_test,base_estimator_raw_margin_log_odds,RATCAT_A,code_3,Unweighted,6,HISPALLP_A,0.17504814319963433,6.634750980213468,322,2378042.798
MEDDL,XGBoost,locked_test,base_estimator_raw_margin_log_odds,RATCAT_A,code_3,Unweighted,7,EMPWRKLSW1_A,0.14908489414638268,5.65068060416193,322,2378042.798
MEDDL,XGBoost,locked_test,base_estimator_raw_margin_log_odds,RATCAT_A,code_3,Unweighted,8,CHRONIC_BURDEN_CAT,0.14072157468178506,5.333690426480951,322,2378042.798
MEDDL,XGBoost,locked_test,base_estimator_raw_margin_log_odds,RATCAT_A,code_3,Unweighted,9,RATCAT_A,0.12174669689718047,4.614496342615348,322,2378042.798
MEDDL,XGBoost,locked_test,base_estimator_raw_margin_log_odds,RATCAT_A,code_3,Unweighted,10,K6SPD_A,0.1186350547587094,4.496557526750561,322,2378042.798
MEDDL,XGBoost,locked_test,base_estimator_raw_margin_log_odds,RATCAT_A,code_3,Unweighted,11,DISAB3_A,0.09396365895160179,3.561451535207637,322,2378042.798
MEDDL,XGBoost,locked_test,base_estimator_raw_margin_log_odds,RATCAT_A,code_3,Unweighted,12,SEX_A,0.06536400345378622,2.477454933589896,322,2378042.798
MEDDL,XGBoost,locked_test,base_estimator_raw_margin_log_odds,RATCAT_A,code_3,WTFA_A,1,AGEP_A,0.46624172508138345,17.89618296616988,322,2378042.798
MEDDL,XGBoost,locked_test,base_estimator_raw_margin_log_odds,RATCAT_A,code_3,WTFA_A,2,FDSCAT3_A,0.41025562654149916,15.747217292072621,322,2378042.798
MEDDL,XGBoost,locked_test,base_estimator_raw_margin_log_odds,RATCAT_A,code_3,WTFA_A,3,NOTCOV_A,0.38003462295450235,14.587216844837302,322,2378042.798
MEDDL,XGBoost,locked_test,base_estimator_raw_margin_log_odds,RATCAT_A,code_3,WTFA_A,4,PHSTAT_A,0.26106111655123904,10.020547831359512,322,2378042.798
MEDDL,XGBoost,locked_test,base_estimator_raw_margin_log_odds,RATCAT_A,code_3,WTFA_A,5,EDUCP_A,0.23770287743032673,9.123967155311208,322,2378042.798
MEDDL,XGBoost,locked_test,base_estimator_raw_margin_log_odds,RATCAT_A,code_3,WTFA_A,6,HISPALLP_A,0.17521811914413335,6.725557474814626,322,2378042.798
MEDDL,XGBoost,locked_test,base_estimator_raw_margin_log_odds,RATCAT_A,code_3,WTFA_A,7,CHRONIC_BURDEN_CAT,0.15086923523949983,5.790951973122796,322,2378042.798
MEDDL,XGBoost,locked_test,base_estimator_raw_margin_log_odds,RATCAT_A,code_3,WTFA_A,8,EMPWRKLSW1_A,0.1404111667124105,5.3895303547533455,322,2378042.798
MEDDL,XGBoost,locked_test,base_estimator_raw_margin_log_odds,RATCAT_A,code_3,WTFA_A,9,RATCAT_A,0.11689644104426511,4.486943112303165,322,2378042.798
MEDDL,XGBoost,locked_test,base_estimator_raw_margin_log_odds,RATCAT_A,code_3,WTFA_A,10,K6SPD_A,0.11037729457578908,4.236712745291841,322,2378042.798
MEDDL,XGBoost,locked_test,base_estimator_raw_margin_log_odds,RATCAT_A,code_3,WTFA_A,11,DISAB3_A,0.08121892005333729,3.1175001622506766,322,2378042.798
MEDDL,XGBoost,locked_test,base_estimator_raw_margin_log_odds,RATCAT_A,code_3,WTFA_A,12,SEX_A,0.07497078013396091,2.8776720877130075,322,2378042.798
MEDDL,XGBoost,locked_test,base_estimator_raw_margin_log_odds,RATCAT_A,code_4,Unweighted,1,AGEP_A,0.4784387515595419,19.247127412404584,252,1789827.5900000003
MEDDL,XGBoost,locked_test,base_estimator_raw_margin_log_odds,RATCAT_A,code_4,Unweighted,2,NOTCOV_A,0.3649073491187592,14.67986909362523,252,1789827.5900000003
MEDDL,XGBoost,locked_test,base_estimator_raw_margin_log_odds,RATCAT_A,code_4,Unweighted,3,FDSCAT3_A,0.3462020436003629,13.927372776328651,252,1789827.5900000003
MEDDL,XGBoost,locked_test,base_estimator_raw_margin_log_odds,RATCAT_A,code_4,Unweighted,4,PHSTAT_A,0.19541547978183693,7.861375412123376,252,1789827.5900000003
MEDDL,XGBoost,locked_test,base_estimator_raw_margin_log_odds,RATCAT_A,code_4,Unweighted,5,EDUCP_A,0.19450538056930278,7.824763002604967,252,1789827.5900000003
MEDDL,XGBoost,locked_test,base_estimator_raw_margin_log_odds,RATCAT_A,code_4,Unweighted,6,HISPALLP_A,0.18275207905484392,7.351939070538829,252,1789827.5900000003
MEDDL,XGBoost,locked_test,base_estimator_raw_margin_log_odds,RATCAT_A,code_4,Unweighted,7,EMPWRKLSW1_A,0.14207556689103107,5.71556239796134,252,1789827.5900000003
MEDDL,XGBoost,locked_test,base_estimator_raw_margin_log_odds,RATCAT_A,code_4,Unweighted,8,CHRONIC_BURDEN_CAT,0.13519247436782295,5.438662254831798,252,1789827.5900000003
MEDDL,XGBoost,locked_test,base_estimator_raw_margin_log_odds,RATCAT_A,code_4,Unweighted,9,DISAB3_A,0.12673439877869982,5.098402068973209,252,1789827.5900000003
MEDDL,XGBoost,locked_test,base_estimator_raw_margin_log_odds,RATCAT_A,code_4,Unweighted,10,RATCAT_A,0.11742280127065088,4.723805523299916,252,1789827.5900000003
MEDDL,XGBoost,locked_test,base_estimator_raw_margin_log_odds,RATCAT_A,code_4,Unweighted,11,K6SPD_A,0.11513459233441291,4.63175309485758,252,1789827.5900000003
MEDDL,XGBoost,locked_test,base_estimator_raw_margin_log_odds,RATCAT_A,code_4,Unweighted,12,SEX_A,0.08698613407798962,3.499367892450525,252,1789827.5900000003
MEDDL,XGBoost,locked_test,base_estimator_raw_margin_log_odds,RATCAT_A,code_4,WTFA_A,1,NOTCOV_A,0.4168096824594613,16.819391115011566,252,1789827.5900000003
MEDDL,XGBoost,locked_test,base_estimator_raw_margin_log_odds,RATCAT_A,code_4,WTFA_A,2,AGEP_A,0.39808303042433674,16.06372036620615,252,1789827.5900000003
MEDDL,XGBoost,locked_test,base_estimator_raw_margin_log_odds,RATCAT_A,code_4,WTFA_A,3,FDSCAT3_A,0.36037540678055,14.542116390165623,252,1789827.5900000003
MEDDL,XGBoost,locked_test,base_estimator_raw_margin_log_odds,RATCAT_A,code_4,WTFA_A,4,EDUCP_A,0.20876358828784472,8.424171965650084,252,1789827.5900000003
MEDDL,XGBoost,locked_test,base_estimator_raw_margin_log_odds,RATCAT_A,code_4,WTFA_A,5,HISPALLP_A,0.18986161982913963,7.661426727884419,252,1789827.5900000003
MEDDL,XGBoost,locked_test,base_estimator_raw_margin_log_odds,RATCAT_A,code_4,WTFA_A,6,PHSTAT_A,0.18613315321468046,7.5109730774849925,252,1789827.5900000003
MEDDL,XGBoost,locked_test,base_estimator_raw_margin_log_odds,RATCAT_A,code_4,WTFA_A,7,EMPWRKLSW1_A,0.1399215248834491,5.646209652657105,252,1789827.5900000003
MEDDL,XGBoost,locked_test,base_estimator_raw_margin_log_odds,RATCAT_A,code_4,WTFA_A,8,CHRONIC_BURDEN_CAT,0.13780311816370946,5.560726247018046,252,1789827.5900000003
MEDDL,XGBoost,locked_test,base_estimator_raw_margin_log_odds,RATCAT_A,code_4,WTFA_A,9,DISAB3_A,0.11981988663486186,4.835054514032541,252,1789827.5900000003
MEDDL,XGBoost,locked_test,base_estimator_raw_margin_log_odds,RATCAT_A,code_4,WTFA_A,10,K6SPD_A,0.11725358712740928,4.731497430426873,252,1789827.5900000003
MEDDL,XGBoost,locked_test,base_estimator_raw_margin_log_odds,RATCAT_A,code_4,WTFA_A,11,RATCAT_A,0.10733171682115632,4.331123292550364,252,1789827.5900000003
MEDDL,XGBoost,locked_test,base_estimator_raw_margin_log_odds,RATCAT_A,code_4,WTFA_A,12,SEX_A,0.09599333781505456,3.873589220912262,252,1789827.5900000003
MEDDL,XGBoost,locked_test,base_estimator_raw_margin_log_odds,RATCAT_A,code_5,Unweighted,1,AGEP_A,0.5740664607832585,21.691641327177393,331,2620717.5870000003
MEDDL,XGBoost,locked_test,base_estimator_raw_margin_log_odds,RATCAT_A,code_5,Unweighted,2,NOTCOV_A,0.402785316551941,15.219622143710353,331,2620717.5870000003
MEDDL,XGBoost,locked_test,base_estimator_raw_margin_log_odds,RATCAT_A,code_5,Unweighted,3,FDSCAT3_A,0.3730866375729851,14.097429616692615,331,2620717.5870000003
MEDDL,XGBoost,locked_test,base_estimator_raw_margin_log_odds,RATCAT_A,code_5,Unweighted,4,EDUCP_A,0.23295490463363688,8.802420245602043,331,2620717.5870000003
MEDDL,XGBoost,locked_test,base_estimator_raw_margin_log_odds,RATCAT_A,code_5,Unweighted,5,PHSTAT_A,0.2179682110969098,8.236133930189256,331,2620717.5870000003
MEDDL,XGBoost,locked_test,base_estimator_raw_margin_log_odds,RATCAT_A,code_5,Unweighted,6,HISPALLP_A,0.1695539836047301,6.406756794204236,331,2620717.5870000003
MEDDL,XGBoost,locked_test,base_estimator_raw_margin_log_odds,RATCAT_A,code_5,Unweighted,7,CHRONIC_BURDEN_CAT,0.14474785015479888,5.469433703118512,331,2620717.5870000003
MEDDL,XGBoost,locked_test,base_estimator_raw_margin_log_odds,RATCAT_A,code_5,Unweighted,8,EMPWRKLSW1_A,0.1280894622732843,4.8399808440858,331,2620717.5870000003
MEDDL,XGBoost,locked_test,base_estimator_raw_margin_log_odds,RATCAT_A,code_5,Unweighted,9,RATCAT_A,0.11744344365766814,4.437711014461338,331,2620717.5870000003
MEDDL,XGBoost,locked_test,base_estimator_raw_margin_log_odds,RATCAT_A,code_5,Unweighted,10,K6SPD_A,0.09916227842555199,3.7469399864572335,331,2620717.5870000003
MEDDL,XGBoost,locked_test,base_estimator_raw_margin_log_odds,RATCAT_A,code_5,Unweighted,11,DISAB3_A,0.09753497072363278,3.685450633898955,331,2620717.5870000003
MEDDL,XGBoost,locked_test,base_estimator_raw_margin_log_odds,RATCAT_A,code_5,Unweighted,12,SEX_A,0.08909344812608928,3.3664797604022882,331,2620717.5870000003
MEDDL,XGBoost,locked_test,base_estimator_raw_margin_log_odds,RATCAT_A,code_5,WTFA_A,1,AGEP_A,0.49175489262197825,18.781760473942686,331,2620717.5870000003
MEDDL,XGBoost,locked_test,base_estimator_raw_margin_log_odds,RATCAT_A,code_5,WTFA_A,2,NOTCOV_A,0.4496110235046242,17.172145466378737,331,2620717.5870000003
MEDDL,XGBoost,locked_test,base_estimator_raw_margin_log_odds,RATCAT_A,code_5,WTFA_A,3,FDSCAT3_A,0.36513815024100477,13.945844526648933,331,2620717.5870000003
MEDDL,XGBoost,locked_test,base_estimator_raw_margin_log_odds,RATCAT_A,code_5,WTFA_A,4,PHSTAT_A,0.24479800155090678,9.349652639172325,331,2620717.5870000003
MEDDL,XGBoost,locked_test,base_estimator_raw_margin_log_odds,RATCAT_A,code_5,WTFA_A,5,EDUCP_A,0.2395424803568823,9.148926745616698,331,2620717.5870000003
MEDDL,XGBoost,locked_test,base_estimator_raw_margin_log_odds,RATCAT_A,code_5,WTFA_A,6,HISPALLP_A,0.17845951614843888,6.815964491424529,331,2620717.5870000003
MEDDL,XGBoost,locked_test,base_estimator_raw_margin_log_odds,RATCAT_A,code_5,WTFA_A,7,CHRONIC_BURDEN_CAT,0.1421939709286785,5.430862291133712,331,2620717.5870000003
MEDDL,XGBoost,locked_test,base_estimator_raw_margin_log_odds,RATCAT_A,code_5,WTFA_A,8,EMPWRKLSW1_A,0.12332197137915565,4.710077647154654,331,2620717.5870000003
MEDDL,XGBoost,locked_test,base_estimator_raw_margin_log_odds,RATCAT_A,code_5,WTFA_A,9,K6SPD_A,0.10204067480166568,3.8972739091741344,331,2620717.5870000003
MEDDL,XGBoost,locked_test,base_estimator_raw_margin_log_odds,RATCAT_A,code_5,WTFA_A,10,RATCAT_A,0.096592474182864,3.6891889453607085,331,2620717.5870000003
MEDDL,XGBoost,locked_test,base_estimator_raw_margin_log_odds,RATCAT_A,code_5,WTFA_A,11,SEX_A,0.09378108854205827,3.5818127453518853,331,2620717.5870000003
MEDDL,XGBoost,locked_test,base_estimator_raw_margin_log_odds,RATCAT_A,code_5,WTFA_A,12,DISAB3_A,0.0910234707425585,3.4764901186409802,331,2620717.5870000003
MEDDL,XGBoost,locked_test,base_estimator_raw_margin_log_odds,RATCAT_A,code_6,Unweighted,1,AGEP_A,0.6665167842535364,23.60652163246362,298,2170348.889
MEDDL,XGBoost,locked_test,base_estimator_raw_margin_log_odds,RATCAT_A,code_6,Unweighted,2,NOTCOV_A,0.34380473254722704,12.17678841397672,298,2170348.889
MEDDL,XGBoost,locked_test,base_estimator_raw_margin_log_odds,RATCAT_A,code_6,Unweighted,3,FDSCAT3_A,0.33400051025492095,11.829544966998846,298,2170348.889
MEDDL,XGBoost,locked_test,base_estimator_raw_margin_log_odds,RATCAT_A,code_6,Unweighted,4,PHSTAT_A,0.25635087983318466,9.079370142284676,298,2170348.889
MEDDL,XGBoost,locked_test,base_estimator_raw_margin_log_odds,RATCAT_A,code_6,Unweighted,5,RATCAT_A,0.2441012443268663,8.645515673197965,298,2170348.889
MEDDL,XGBoost,locked_test,base_estimator_raw_margin_log_odds,RATCAT_A,code_6,Unweighted,6,EDUCP_A,0.1974948912038782,6.994823733849074,298,2170348.889
MEDDL,XGBoost,locked_test,base_estimator_raw_margin_log_odds,RATCAT_A,code_6,Unweighted,7,HISPALLP_A,0.178288928437467,6.314591838375736,298,2170348.889
MEDDL,XGBoost,locked_test,base_estimator_raw_margin_log_odds,RATCAT_A,code_6,Unweighted,8,CHRONIC_BURDEN_CAT,0.1564499829460604,5.54110563164733,298,2170348.889
MEDDL,XGBoost,locked_test,base_estimator_raw_margin_log_odds,RATCAT_A,code_6,Unweighted,9,K6SPD_A,0.13119718407624714,4.646708435831571,298,2170348.889
MEDDL,XGBoost,locked_test,base_estimator_raw_margin_log_odds,RATCAT_A,code_6,Unweighted,10,DISAB3_A,0.12277647137216874,4.348465778923516,298,2170348.889
MEDDL,XGBoost,locked_test,base_estimator_raw_margin_log_odds,RATCAT_A,code_6,Unweighted,11,EMPWRKLSW1_A,0.10848835704968492,3.8424129865417345,298,2170348.889
MEDDL,XGBoost,locked_test,base_estimator_raw_margin_log_odds,RATCAT_A,code_6,Unweighted,12,SEX_A,0.0839734644198034,2.9741507659092155,298,2170348.889
MEDDL,XGBoost,locked_test,base_estimator_raw_margin_log_odds,RATCAT_A,code_6,WTFA_A,1,AGEP_A,0.5271575469173326,19.327600720414612,298,2170348.889
MEDDL,XGBoost,locked_test,base_estimator_raw_margin_log_odds,RATCAT_A,code_6,WTFA_A,2,NOTCOV_A,0.4124600053730725,15.122352593845982,298,2170348.889
MEDDL,XGBoost,locked_test,base_estimator_raw_margin_log_odds,RATCAT_A,code_6,WTFA_A,3,FDSCAT3_A,0.35407445823495987,12.981716365592671,298,2170348.889
MEDDL,XGBoost,locked_test,base_estimator_raw_margin_log_odds,RATCAT_A,code_6,WTFA_A,4,PHSTAT_A,0.24382935233947137,8.939711464803553,298,2170348.889
MEDDL,XGBoost,locked_test,base_estimator_raw_margin_log_odds,RATCAT_A,code_6,WTFA_A,5,EDUCP_A,0.21795179534853007,7.9909417998989545,298,2170348.889
MEDDL,XGBoost,locked_test,base_estimator_raw_margin_log_odds,RATCAT_A,code_6,WTFA_A,6,RATCAT_A,0.20245974752796414,7.422944402596356,298,2170348.889
MEDDL,XGBoost,locked_test,base_estimator_raw_margin_log_odds,RATCAT_A,code_6,WTFA_A,7,HISPALLP_A,0.19588018423484785,7.181712586818159,298,2170348.889
MEDDL,XGBoost,locked_test,base_estimator_raw_margin_log_odds,RATCAT_A,code_6,WTFA_A,8,CHRONIC_BURDEN_CAT,0.15176360575286224,5.56423102170198,298,2170348.889
MEDDL,XGBoost,locked_test,base_estimator_raw_margin_log_odds,RATCAT_A,code_6,WTFA_A,9,DISAB3_A,0.11729625881702796,4.300526986042451,298,2170348.889
MEDDL,XGBoost,locked_test,base_estimator_raw_margin_log_odds,RATCAT_A,code_6,WTFA_A,10,EMPWRKLSW1_A,0.11564776282215794,4.240086852795062,298,2170348.889
MEDDL,XGBoost,locked_test,base_estimator_raw_margin_log_odds,RATCAT_A,code_6,WTFA_A,11,K6SPD_A,0.10050711491336782,3.6849731128121914,298,2170348.889
MEDDL,XGBoost,locked_test,base_estimator_raw_margin_log_odds,RATCAT_A,code_6,WTFA_A,12,SEX_A,0.08845787348698063,3.2432020926780325,298,2170348.889
MEDDL,XGBoost,locked_test,base_estimator_raw_margin_log_odds,RATCAT_A,code_7,Unweighted,1,AGEP_A,0.6032627023880567,23.12916588753557,274,2014189.3329999999
MEDDL,XGBoost,locked_test,base_estimator_raw_margin_log_odds,RATCAT_A,code_7,Unweighted,2,NOTCOV_A,0.3865386646686642,14.819939740476515,274,2014189.3329999999
MEDDL,XGBoost,locked_test,base_estimator_raw_margin_log_odds,RATCAT_A,code_7,Unweighted,3,FDSCAT3_A,0.36619119404807543,14.039815225050031,274,2014189.3329999999
MEDDL,XGBoost,locked_test,base_estimator_raw_margin_log_odds,RATCAT_A,code_7,Unweighted,4,PHSTAT_A,0.22929407660951362,8.79116297748383,274,2014189.3329999999
MEDDL,XGBoost,locked_test,base_estimator_raw_margin_log_odds,RATCAT_A,code_7,Unweighted,5,HISPALLP_A,0.18277917513628347,7.00777595859822,274,2014189.3329999999
MEDDL,XGBoost,locked_test,base_estimator_raw_margin_log_odds,RATCAT_A,code_7,Unweighted,6,EDUCP_A,0.17960128977163708,6.885935444541052,274,2014189.3329999999
MEDDL,XGBoost,locked_test,base_estimator_raw_margin_log_odds,RATCAT_A,code_7,Unweighted,7,RATCAT_A,0.16970423858683584,6.506481290083069,274,2014189.3329999999
MEDDL,XGBoost,locked_test,base_estimator_raw_margin_log_odds,RATCAT_A,code_7,Unweighted,8,CHRONIC_BURDEN_CAT,0.12991511166155162,4.9809612910311145,274,2014189.3329999999
MEDDL,XGBoost,locked_test,base_estimator_raw_margin_log_odds,RATCAT_A,code_7,Unweighted,9,EMPWRKLSW1_A,0.12702571794205433,4.87018158197881,274,2014189.3329999999
MEDDL,XGBoost,locked_test,base_estimator_raw_margin_log_odds,RATCAT_A,code_7,Unweighted,10,DISAB3_A,0.08164044445632093,3.1301046384726146,274,2014189.3329999999
MEDDL,XGBoost,locked_test,base_estimator_raw_margin_log_odds,RATCAT_A,code_7,Unweighted,11,K6SPD_A,0.07761883099963757,2.975915486040411,274,2014189.3329999999
MEDDL,XGBoost,locked_test,base_estimator_raw_margin_log_odds,RATCAT_A,code_7,Unweighted,12,SEX_A,0.07466226748218861,2.8625604787087555,274,2014189.3329999999
MEDDL,XGBoost,locked_test,base_estimator_raw_margin_log_odds,RATCAT_A,code_7,WTFA_A,1,AGEP_A,0.5283253937667144,20.27562670847978,274,2014189.3329999999
MEDDL,XGBoost,locked_test,base_estimator_raw_margin_log_odds,RATCAT_A,code_7,WTFA_A,2,NOTCOV_A,0.448861077886064,17.226012163258392,274,2014189.3329999999
MEDDL,XGBoost,locked_test,base_estimator_raw_margin_log_odds,RATCAT_A,code_7,WTFA_A,3,FDSCAT3_A,0.3593270470197125,13.789950582706705,274,2014189.3329999999
MEDDL,XGBoost,locked_test,base_estimator_raw_margin_log_odds,RATCAT_A,code_7,WTFA_A,4,PHSTAT_A,0.22739002644101727,8.726582798678042,274,2014189.3329999999
MEDDL,XGBoost,locked_test,base_estimator_raw_margin_log_odds,RATCAT_A,code_7,WTFA_A,5,HISPALLP_A,0.1974891692668492,7.579072901406856,274,2014189.3329999999
MEDDL,XGBoost,locked_test,base_estimator_raw_margin_log_odds,RATCAT_A,code_7,WTFA_A,6,EDUCP_A,0.17665514863789689,6.779522415866636,274,2014189.3329999999
MEDDL,XGBoost,locked_test,base_estimator_raw_margin_log_odds,RATCAT_A,code_7,WTFA_A,7,RATCAT_A,0.1728604833415661,6.6338939491304725,274,2014189.3329999999
MEDDL,XGBoost,locked_test,base_estimator_raw_margin_log_odds,RATCAT_A,code_7,WTFA_A,8,CHRONIC_BURDEN_CAT,0.13466683356158918,5.168130246098693,274,2014189.3329999999
MEDDL,XGBoost,locked_test,base_estimator_raw_margin_log_odds,RATCAT_A,code_7,WTFA_A,9,EMPWRKLSW1_A,0.12292021375027093,4.717328370605486,274,2014189.3329999999
MEDDL,XGBoost,locked_test,base_estimator_raw_margin_log_odds,RATCAT_A,code_7,WTFA_A,10,DISAB3_A,0.08668112496878971,3.326575162340783,274,2014189.3329999999
MEDDL,XGBoost,locked_test,base_estimator_raw_margin_log_odds,RATCAT_A,code_7,WTFA_A,11,SEX_A,0.07672924825619945,2.9446504249461034,274,2014189.3329999999
MEDDL,XGBoost,locked_test,base_estimator_raw_margin_log_odds,RATCAT_A,code_7,WTFA_A,12,K6SPD_A,0.07381094589798573,2.832654276482067,274,2014189.3329999999
MEDDL,XGBoost,locked_test,base_estimator_raw_margin_log_odds,RATCAT_A,code_8,Unweighted,1,AGEP_A,0.6485795804202767,23.068675336376796,530,4181768.7849999997
MEDDL,XGBoost,locked_test,base_estimator_raw_margin_log_odds,RATCAT_A,code_8,Unweighted,2,RATCAT_A,0.3482615088072291,12.386963637715427,530,4181768.7849999997
MEDDL,XGBoost,locked_test,base_estimator_raw_margin_log_odds,RATCAT_A,code_8,Unweighted,3,FDSCAT3_A,0.3106072832060715,11.047678326153626,530,4181768.7849999997
MEDDL,XGBoost,locked_test,base_estimator_raw_margin_log_odds,RATCAT_A,code_8,Unweighted,4,NOTCOV_A,0.30189856992777625,10.73792685497039,530,4181768.7849999997
MEDDL,XGBoost,locked_test,base_estimator_raw_margin_log_odds,RATCAT_A,code_8,Unweighted,5,PHSTAT_A,0.25716622983136234,9.14688720174559,530,4181768.7849999997
MEDDL,XGBoost,locked_test,base_estimator_raw_margin_log_odds,RATCAT_A,code_8,Unweighted,6,EDUCP_A,0.21287322097231703,7.571473679817461,530,4181768.7849999997
MEDDL,XGBoost,locked_test,base_estimator_raw_margin_log_odds,RATCAT_A,code_8,Unweighted,7,HISPALLP_A,0.18439715726934358,6.55863718564938,530,4181768.7849999997
MEDDL,XGBoost,locked_test,base_estimator_raw_margin_log_odds,RATCAT_A,code_8,Unweighted,8,CHRONIC_BURDEN_CAT,0.1436211813323338,5.108317473448055,530,4181768.7849999997
MEDDL,XGBoost,locked_test,base_estimator_raw_margin_log_odds,RATCAT_A,code_8,Unweighted,9,EMPWRKLSW1_A,0.14345964875285303,5.102572083453084,530,4181768.7849999997
MEDDL,XGBoost,locked_test,base_estimator_raw_margin_log_odds,RATCAT_A,code_8,Unweighted,10,DISAB3_A,0.09631406362256352,3.425698142695635,530,4181768.7849999997
MEDDL,XGBoost,locked_test,base_estimator_raw_margin_log_odds,RATCAT_A,code_8,Unweighted,11,K6SPD_A,0.09386555894316703,3.3386097402639776,530,4181768.7849999997
MEDDL,XGBoost,locked_test,base_estimator_raw_margin_log_odds,RATCAT_A,code_8,Unweighted,12,SEX_A,0.07047235389224436,2.5065603377105794,530,4181768.7849999997
MEDDL,XGBoost,locked_test,base_estimator_raw_margin_log_odds,RATCAT_A,code_8,WTFA_A,1,AGEP_A,0.5250532104848391,18.841971309539918,530,4181768.7849999997
MEDDL,XGBoost,locked_test,base_estimator_raw_margin_log_odds,RATCAT_A,code_8,WTFA_A,2,NOTCOV_A,0.34509109716050757,12.383881142011772,530,4181768.7849999997
MEDDL,XGBoost,locked_test,base_estimator_raw_margin_log_odds,RATCAT_A,code_8,WTFA_A,3,RATCAT_A,0.33836151878623977,12.142384622951987,530,4181768.7849999997
MEDDL,XGBoost,locked_test,base_estimator_raw_margin_log_odds,RATCAT_A,code_8,WTFA_A,4,FDSCAT3_A,0.33112490256429883,11.882692628866177,530,4181768.7849999997
MEDDL,XGBoost,locked_test,base_estimator_raw_margin_log_odds,RATCAT_A,code_8,WTFA_A,5,PHSTAT_A,0.2839306492990121,10.189087584191626,530,4181768.7849999997
MEDDL,XGBoost,locked_test,base_estimator_raw_margin_log_odds,RATCAT_A,code_8,WTFA_A,6,EDUCP_A,0.22867060828245464,8.206035035219468,530,4181768.7849999997
MEDDL,XGBoost,locked_test,base_estimator_raw_margin_log_odds,RATCAT_A,code_8,WTFA_A,7,HISPALLP_A,0.1892257803787457,6.790524567270652,530,4181768.7849999997
MEDDL,XGBoost,locked_test,base_estimator_raw_margin_log_odds,RATCAT_A,code_8,WTFA_A,8,CHRONIC_BURDEN_CAT,0.1465470155534804,5.258961582213026,530,4181768.7849999997
MEDDL,XGBoost,locked_test,base_estimator_raw_margin_log_odds,RATCAT_A,code_8,WTFA_A,9,EMPWRKLSW1_A,0.139806288156896,5.017064971211271,530,4181768.7849999997
MEDDL,XGBoost,locked_test,base_estimator_raw_margin_log_odds,RATCAT_A,code_8,WTFA_A,10,DISAB3_A,0.09387676070984259,3.368845664792813,530,4181768.7849999997
MEDDL,XGBoost,locked_test,base_estimator_raw_margin_log_odds,RATCAT_A,code_8,WTFA_A,11,K6SPD_A,0.08720092706061572,3.1292778199074496,530,4181768.7849999997
MEDDL,XGBoost,locked_test,base_estimator_raw_margin_log_odds,RATCAT_A,code_8,WTFA_A,12,SEX_A,0.07772630353908422,2.7892730718238394,530,4181768.7849999997
MEDDL,XGBoost,locked_test,base_estimator_raw_margin_log_odds,RATCAT_A,code_9,Unweighted,1,AGEP_A,0.6276341742962988,25.179387947358077,531,4234911.856000001
MEDDL,XGBoost,locked_test,base_estimator_raw_margin_log_odds,RATCAT_A,code_9,Unweighted,2,NOTCOV_A,0.3191164206372157,12.802292298066382,531,4234911.856000001
MEDDL,XGBoost,locked_test,base_estimator_raw_margin_log_odds,RATCAT_A,code_9,Unweighted,3,FDSCAT3_A,0.31842213508106637,12.774438994214451,531,4234911.856000001
MEDDL,XGBoost,locked_test,base_estimator_raw_margin_log_odds,RATCAT_A,code_9,Unweighted,4,PHSTAT_A,0.22156814772880368,8.888856880198075,531,4234911.856000001
MEDDL,XGBoost,locked_test,base_estimator_raw_margin_log_odds,RATCAT_A,code_9,Unweighted,5,EDUCP_A,0.19928524594775712,7.994912841591642,531,4234911.856000001
MEDDL,XGBoost,locked_test,base_estimator_raw_margin_log_odds,RATCAT_A,code_9,Unweighted,6,RATCAT_A,0.13392629993098462,5.372846795822385,531,4234911.856000001
MEDDL,XGBoost,locked_test,base_estimator_raw_margin_log_odds,RATCAT_A,code_9,Unweighted,7,HISPALLP_A,0.13375323165742753,5.365903653814288,531,4234911.856000001
MEDDL,XGBoost,locked_test,base_estimator_raw_margin_log_odds,RATCAT_A,code_9,Unweighted,8,EMPWRKLSW1_A,0.1312028923439254,5.263589303191065,531,4234911.856000001
MEDDL,XGBoost,locked_test,base_estimator_raw_margin_log_odds,RATCAT_A,code_9,Unweighted,9,CHRONIC_BURDEN_CAT,0.12565378246484382,5.040970465450801,531,4234911.856000001
MEDDL,XGBoost,locked_test,base_estimator_raw_margin_log_odds,RATCAT_A,code_9,Unweighted,10,SEX_A,0.10112597104629503,4.056965284567008,531,4234911.856000001
MEDDL,XGBoost,locked_test,base_estimator_raw_margin_log_odds,RATCAT_A,code_9,Unweighted,11,DISAB3_A,0.09372131913644305,3.7599059294699884,531,4234911.856000001
MEDDL,XGBoost,locked_test,base_estimator_raw_margin_log_odds,RATCAT_A,code_9,Unweighted,12,K6SPD_A,0.08724101765738233,3.4999296062558267,531,4234911.856000001
MEDDL,XGBoost,locked_test,base_estimator_raw_margin_log_odds,RATCAT_A,code_9,WTFA_A,1,AGEP_A,0.5843103399912747,23.195561714846026,531,4234911.856000001
MEDDL,XGBoost,locked_test,base_estimator_raw_margin_log_odds,RATCAT_A,code_9,WTFA_A,2,NOTCOV_A,0.34148880880491905,13.556194709273901,531,4234911.856000001
MEDDL,XGBoost,locked_test,base_estimator_raw_margin_log_odds,RATCAT_A,code_9,WTFA_A,3,FDSCAT3_A,0.3289509661801422,13.058475804661706,531,4234911.856000001
MEDDL,XGBoost,locked_test,base_estimator_raw_margin_log_odds,RATCAT_A,code_9,WTFA_A,4,PHSTAT_A,0.23572542031792856,9.357670334610507,531,4234911.856000001
MEDDL,XGBoost,locked_test,base_estimator_raw_margin_log_odds,RATCAT_A,code_9,WTFA_A,5,EDUCP_A,0.20315037546871437,8.064527955553672,531,4234911.856000001
MEDDL,XGBoost,locked_test,base_estimator_raw_margin_log_odds,RATCAT_A,code_9,WTFA_A,6,RATCAT_A,0.13886977756354427,5.512759702062145,531,4234911.856000001
MEDDL,XGBoost,locked_test,base_estimator_raw_margin_log_odds,RATCAT_A,code_9,WTFA_A,7,HISPALLP_A,0.13782024007189697,5.4710958635274505,531,4234911.856000001
MEDDL,XGBoost,locked_test,base_estimator_raw_margin_log_odds,RATCAT_A,code_9,WTFA_A,8,CHRONIC_BURDEN_CAT,0.1263305844157617,5.014987185289453,531,4234911.856000001
MEDDL,XGBoost,locked_test,base_estimator_raw_margin_log_odds,RATCAT_A,code_9,WTFA_A,9,EMPWRKLSW1_A,0.12566083679577902,4.988399991482628,531,4234911.856000001
MEDDL,XGBoost,locked_test,base_estimator_raw_margin_log_odds,RATCAT_A,code_9,WTFA_A,10,SEX_A,0.10617927954931501,4.2150341403522,531,4234911.856000001
MEDDL,XGBoost,locked_test,base_estimator_raw_margin_log_odds,RATCAT_A,code_9,WTFA_A,11,K6SPD_A,0.09893746339493772,3.927553358240873,531,4234911.856000001
MEDDL,XGBoost,locked_test,base_estimator_raw_margin_log_odds,RATCAT_A,code_9,WTFA_A,12,DISAB3_A,0.09163686908352185,3.6377392400994255,531,4234911.856000001
MEDDL,XGBoost,locked_test,base_estimator_raw_margin_log_odds,NOTCOV_A,code_1,Unweighted,1,NOTCOV_A,1.3474768137692166,41.01781803108194,472,4745382.67
MEDDL,XGBoost,locked_test,base_estimator_raw_margin_log_odds,NOTCOV_A,code_1,Unweighted,2,FDSCAT3_A,0.3296391198435508,10.034367415827417,472,4745382.67
MEDDL,XGBoost,locked_test,base_estimator_raw_margin_log_odds,NOTCOV_A,code_1,Unweighted,3,PHSTAT_A,0.3029461522432862,9.22182112445595,472,4745382.67
MEDDL,XGBoost,locked_test,base_estimator_raw_margin_log_odds,NOTCOV_A,code_1,Unweighted,4,AGEP_A,0.2380088615049687,7.245099931395061,472,4745382.67
MEDDL,XGBoost,locked_test,base_estimator_raw_margin_log_odds,NOTCOV_A,code_1,Unweighted,5,CHRONIC_BURDEN_CAT,0.22398594969698765,6.818236003995278,472,4745382.67
MEDDL,XGBoost,locked_test,base_estimator_raw_margin_log_odds,NOTCOV_A,code_1,Unweighted,6,EDUCP_A,0.20186136008220598,6.144753253451334,472,4745382.67
MEDDL,XGBoost,locked_test,base_estimator_raw_margin_log_odds,NOTCOV_A,code_1,Unweighted,7,HISPALLP_A,0.1511042926654882,4.599684623092799,472,4745382.67
MEDDL,XGBoost,locked_test,base_estimator_raw_margin_log_odds,NOTCOV_A,code_1,Unweighted,8,RATCAT_A,0.14771079510929452,4.496384986448576,472,4745382.67
MEDDL,XGBoost,locked_test,base_estimator_raw_margin_log_odds,NOTCOV_A,code_1,Unweighted,9,EMPWRKLSW1_A,0.09858686273484205,3.001029742843198,472,4745382.67
MEDDL,XGBoost,locked_test,base_estimator_raw_margin_log_odds,NOTCOV_A,code_1,Unweighted,10,K6SPD_A,0.09217234072587617,2.8057687232608637,472,4745382.67
MEDDL,XGBoost,locked_test,base_estimator_raw_margin_log_odds,NOTCOV_A,code_1,Unweighted,11,SEX_A,0.08661052565255856,2.6364644975638543,472,4745382.67
MEDDL,XGBoost,locked_test,base_estimator_raw_margin_log_odds,NOTCOV_A,code_1,Unweighted,12,DISAB3_A,0.06499808066538378,1.9785716665837325,472,4745382.67
MEDDL,XGBoost,locked_test,base_estimator_raw_margin_log_odds,NOTCOV_A,code_1,WTFA_A,1,NOTCOV_A,1.3483751473254126,40.95344753772984,472,4745382.67
MEDDL,XGBoost,locked_test,base_estimator_raw_margin_log_odds,NOTCOV_A,code_1,WTFA_A,2,FDSCAT3_A,0.33624399322001003,10.212551576263351,472,4745382.67
MEDDL,XGBoost,locked_test,base_estimator_raw_margin_log_odds,NOTCOV_A,code_1,WTFA_A,3,PHSTAT_A,0.2925795882619858,8.88635691800251,472,4745382.67
MEDDL,XGBoost,locked_test,base_estimator_raw_margin_log_odds,NOTCOV_A,code_1,WTFA_A,4,AGEP_A,0.2494981235168835,7.5778675782317695,472,4745382.67
MEDDL,XGBoost,locked_test,base_estimator_raw_margin_log_odds,NOTCOV_A,code_1,WTFA_A,5,CHRONIC_BURDEN_CAT,0.2164482240314414,6.57406138424409,472,4745382.67
MEDDL,XGBoost,locked_test,base_estimator_raw_margin_log_odds,NOTCOV_A,code_1,WTFA_A,6,EDUCP_A,0.21393045749785744,6.497590663280485,472,4745382.67
MEDDL,XGBoost,locked_test,base_estimator_raw_margin_log_odds,NOTCOV_A,code_1,WTFA_A,7,RATCAT_A,0.14834070403355454,4.5054696034693,472,4745382.67
MEDDL,XGBoost,locked_test,base_estimator_raw_margin_log_odds,NOTCOV_A,code_1,WTFA_A,8,HISPALLP_A,0.1483361732096303,4.505331991277136,472,4745382.67
MEDDL,XGBoost,locked_test,base_estimator_raw_margin_log_odds,NOTCOV_A,code_1,WTFA_A,9,EMPWRKLSW1_A,0.09555646640128361,2.9022833455646397,472,4745382.67
MEDDL,XGBoost,locked_test,base_estimator_raw_margin_log_odds,NOTCOV_A,code_1,WTFA_A,10,SEX_A,0.08870237349311932,2.6941077982104664,472,4745382.67
MEDDL,XGBoost,locked_test,base_estimator_raw_margin_log_odds,NOTCOV_A,code_1,WTFA_A,11,K6SPD_A,0.08855146330977112,2.6895242872425293,472,4745382.67
MEDDL,XGBoost,locked_test,base_estimator_raw_margin_log_odds,NOTCOV_A,code_1,WTFA_A,12,DISAB3_A,0.0658954995848851,2.0014073164838653,472,4745382.67
MEDDL,XGBoost,locked_test,base_estimator_raw_margin_log_odds,NOTCOV_A,code_2,Unweighted,1,AGEP_A,0.5846303060510599,23.192940107973453,5928,45351602.004999995
MEDDL,XGBoost,locked_test,base_estimator_raw_margin_log_odds,NOTCOV_A,code_2,Unweighted,2,FDSCAT3_A,0.3015786383633233,11.96396290956881,5928,45351602.004999995
MEDDL,XGBoost,locked_test,base_estimator_raw_margin_log_odds,NOTCOV_A,code_2,Unweighted,3,PHSTAT_A,0.25232307468107845,10.009939440988983,5928,45351602.004999995
MEDDL,XGBoost,locked_test,base_estimator_raw_margin_log_odds,NOTCOV_A,code_2,Unweighted,4,RATCAT_A,0.2470987193258741,9.802683403110164,5928,45351602.004999995
MEDDL,XGBoost,locked_test,base_estimator_raw_margin_log_odds,NOTCOV_A,code_2,Unweighted,5,NOTCOV_A,0.22566073314489146,8.952214441127087,5928,45351602.004999995
MEDDL,XGBoost,locked_test,base_estimator_raw_margin_log_odds,NOTCOV_A,code_2,Unweighted,6,EDUCP_A,0.1876442404243597,7.44405752613901,5928,45351602.004999995
MEDDL,XGBoost,locked_test,base_estimator_raw_margin_log_odds,NOTCOV_A,code_2,Unweighted,7,HISPALLP_A,0.164374951171581,6.520938716852253,5928,45351602.004999995
MEDDL,XGBoost,locked_test,base_estimator_raw_margin_log_odds,NOTCOV_A,code_2,Unweighted,8,EMPWRKLSW1_A,0.13302063674551481,5.277077888763725,5928,45351602.004999995
MEDDL,XGBoost,locked_test,base_estimator_raw_margin_log_odds,NOTCOV_A,code_2,Unweighted,9,CHRONIC_BURDEN_CAT,0.13075618787309415,5.18724466162508,5928,45351602.004999995
MEDDL,XGBoost,locked_test,base_estimator_raw_margin_log_odds,NOTCOV_A,code_2,Unweighted,10,SEX_A,0.10470294145182062,4.15368314828455,5928,45351602.004999995
MEDDL,XGBoost,locked_test,base_estimator_raw_margin_log_odds,NOTCOV_A,code_2,Unweighted,11,DISAB3_A,0.10053972744543127,3.9885237781535885,5928,45351602.004999995
MEDDL,XGBoost,locked_test,base_estimator_raw_margin_log_odds,NOTCOV_A,code_2,Unweighted,12,K6SPD_A,0.08839513010900998,3.5067339774133015,5928,45351602.004999995
MEDDL,XGBoost,locked_test,base_estimator_raw_margin_log_odds,NOTCOV_A,code_2,WTFA_A,1,AGEP_A,0.5118080553448471,20.697402098176056,5928,45351602.004999995
MEDDL,XGBoost,locked_test,base_estimator_raw_margin_log_odds,NOTCOV_A,code_2,WTFA_A,2,FDSCAT3_A,0.30497750189912515,12.333221257040142,5928,45351602.004999995
MEDDL,XGBoost,locked_test,base_estimator_raw_margin_log_odds,NOTCOV_A,code_2,WTFA_A,3,PHSTAT_A,0.26758580833778833,10.821109619310404,5928,45351602.004999995
MEDDL,XGBoost,locked_test,base_estimator_raw_margin_log_odds,NOTCOV_A,code_2,WTFA_A,4,RATCAT_A,0.24481662079963776,9.900328820719118,5928,45351602.004999995
MEDDL,XGBoost,locked_test,base_estimator_raw_margin_log_odds,NOTCOV_A,code_2,WTFA_A,5,NOTCOV_A,0.22468230576550266,9.086101670753568,5928,45351602.004999995
MEDDL,XGBoost,locked_test,base_estimator_raw_margin_log_odds,NOTCOV_A,code_2,WTFA_A,6,EDUCP_A,0.19244596056907495,7.782471155879164,5928,45351602.004999995
MEDDL,XGBoost,locked_test,base_estimator_raw_margin_log_odds,NOTCOV_A,code_2,WTFA_A,7,HISPALLP_A,0.17081654786929068,6.907782594181561,5928,45351602.004999995
MEDDL,XGBoost,locked_test,base_estimator_raw_margin_log_odds,NOTCOV_A,code_2,WTFA_A,8,CHRONIC_BURDEN_CAT,0.12975114624553694,5.24710703260361,5928,45351602.004999995
MEDDL,XGBoost,locked_test,base_estimator_raw_margin_log_odds,NOTCOV_A,code_2,WTFA_A,9,EMPWRKLSW1_A,0.12894705643534915,5.214589822390321,5928,45351602.004999995
MEDDL,XGBoost,locked_test,base_estimator_raw_margin_log_odds,NOTCOV_A,code_2,WTFA_A,10,SEX_A,0.1118379263170583,4.522700466780855,5928,45351602.004999995
MEDDL,XGBoost,locked_test,base_estimator_raw_margin_log_odds,NOTCOV_A,code_2,WTFA_A,11,DISAB3_A,0.09692055804593007,3.919445464969515,5928,45351602.004999995
MEDDL,XGBoost,locked_test,base_estimator_raw_margin_log_odds,NOTCOV_A,code_2,WTFA_A,12,K6SPD_A,0.08822353942196778,3.567739997195686,5928,45351602.004999995
MEDDL,XGBoost,locked_test,base_estimator_raw_margin_log_odds,SEX_A,code_1,Unweighted,1,AGEP_A,0.5337807778568749,20.74460557742847,2958,24662417.391999997
MEDDL,XGBoost,locked_test,base_estimator_raw_margin_log_odds,SEX_A,code_1,Unweighted,2,NOTCOV_A,0.32924073940939874,12.795457540623985,2958,24662417.391999997
MEDDL,XGBoost,locked_test,base_estimator_raw_margin_log_odds,SEX_A,code_1,Unweighted,3,FDSCAT3_A,0.29187332882494166,11.343228037087536,2958,24662417.391999997
MEDDL,XGBoost,locked_test,base_estimator_raw_margin_log_odds,SEX_A,code_1,Unweighted,4,PHSTAT_A,0.26486082082515017,10.293426606690097,2958,24662417.391999997
MEDDL,XGBoost,locked_test,base_estimator_raw_margin_log_odds,SEX_A,code_1,Unweighted,5,RATCAT_A,0.25274157195672764,9.822429807817858,2958,24662417.391999997
MEDDL,XGBoost,locked_test,base_estimator_raw_margin_log_odds,SEX_A,code_1,Unweighted,6,EDUCP_A,0.18284841609987873,7.10613500860567,2958,24662417.391999997
MEDDL,XGBoost,locked_test,base_estimator_raw_margin_log_odds,SEX_A,code_1,Unweighted,7,HISPALLP_A,0.15668080958565433,6.0891694329204284,2958,24662417.391999997
MEDDL,XGBoost,locked_test,base_estimator_raw_margin_log_odds,SEX_A,code_1,Unweighted,8,CHRONIC_BURDEN_CAT,0.14247953859741044,5.53725790374901,2958,24662417.391999997
MEDDL,XGBoost,locked_test,base_estimator_raw_margin_log_odds,SEX_A,code_1,Unweighted,9,EMPWRKLSW1_A,0.12547182415839098,4.876278073737978,2958,24662417.391999997
MEDDL,XGBoost,locked_test,base_estimator_raw_margin_log_odds,SEX_A,code_1,Unweighted,10,SEX_A,0.11839497979015023,4.601246916300225,2958,24662417.391999997
MEDDL,XGBoost,locked_test,base_estimator_raw_margin_log_odds,SEX_A,code_1,Unweighted,11,DISAB3_A,0.09533461552414604,3.705039744714229,2958,24662417.391999997
MEDDL,XGBoost,locked_test,base_estimator_raw_margin_log_odds,SEX_A,code_1,Unweighted,12,K6SPD_A,0.07939899708390022,3.0857253503245254,2958,24662417.391999997
MEDDL,XGBoost,locked_test,base_estimator_raw_margin_log_odds,SEX_A,code_1,WTFA_A,1,AGEP_A,0.4778069372222132,18.626440524733002,2958,24662417.391999997
MEDDL,XGBoost,locked_test,base_estimator_raw_margin_log_odds,SEX_A,code_1,WTFA_A,2,NOTCOV_A,0.3532376340556993,13.770331213872549,2958,24662417.391999997
MEDDL,XGBoost,locked_test,base_estimator_raw_margin_log_odds,SEX_A,code_1,WTFA_A,3,FDSCAT3_A,0.29802799492954635,11.618083141557513,2958,24662417.391999997
MEDDL,XGBoost,locked_test,base_estimator_raw_margin_log_odds,SEX_A,code_1,WTFA_A,4,PHSTAT_A,0.2790019777043024,10.8763882211597,2958,24662417.391999997
MEDDL,XGBoost,locked_test,base_estimator_raw_margin_log_odds,SEX_A,code_1,WTFA_A,5,RATCAT_A,0.246117407513361,9.594442642043688,2958,24662417.391999997
MEDDL,XGBoost,locked_test,base_estimator_raw_margin_log_odds,SEX_A,code_1,WTFA_A,6,EDUCP_A,0.18812877134560307,7.333860388950965,2958,24662417.391999997
MEDDL,XGBoost,locked_test,base_estimator_raw_margin_log_odds,SEX_A,code_1,WTFA_A,7,HISPALLP_A,0.16180417590685933,6.307643578186289,2958,24662417.391999997
MEDDL,XGBoost,locked_test,base_estimator_raw_margin_log_odds,SEX_A,code_1,WTFA_A,8,CHRONIC_BURDEN_CAT,0.1423271632354465,5.548367414820706,2958,24662417.391999997
MEDDL,XGBoost,locked_test,base_estimator_raw_margin_log_odds,SEX_A,code_1,WTFA_A,9,SEX_A,0.124082228691332,4.837121592105604,2958,24662417.391999997
MEDDL,XGBoost,locked_test,base_estimator_raw_margin_log_odds,SEX_A,code_1,WTFA_A,10,EMPWRKLSW1_A,0.12068424568400439,4.704657361347469,2958,24662417.391999997
MEDDL,XGBoost,locked_test,base_estimator_raw_margin_log_odds,SEX_A,code_1,WTFA_A,11,DISAB3_A,0.09214260830056784,3.59201317436315,2958,24662417.391999997
MEDDL,XGBoost,locked_test,base_estimator_raw_margin_log_odds,SEX_A,code_1,WTFA_A,12,K6SPD_A,0.08184682731401803,3.1906507468593848,2958,24662417.391999997
MEDDL,XGBoost,locked_test,base_estimator_raw_margin_log_odds,SEX_A,code_2,Unweighted,1,AGEP_A,0.5801878689123856,22.478536946484223,3460,25603154.915
MEDDL,XGBoost,locked_test,base_estimator_raw_margin_log_odds,SEX_A,code_2,Unweighted,2,FDSCAT3_A,0.31332728801661336,12.139411038059352,3460,25603154.915
MEDDL,XGBoost,locked_test,base_estimator_raw_margin_log_odds,SEX_A,code_2,Unweighted,3,NOTCOV_A,0.291114557751892,11.27881104158954,3460,25603154.915
MEDDL,XGBoost,locked_test,base_estimator_raw_margin_log_odds,SEX_A,code_2,Unweighted,4,PHSTAT_A,0.24909637750635444,9.65087762953128,3460,25603154.915
MEDDL,XGBoost,locked_test,base_estimator_raw_margin_log_odds,SEX_A,code_2,Unweighted,5,RATCAT_A,0.22838969989106062,8.848627457208893,3460,25603154.915
MEDDL,XGBoost,locked_test,base_estimator_raw_margin_log_odds,SEX_A,code_2,Unweighted,6,EDUCP_A,0.19378320297412552,7.50784895904076,3460,25603154.915
MEDDL,XGBoost,locked_test,base_estimator_raw_margin_log_odds,SEX_A,code_2,Unweighted,7,HISPALLP_A,0.16933830338146572,6.560766801537604,3460,25603154.915
MEDDL,XGBoost,locked_test,base_estimator_raw_margin_log_odds,SEX_A,code_2,Unweighted,8,EMPWRKLSW1_A,0.13481118693325173,5.223063784424119,3460,25603154.915
MEDDL,XGBoost,locked_test,base_estimator_raw_margin_log_odds,SEX_A,code_2,Unweighted,9,CHRONIC_BURDEN_CAT,0.13397541011981956,5.190682824761919,3460,25603154.915
MEDDL,XGBoost,locked_test,base_estimator_raw_margin_log_odds,SEX_A,code_2,Unweighted,10,DISAB3_A,0.10006066764530933,3.8767053485129304,3460,25603154.915
MEDDL,XGBoost,locked_test,base_estimator_raw_margin_log_odds,SEX_A,code_2,Unweighted,11,K6SPD_A,0.09652202580021267,3.7396058059035826,3460,25603154.915
MEDDL,XGBoost,locked_test,base_estimator_raw_margin_log_odds,SEX_A,code_2,Unweighted,12,SEX_A,0.0904682839280875,3.505062362945809,3460,25603154.915
MEDDL,XGBoost,locked_test,base_estimator_raw_margin_log_odds,SEX_A,code_2,WTFA_A,1,AGEP_A,0.4947787880680493,19.508838737333203,3460,25603154.915
MEDDL,XGBoost,locked_test,base_estimator_raw_margin_log_odds,SEX_A,code_2,WTFA_A,2,FDSCAT3_A,0.31703628444936066,12.500555594463401,3460,25603154.915
MEDDL,XGBoost,locked_test,base_estimator_raw_margin_log_odds,SEX_A,code_2,WTFA_A,3,NOTCOV_A,0.310115445372615,12.227670950393545,3460,25603154.915
MEDDL,XGBoost,locked_test,base_estimator_raw_margin_log_odds,SEX_A,code_2,WTFA_A,4,PHSTAT_A,0.26171538677636685,10.319284898278033,3460,25603154.915
MEDDL,XGBoost,locked_test,base_estimator_raw_margin_log_odds,SEX_A,code_2,WTFA_A,5,RATCAT_A,0.22525199993052392,8.881554844064976,3460,25603154.915
MEDDL,XGBoost,locked_test,base_estimator_raw_margin_log_odds,SEX_A,code_2,WTFA_A,6,EDUCP_A,0.20086767477619796,7.920095139998164,3460,25603154.915
MEDDL,XGBoost,locked_test,base_estimator_raw_margin_log_odds,SEX_A,code_2,WTFA_A,7,HISPALLP_A,0.17558717015895964,6.923299602942362,3460,25603154.915
MEDDL,XGBoost,locked_test,base_estimator_raw_margin_log_odds,SEX_A,code_2,WTFA_A,8,CHRONIC_BURDEN_CAT,0.1344035705815963,5.299454316617792,3460,25603154.915
MEDDL,XGBoost,locked_test,base_estimator_raw_margin_log_odds,SEX_A,code_2,WTFA_A,9,EMPWRKLSW1_A,0.1308551290993799,5.1595413407286514,3460,25603154.915
MEDDL,XGBoost,locked_test,base_estimator_raw_margin_log_odds,SEX_A,code_2,WTFA_A,10,DISAB3_A,0.09565892042096227,3.77177538181624,3460,25603154.915
MEDDL,XGBoost,locked_test,base_estimator_raw_margin_log_odds,SEX_A,code_2,WTFA_A,11,SEX_A,0.09562397702553768,3.770397584136321,3460,25603154.915
MEDDL,XGBoost,locked_test,base_estimator_raw_margin_log_odds,SEX_A,code_2,WTFA_A,12,K6SPD_A,0.09428320203899491,3.717531609227317,3460,25603154.915
MEDDL,XGBoost,locked_test,base_estimator_raw_margin_log_odds,AGE_GROUP,18-34,Unweighted,1,AGEP_A,0.41902483727356826,16.145452267559666,1296,14130183.015999999
MEDDL,XGBoost,locked_test,base_estimator_raw_margin_log_odds,AGE_GROUP,18-34,Unweighted,2,NOTCOV_A,0.3764839526225971,14.50630880527464,1296,14130183.015999999
MEDDL,XGBoost,locked_test,base_estimator_raw_margin_log_odds,AGE_GROUP,18-34,Unweighted,3,FDSCAT3_A,0.33971409218280696,13.08952876312197,1296,14130183.015999999
MEDDL,XGBoost,locked_test,base_estimator_raw_margin_log_odds,AGE_GROUP,18-34,Unweighted,4,PHSTAT_A,0.29773072386747174,11.47186697109774,1296,14130183.015999999
MEDDL,XGBoost,locked_test,base_estimator_raw_margin_log_odds,AGE_GROUP,18-34,Unweighted,5,EDUCP_A,0.2055856142369577,7.921422374761728,1296,14130183.015999999
MEDDL,XGBoost,locked_test,base_estimator_raw_margin_log_odds,AGE_GROUP,18-34,Unweighted,6,RATCAT_A,0.2038580889561251,7.854859072347089,1296,14130183.015999999
MEDDL,XGBoost,locked_test,base_estimator_raw_margin_log_odds,AGE_GROUP,18-34,Unweighted,7,HISPALLP_A,0.18060498089006513,6.958893217922402,1296,14130183.015999999
MEDDL,XGBoost,locked_test,base_estimator_raw_margin_log_odds,AGE_GROUP,18-34,Unweighted,8,SEX_A,0.145417864368915,5.603097905353884,1296,14130183.015999999
MEDDL,XGBoost,locked_test,base_estimator_raw_margin_log_odds,AGE_GROUP,18-34,Unweighted,9,CHRONIC_BURDEN_CAT,0.1279419410102295,4.929732841232456,1296,14130183.015999999
MEDDL,XGBoost,locked_test,base_estimator_raw_margin_log_odds,AGE_GROUP,18-34,Unweighted,10,EMPWRKLSW1_A,0.11347503355878355,4.37230821400438,1296,14130183.015999999
MEDDL,XGBoost,locked_test,base_estimator_raw_margin_log_odds,AGE_GROUP,18-34,Unweighted,11,K6SPD_A,0.10253008647016963,3.9505882941543478,1296,14130183.015999999
MEDDL,XGBoost,locked_test,base_estimator_raw_margin_log_odds,AGE_GROUP,18-34,Unweighted,12,DISAB3_A,0.08294464284636764,3.1959412731696974,1296,14130183.015999999
MEDDL,XGBoost,locked_test,base_estimator_raw_margin_log_odds,AGE_GROUP,18-34,WTFA_A,1,AGEP_A,0.43018758124499723,16.437562100034334,1296,14130183.015999999
MEDDL,XGBoost,locked_test,base_estimator_raw_margin_log_odds,AGE_GROUP,18-34,WTFA_A,2,NOTCOV_A,0.3819109298896969,14.592900633197337,1296,14130183.015999999
MEDDL,XGBoost,locked_test,base_estimator_raw_margin_log_odds,AGE_GROUP,18-34,WTFA_A,3,FDSCAT3_A,0.34083178841826467,13.023257602130373,1296,14130183.015999999
MEDDL,XGBoost,locked_test,base_estimator_raw_margin_log_odds,AGE_GROUP,18-34,WTFA_A,4,PHSTAT_A,0.3137235608455841,11.987446264066598,1296,14130183.015999999
MEDDL,XGBoost,locked_test,base_estimator_raw_margin_log_odds,AGE_GROUP,18-34,WTFA_A,5,RATCAT_A,0.20476693451675168,7.824189606802863,1296,14130183.015999999
MEDDL,XGBoost,locked_test,base_estimator_raw_margin_log_odds,AGE_GROUP,18-34,WTFA_A,6,EDUCP_A,0.20238644903633882,7.733230733003501,1296,14130183.015999999
MEDDL,XGBoost,locked_test,base_estimator_raw_margin_log_odds,AGE_GROUP,18-34,WTFA_A,7,HISPALLP_A,0.1702539444963994,6.505440666920482,1296,14130183.015999999
MEDDL,XGBoost,locked_test,base_estimator_raw_margin_log_odds,AGE_GROUP,18-34,WTFA_A,8,SEX_A,0.14796244640612952,5.653677621829395,1296,14130183.015999999
MEDDL,XGBoost,locked_test,base_estimator_raw_margin_log_odds,AGE_GROUP,18-34,WTFA_A,9,CHRONIC_BURDEN_CAT,0.12604341935700097,4.816146777146108,1296,14130183.015999999
MEDDL,XGBoost,locked_test,base_estimator_raw_margin_log_odds,AGE_GROUP,18-34,WTFA_A,10,EMPWRKLSW1_A,0.10792833412513271,4.123965385985337,1296,14130183.015999999
MEDDL,XGBoost,locked_test,base_estimator_raw_margin_log_odds,AGE_GROUP,18-34,WTFA_A,11,K6SPD_A,0.10507087934076002,4.0147814101712695,1296,14130183.015999999
MEDDL,XGBoost,locked_test,base_estimator_raw_margin_log_odds,AGE_GROUP,18-34,WTFA_A,12,DISAB3_A,0.0860346054755306,3.2874011987123914,1296,14130183.015999999
MEDDL,XGBoost,locked_test,base_estimator_raw_margin_log_odds,AGE_GROUP,35-49,Unweighted,1,NOTCOV_A,0.3228234043850097,13.537425793408959,1424,12578947.664
MEDDL,XGBoost,locked_test,base_estimator_raw_margin_log_odds,AGE_GROUP,35-49,Unweighted,2,FDSCAT3_A,0.3196398993642882,13.40392722299687,1424,12578947.664
MEDDL,XGBoost,locked_test,base_estimator_raw_margin_log_odds,AGE_GROUP,35-49,Unweighted,3,AGEP_A,0.30758813615666647,12.898543016378635,1424,12578947.664
MEDDL,XGBoost,locked_test,base_estimator_raw_margin_log_odds,AGE_GROUP,35-49,Unweighted,4,PHSTAT_A,0.27909465304479925,11.703684130736558,1424,12578947.664
MEDDL,XGBoost,locked_test,base_estimator_raw_margin_log_odds,AGE_GROUP,35-49,Unweighted,5,RATCAT_A,0.2396146730956423,10.048112410634214,1424,12578947.664
MEDDL,XGBoost,locked_test,base_estimator_raw_margin_log_odds,AGE_GROUP,35-49,Unweighted,6,EDUCP_A,0.1900846098559671,7.971095854392572,1424,12578947.664
MEDDL,XGBoost,locked_test,base_estimator_raw_margin_log_odds,AGE_GROUP,35-49,Unweighted,7,HISPALLP_A,0.18871675273378566,7.9137355018407085,1424,12578947.664
MEDDL,XGBoost,locked_test,base_estimator_raw_margin_log_odds,AGE_GROUP,35-49,Unweighted,8,CHRONIC_BURDEN_CAT,0.13701103960809075,5.745484238064341,1424,12578947.664
MEDDL,XGBoost,locked_test,base_estimator_raw_margin_log_odds,AGE_GROUP,35-49,Unweighted,9,EMPWRKLSW1_A,0.11770791137688535,4.936017940202777,1424,12578947.664
MEDDL,XGBoost,locked_test,base_estimator_raw_margin_log_odds,AGE_GROUP,35-49,Unweighted,10,SEX_A,0.10922302098719883,4.580208626332212,1424,12578947.664
MEDDL,XGBoost,locked_test,base_estimator_raw_margin_log_odds,AGE_GROUP,35-49,Unweighted,11,K6SPD_A,0.09340922381413672,3.9170655492366233,1424,12578947.664
MEDDL,XGBoost,locked_test,base_estimator_raw_margin_log_odds,AGE_GROUP,35-49,Unweighted,12,DISAB3_A,0.0797601675067301,3.344699715775518,1424,12578947.664
MEDDL,XGBoost,locked_test,base_estimator_raw_margin_log_odds,AGE_GROUP,35-49,WTFA_A,1,NOTCOV_A,0.33712109544281804,14.035436011138003,1424,12578947.664
MEDDL,XGBoost,locked_test,base_estimator_raw_margin_log_odds,AGE_GROUP,35-49,WTFA_A,2,FDSCAT3_A,0.32172878158116963,13.394604454795477,1424,12578947.664
MEDDL,XGBoost,locked_test,base_estimator_raw_margin_log_odds,AGE_GROUP,35-49,WTFA_A,3,AGEP_A,0.3063934735550937,12.756146234824524,1424,12578947.664
MEDDL,XGBoost,locked_test,base_estimator_raw_margin_log_odds,AGE_GROUP,35-49,WTFA_A,4,PHSTAT_A,0.276732515243699,11.521265095565692,1424,12578947.664
MEDDL,XGBoost,locked_test,base_estimator_raw_margin_log_odds,AGE_GROUP,35-49,WTFA_A,5,RATCAT_A,0.23523293193549424,9.793503902674114,1424,12578947.664
MEDDL,XGBoost,locked_test,base_estimator_raw_margin_log_odds,AGE_GROUP,35-49,WTFA_A,6,EDUCP_A,0.19914681146450172,8.291122587451014,1424,12578947.664
MEDDL,XGBoost,locked_test,base_estimator_raw_margin_log_odds,AGE_GROUP,35-49,WTFA_A,7,HISPALLP_A,0.1884937181296749,7.847600031779312,1424,12578947.664
MEDDL,XGBoost,locked_test,base_estimator_raw_margin_log_odds,AGE_GROUP,35-49,WTFA_A,8,CHRONIC_BURDEN_CAT,0.1405179637668573,5.850214998484605,1424,12578947.664
MEDDL,XGBoost,locked_test,base_estimator_raw_margin_log_odds,AGE_GROUP,35-49,WTFA_A,9,EMPWRKLSW1_A,0.11846941218008335,4.932262846816506,1424,12578947.664
MEDDL,XGBoost,locked_test,base_estimator_raw_margin_log_odds,AGE_GROUP,35-49,WTFA_A,10,SEX_A,0.107681705663748,4.483135911232486,1424,12578947.664
MEDDL,XGBoost,locked_test,base_estimator_raw_margin_log_odds,AGE_GROUP,35-49,WTFA_A,11,K6SPD_A,0.09194091993953458,3.8277963499183656,1424,12578947.664
MEDDL,XGBoost,locked_test,base_estimator_raw_margin_log_odds,AGE_GROUP,35-49,WTFA_A,12,DISAB3_A,0.07846887037301013,3.2669115753198983,1424,12578947.664
MEDDL,XGBoost,locked_test,base_estimator_raw_margin_log_odds,AGE_GROUP,50-64,Unweighted,1,NOTCOV_A,0.31185801143379566,14.457538855335198,1524,11722892.652
MEDDL,XGBoost,locked_test,base_estimator_raw_margin_log_odds,AGE_GROUP,50-64,Unweighted,2,FDSCAT3_A,0.29504569484635695,13.678130562459927,1524,11722892.652
MEDDL,XGBoost,locked_test,base_estimator_raw_margin_log_odds,AGE_GROUP,50-64,Unweighted,3,PHSTAT_A,0.2689716257272579,12.469353319018495,1524,11722892.652
MEDDL,XGBoost,locked_test,base_estimator_raw_margin_log_odds,AGE_GROUP,50-64,Unweighted,4,RATCAT_A,0.2579264142600682,11.957304347699413,1524,11722892.652
MEDDL,XGBoost,locked_test,base_estimator_raw_margin_log_odds,AGE_GROUP,50-64,Unweighted,5,EDUCP_A,0.1840811916210866,8.533886842163888,1524,11722892.652
MEDDL,XGBoost,locked_test,base_estimator_raw_margin_log_odds,AGE_GROUP,50-64,Unweighted,6,HISPALLP_A,0.16131783029352553,7.478591904066349,1524,11722892.652
MEDDL,XGBoost,locked_test,base_estimator_raw_margin_log_odds,AGE_GROUP,50-64,Unweighted,7,CHRONIC_BURDEN_CAT,0.14721730711084463,6.824900626882529,1524,11722892.652
MEDDL,XGBoost,locked_test,base_estimator_raw_margin_log_odds,AGE_GROUP,50-64,Unweighted,8,EMPWRKLSW1_A,0.13293667116589394,6.162859436714641,1524,11722892.652
MEDDL,XGBoost,locked_test,base_estimator_raw_margin_log_odds,AGE_GROUP,50-64,Unweighted,9,AGEP_A,0.1277829744027745,5.923937336048222,1524,11722892.652
MEDDL,XGBoost,locked_test,base_estimator_raw_margin_log_odds,AGE_GROUP,50-64,Unweighted,10,DISAB3_A,0.09556311460959253,4.430245149877563,1524,11722892.652
MEDDL,XGBoost,locked_test,base_estimator_raw_margin_log_odds,AGE_GROUP,50-64,Unweighted,11,SEX_A,0.0922730696614213,4.277720760796468,1524,11722892.652
MEDDL,XGBoost,locked_test,base_estimator_raw_margin_log_odds,AGE_GROUP,50-64,Unweighted,12,K6SPD_A,0.08208764285493729,3.8055308589373125,1524,11722892.652
MEDDL,XGBoost,locked_test,base_estimator_raw_margin_log_odds,AGE_GROUP,50-64,WTFA_A,1,NOTCOV_A,0.33285886852642643,15.27832985279197,1524,11722892.652
MEDDL,XGBoost,locked_test,base_estimator_raw_margin_log_odds,AGE_GROUP,50-64,WTFA_A,2,FDSCAT3_A,0.28587045813717094,13.121546599987017,1524,11722892.652
MEDDL,XGBoost,locked_test,base_estimator_raw_margin_log_odds,AGE_GROUP,50-64,WTFA_A,3,PHSTAT_A,0.27062858491277814,12.421939683314996,1524,11722892.652
MEDDL,XGBoost,locked_test,base_estimator_raw_margin_log_odds,AGE_GROUP,50-64,WTFA_A,4,RATCAT_A,0.26062282862342906,11.9626722295377,1524,11722892.652
MEDDL,XGBoost,locked_test,base_estimator_raw_margin_log_odds,AGE_GROUP,50-64,WTFA_A,5,EDUCP_A,0.19147970462686056,8.78898044794649,1524,11722892.652
MEDDL,XGBoost,locked_test,base_estimator_raw_margin_log_odds,AGE_GROUP,50-64,WTFA_A,6,HISPALLP_A,0.16641881759648378,7.638677617955181,1524,11722892.652
MEDDL,XGBoost,locked_test,base_estimator_raw_margin_log_odds,AGE_GROUP,50-64,WTFA_A,7,CHRONIC_BURDEN_CAT,0.1499966211848015,6.884893484770523,1524,11722892.652
MEDDL,XGBoost,locked_test,base_estimator_raw_margin_log_odds,AGE_GROUP,50-64,WTFA_A,8,AGEP_A,0.13168428767216933,6.044351446581992,1524,11722892.652
MEDDL,XGBoost,locked_test,base_estimator_raw_margin_log_odds,AGE_GROUP,50-64,WTFA_A,9,EMPWRKLSW1_A,0.13125452404297586,6.02462515683457,1524,11722892.652
MEDDL,XGBoost,locked_test,base_estimator_raw_margin_log_odds,AGE_GROUP,50-64,WTFA_A,10,SEX_A,0.09241458448368706,4.24185935378911,1524,11722892.652
MEDDL,XGBoost,locked_test,base_estimator_raw_margin_log_odds,AGE_GROUP,50-64,WTFA_A,11,DISAB3_A,0.09109315747121426,4.181205426007865,1524,11722892.652
MEDDL,XGBoost,locked_test,base_estimator_raw_margin_log_odds,AGE_GROUP,50-64,WTFA_A,12,K6SPD_A,0.07431142999382151,3.4109187004825903,1524,11722892.652
MEDDL,XGBoost,locked_test,base_estimator_raw_margin_log_odds,AGE_GROUP,65+,Unweighted,1,AGEP_A,1.114647716680289,37.232223423050826,2161,11750131.791
MEDDL,XGBoost,locked_test,base_estimator_raw_margin_log_odds,AGE_GROUP,65+,Unweighted,2,FDSCAT3_A,0.2776895455962526,9.275575636289252,2161,11750131.791
MEDDL,XGBoost,locked_test,base_estimator_raw_margin_log_odds,AGE_GROUP,65+,Unweighted,3,NOTCOV_A,0.25653170130228564,8.568846887721739,2161,11750131.791
MEDDL,XGBoost,locked_test,base_estimator_raw_margin_log_odds,AGE_GROUP,65+,Unweighted,4,RATCAT_A,0.2483014107791898,8.293933109128842,2161,11750131.791
MEDDL,XGBoost,locked_test,base_estimator_raw_margin_log_odds,AGE_GROUP,65+,Unweighted,5,PHSTAT_A,0.20797299500471636,6.946855854186994,2161,11750131.791
MEDDL,XGBoost,locked_test,base_estimator_raw_margin_log_odds,AGE_GROUP,65+,Unweighted,6,EDUCP_A,0.18099691277997637,6.045782353169638,2161,11750131.791
MEDDL,XGBoost,locked_test,base_estimator_raw_margin_log_odds,AGE_GROUP,65+,Unweighted,7,EMPWRKLSW1_A,0.14748488976568153,4.926390899210802,2161,11750131.791
MEDDL,XGBoost,locked_test,base_estimator_raw_margin_log_odds,AGE_GROUP,65+,Unweighted,8,CHRONIC_BURDEN_CAT,0.13780335749715003,4.603001753828619,2161,11750131.791
MEDDL,XGBoost,locked_test,base_estimator_raw_margin_log_odds,AGE_GROUP,65+,Unweighted,9,HISPALLP_A,0.1377652939082155,4.6017303278648045,2161,11750131.791
MEDDL,XGBoost,locked_test,base_estimator_raw_margin_log_odds,AGE_GROUP,65+,Unweighted,10,DISAB3_A,0.12045614317081388,4.023558266975857,2161,11750131.791
MEDDL,XGBoost,locked_test,base_estimator_raw_margin_log_odds,AGE_GROUP,65+,Unweighted,11,SEX_A,0.0822009702326529,2.7457328835775323,2161,11750131.791
MEDDL,XGBoost,locked_test,base_estimator_raw_margin_log_odds,AGE_GROUP,65+,Unweighted,12,K6SPD_A,0.08192062512348038,2.7363686049950964,2161,11750131.791
MEDDL,XGBoost,locked_test,base_estimator_raw_margin_log_odds,AGE_GROUP,65+,WTFA_A,1,AGEP_A,1.1028171365259942,36.722955133039704,2161,11750131.791
MEDDL,XGBoost,locked_test,base_estimator_raw_margin_log_odds,AGE_GROUP,65+,WTFA_A,2,FDSCAT3_A,0.2756149761642198,9.177764897230434,2161,11750131.791
MEDDL,XGBoost,locked_test,base_estimator_raw_margin_log_odds,AGE_GROUP,65+,WTFA_A,3,NOTCOV_A,0.26306236824698603,8.759772791304947,2161,11750131.791
MEDDL,XGBoost,locked_test,base_estimator_raw_margin_log_odds,AGE_GROUP,65+,WTFA_A,4,RATCAT_A,0.24749862451210777,8.24151219854838,2161,11750131.791
MEDDL,XGBoost,locked_test,base_estimator_raw_margin_log_odds,AGE_GROUP,65+,WTFA_A,5,PHSTAT_A,0.21136178026588764,7.038183318400618,2161,11750131.791
MEDDL,XGBoost,locked_test,base_estimator_raw_margin_log_odds,AGE_GROUP,65+,WTFA_A,6,EDUCP_A,0.18304401643965515,6.095223750566373,2161,11750131.791
MEDDL,XGBoost,locked_test,base_estimator_raw_margin_log_odds,AGE_GROUP,65+,WTFA_A,7,EMPWRKLSW1_A,0.1498922574136035,4.991295892562561,2161,11750131.791
MEDDL,XGBoost,locked_test,base_estimator_raw_margin_log_odds,AGE_GROUP,65+,WTFA_A,8,HISPALLP_A,0.1480611740378528,4.930322236617776,2161,11750131.791
MEDDL,XGBoost,locked_test,base_estimator_raw_margin_log_odds,AGE_GROUP,65+,WTFA_A,9,CHRONIC_BURDEN_CAT,0.13890497762756251,4.625427999098405,2161,11750131.791
MEDDL,XGBoost,locked_test,base_estimator_raw_margin_log_odds,AGE_GROUP,65+,WTFA_A,10,DISAB3_A,0.12198752601613645,4.062089984195219,2161,11750131.791
MEDDL,XGBoost,locked_test,base_estimator_raw_margin_log_odds,AGE_GROUP,65+,WTFA_A,11,SEX_A,0.08289278611037165,2.7602654731799086,2161,11750131.791
MEDDL,XGBoost,locked_test,base_estimator_raw_margin_log_odds,AGE_GROUP,65+,WTFA_A,12,K6SPD_A,0.07793533885280737,2.5951863252556846,2161,11750131.791
